scenario,variant,family,policy,oracle,n,metric,mean,ci95
r-steady70-short,base,routing,random,false,20,J,1.2820169,0.0014487846
r-steady70-short,base,routing,random,false,20,violation_rate,0,0
r-steady70-short,base,routing,random,false,20,goodput,43.292803,0.088753782
r-steady70-short,base,routing,random,false,20,ttft_p95,0.10123766,0.001104237
r-steady70-short,base,routing,random,false,20,ttft_p99,0.17212792,0.0014372107
r-steady70-short,base,routing,random,false,20,tpot_p95,0.02313981,0.0001192306
r-steady70-short,base,routing,random,false,20,e2e_p95,18.091697,0.18573574
r-steady70-short,base,routing,random,false,20,gpu_hours,0.73333333,1.5992962e-16
r-steady70-short,base,routing,random,false,20,utilization,0.94205036,0.0010534632
r-steady70-short,base,routing,random,false,20,kv_occupancy,0.10008808,0.00083817183
r-steady70-short,base,routing,random,false,20,rejected_rate,0,0
r-steady70-short,base,routing,random,false,20,failed_rate,0,0
r-steady70-short,base,routing,random,false,20,timed_out_rate,0,0
r-steady70-short,base,routing,random,false,20,unfinished_rate,0,0
r-steady70-short,base,routing,random,false,20,retries,0,0
r-steady70-short,base,routing,random,false,20,preemptions,0,0
r-steady70-short,base,routing,random,false,20,scale_actions,0,0
r-steady70-short,base,routing,random,false,20,router_q_p95,0,0
r-steady70-short,base,routing,random,false,20,replica_q_p95,0.036837078,0.00039448791
r-steady70-short,base,routing,round_robin,false,20,J,1.2612716,0.0008219258
r-steady70-short,base,routing,round_robin,false,20,violation_rate,0,0
r-steady70-short,base,routing,round_robin,false,20,goodput,43.292803,0.088753782
r-steady70-short,base,routing,round_robin,false,20,ttft_p95,0.076571257,0.00041636994
r-steady70-short,base,routing,round_robin,false,20,ttft_p99,0.14779124,0.001259158
r-steady70-short,base,routing,round_robin,false,20,tpot_p95,0.022298601,6.9787175e-05
r-steady70-short,base,routing,round_robin,false,20,e2e_p95,18.042106,0.17480385
r-steady70-short,base,routing,round_robin,false,20,gpu_hours,0.73333333,1.5992962e-16
r-steady70-short,base,routing,round_robin,false,20,utilization,0.94183279,0.0013301648
r-steady70-short,base,routing,round_robin,false,20,kv_occupancy,0.099749583,0.00080784844
r-steady70-short,base,routing,round_robin,false,20,rejected_rate,0,0
r-steady70-short,base,routing,round_robin,false,20,failed_rate,0,0
r-steady70-short,base,routing,round_robin,false,20,timed_out_rate,0,0
r-steady70-short,base,routing,round_robin,false,20,unfinished_rate,0,0
r-steady70-short,base,routing,round_robin,false,20,retries,0,0
r-steady70-short,base,routing,round_robin,false,20,preemptions,0,0
r-steady70-short,base,routing,round_robin,false,20,scale_actions,0,0
r-steady70-short,base,routing,round_robin,false,20,router_q_p95,0,0
r-steady70-short,base,routing,round_robin,false,20,replica_q_p95,0.018183807,0.00017053645
r-steady70-short,base,routing,least_outstanding,false,20,J,1.2641177,0.00092724604
r-steady70-short,base,routing,least_outstanding,false,20,violation_rate,0,0
r-steady70-short,base,routing,least_outstanding,false,20,goodput,43.292803,0.088753782
r-steady70-short,base,routing,least_outstanding,false,20,ttft_p95,0.089856777,0.00061891463
r-steady70-short,base,routing,least_outstanding,false,20,ttft_p99,0.15969799,0.0013711446
r-steady70-short,base,routing,least_outstanding,false,20,tpot_p95,0.021918936,7.3721152e-05
r-steady70-short,base,routing,least_outstanding,false,20,e2e_p95,17.903745,0.18106244
r-steady70-short,base,routing,least_outstanding,false,20,gpu_hours,0.73333333,1.5992962e-16
r-steady70-short,base,routing,least_outstanding,false,20,utilization,0.94175739,0.0012044044
r-steady70-short,base,routing,least_outstanding,false,20,kv_occupancy,0.099028716,0.00082002445
r-steady70-short,base,routing,least_outstanding,false,20,rejected_rate,0,0
r-steady70-short,base,routing,least_outstanding,false,20,failed_rate,0,0
r-steady70-short,base,routing,least_outstanding,false,20,timed_out_rate,0,0
r-steady70-short,base,routing,least_outstanding,false,20,unfinished_rate,0,0
r-steady70-short,base,routing,least_outstanding,false,20,retries,0,0
r-steady70-short,base,routing,least_outstanding,false,20,preemptions,0,0
r-steady70-short,base,routing,least_outstanding,false,20,scale_actions,0,0
r-steady70-short,base,routing,least_outstanding,false,20,router_q_p95,0,0
r-steady70-short,base,routing,least_outstanding,false,20,replica_q_p95,0.032624569,0.00027314988
r-steady70-short,base,routing,power_of_two,false,20,J,1.2671615,0.00098648489
r-steady70-short,base,routing,power_of_two,false,20,violation_rate,0,0
r-steady70-short,base,routing,power_of_two,false,20,goodput,43.292803,0.088753782
r-steady70-short,base,routing,power_of_two,false,20,ttft_p95,0.095596741,0.00076452312
r-steady70-short,base,routing,power_of_two,false,20,ttft_p99,0.1663501,0.0015712358
r-steady70-short,base,routing,power_of_two,false,20,tpot_p95,0.021936316,8.1825358e-05
r-steady70-short,base,routing,power_of_two,false,20,e2e_p95,17.938593,0.16961071
r-steady70-short,base,routing,power_of_two,false,20,gpu_hours,0.73333333,1.5992962e-16
r-steady70-short,base,routing,power_of_two,false,20,utilization,0.94179421,0.0015587357
r-steady70-short,base,routing,power_of_two,false,20,kv_occupancy,0.099047949,0.0008261686
r-steady70-short,base,routing,power_of_two,false,20,rejected_rate,0,0
r-steady70-short,base,routing,power_of_two,false,20,failed_rate,0,0
r-steady70-short,base,routing,power_of_two,false,20,timed_out_rate,0,0
r-steady70-short,base,routing,power_of_two,false,20,unfinished_rate,0,0
r-steady70-short,base,routing,power_of_two,false,20,retries,0,0
r-steady70-short,base,routing,power_of_two,false,20,preemptions,0,0
r-steady70-short,base,routing,power_of_two,false,20,scale_actions,0,0
r-steady70-short,base,routing,power_of_two,false,20,router_q_p95,0,0
r-steady70-short,base,routing,power_of_two,false,20,replica_q_p95,0.034834165,0.00027210748
r-steady70-short,base,routing,latency_aware,false,20,J,1.2741487,0.0011093528
r-steady70-short,base,routing,latency_aware,false,20,violation_rate,0,0
r-steady70-short,base,routing,latency_aware,false,20,goodput,43.292803,0.088753782
r-steady70-short,base,routing,latency_aware,false,20,ttft_p95,0.093446736,0.00061839269
r-steady70-short,base,routing,latency_aware,false,20,ttft_p99,0.16323674,0.0013462039
r-steady70-short,base,routing,latency_aware,false,20,tpot_p95,0.022742538,9.4958091e-05
r-steady70-short,base,routing,latency_aware,false,20,e2e_p95,18.01804,0.17368084
r-steady70-short,base,routing,latency_aware,false,20,gpu_hours,0.73333333,1.5992962e-16
r-steady70-short,base,routing,latency_aware,false,20,utilization,0.94160224,0.001419927
r-steady70-short,base,routing,latency_aware,false,20,kv_occupancy,0.099459285,0.00082374803
r-steady70-short,base,routing,latency_aware,false,20,rejected_rate,0,0
r-steady70-short,base,routing,latency_aware,false,20,failed_rate,0,0
r-steady70-short,base,routing,latency_aware,false,20,timed_out_rate,0,0
r-steady70-short,base,routing,latency_aware,false,20,unfinished_rate,0,0
r-steady70-short,base,routing,latency_aware,false,20,retries,0,0
r-steady70-short,base,routing,latency_aware,false,20,preemptions,0,0
r-steady70-short,base,routing,latency_aware,false,20,scale_actions,0,0
r-steady70-short,base,routing,latency_aware,false,20,router_q_p95,0,0
r-steady70-short,base,routing,latency_aware,false,20,replica_q_p95,0.034782114,0.00026309383
r-steady70-short,base,routing,queue_aware,false,20,J,1.4937637,0.0028710177
r-steady70-short,base,routing,queue_aware,false,20,violation_rate,0,0
r-steady70-short,base,routing,queue_aware,false,20,goodput,43.292803,0.088753782
r-steady70-short,base,routing,queue_aware,false,20,ttft_p95,0.28394094,0.0038657205
r-steady70-short,base,routing,queue_aware,false,20,ttft_p99,0.40718351,0.010350057
r-steady70-short,base,routing,queue_aware,false,20,tpot_p95,0.035179327,0.00018235391
r-steady70-short,base,routing,queue_aware,false,20,e2e_p95,18.061462,0.17513646
r-steady70-short,base,routing,queue_aware,false,20,gpu_hours,0.73333333,1.5992962e-16
r-steady70-short,base,routing,queue_aware,false,20,utilization,0.93942762,0.0013628864
r-steady70-short,base,routing,queue_aware,false,20,kv_occupancy,0.10018883,0.00082658684
r-steady70-short,base,routing,queue_aware,false,20,rejected_rate,0,0
r-steady70-short,base,routing,queue_aware,false,20,failed_rate,0,0
r-steady70-short,base,routing,queue_aware,false,20,timed_out_rate,0,0
r-steady70-short,base,routing,queue_aware,false,20,unfinished_rate,0,0
r-steady70-short,base,routing,queue_aware,false,20,retries,0,0
r-steady70-short,base,routing,queue_aware,false,20,preemptions,0,0
r-steady70-short,base,routing,queue_aware,false,20,scale_actions,0,0
r-steady70-short,base,routing,queue_aware,false,20,router_q_p95,0,0
r-steady70-short,base,routing,queue_aware,false,20,replica_q_p95,0.18454183,0.0036796437
r-steady70-short,base,routing,queue_aware_corrected,false,20,J,1.2583778,0.00091841849
r-steady70-short,base,routing,queue_aware_corrected,false,20,violation_rate,0,0
r-steady70-short,base,routing,queue_aware_corrected,false,20,goodput,43.292803,0.088753782
r-steady70-short,base,routing,queue_aware_corrected,false,20,ttft_p95,0.077213324,0.00042406675
r-steady70-short,base,routing,queue_aware_corrected,false,20,ttft_p99,0.14823534,0.0011979544
r-steady70-short,base,routing,queue_aware_corrected,false,20,tpot_p95,0.021977116,7.721146e-05
r-steady70-short,base,routing,queue_aware_corrected,false,20,e2e_p95,17.98744,0.17272142
r-steady70-short,base,routing,queue_aware_corrected,false,20,gpu_hours,0.73333333,1.5992962e-16
r-steady70-short,base,routing,queue_aware_corrected,false,20,utilization,0.94203767,0.0012892835
r-steady70-short,base,routing,queue_aware_corrected,false,20,kv_occupancy,0.099410615,0.00081583751
r-steady70-short,base,routing,queue_aware_corrected,false,20,rejected_rate,0,0
r-steady70-short,base,routing,queue_aware_corrected,false,20,failed_rate,0,0
r-steady70-short,base,routing,queue_aware_corrected,false,20,timed_out_rate,0,0
r-steady70-short,base,routing,queue_aware_corrected,false,20,unfinished_rate,0,0
r-steady70-short,base,routing,queue_aware_corrected,false,20,retries,0,0
r-steady70-short,base,routing,queue_aware_corrected,false,20,preemptions,0,0
r-steady70-short,base,routing,queue_aware_corrected,false,20,scale_actions,0,0
r-steady70-short,base,routing,queue_aware_corrected,false,20,router_q_p95,0,0
r-steady70-short,base,routing,queue_aware_corrected,false,20,replica_q_p95,0.019339906,0.00027838638
r-steady70-short,base,routing,capacity_weighted,false,20,J,1.2858609,0.0046908317
r-steady70-short,base,routing,capacity_weighted,false,20,violation_rate,0,0
r-steady70-short,base,routing,capacity_weighted,false,20,goodput,43.292803,0.088753782
r-steady70-short,base,routing,capacity_weighted,false,20,ttft_p95,0.079206829,0.0010413292
r-steady70-short,base,routing,capacity_weighted,false,20,ttft_p99,0.15604854,0.011893646
r-steady70-short,base,routing,capacity_weighted,false,20,tpot_p95,0.024625749,0.00042840042
r-steady70-short,base,routing,capacity_weighted,false,20,e2e_p95,18.439858,0.22174129
r-steady70-short,base,routing,capacity_weighted,false,20,gpu_hours,0.73333333,1.5992962e-16
r-steady70-short,base,routing,capacity_weighted,false,20,utilization,0.94221303,0.0012345321
r-steady70-short,base,routing,capacity_weighted,false,20,kv_occupancy,0.10184342,0.0010523908
r-steady70-short,base,routing,capacity_weighted,false,20,rejected_rate,0,0
r-steady70-short,base,routing,capacity_weighted,false,20,failed_rate,0,0
r-steady70-short,base,routing,capacity_weighted,false,20,timed_out_rate,0,0
r-steady70-short,base,routing,capacity_weighted,false,20,unfinished_rate,0,0
r-steady70-short,base,routing,capacity_weighted,false,20,retries,0,0
r-steady70-short,base,routing,capacity_weighted,false,20,preemptions,0,0
r-steady70-short,base,routing,capacity_weighted,false,20,scale_actions,0,0
r-steady70-short,base,routing,capacity_weighted,false,20,router_q_p95,0,0
r-steady70-short,base,routing,capacity_weighted,false,20,replica_q_p95,0.021217722,0.00066296759
r-steady70-short,base,routing,oracle_jsq,true,20,J,1.2788109,0.0012622872
r-steady70-short,base,routing,oracle_jsq,true,20,violation_rate,0,0
r-steady70-short,base,routing,oracle_jsq,true,20,goodput,43.292803,0.088753782
r-steady70-short,base,routing,oracle_jsq,true,20,ttft_p95,0.083025364,0.00044309518
r-steady70-short,base,routing,oracle_jsq,true,20,ttft_p99,0.13874951,0.0011272077
r-steady70-short,base,routing,oracle_jsq,true,20,tpot_p95,0.02372982,0.00011387112
r-steady70-short,base,routing,oracle_jsq,true,20,e2e_p95,18.007468,0.16254783
r-steady70-short,base,routing,oracle_jsq,true,20,gpu_hours,0.73333333,1.5992962e-16
r-steady70-short,base,routing,oracle_jsq,true,20,utilization,0.94197094,0.0012467872
r-steady70-short,base,routing,oracle_jsq,true,20,kv_occupancy,0.099842312,0.00081959347
r-steady70-short,base,routing,oracle_jsq,true,20,rejected_rate,0,0
r-steady70-short,base,routing,oracle_jsq,true,20,failed_rate,0,0
r-steady70-short,base,routing,oracle_jsq,true,20,timed_out_rate,0,0
r-steady70-short,base,routing,oracle_jsq,true,20,unfinished_rate,0,0
r-steady70-short,base,routing,oracle_jsq,true,20,retries,0,0
r-steady70-short,base,routing,oracle_jsq,true,20,preemptions,0,0
r-steady70-short,base,routing,oracle_jsq,true,20,scale_actions,0,0
r-steady70-short,base,routing,oracle_jsq,true,20,router_q_p95,0,0
r-steady70-short,base,routing,oracle_jsq,true,20,replica_q_p95,0.027236982,0.00024438156
r-steady70-long,base,routing,random,false,20,J,1.5689959,0.0073367858
r-steady70-long,base,routing,random,false,20,violation_rate,0,0
r-steady70-long,base,routing,random,false,20,goodput,10.417121,0.049063061
r-steady70-long,base,routing,random,false,20,ttft_p95,0.44026788,0.0048361449
r-steady70-long,base,routing,random,false,20,ttft_p99,0.63827897,0.0132647
r-steady70-long,base,routing,random,false,20,tpot_p95,0.034886191,0.00055778651
r-steady70-long,base,routing,random,false,20,e2e_p95,47.705656,0.98141904
r-steady70-long,base,routing,random,false,20,gpu_hours,0.73333333,1.5992962e-16
r-steady70-long,base,routing,random,false,20,utilization,0.97297689,0.0024411597
r-steady70-long,base,routing,random,false,20,kv_occupancy,0.27227638,0.0055964294
r-steady70-long,base,routing,random,false,20,rejected_rate,0,0
r-steady70-long,base,routing,random,false,20,failed_rate,0,0
r-steady70-long,base,routing,random,false,20,timed_out_rate,0,0
r-steady70-long,base,routing,random,false,20,unfinished_rate,0,0
r-steady70-long,base,routing,random,false,20,retries,0,0
r-steady70-long,base,routing,random,false,20,preemptions,0,0
r-steady70-long,base,routing,random,false,20,scale_actions,0,0
r-steady70-long,base,routing,random,false,20,router_q_p95,0,0
r-steady70-long,base,routing,random,false,20,replica_q_p95,0.19624114,0.006453738
r-steady70-long,base,routing,round_robin,false,20,J,1.4875343,0.0062139309
r-steady70-long,base,routing,round_robin,false,20,violation_rate,0,0
r-steady70-long,base,routing,round_robin,false,20,goodput,10.417121,0.049063061
r-steady70-long,base,routing,round_robin,false,20,ttft_p95,0.33487514,0.0029254249
r-steady70-long,base,routing,round_robin,false,20,ttft_p99,0.51484096,0.0060001962
r-steady70-long,base,routing,round_robin,false,20,tpot_p95,0.032009675,0.00052075345
r-steady70-long,base,routing,round_robin,false,20,e2e_p95,47.330185,1.0009001
r-steady70-long,base,routing,round_robin,false,20,gpu_hours,0.73333333,1.5992962e-16
r-steady70-long,base,routing,round_robin,false,20,utilization,0.973695,0.0021860652
r-steady70-long,base,routing,round_robin,false,20,kv_occupancy,0.269268,0.0055571673
r-steady70-long,base,routing,round_robin,false,20,rejected_rate,0,0
r-steady70-long,base,routing,round_robin,false,20,failed_rate,0,0
r-steady70-long,base,routing,round_robin,false,20,timed_out_rate,0,0
r-steady70-long,base,routing,round_robin,false,20,unfinished_rate,0,0
r-steady70-long,base,routing,round_robin,false,20,retries,0,0
r-steady70-long,base,routing,round_robin,false,20,preemptions,0,0
r-steady70-long,base,routing,round_robin,false,20,scale_actions,0,0
r-steady70-long,base,routing,round_robin,false,20,router_q_p95,0,0
r-steady70-long,base,routing,round_robin,false,20,replica_q_p95,0.04091423,0.00167145
r-steady70-long,base,routing,least_outstanding,false,20,J,1.4971929,0.006807142
r-steady70-long,base,routing,least_outstanding,false,20,violation_rate,0,0
r-steady70-long,base,routing,least_outstanding,false,20,goodput,10.417121,0.049063061
r-steady70-long,base,routing,least_outstanding,false,20,ttft_p95,0.37812125,0.0071132666
r-steady70-long,base,routing,least_outstanding,false,20,ttft_p99,0.55878943,0.0080688282
r-steady70-long,base,routing,least_outstanding,false,20,tpot_p95,0.030813229,0.00039644046
r-steady70-long,base,routing,least_outstanding,false,20,e2e_p95,46.550276,0.94642063
r-steady70-long,base,routing,least_outstanding,false,20,gpu_hours,0.73333333,1.5992962e-16
r-steady70-long,base,routing,least_outstanding,false,20,utilization,0.97269294,0.0020772745
r-steady70-long,base,routing,least_outstanding,false,20,kv_occupancy,0.26489151,0.0054180925
r-steady70-long,base,routing,least_outstanding,false,20,rejected_rate,0,0
r-steady70-long,base,routing,least_outstanding,false,20,failed_rate,0,0
r-steady70-long,base,routing,least_outstanding,false,20,timed_out_rate,0,0
r-steady70-long,base,routing,least_outstanding,false,20,unfinished_rate,0,0
r-steady70-long,base,routing,least_outstanding,false,20,retries,0,0
r-steady70-long,base,routing,least_outstanding,false,20,preemptions,0,0
r-steady70-long,base,routing,least_outstanding,false,20,scale_actions,0,0
r-steady70-long,base,routing,least_outstanding,false,20,router_q_p95,0,0
r-steady70-long,base,routing,least_outstanding,false,20,replica_q_p95,0.12492984,0.0043011204
r-steady70-long,base,routing,power_of_two,false,20,J,1.5175505,0.005317373
r-steady70-long,base,routing,power_of_two,false,20,violation_rate,0,0
r-steady70-long,base,routing,power_of_two,false,20,goodput,10.417121,0.049063061
r-steady70-long,base,routing,power_of_two,false,20,ttft_p95,0.41614667,0.0042075399
r-steady70-long,base,routing,power_of_two,false,20,ttft_p99,0.59682968,0.0051778028
r-steady70-long,base,routing,power_of_two,false,20,tpot_p95,0.03094772,0.00038038858
r-steady70-long,base,routing,power_of_two,false,20,e2e_p95,46.546022,0.91594778
r-steady70-long,base,routing,power_of_two,false,20,gpu_hours,0.73333333,1.5992962e-16
r-steady70-long,base,routing,power_of_two,false,20,utilization,0.97329487,0.0024493877
r-steady70-long,base,routing,power_of_two,false,20,kv_occupancy,0.26499813,0.0054675721
r-steady70-long,base,routing,power_of_two,false,20,rejected_rate,0,0
r-steady70-long,base,routing,power_of_two,false,20,failed_rate,0,0
r-steady70-long,base,routing,power_of_two,false,20,timed_out_rate,0,0
r-steady70-long,base,routing,power_of_two,false,20,unfinished_rate,0,0
r-steady70-long,base,routing,power_of_two,false,20,retries,0,0
r-steady70-long,base,routing,power_of_two,false,20,preemptions,0,0
r-steady70-long,base,routing,power_of_two,false,20,scale_actions,0,0
r-steady70-long,base,routing,power_of_two,false,20,router_q_p95,0,0
r-steady70-long,base,routing,power_of_two,false,20,replica_q_p95,0.16630478,0.0038352754
r-steady70-long,base,routing,latency_aware,false,20,J,1.5309743,0.0067293572
r-steady70-long,base,routing,latency_aware,false,20,violation_rate,0,0
r-steady70-long,base,routing,latency_aware,false,20,goodput,10.417121,0.049063061
r-steady70-long,base,routing,latency_aware,false,20,ttft_p95,0.41341744,0.0060896361
r-steady70-long,base,routing,latency_aware,false,20,ttft_p99,0.59216072,0.009289659
r-steady70-long,base,routing,latency_aware,false,20,tpot_p95,0.032426559,0.00044699222
r-steady70-long,base,routing,latency_aware,false,20,e2e_p95,46.773156,0.96654359
r-steady70-long,base,routing,latency_aware,false,20,gpu_hours,0.73333333,1.5992962e-16
r-steady70-long,base,routing,latency_aware,false,20,utilization,0.97208126,0.002699136
r-steady70-long,base,routing,latency_aware,false,20,kv_occupancy,0.26631035,0.0055126338
r-steady70-long,base,routing,latency_aware,false,20,rejected_rate,0,0
r-steady70-long,base,routing,latency_aware,false,20,failed_rate,0,0
r-steady70-long,base,routing,latency_aware,false,20,timed_out_rate,0,0
r-steady70-long,base,routing,latency_aware,false,20,unfinished_rate,0,0
r-steady70-long,base,routing,latency_aware,false,20,retries,0,0
r-steady70-long,base,routing,latency_aware,false,20,preemptions,0,0
r-steady70-long,base,routing,latency_aware,false,20,scale_actions,0,0
r-steady70-long,base,routing,latency_aware,false,20,router_q_p95,0,0
r-steady70-long,base,routing,latency_aware,false,20,replica_q_p95,0.16132029,0.004647917
r-steady70-long,base,routing,queue_aware,false,20,J,1.8859996,0.012302
r-steady70-long,base,routing,queue_aware,false,20,violation_rate,0.00071143998,0.0003736142
r-steady70-long,base,routing,queue_aware,false,20,goodput,10.409697,0.048554618
r-steady70-long,base,routing,queue_aware,false,20,ttft_p95,1.0230707,0.017460972
r-steady70-long,base,routing,queue_aware,false,20,ttft_p99,1.4089555,0.034424491
r-steady70-long,base,routing,queue_aware,false,20,tpot_p95,0.037090706,0.00033975347
r-steady70-long,base,routing,queue_aware,false,20,e2e_p95,46.922266,0.94803582
r-steady70-long,base,routing,queue_aware,false,20,gpu_hours,0.73333333,1.5992962e-16
r-steady70-long,base,routing,queue_aware,false,20,utilization,0.97134251,0.0022342135
r-steady70-long,base,routing,queue_aware,false,20,kv_occupancy,0.26537983,0.0054338872
r-steady70-long,base,routing,queue_aware,false,20,rejected_rate,0,0
r-steady70-long,base,routing,queue_aware,false,20,failed_rate,0,0
r-steady70-long,base,routing,queue_aware,false,20,timed_out_rate,0,0
r-steady70-long,base,routing,queue_aware,false,20,unfinished_rate,0,0
r-steady70-long,base,routing,queue_aware,false,20,retries,0,0
r-steady70-long,base,routing,queue_aware,false,20,preemptions,0,0
r-steady70-long,base,routing,queue_aware,false,20,scale_actions,0,0
r-steady70-long,base,routing,queue_aware,false,20,router_q_p95,0,0
r-steady70-long,base,routing,queue_aware,false,20,replica_q_p95,0.81834778,0.017670374
r-steady70-long,base,routing,queue_aware_corrected,false,20,J,1.4748481,0.0050880529
r-steady70-long,base,routing,queue_aware_corrected,false,20,violation_rate,0,0
r-steady70-long,base,routing,queue_aware_corrected,false,20,goodput,10.417121,0.049063061
r-steady70-long,base,routing,queue_aware_corrected,false,20,ttft_p95,0.34345355,0.0027752808
r-steady70-long,base,routing,queue_aware_corrected,false,20,ttft_p99,0.52399376,0.0057097312
r-steady70-long,base,routing,queue_aware_corrected,false,20,tpot_p95,0.030312129,0.00040544709
r-steady70-long,base,routing,queue_aware_corrected,false,20,e2e_p95,46.580649,0.9340768
r-steady70-long,base,routing,queue_aware_corrected,false,20,gpu_hours,0.73333333,1.5992962e-16
r-steady70-long,base,routing,queue_aware_corrected,false,20,utilization,0.97190691,0.0024239844
r-steady70-long,base,routing,queue_aware_corrected,false,20,kv_occupancy,0.26475727,0.0054294746
r-steady70-long,base,routing,queue_aware_corrected,false,20,rejected_rate,0,0
r-steady70-long,base,routing,queue_aware_corrected,false,20,failed_rate,0,0
r-steady70-long,base,routing,queue_aware_corrected,false,20,timed_out_rate,0,0
r-steady70-long,base,routing,queue_aware_corrected,false,20,unfinished_rate,0,0
r-steady70-long,base,routing,queue_aware_corrected,false,20,retries,0,0
r-steady70-long,base,routing,queue_aware_corrected,false,20,preemptions,0,0
r-steady70-long,base,routing,queue_aware_corrected,false,20,scale_actions,0,0
r-steady70-long,base,routing,queue_aware_corrected,false,20,router_q_p95,0,0
r-steady70-long,base,routing,queue_aware_corrected,false,20,replica_q_p95,0.060248955,0.0022127538
r-steady70-long,base,routing,capacity_weighted,false,20,J,1.52934,0.013051097
r-steady70-long,base,routing,capacity_weighted,false,20,violation_rate,7.2653298e-06,1.520651e-05
r-steady70-long,base,routing,capacity_weighted,false,20,goodput,10.417045,0.049059703
r-steady70-long,base,routing,capacity_weighted,false,20,ttft_p95,0.3413412,0.0031446561
r-steady70-long,base,routing,capacity_weighted,false,20,ttft_p99,0.52442062,0.0066883675
r-steady70-long,base,routing,capacity_weighted,false,20,tpot_p95,0.03586331,0.0011934877
r-steady70-long,base,routing,capacity_weighted,false,20,e2e_p95,48.919845,1.1678824
r-steady70-long,base,routing,capacity_weighted,false,20,gpu_hours,0.73333333,1.5992962e-16
r-steady70-long,base,routing,capacity_weighted,false,20,utilization,0.9733756,0.0023193512
r-steady70-long,base,routing,capacity_weighted,false,20,kv_occupancy,0.27677334,0.0061814976
r-steady70-long,base,routing,capacity_weighted,false,20,rejected_rate,0,0
r-steady70-long,base,routing,capacity_weighted,false,20,failed_rate,0,0
r-steady70-long,base,routing,capacity_weighted,false,20,timed_out_rate,0,0
r-steady70-long,base,routing,capacity_weighted,false,20,unfinished_rate,7.2653298e-06,1.520651e-05
r-steady70-long,base,routing,capacity_weighted,false,20,retries,0,0
r-steady70-long,base,routing,capacity_weighted,false,20,preemptions,0,0
r-steady70-long,base,routing,capacity_weighted,false,20,scale_actions,0,0
r-steady70-long,base,routing,capacity_weighted,false,20,router_q_p95,0,0
r-steady70-long,base,routing,capacity_weighted,false,20,replica_q_p95,0.050276304,0.0023222102
r-steady70-long,base,routing,oracle_jsq,true,20,J,1.523355,0.006026834
r-steady70-long,base,routing,oracle_jsq,true,20,violation_rate,0,0
r-steady70-long,base,routing,oracle_jsq,true,20,goodput,10.417121,0.049063061
r-steady70-long,base,routing,oracle_jsq,true,20,ttft_p95,0.33315481,0.0035664249
r-steady70-long,base,routing,oracle_jsq,true,20,ttft_p99,0.50081268,0.0058283971
r-steady70-long,base,routing,oracle_jsq,true,20,tpot_p95,0.03567776,0.00048577211
r-steady70-long,base,routing,oracle_jsq,true,20,e2e_p95,47.199782,0.97059563
r-steady70-long,base,routing,oracle_jsq,true,20,gpu_hours,0.73333333,1.5992962e-16
r-steady70-long,base,routing,oracle_jsq,true,20,utilization,0.97326188,0.0023270187
r-steady70-long,base,routing,oracle_jsq,true,20,kv_occupancy,0.27077203,0.0054253912
r-steady70-long,base,routing,oracle_jsq,true,20,rejected_rate,0,0
r-steady70-long,base,routing,oracle_jsq,true,20,failed_rate,0,0
r-steady70-long,base,routing,oracle_jsq,true,20,timed_out_rate,0,0
r-steady70-long,base,routing,oracle_jsq,true,20,unfinished_rate,0,0
r-steady70-long,base,routing,oracle_jsq,true,20,retries,0,0
r-steady70-long,base,routing,oracle_jsq,true,20,preemptions,0,0
r-steady70-long,base,routing,oracle_jsq,true,20,scale_actions,0,0
r-steady70-long,base,routing,oracle_jsq,true,20,router_q_p95,0,0
r-steady70-long,base,routing,oracle_jsq,true,20,replica_q_p95,0.066462712,0.0015257193
r-steady90-short,base,routing,random,false,20,J,1.3934144,0.012337185
r-steady90-short,base,routing,random,false,20,violation_rate,0.00087191429,0.000794545
r-steady90-short,base,routing,random,false,20,goodput,55.624621,0.10738142
r-steady90-short,base,routing,random,false,20,ttft_p95,0.1743059,0.018343947
r-steady90-short,base,routing,random,false,20,ttft_p99,0.72021008,0.22189144
r-steady90-short,base,routing,random,false,20,tpot_p95,0.030190191,0.00017367991
r-steady90-short,base,routing,random,false,20,e2e_p95,23.256227,0.24727204
r-steady90-short,base,routing,random,false,20,gpu_hours,0.73333333,1.5992962e-16
r-steady90-short,base,routing,random,false,20,utilization,0.94672557,0.00072193254
r-steady90-short,base,routing,random,false,20,kv_occupancy,0.16513619,0.0017640037
r-steady90-short,base,routing,random,false,20,rejected_rate,0,0
r-steady90-short,base,routing,random,false,20,failed_rate,0,0
r-steady90-short,base,routing,random,false,20,timed_out_rate,0,0
r-steady90-short,base,routing,random,false,20,unfinished_rate,0,0
r-steady90-short,base,routing,random,false,20,retries,0,0
r-steady90-short,base,routing,random,false,20,preemptions,0,0
r-steady90-short,base,routing,random,false,20,scale_actions,0,0
r-steady90-short,base,routing,random,false,20,router_q_p95,0,0
r-steady90-short,base,routing,random,false,20,replica_q_p95,0.088753719,0.020064263
r-steady90-short,base,routing,round_robin,false,20,J,1.3432326,0.0032054653
r-steady90-short,base,routing,round_robin,false,20,violation_rate,0,0
r-steady90-short,base,routing,round_robin,false,20,goodput,55.673182,0.10027157
r-steady90-short,base,routing,round_robin,false,20,ttft_p95,0.10011449,0.0038158702
r-steady90-short,base,routing,round_robin,false,20,ttft_p99,0.21105937,0.023816644
r-steady90-short,base,routing,round_robin,false,20,tpot_p95,0.029317535,0.00015480377
r-steady90-short,base,routing,round_robin,false,20,e2e_p95,23.198212,0.2107992
r-steady90-short,base,routing,round_robin,false,20,gpu_hours,0.73333333,1.5992962e-16
r-steady90-short,base,routing,round_robin,false,20,utilization,0.9463919,0.00082029024
r-steady90-short,base,routing,round_robin,false,20,kv_occupancy,0.16462347,0.0016961294
r-steady90-short,base,routing,round_robin,false,20,rejected_rate,0,0
r-steady90-short,base,routing,round_robin,false,20,failed_rate,0,0
r-steady90-short,base,routing,round_robin,false,20,timed_out_rate,0,0
r-steady90-short,base,routing,round_robin,false,20,unfinished_rate,0,0
r-steady90-short,base,routing,round_robin,false,20,retries,0,0
r-steady90-short,base,routing,round_robin,false,20,preemptions,0,0
r-steady90-short,base,routing,round_robin,false,20,scale_actions,0,0
r-steady90-short,base,routing,round_robin,false,20,router_q_p95,0,0
r-steady90-short,base,routing,round_robin,false,20,replica_q_p95,0.035602382,0.0013577579
r-steady90-short,base,routing,least_outstanding,false,20,J,1.3409521,0.002127804
r-steady90-short,base,routing,least_outstanding,false,20,violation_rate,0,0
r-steady90-short,base,routing,least_outstanding,false,20,goodput,55.673182,0.10027157
r-steady90-short,base,routing,least_outstanding,false,20,ttft_p95,0.11074225,0.00091891179
r-steady90-short,base,routing,least_outstanding,false,20,ttft_p99,0.1813023,0.0014754958
r-steady90-short,base,routing,least_outstanding,false,20,tpot_p95,0.028558093,0.00017491684
r-steady90-short,base,routing,least_outstanding,false,20,e2e_p95,23.032318,0.22382433
r-steady90-short,base,routing,least_outstanding,false,20,gpu_hours,0.73333333,1.5992962e-16
r-steady90-short,base,routing,least_outstanding,false,20,utilization,0.94611834,0.00072059529
r-steady90-short,base,routing,least_outstanding,false,20,kv_occupancy,0.16346063,0.0017195597
r-steady90-short,base,routing,least_outstanding,false,20,rejected_rate,0,0
r-steady90-short,base,routing,least_outstanding,false,20,failed_rate,0,0
r-steady90-short,base,routing,least_outstanding,false,20,timed_out_rate,0,0
r-steady90-short,base,routing,least_outstanding,false,20,unfinished_rate,0,0
r-steady90-short,base,routing,least_outstanding,false,20,retries,0,0
r-steady90-short,base,routing,least_outstanding,false,20,preemptions,0,0
r-steady90-short,base,routing,least_outstanding,false,20,scale_actions,0,0
r-steady90-short,base,routing,least_outstanding,false,20,router_q_p95,0,0
r-steady90-short,base,routing,least_outstanding,false,20,replica_q_p95,0.044527286,0.0003808287
r-steady90-short,base,routing,power_of_two,false,20,J,1.3452268,0.0021131313
r-steady90-short,base,routing,power_of_two,false,20,violation_rate,0,0
r-steady90-short,base,routing,power_of_two,false,20,goodput,55.673182,0.10027157
r-steady90-short,base,routing,power_of_two,false,20,ttft_p95,0.11943721,0.0011170603
r-steady90-short,base,routing,power_of_two,false,20,ttft_p99,0.19079522,0.0020406849
r-steady90-short,base,routing,power_of_two,false,20,tpot_p95,0.028550818,0.00016957927
r-steady90-short,base,routing,power_of_two,false,20,e2e_p95,23.054906,0.23149086
r-steady90-short,base,routing,power_of_two,false,20,gpu_hours,0.73333333,1.5992962e-16
r-steady90-short,base,routing,power_of_two,false,20,utilization,0.94618983,0.00069936654
r-steady90-short,base,routing,power_of_two,false,20,kv_occupancy,0.16345654,0.0017167628
r-steady90-short,base,routing,power_of_two,false,20,rejected_rate,0,0
r-steady90-short,base,routing,power_of_two,false,20,failed_rate,0,0
r-steady90-short,base,routing,power_of_two,false,20,timed_out_rate,0,0
r-steady90-short,base,routing,power_of_two,false,20,unfinished_rate,0,0
r-steady90-short,base,routing,power_of_two,false,20,retries,0,0
r-steady90-short,base,routing,power_of_two,false,20,preemptions,0,0
r-steady90-short,base,routing,power_of_two,false,20,scale_actions,0,0
r-steady90-short,base,routing,power_of_two,false,20,router_q_p95,0,0
r-steady90-short,base,routing,power_of_two,false,20,replica_q_p95,0.046035235,0.00042419751
r-steady90-short,base,routing,latency_aware,false,20,J,1.363584,0.0038593896
r-steady90-short,base,routing,latency_aware,false,20,violation_rate,2.172239e-05,3.7438576e-05
r-steady90-short,base,routing,latency_aware,false,20,goodput,55.67197,0.099936975
r-steady90-short,base,routing,latency_aware,false,20,ttft_p95,0.12995275,0.0043464773
r-steady90-short,base,routing,latency_aware,false,20,ttft_p99,0.26806984,0.048223681
r-steady90-short,base,routing,latency_aware,false,20,tpot_p95,0.029849897,0.00017676731
r-steady90-short,base,routing,latency_aware,false,20,e2e_p95,23.165017,0.2175435
r-steady90-short,base,routing,latency_aware,false,20,gpu_hours,0.73333333,1.5992962e-16
r-steady90-short,base,routing,latency_aware,false,20,utilization,0.94585516,0.00086475805
r-steady90-short,base,routing,latency_aware,false,20,kv_occupancy,0.16419418,0.0016865355
r-steady90-short,base,routing,latency_aware,false,20,rejected_rate,0,0
r-steady90-short,base,routing,latency_aware,false,20,failed_rate,0,0
r-steady90-short,base,routing,latency_aware,false,20,timed_out_rate,0,0
r-steady90-short,base,routing,latency_aware,false,20,unfinished_rate,0,0
r-steady90-short,base,routing,latency_aware,false,20,retries,0,0
r-steady90-short,base,routing,latency_aware,false,20,preemptions,0,0
r-steady90-short,base,routing,latency_aware,false,20,scale_actions,0,0
r-steady90-short,base,routing,latency_aware,false,20,router_q_p95,0,0
r-steady90-short,base,routing,latency_aware,false,20,replica_q_p95,0.053920304,0.0024007388
r-steady90-short,base,routing,queue_aware,false,20,J,1.7707972,0.015951062
r-steady90-short,base,routing,queue_aware,false,20,violation_rate,0.00089893946,0.00035434145
r-steady90-short,base,routing,queue_aware,false,20,goodput,55.623106,0.09842248
r-steady90-short,base,routing,queue_aware,false,20,ttft_p95,0.65773742,0.030941002
r-steady90-short,base,routing,queue_aware,false,20,ttft_p99,1.2370992,0.054832682
r-steady90-short,base,routing,queue_aware,false,20,tpot_p95,0.043743376,0.00017609856
r-steady90-short,base,routing,queue_aware,false,20,e2e_p95,23.270525,0.22512008
r-steady90-short,base,routing,queue_aware,false,20,gpu_hours,0.73333333,1.5992962e-16
r-steady90-short,base,routing,queue_aware,false,20,utilization,0.94414303,0.00078602077
r-steady90-short,base,routing,queue_aware,false,20,kv_occupancy,0.16474832,0.0016939988
r-steady90-short,base,routing,queue_aware,false,20,rejected_rate,0,0
r-steady90-short,base,routing,queue_aware,false,20,failed_rate,0,0
r-steady90-short,base,routing,queue_aware,false,20,timed_out_rate,0,0
r-steady90-short,base,routing,queue_aware,false,20,unfinished_rate,0,0
r-steady90-short,base,routing,queue_aware,false,20,retries,0,0
r-steady90-short,base,routing,queue_aware,false,20,preemptions,0,0
r-steady90-short,base,routing,queue_aware,false,20,scale_actions,0,0
r-steady90-short,base,routing,queue_aware,false,20,router_q_p95,0,0
r-steady90-short,base,routing,queue_aware,false,20,replica_q_p95,0.59869256,0.034818431
r-steady90-short,base,routing,queue_aware_corrected,false,20,J,1.333684,0.0019476475
r-steady90-short,base,routing,queue_aware_corrected,false,20,violation_rate,0,0
r-steady90-short,base,routing,queue_aware_corrected,false,20,goodput,55.673182,0.10027157
r-steady90-short,base,routing,queue_aware_corrected,false,20,ttft_p95,0.094328391,0.0009006599
r-steady90-short,base,routing,queue_aware_corrected,false,20,ttft_p99,0.17371193,0.0013613624
r-steady90-short,base,routing,queue_aware_corrected,false,20,tpot_p95,0.028651984,0.00015821144
r-steady90-short,base,routing,queue_aware_corrected,false,20,e2e_p95,23.096541,0.23207064
r-steady90-short,base,routing,queue_aware_corrected,false,20,gpu_hours,0.73333333,1.5992962e-16
r-steady90-short,base,routing,queue_aware_corrected,false,20,utilization,0.94626813,0.00069227384
r-steady90-short,base,routing,queue_aware_corrected,false,20,kv_occupancy,0.1639143,0.0017175976
r-steady90-short,base,routing,queue_aware_corrected,false,20,rejected_rate,0,0
r-steady90-short,base,routing,queue_aware_corrected,false,20,failed_rate,0,0
r-steady90-short,base,routing,queue_aware_corrected,false,20,timed_out_rate,0,0
r-steady90-short,base,routing,queue_aware_corrected,false,20,unfinished_rate,0,0
r-steady90-short,base,routing,queue_aware_corrected,false,20,retries,0,0
r-steady90-short,base,routing,queue_aware_corrected,false,20,preemptions,0,0
r-steady90-short,base,routing,queue_aware_corrected,false,20,scale_actions,0,0
r-steady90-short,base,routing,queue_aware_corrected,false,20,router_q_p95,0,0
r-steady90-short,base,routing,queue_aware_corrected,false,20,replica_q_p95,0.033768638,0.00033562031
r-steady90-short,base,routing,capacity_weighted,false,20,J,2.6285571,0.64955192
r-steady90-short,base,routing,capacity_weighted,false,20,violation_rate,0.042561133,0.020452534
r-steady90-short,base,routing,capacity_weighted,false,20,goodput,53.301742,1.1228132
r-steady90-short,base,routing,capacity_weighted,false,20,ttft_p95,2.2138012,1.1044299
r-steady90-short,base,routing,capacity_weighted,false,20,ttft_p99,3.6352831,1.2561699
r-steady90-short,base,routing,capacity_weighted,false,20,tpot_p95,0.03088508,0.00014618796
r-steady90-short,base,routing,capacity_weighted,false,20,e2e_p95,23.958045,0.3708388
r-steady90-short,base,routing,capacity_weighted,false,20,gpu_hours,0.73333333,1.5992962e-16
r-steady90-short,base,routing,capacity_weighted,false,20,utilization,0.94709431,0.00099700904
r-steady90-short,base,routing,capacity_weighted,false,20,kv_occupancy,0.1670875,0.0016588398
r-steady90-short,base,routing,capacity_weighted,false,20,rejected_rate,0,0
r-steady90-short,base,routing,capacity_weighted,false,20,failed_rate,0,0
r-steady90-short,base,routing,capacity_weighted,false,20,timed_out_rate,0,0
r-steady90-short,base,routing,capacity_weighted,false,20,unfinished_rate,0,0
r-steady90-short,base,routing,capacity_weighted,false,20,retries,0,0
r-steady90-short,base,routing,capacity_weighted,false,20,preemptions,0,0
r-steady90-short,base,routing,capacity_weighted,false,20,scale_actions,0,0
r-steady90-short,base,routing,capacity_weighted,false,20,router_q_p95,0,0
r-steady90-short,base,routing,capacity_weighted,false,20,replica_q_p95,2.1690481,1.1057335
r-steady90-short,base,routing,oracle_jsq,true,20,J,1.3617773,0.0038457932
r-steady90-short,base,routing,oracle_jsq,true,20,violation_rate,0,0
r-steady90-short,base,routing,oracle_jsq,true,20,goodput,55.673182,0.10027157
r-steady90-short,base,routing,oracle_jsq,true,20,ttft_p95,0.11464536,0.004932623
r-steady90-short,base,routing,oracle_jsq,true,20,ttft_p99,0.30468491,0.062083653
r-steady90-short,base,routing,oracle_jsq,true,20,tpot_p95,0.030445465,0.0001662313
r-steady90-short,base,routing,oracle_jsq,true,20,e2e_p95,23.158079,0.22265215
r-steady90-short,base,routing,oracle_jsq,true,20,gpu_hours,0.73333333,1.5992962e-16
r-steady90-short,base,routing,oracle_jsq,true,20,utilization,0.94656226,0.00060742101
r-steady90-short,base,routing,oracle_jsq,true,20,kv_occupancy,0.16450909,0.0017070396
r-steady90-short,base,routing,oracle_jsq,true,20,rejected_rate,0,0
r-steady90-short,base,routing,oracle_jsq,true,20,failed_rate,0,0
r-steady90-short,base,routing,oracle_jsq,true,20,timed_out_rate,0,0
r-steady90-short,base,routing,oracle_jsq,true,20,unfinished_rate,0,0
r-steady90-short,base,routing,oracle_jsq,true,20,retries,0,0
r-steady90-short,base,routing,oracle_jsq,true,20,preemptions,0,0
r-steady90-short,base,routing,oracle_jsq,true,20,scale_actions,0,0
r-steady90-short,base,routing,oracle_jsq,true,20,router_q_p95,0,0
r-steady90-short,base,routing,oracle_jsq,true,20,replica_q_p95,0.044803138,0.0021251263
r-steady90-long,base,routing,random,false,20,J,1.9742349,0.13032233
r-steady90-long,base,routing,random,false,20,violation_rate,0.0080134339,0.0073619111
r-steady90-long,base,routing,random,false,20,goodput,13.262424,0.093649974
r-steady90-long,base,routing,random,false,20,ttft_p95,0.74174158,0.1717427
r-steady90-long,base,routing,random,false,20,ttft_p99,2.3125923,1.491043
r-steady90-long,base,routing,random,false,20,tpot_p95,0.056329696,0.0014335321
r-steady90-long,base,routing,random,false,20,e2e_p95,74.0626,2.0118176
r-steady90-long,base,routing,random,false,20,gpu_hours,0.73333333,1.5992962e-16
r-steady90-long,base,routing,random,false,20,utilization,0.99254911,0.0016350981
r-steady90-long,base,routing,random,false,20,kv_occupancy,0.54079095,0.014760792
r-steady90-long,base,routing,random,false,20,rejected_rate,0,0
r-steady90-long,base,routing,random,false,20,failed_rate,0,0
r-steady90-long,base,routing,random,false,20,timed_out_rate,0,0
r-steady90-long,base,routing,random,false,20,unfinished_rate,0.00042459476,0.00023975173
r-steady90-long,base,routing,random,false,20,retries,0,0
r-steady90-long,base,routing,random,false,20,preemptions,12.4,9.3730882
r-steady90-long,base,routing,random,false,20,scale_actions,0,0
r-steady90-long,base,routing,random,false,20,router_q_p95,0,0
r-steady90-long,base,routing,random,false,20,replica_q_p95,0.48955543,0.17567691
r-steady90-long,base,routing,round_robin,false,20,J,1.7811378,0.060158282
r-steady90-long,base,routing,round_robin,false,20,violation_rate,0.0043364801,0.0046413651
r-steady90-long,base,routing,round_robin,false,20,goodput,13.311894,0.069201967
r-steady90-long,base,routing,round_robin,false,20,ttft_p95,0.46909708,0.048453944
r-steady90-long,base,routing,round_robin,false,20,ttft_p99,1.2470324,0.7345976
r-steady90-long,base,routing,round_robin,false,20,tpot_p95,0.052490688,0.0016025617
r-steady90-long,base,routing,round_robin,false,20,e2e_p95,73.212212,1.9347267
r-steady90-long,base,routing,round_robin,false,20,gpu_hours,0.73333333,1.5992962e-16
r-steady90-long,base,routing,round_robin,false,20,utilization,0.99265193,0.0017161261
r-steady90-long,base,routing,round_robin,false,20,kv_occupancy,0.5348089,0.014616911
r-steady90-long,base,routing,round_robin,false,20,rejected_rate,0,0
r-steady90-long,base,routing,round_robin,false,20,failed_rate,0,0
r-steady90-long,base,routing,round_robin,false,20,timed_out_rate,0,0
r-steady90-long,base,routing,round_robin,false,20,unfinished_rate,0.00024308524,0.00013425428
r-steady90-long,base,routing,round_robin,false,20,retries,0,0
r-steady90-long,base,routing,round_robin,false,20,preemptions,8.2,8.2228778
r-steady90-long,base,routing,round_robin,false,20,scale_actions,0,0
r-steady90-long,base,routing,round_robin,false,20,router_q_p95,0,0
r-steady90-long,base,routing,round_robin,false,20,replica_q_p95,0.16756415,0.047803769
r-steady90-long,base,routing,least_outstanding,false,20,J,1.744533,0.017078768
r-steady90-long,base,routing,least_outstanding,false,20,violation_rate,0.00017551291,0.00010342742
r-steady90-long,base,routing,least_outstanding,false,20,goodput,13.368106,0.066705207
r-steady90-long,base,routing,least_outstanding,false,20,ttft_p95,0.49747024,0.0089432275
r-steady90-long,base,routing,least_outstanding,false,20,ttft_p99,0.70376388,0.013037212
r-steady90-long,base,routing,least_outstanding,false,20,tpot_p95,0.049492032,0.0012908202
r-steady90-long,base,routing,least_outstanding,false,20,e2e_p95,72.238599,2.0006214
r-steady90-long,base,routing,least_outstanding,false,20,gpu_hours,0.73333333,1.5992962e-16
r-steady90-long,base,routing,least_outstanding,false,20,utilization,0.99238537,0.0019241911
r-steady90-long,base,routing,least_outstanding,false,20,kv_occupancy,0.52685123,0.014428529
r-steady90-long,base,routing,least_outstanding,false,20,rejected_rate,0,0
r-steady90-long,base,routing,least_outstanding,false,20,failed_rate,0,0
r-steady90-long,base,routing,least_outstanding,false,20,timed_out_rate,0,0
r-steady90-long,base,routing,least_outstanding,false,20,unfinished_rate,0.00017551291,0.00010342742
r-steady90-long,base,routing,least_outstanding,false,20,retries,0,0
r-steady90-long,base,routing,least_outstanding,false,20,preemptions,0,0
r-steady90-long,base,routing,least_outstanding,false,20,scale_actions,0,0
r-steady90-long,base,routing,least_outstanding,false,20,router_q_p95,0,0
r-steady90-long,base,routing,least_outstanding,false,20,replica_q_p95,0.23161929,0.0078899844
r-steady90-long,base,routing,power_of_two,false,20,J,1.7698553,0.015957814
r-steady90-long,base,routing,power_of_two,false,20,violation_rate,0.00020377417,0.00016757426
r-steady90-long,base,routing,power_of_two,false,20,goodput,13.367727,0.066684821
r-steady90-long,base,routing,power_of_two,false,20,ttft_p95,0.54578601,0.0074181558
r-steady90-long,base,routing,power_of_two,false,20,ttft_p99,0.77177665,0.014129666
r-steady90-long,base,routing,power_of_two,false,20,tpot_p95,0.049594339,0.0012582017
r-steady90-long,base,routing,power_of_two,false,20,e2e_p95,72.209562,1.9138387
r-steady90-long,base,routing,power_of_two,false,20,gpu_hours,0.73333333,1.5992962e-16
r-steady90-long,base,routing,power_of_two,false,20,utilization,0.99283163,0.0019534726
r-steady90-long,base,routing,power_of_two,false,20,kv_occupancy,0.52700448,0.014465136
r-steady90-long,base,routing,power_of_two,false,20,rejected_rate,0,0
r-steady90-long,base,routing,power_of_two,false,20,failed_rate,0,0
r-steady90-long,base,routing,power_of_two,false,20,timed_out_rate,0,0
r-steady90-long,base,routing,power_of_two,false,20,unfinished_rate,0.00020377417,0.00016757426
r-steady90-long,base,routing,power_of_two,false,20,retries,0,0
r-steady90-long,base,routing,power_of_two,false,20,preemptions,0,0
r-steady90-long,base,routing,power_of_two,false,20,scale_actions,0,0
r-steady90-long,base,routing,power_of_two,false,20,router_q_p95,0,0
r-steady90-long,base,routing,power_of_two,false,20,replica_q_p95,0.28485464,0.0066346311
r-steady90-long,base,routing,latency_aware,false,20,J,1.8397075,0.026928254
r-steady90-long,base,routing,latency_aware,false,20,violation_rate,0.00063170616,0.00052010679
r-steady90-long,base,routing,latency_aware,false,20,goodput,13.36197,0.065323061
r-steady90-long,base,routing,latency_aware,false,20,ttft_p95,0.60088704,0.019841429
r-steady90-long,base,routing,latency_aware,false,20,ttft_p99,0.91890682,0.063321486
r-steady90-long,base,routing,latency_aware,false,20,tpot_p95,0.053610548,0.0015382346
r-steady90-long,base,routing,latency_aware,false,20,e2e_p95,72.634227,1.9315096
r-steady90-long,base,routing,latency_aware,false,20,gpu_hours,0.73333333,1.5992962e-16
r-steady90-long,base,routing,latency_aware,false,20,utilization,0.99298406,0.0015803029
r-steady90-long,base,routing,latency_aware,false,20,kv_occupancy,0.53045391,0.014572067
r-steady90-long,base,routing,latency_aware,false,20,rejected_rate,0,0
r-steady90-long,base,routing,latency_aware,false,20,failed_rate,0,0
r-steady90-long,base,routing,latency_aware,false,20,timed_out_rate,0,0
r-steady90-long,base,routing,latency_aware,false,20,unfinished_rate,0.00026572927,0.00017971189
r-steady90-long,base,routing,latency_aware,false,20,retries,0,0
r-steady90-long,base,routing,latency_aware,false,20,preemptions,0.75,1.0830528
r-steady90-long,base,routing,latency_aware,false,20,scale_actions,0,0
r-steady90-long,base,routing,latency_aware,false,20,router_q_p95,0,0
r-steady90-long,base,routing,latency_aware,false,20,replica_q_p95,0.34411462,0.021619176
r-steady90-long,base,routing,queue_aware,false,20,J,2.3909601,0.031510026
r-steady90-long,base,routing,queue_aware,false,20,violation_rate,0.013516278,0.001842195
r-steady90-long,base,routing,queue_aware,false,20,goodput,13.189394,0.053617354
r-steady90-long,base,routing,queue_aware,false,20,ttft_p95,1.5517149,0.027726784
r-steady90-long,base,routing,queue_aware,false,20,ttft_p99,2.0816693,0.04501787
r-steady90-long,base,routing,queue_aware,false,20,tpot_p95,0.054752128,0.0010987247
r-steady90-long,base,routing,queue_aware,false,20,e2e_p95,72.744681,1.9834523
r-steady90-long,base,routing,queue_aware,false,20,gpu_hours,0.73333333,1.5992962e-16
r-steady90-long,base,routing,queue_aware,false,20,utilization,0.99055203,0.0018693431
r-steady90-long,base,routing,queue_aware,false,20,kv_occupancy,0.52690585,0.014374673
r-steady90-long,base,routing,queue_aware,false,20,rejected_rate,0,0
r-steady90-long,base,routing,queue_aware,false,20,failed_rate,0,0
r-steady90-long,base,routing,queue_aware,false,20,timed_out_rate,0,0
r-steady90-long,base,routing,queue_aware,false,20,unfinished_rate,0.00026055317,0.0001152092
r-steady90-long,base,routing,queue_aware,false,20,retries,0,0
r-steady90-long,base,routing,queue_aware,false,20,preemptions,0,0
r-steady90-long,base,routing,queue_aware,false,20,scale_actions,0,0
r-steady90-long,base,routing,queue_aware,false,20,router_q_p95,0,0
r-steady90-long,base,routing,queue_aware,false,20,replica_q_p95,1.3259133,0.027931075
r-steady90-long,base,routing,queue_aware_corrected,false,20,J,1.7200457,0.015047271
r-steady90-long,base,routing,queue_aware_corrected,false,20,violation_rate,0.00017503014,0.00010777238
r-steady90-long,base,routing,queue_aware_corrected,false,20,goodput,13.368106,0.066406978
r-steady90-long,base,routing,queue_aware_corrected,false,20,ttft_p95,0.45709561,0.006228947
r-steady90-long,base,routing,queue_aware_corrected,false,20,ttft_p99,0.65677962,0.0064556919
r-steady90-long,base,routing,queue_aware_corrected,false,20,tpot_p95,0.049062272,0.00126085
r-steady90-long,base,routing,queue_aware_corrected,false,20,e2e_p95,72.328122,1.9330572
r-steady90-long,base,routing,queue_aware_corrected,false,20,gpu_hours,0.73333333,1.5992962e-16
r-steady90-long,base,routing,queue_aware_corrected,false,20,utilization,0.99334408,0.0015312381
r-steady90-long,base,routing,queue_aware_corrected,false,20,kv_occupancy,0.52643551,0.014388721
r-steady90-long,base,routing,queue_aware_corrected,false,20,rejected_rate,0,0
r-steady90-long,base,routing,queue_aware_corrected,false,20,failed_rate,0,0
r-steady90-long,base,routing,queue_aware_corrected,false,20,timed_out_rate,0,0
r-steady90-long,base,routing,queue_aware_corrected,false,20,unfinished_rate,0.00017503014,0.00010777238
r-steady90-long,base,routing,queue_aware_corrected,false,20,retries,0,0
r-steady90-long,base,routing,queue_aware_corrected,false,20,preemptions,0,0
r-steady90-long,base,routing,queue_aware_corrected,false,20,scale_actions,0,0
r-steady90-long,base,routing,queue_aware_corrected,false,20,router_q_p95,0,0
r-steady90-long,base,routing,queue_aware_corrected,false,20,replica_q_p95,0.16579719,0.0061731376
r-steady90-long,base,routing,capacity_weighted,false,20,J,2.654348,1.0448119
r-steady90-long,base,routing,capacity_weighted,false,20,violation_rate,0.023609902,0.018626607
r-steady90-long,base,routing,capacity_weighted,false,20,goodput,13.053712,0.24543351
r-steady90-long,base,routing,capacity_weighted,false,20,ttft_p95,1.9457976,1.8994212
r-steady90-long,base,routing,capacity_weighted,false,20,ttft_p99,3.9210264,2.4068925
r-steady90-long,base,routing,capacity_weighted,false,20,tpot_p95,0.056339967,0.0017236559
r-steady90-long,base,routing,capacity_weighted,false,20,e2e_p95,74.836862,2.1119527
r-steady90-long,base,routing,capacity_weighted,false,20,gpu_hours,0.73333333,1.5992962e-16
r-steady90-long,base,routing,capacity_weighted,false,20,utilization,0.99157116,0.0018998764
r-steady90-long,base,routing,capacity_weighted,false,20,kv_occupancy,0.54397171,0.014683887
r-steady90-long,base,routing,capacity_weighted,false,20,rejected_rate,0,0
r-steady90-long,base,routing,capacity_weighted,false,20,failed_rate,0,0
r-steady90-long,base,routing,capacity_weighted,false,20,timed_out_rate,0,0
r-steady90-long,base,routing,capacity_weighted,false,20,unfinished_rate,0.00055426045,0.00024948392
r-steady90-long,base,routing,capacity_weighted,false,20,retries,0,0
r-steady90-long,base,routing,capacity_weighted,false,20,preemptions,31.05,19.51385
r-steady90-long,base,routing,capacity_weighted,false,20,scale_actions,0,0
r-steady90-long,base,routing,capacity_weighted,false,20,router_q_p95,0,0
r-steady90-long,base,routing,capacity_weighted,false,20,replica_q_p95,1.6642361,1.9103367
r-steady90-long,base,routing,oracle_jsq,true,20,J,1.7621628,0.016354902
r-steady90-long,base,routing,oracle_jsq,true,20,violation_rate,0.0002094517,0.00015766994
r-steady90-long,base,routing,oracle_jsq,true,20,goodput,13.367652,0.066688065
r-steady90-long,base,routing,oracle_jsq,true,20,ttft_p95,0.42645118,0.0082590888
r-steady90-long,base,routing,oracle_jsq,true,20,ttft_p99,0.62356094,0.022387524
r-steady90-long,base,routing,oracle_jsq,true,20,tpot_p95,0.054788996,0.0012539838
r-steady90-long,base,routing,oracle_jsq,true,20,e2e_p95,72.658279,1.9540752
r-steady90-long,base,routing,oracle_jsq,true,20,gpu_hours,0.73333333,1.5992962e-16
r-steady90-long,base,routing,oracle_jsq,true,20,utilization,0.99301951,0.0016761141
r-steady90-long,base,routing,oracle_jsq,true,20,kv_occupancy,0.53472909,0.014451355
r-steady90-long,base,routing,oracle_jsq,true,20,rejected_rate,0,0
r-steady90-long,base,routing,oracle_jsq,true,20,failed_rate,0,0
r-steady90-long,base,routing,oracle_jsq,true,20,timed_out_rate,0,0
r-steady90-long,base,routing,oracle_jsq,true,20,unfinished_rate,0.00013605279,0.00010272939
r-steady90-long,base,routing,oracle_jsq,true,20,retries,0,0
r-steady90-long,base,routing,oracle_jsq,true,20,preemptions,0.45,0.57770577
r-steady90-long,base,routing,oracle_jsq,true,20,scale_actions,0,0
r-steady90-long,base,routing,oracle_jsq,true,20,router_q_p95,0,0
r-steady90-long,base,routing,oracle_jsq,true,20,replica_q_p95,0.13596274,0.0072897803
r-bursty-short,base,routing,random,false,20,J,10.862524,2.9062578
r-bursty-short,base,routing,random,false,20,violation_rate,0.34591394,0.082559158
r-bursty-short,base,routing,random,false,20,goodput,27.890227,2.406558
r-bursty-short,base,routing,random,false,20,ttft_p95,15.618142,5.0676833
r-bursty-short,base,routing,random,false,20,ttft_p99,20.360483,6.2714957
r-bursty-short,base,routing,random,false,20,tpot_p95,0.032388341,0.00015069593
r-bursty-short,base,routing,random,false,20,e2e_p95,29.963756,4.5250652
r-bursty-short,base,routing,random,false,20,gpu_hours,0.73333333,1.5992962e-16
r-bursty-short,base,routing,random,false,20,utilization,0.94293041,0.0057081316
r-bursty-short,base,routing,random,false,20,kv_occupancy,0.12293914,0.01254842
r-bursty-short,base,routing,random,false,20,rejected_rate,0,0
r-bursty-short,base,routing,random,false,20,failed_rate,0,0
r-bursty-short,base,routing,random,false,20,timed_out_rate,0,0
r-bursty-short,base,routing,random,false,20,unfinished_rate,0,0
r-bursty-short,base,routing,random,false,20,retries,0,0
r-bursty-short,base,routing,random,false,20,preemptions,0,0
r-bursty-short,base,routing,random,false,20,scale_actions,0,0
r-bursty-short,base,routing,random,false,20,router_q_p95,0,0
r-bursty-short,base,routing,random,false,20,replica_q_p95,15.573936,5.0666712
r-bursty-short,base,routing,round_robin,false,20,J,10.789533,2.9558417
r-bursty-short,base,routing,round_robin,false,20,violation_rate,0.3413635,0.082793655
r-bursty-short,base,routing,round_robin,false,20,goodput,28.087879,2.4141367
r-bursty-short,base,routing,round_robin,false,20,ttft_p95,15.519568,5.1718953
r-bursty-short,base,routing,round_robin,false,20,ttft_p99,19.458761,5.6671737
r-bursty-short,base,routing,round_robin,false,20,tpot_p95,0.03229318,0.00017487015
r-bursty-short,base,routing,round_robin,false,20,e2e_p95,29.66574,4.2134378
r-bursty-short,base,routing,round_robin,false,20,gpu_hours,0.73333333,1.5992962e-16
r-bursty-short,base,routing,round_robin,false,20,utilization,0.94284613,0.0056834773
r-bursty-short,base,routing,round_robin,false,20,kv_occupancy,0.12281304,0.012551212
r-bursty-short,base,routing,round_robin,false,20,rejected_rate,0,0
r-bursty-short,base,routing,round_robin,false,20,failed_rate,0,0
r-bursty-short,base,routing,round_robin,false,20,timed_out_rate,0,0
r-bursty-short,base,routing,round_robin,false,20,unfinished_rate,0,0
r-bursty-short,base,routing,round_robin,false,20,retries,0,0
r-bursty-short,base,routing,round_robin,false,20,preemptions,0,0
r-bursty-short,base,routing,round_robin,false,20,scale_actions,0,0
r-bursty-short,base,routing,round_robin,false,20,router_q_p95,0,0
r-bursty-short,base,routing,round_robin,false,20,replica_q_p95,15.473931,5.1716725
r-bursty-short,base,routing,least_outstanding,false,20,J,10.600274,2.9038136
r-bursty-short,base,routing,least_outstanding,false,20,violation_rate,0.33979907,0.083791848
r-bursty-short,base,routing,least_outstanding,false,20,goodput,28.145152,2.4417605
r-bursty-short,base,routing,least_outstanding,false,20,ttft_p95,15.157235,5.0644297
r-bursty-short,base,routing,least_outstanding,false,20,ttft_p99,18.318968,5.3977776
r-bursty-short,base,routing,least_outstanding,false,20,tpot_p95,0.032266122,0.00017129085
r-bursty-short,base,routing,least_outstanding,false,20,e2e_p95,29.315701,4.0638309
r-bursty-short,base,routing,least_outstanding,false,20,gpu_hours,0.73333333,1.5992962e-16
r-bursty-short,base,routing,least_outstanding,false,20,utilization,0.94273802,0.0055965962
r-bursty-short,base,routing,least_outstanding,false,20,kv_occupancy,0.12247912,0.012569943
r-bursty-short,base,routing,least_outstanding,false,20,rejected_rate,0,0
r-bursty-short,base,routing,least_outstanding,false,20,failed_rate,0,0
r-bursty-short,base,routing,least_outstanding,false,20,timed_out_rate,0,0
r-bursty-short,base,routing,least_outstanding,false,20,unfinished_rate,0,0
r-bursty-short,base,routing,least_outstanding,false,20,retries,0,0
r-bursty-short,base,routing,least_outstanding,false,20,preemptions,0,0
r-bursty-short,base,routing,least_outstanding,false,20,scale_actions,0,0
r-bursty-short,base,routing,least_outstanding,false,20,router_q_p95,0,0
r-bursty-short,base,routing,least_outstanding,false,20,replica_q_p95,15.113572,5.0641173
r-bursty-short,base,routing,power_of_two,false,20,J,10.637944,2.9182291
r-bursty-short,base,routing,power_of_two,false,20,violation_rate,0.34007626,0.083981697
r-bursty-short,base,routing,power_of_two,false,20,goodput,28.130379,2.4522513
r-bursty-short,base,routing,power_of_two,false,20,ttft_p95,15.22967,5.0910404
r-bursty-short,base,routing,power_of_two,false,20,ttft_p99,18.273031,5.3391863
r-bursty-short,base,routing,power_of_two,false,20,tpot_p95,0.032272833,0.00016772216
r-bursty-short,base,routing,power_of_two,false,20,e2e_p95,29.286868,4.054786
r-bursty-short,base,routing,power_of_two,false,20,gpu_hours,0.73333333,1.5992962e-16
r-bursty-short,base,routing,power_of_two,false,20,utilization,0.94296114,0.0055987125
r-bursty-short,base,routing,power_of_two,false,20,kv_occupancy,0.12248684,0.012564611
r-bursty-short,base,routing,power_of_two,false,20,rejected_rate,0,0
r-bursty-short,base,routing,power_of_two,false,20,failed_rate,0,0
r-bursty-short,base,routing,power_of_two,false,20,timed_out_rate,0,0
r-bursty-short,base,routing,power_of_two,false,20,unfinished_rate,0,0
r-bursty-short,base,routing,power_of_two,false,20,retries,0,0
r-bursty-short,base,routing,power_of_two,false,20,preemptions,0,0
r-bursty-short,base,routing,power_of_two,false,20,scale_actions,0,0
r-bursty-short,base,routing,power_of_two,false,20,router_q_p95,0,0
r-bursty-short,base,routing,power_of_two,false,20,replica_q_p95,15.183204,5.0918505
r-bursty-short,base,routing,latency_aware,false,20,J,10.843098,2.9399531
r-bursty-short,base,routing,latency_aware,false,20,violation_rate,0.34607598,0.081820781
r-bursty-short,base,routing,latency_aware,false,20,goodput,27.889015,2.3873556
r-bursty-short,base,routing,latency_aware,false,20,ttft_p95,15.577287,5.1539245
r-bursty-short,base,routing,latency_aware,false,20,ttft_p99,19.357723,5.3689101
r-bursty-short,base,routing,latency_aware,false,20,tpot_p95,0.032407504,0.00015750715
r-bursty-short,base,routing,latency_aware,false,20,e2e_p95,29.640935,4.1700876
r-bursty-short,base,routing,latency_aware,false,20,gpu_hours,0.73333333,1.5992962e-16
r-bursty-short,base,routing,latency_aware,false,20,utilization,0.94281122,0.0057852285
r-bursty-short,base,routing,latency_aware,false,20,kv_occupancy,0.12260668,0.012528812
r-bursty-short,base,routing,latency_aware,false,20,rejected_rate,0,0
r-bursty-short,base,routing,latency_aware,false,20,failed_rate,0,0
r-bursty-short,base,routing,latency_aware,false,20,timed_out_rate,0,0
r-bursty-short,base,routing,latency_aware,false,20,unfinished_rate,0,0
r-bursty-short,base,routing,latency_aware,false,20,retries,0,0
r-bursty-short,base,routing,latency_aware,false,20,preemptions,0,0
r-bursty-short,base,routing,latency_aware,false,20,scale_actions,0,0
r-bursty-short,base,routing,latency_aware,false,20,router_q_p95,0,0
r-bursty-short,base,routing,latency_aware,false,20,replica_q_p95,15.534031,5.1535031
r-bursty-short,base,routing,queue_aware,false,20,J,11.181748,2.8951886
r-bursty-short,base,routing,queue_aware,false,20,violation_rate,0.376442,0.079828095
r-bursty-short,base,routing,queue_aware,false,20,goodput,26.563636,2.3057168
r-bursty-short,base,routing,queue_aware,false,20,ttft_p95,15.893059,5.0935949
r-bursty-short,base,routing,queue_aware,false,20,ttft_p99,19.201858,5.2852472
r-bursty-short,base,routing,queue_aware,false,20,tpot_p95,0.035300842,0.00060828692
r-bursty-short,base,routing,queue_aware,false,20,e2e_p95,29.837781,4.0967106
r-bursty-short,base,routing,queue_aware,false,20,gpu_hours,0.73333333,1.5992962e-16
r-bursty-short,base,routing,queue_aware,false,20,utilization,0.94118727,0.0057531037
r-bursty-short,base,routing,queue_aware,false,20,kv_occupancy,0.12278944,0.012530788
r-bursty-short,base,routing,queue_aware,false,20,rejected_rate,0,0
r-bursty-short,base,routing,queue_aware,false,20,failed_rate,0,0
r-bursty-short,base,routing,queue_aware,false,20,timed_out_rate,0,0
r-bursty-short,base,routing,queue_aware,false,20,unfinished_rate,0,0
r-bursty-short,base,routing,queue_aware,false,20,retries,0,0
r-bursty-short,base,routing,queue_aware,false,20,preemptions,0,0
r-bursty-short,base,routing,queue_aware,false,20,scale_actions,0,0
r-bursty-short,base,routing,queue_aware,false,20,router_q_p95,0,0
r-bursty-short,base,routing,queue_aware,false,20,replica_q_p95,15.848329,5.0928802
r-bursty-short,base,routing,queue_aware_corrected,false,20,J,10.65926,2.9166052
r-bursty-short,base,routing,queue_aware_corrected,false,20,violation_rate,0.34212449,0.083297499
r-bursty-short,base,routing,queue_aware_corrected,false,20,goodput,28.048636,2.4293218
r-bursty-short,base,routing,queue_aware_corrected,false,20,ttft_p95,15.251826,5.0953561
r-bursty-short,base,routing,queue_aware_corrected,false,20,ttft_p99,18.403109,5.3743139
r-bursty-short,base,routing,queue_aware_corrected,false,20,tpot_p95,0.03227245,0.00018187444
r-bursty-short,base,routing,queue_aware_corrected,false,20,e2e_p95,29.351742,4.0622753
r-bursty-short,base,routing,queue_aware_corrected,false,20,gpu_hours,0.73333333,1.5992962e-16
r-bursty-short,base,routing,queue_aware_corrected,false,20,utilization,0.94287584,0.0055138963
r-bursty-short,base,routing,queue_aware_corrected,false,20,kv_occupancy,0.12265153,0.012551454
r-bursty-short,base,routing,queue_aware_corrected,false,20,rejected_rate,0,0
r-bursty-short,base,routing,queue_aware_corrected,false,20,failed_rate,0,0
r-bursty-short,base,routing,queue_aware_corrected,false,20,timed_out_rate,0,0
r-bursty-short,base,routing,queue_aware_corrected,false,20,unfinished_rate,0,0
r-bursty-short,base,routing,queue_aware_corrected,false,20,retries,0,0
r-bursty-short,base,routing,queue_aware_corrected,false,20,preemptions,0,0
r-bursty-short,base,routing,queue_aware_corrected,false,20,scale_actions,0,0
r-bursty-short,base,routing,queue_aware_corrected,false,20,router_q_p95,0,0
r-bursty-short,base,routing,queue_aware_corrected,false,20,replica_q_p95,15.20586,5.0943478
r-bursty-short,base,routing,capacity_weighted,false,20,J,11.230438,3.0905551
r-bursty-short,base,routing,capacity_weighted,false,20,violation_rate,0.35441521,0.081927386
r-bursty-short,base,routing,capacity_weighted,false,20,goodput,27.512652,2.3958026
r-bursty-short,base,routing,capacity_weighted,false,20,ttft_p95,16.271181,5.4479299
r-bursty-short,base,routing,capacity_weighted,false,20,ttft_p99,20.569022,6.0085497
r-bursty-short,base,routing,capacity_weighted,false,20,tpot_p95,0.032277098,0.00016873761
r-bursty-short,base,routing,capacity_weighted,false,20,e2e_p95,30.21117,4.5511523
r-bursty-short,base,routing,capacity_weighted,false,20,gpu_hours,0.73333333,1.5992962e-16
r-bursty-short,base,routing,capacity_weighted,false,20,utilization,0.94339179,0.0058299603
r-bursty-short,base,routing,capacity_weighted,false,20,kv_occupancy,0.12344709,0.012676697
r-bursty-short,base,routing,capacity_weighted,false,20,rejected_rate,0,0
r-bursty-short,base,routing,capacity_weighted,false,20,failed_rate,0,0
r-bursty-short,base,routing,capacity_weighted,false,20,timed_out_rate,0,0
r-bursty-short,base,routing,capacity_weighted,false,20,unfinished_rate,0,0
r-bursty-short,base,routing,capacity_weighted,false,20,retries,0,0
r-bursty-short,base,routing,capacity_weighted,false,20,preemptions,0,0
r-bursty-short,base,routing,capacity_weighted,false,20,scale_actions,0,0
r-bursty-short,base,routing,capacity_weighted,false,20,router_q_p95,0,0
r-bursty-short,base,routing,capacity_weighted,false,20,replica_q_p95,16.227028,5.4486016
r-bursty-short,base,routing,oracle_jsq,true,20,J,10.696048,2.9095536
r-bursty-short,base,routing,oracle_jsq,true,20,violation_rate,0.34579717,0.083345835
r-bursty-short,base,routing,oracle_jsq,true,20,goodput,27.884924,2.4315837
r-bursty-short,base,routing,oracle_jsq,true,20,ttft_p95,15.284251,5.0824145
r-bursty-short,base,routing,oracle_jsq,true,20,ttft_p99,18.166364,5.2682031
r-bursty-short,base,routing,oracle_jsq,true,20,tpot_p95,0.032493654,0.00016204378
r-bursty-short,base,routing,oracle_jsq,true,20,e2e_p95,29.310076,4.055395
r-bursty-short,base,routing,oracle_jsq,true,20,gpu_hours,0.73333333,1.5992962e-16
r-bursty-short,base,routing,oracle_jsq,true,20,utilization,0.94360346,0.0055025309
r-bursty-short,base,routing,oracle_jsq,true,20,kv_occupancy,0.122791,0.012531241
r-bursty-short,base,routing,oracle_jsq,true,20,rejected_rate,0,0
r-bursty-short,base,routing,oracle_jsq,true,20,failed_rate,0,0
r-bursty-short,base,routing,oracle_jsq,true,20,timed_out_rate,0,0
r-bursty-short,base,routing,oracle_jsq,true,20,unfinished_rate,0,0
r-bursty-short,base,routing,oracle_jsq,true,20,retries,0,0
r-bursty-short,base,routing,oracle_jsq,true,20,preemptions,0,0
r-bursty-short,base,routing,oracle_jsq,true,20,scale_actions,0,0
r-bursty-short,base,routing,oracle_jsq,true,20,router_q_p95,0,0
r-bursty-short,base,routing,oracle_jsq,true,20,replica_q_p95,15.240672,5.0830004
r-bursty-long,base,routing,random,false,20,J,3.8894892,2.0351136
r-bursty-long,base,routing,random,false,20,violation_rate,0.053541451,0.038380455
r-bursty-long,base,routing,random,false,20,goodput,9.9178788,0.45290683
r-bursty-long,base,routing,random,false,20,ttft_p95,3.9331084,3.7133621
r-bursty-long,base,routing,random,false,20,ttft_p99,7.011507,4.8323776
r-bursty-long,base,routing,random,false,20,tpot_p95,0.065522769,0.0030750622
r-bursty-long,base,routing,random,false,20,e2e_p95,59.980291,5.0138114
r-bursty-long,base,routing,random,false,20,gpu_hours,0.73333333,1.5992962e-16
r-bursty-long,base,routing,random,false,20,utilization,0.97804925,0.0078559008
r-bursty-long,base,routing,random,false,20,kv_occupancy,0.34975246,0.041999311
r-bursty-long,base,routing,random,false,20,rejected_rate,0,0
r-bursty-long,base,routing,random,false,20,failed_rate,0,0
r-bursty-long,base,routing,random,false,20,timed_out_rate,0,0
r-bursty-long,base,routing,random,false,20,unfinished_rate,0.0007905479,0.0011259197
r-bursty-long,base,routing,random,false,20,retries,0,0
r-bursty-long,base,routing,random,false,20,preemptions,16.65,13.989659
r-bursty-long,base,routing,random,false,20,scale_actions,0,0
r-bursty-long,base,routing,random,false,20,router_q_p95,0,0
r-bursty-long,base,routing,random,false,20,replica_q_p95,3.7206774,3.7166418
r-bursty-long,base,routing,round_robin,false,20,J,3.4780907,1.845648
r-bursty-long,base,routing,round_robin,false,20,violation_rate,0.043810963,0.034504663
r-bursty-long,base,routing,round_robin,false,20,goodput,10.027348,0.45193173
r-bursty-long,base,routing,round_robin,false,20,ttft_p95,3.2643233,3.3600074
r-bursty-long,base,routing,round_robin,false,20,ttft_p99,5.8205468,4.338301
r-bursty-long,base,routing,round_robin,false,20,tpot_p95,0.062687418,0.0032419935
r-bursty-long,base,routing,round_robin,false,20,e2e_p95,59.389378,4.8800901
r-bursty-long,base,routing,round_robin,false,20,gpu_hours,0.73333333,1.5992962e-16
r-bursty-long,base,routing,round_robin,false,20,utilization,0.97866654,0.0081677954
r-bursty-long,base,routing,round_robin,false,20,kv_occupancy,0.34761672,0.042207455
r-bursty-long,base,routing,round_robin,false,20,rejected_rate,0,0
r-bursty-long,base,routing,round_robin,false,20,failed_rate,0,0
r-bursty-long,base,routing,round_robin,false,20,timed_out_rate,0,0
r-bursty-long,base,routing,round_robin,false,20,unfinished_rate,0.00070956392,0.00097801772
r-bursty-long,base,routing,round_robin,false,20,retries,0,0
r-bursty-long,base,routing,round_robin,false,20,preemptions,16.2,12.273649
r-bursty-long,base,routing,round_robin,false,20,scale_actions,0,0
r-bursty-long,base,routing,round_robin,false,20,router_q_p95,0,0
r-bursty-long,base,routing,round_robin,false,20,replica_q_p95,3.0307475,3.3659063
r-bursty-long,base,routing,least_outstanding,false,20,J,3.329095,1.7586114
r-bursty-long,base,routing,least_outstanding,false,20,violation_rate,0.039085419,0.034736817
r-bursty-long,base,routing,least_outstanding,false,20,goodput,10.079773,0.46941737
r-bursty-long,base,routing,least_outstanding,false,20,ttft_p95,3.0243275,3.1816337
r-bursty-long,base,routing,least_outstanding,false,20,ttft_p99,4.5397804,3.7911772
r-bursty-long,base,routing,least_outstanding,false,20,tpot_p95,0.062150414,0.0032490539
r-bursty-long,base,routing,least_outstanding,false,20,e2e_p95,58.79907,4.9251306
r-bursty-long,base,routing,least_outstanding,false,20,gpu_hours,0.73333333,1.5992962e-16
r-bursty-long,base,routing,least_outstanding,false,20,utilization,0.9787762,0.0083025243
r-bursty-long,base,routing,least_outstanding,false,20,kv_occupancy,0.34368815,0.041860326
r-bursty-long,base,routing,least_outstanding,false,20,rejected_rate,0,0
r-bursty-long,base,routing,least_outstanding,false,20,failed_rate,0,0
r-bursty-long,base,routing,least_outstanding,false,20,timed_out_rate,0,0
r-bursty-long,base,routing,least_outstanding,false,20,unfinished_rate,0.0007214176,0.0010019291
r-bursty-long,base,routing,least_outstanding,false,20,retries,0,0
r-bursty-long,base,routing,least_outstanding,false,20,preemptions,11.55,10.92799
r-bursty-long,base,routing,least_outstanding,false,20,scale_actions,0,0
r-bursty-long,base,routing,least_outstanding,false,20,router_q_p95,0,0
r-bursty-long,base,routing,least_outstanding,false,20,replica_q_p95,2.7873153,3.181883
r-bursty-long,base,routing,power_of_two,false,20,J,3.3617356,1.7295
r-bursty-long,base,routing,power_of_two,false,20,violation_rate,0.040281148,0.035706719
r-bursty-long,base,routing,power_of_two,false,20,goodput,10.066591,0.47561631
r-bursty-long,base,routing,power_of_two,false,20,ttft_p95,3.0755175,3.113303
r-bursty-long,base,routing,power_of_two,false,20,ttft_p99,4.8582933,4.1763874
r-bursty-long,base,routing,power_of_two,false,20,tpot_p95,0.062257116,0.0033925488
r-bursty-long,base,routing,power_of_two,false,20,e2e_p95,58.716287,4.9921144
r-bursty-long,base,routing,power_of_two,false,20,gpu_hours,0.73333333,1.5992962e-16
r-bursty-long,base,routing,power_of_two,false,20,utilization,0.97828355,0.0078953271
r-bursty-long,base,routing,power_of_two,false,20,kv_occupancy,0.3439847,0.042021684
r-bursty-long,base,routing,power_of_two,false,20,rejected_rate,0,0
r-bursty-long,base,routing,power_of_two,false,20,failed_rate,0,0
r-bursty-long,base,routing,power_of_two,false,20,timed_out_rate,0,0
r-bursty-long,base,routing,power_of_two,false,20,unfinished_rate,0.00074828748,0.00099275519
r-bursty-long,base,routing,power_of_two,false,20,retries,0,0
r-bursty-long,base,routing,power_of_two,false,20,preemptions,16.2,15.881016
r-bursty-long,base,routing,power_of_two,false,20,scale_actions,0,0
r-bursty-long,base,routing,power_of_two,false,20,router_q_p95,0,0
r-bursty-long,base,routing,power_of_two,false,20,replica_q_p95,2.8524703,3.1167776
r-bursty-long,base,routing,latency_aware,false,20,J,3.9226818,2.0494792
r-bursty-long,base,routing,latency_aware,false,20,violation_rate,0.053935059,0.036050748
r-bursty-long,base,routing,latency_aware,false,20,goodput,9.9142424,0.42897051
r-bursty-long,base,routing,latency_aware,false,20,ttft_p95,4.0222124,3.7512219
r-bursty-long,base,routing,latency_aware,false,20,ttft_p99,7.3418838,5.1834711
r-bursty-long,base,routing,latency_aware,false,20,tpot_p95,0.064190033,0.0033801915
r-bursty-long,base,routing,latency_aware,false,20,e2e_p95,59.251715,5.05592
r-bursty-long,base,routing,latency_aware,false,20,gpu_hours,0.73333333,1.5992962e-16
r-bursty-long,base,routing,latency_aware,false,20,utilization,0.97802651,0.0080881768
r-bursty-long,base,routing,latency_aware,false,20,kv_occupancy,0.34523599,0.041902107
r-bursty-long,base,routing,latency_aware,false,20,rejected_rate,0,0
r-bursty-long,base,routing,latency_aware,false,20,failed_rate,0,0
r-bursty-long,base,routing,latency_aware,false,20,timed_out_rate,0,0
r-bursty-long,base,routing,latency_aware,false,20,unfinished_rate,0.00071057754,0.00099195175
r-bursty-long,base,routing,latency_aware,false,20,retries,0,0
r-bursty-long,base,routing,latency_aware,false,20,preemptions,11.35,12.192297
r-bursty-long,base,routing,latency_aware,false,20,scale_actions,0,0
r-bursty-long,base,routing,latency_aware,false,20,router_q_p95,0,0
r-bursty-long,base,routing,latency_aware,false,20,replica_q_p95,3.805469,3.7608411
r-bursty-long,base,routing,queue_aware,false,20,J,4.4361825,1.7055741
r-bursty-long,base,routing,queue_aware,false,20,violation_rate,0.11064297,0.035632847
r-bursty-long,base,routing,queue_aware,false,20,goodput,9.3124242,0.37962442
r-bursty-long,base,routing,queue_aware,false,20,ttft_p95,4.4641041,3.0950674
r-bursty-long,base,routing,queue_aware,false,20,ttft_p99,6.2431932,3.7706036
r-bursty-long,base,routing,queue_aware,false,20,tpot_p95,0.065091559,0.0029720049
r-bursty-long,base,routing,queue_aware,false,20,e2e_p95,59.238878,4.9654493
r-bursty-long,base,routing,queue_aware,false,20,gpu_hours,0.73333333,1.5992962e-16
r-bursty-long,base,routing,queue_aware,false,20,utilization,0.97768363,0.0075349645
r-bursty-long,base,routing,queue_aware,false,20,kv_occupancy,0.34323957,0.041693403
r-bursty-long,base,routing,queue_aware,false,20,rejected_rate,0,0
r-bursty-long,base,routing,queue_aware,false,20,failed_rate,0,0
r-bursty-long,base,routing,queue_aware,false,20,timed_out_rate,0,0
r-bursty-long,base,routing,queue_aware,false,20,unfinished_rate,0.00080619828,0.0010714445
r-bursty-long,base,routing,queue_aware,false,20,retries,0,0
r-bursty-long,base,routing,queue_aware,false,20,preemptions,11.65,12.302427
r-bursty-long,base,routing,queue_aware,false,20,scale_actions,0,0
r-bursty-long,base,routing,queue_aware,false,20,router_q_p95,0,0
r-bursty-long,base,routing,queue_aware,false,20,replica_q_p95,4.252233,3.0965281
r-bursty-long,base,routing,queue_aware_corrected,false,20,J,3.2945095,1.7564104
r-bursty-long,base,routing,queue_aware_corrected,false,20,violation_rate,0.038996574,0.034770439
r-bursty-long,base,routing,queue_aware_corrected,false,20,goodput,10.081667,0.47519983
r-bursty-long,base,routing,queue_aware_corrected,false,20,ttft_p95,2.9625052,3.1789659
r-bursty-long,base,routing,queue_aware_corrected,false,20,ttft_p99,4.5401841,3.7465388
r-bursty-long,base,routing,queue_aware_corrected,false,20,tpot_p95,0.061827404,0.0032500342
r-bursty-long,base,routing,queue_aware_corrected,false,20,e2e_p95,58.70208,4.9231309
r-bursty-long,base,routing,queue_aware_corrected,false,20,gpu_hours,0.73333333,1.5992962e-16
r-bursty-long,base,routing,queue_aware_corrected,false,20,utilization,0.97806772,0.0085097177
r-bursty-long,base,routing,queue_aware_corrected,false,20,kv_occupancy,0.34349119,0.041858791
r-bursty-long,base,routing,queue_aware_corrected,false,20,rejected_rate,0,0
r-bursty-long,base,routing,queue_aware_corrected,false,20,failed_rate,0,0
r-bursty-long,base,routing,queue_aware_corrected,false,20,timed_out_rate,0,0
r-bursty-long,base,routing,queue_aware_corrected,false,20,unfinished_rate,0.00067848216,0.00089872576
r-bursty-long,base,routing,queue_aware_corrected,false,20,retries,0,0
r-bursty-long,base,routing,queue_aware_corrected,false,20,preemptions,11.1,10.765831
r-bursty-long,base,routing,queue_aware_corrected,false,20,scale_actions,0,0
r-bursty-long,base,routing,queue_aware_corrected,false,20,router_q_p95,0,0
r-bursty-long,base,routing,queue_aware_corrected,false,20,replica_q_p95,2.7349866,3.1849237
r-bursty-long,base,routing,capacity_weighted,false,20,J,3.6575756,1.908308
r-bursty-long,base,routing,capacity_weighted,false,20,violation_rate,0.050063846,0.03633516
r-bursty-long,base,routing,capacity_weighted,false,20,goodput,9.9566667,0.44287425
r-bursty-long,base,routing,capacity_weighted,false,20,ttft_p95,3.5626564,3.4736831
r-bursty-long,base,routing,capacity_weighted,false,20,ttft_p99,6.7711921,4.5911738
r-bursty-long,base,routing,capacity_weighted,false,20,tpot_p95,0.062592813,0.003011724
r-bursty-long,base,routing,capacity_weighted,false,20,e2e_p95,60.262386,5.0645263
r-bursty-long,base,routing,capacity_weighted,false,20,gpu_hours,0.73333333,1.5992962e-16
r-bursty-long,base,routing,capacity_weighted,false,20,utilization,0.97921832,0.0076887047
r-bursty-long,base,routing,capacity_weighted,false,20,kv_occupancy,0.3505275,0.042282803
r-bursty-long,base,routing,capacity_weighted,false,20,rejected_rate,0,0
r-bursty-long,base,routing,capacity_weighted,false,20,failed_rate,0,0
r-bursty-long,base,routing,capacity_weighted,false,20,timed_out_rate,0,0
r-bursty-long,base,routing,capacity_weighted,false,20,unfinished_rate,0.00075653606,0.0010083117
r-bursty-long,base,routing,capacity_weighted,false,20,retries,0,0
r-bursty-long,base,routing,capacity_weighted,false,20,preemptions,17.5,14.245437
r-bursty-long,base,routing,capacity_weighted,false,20,scale_actions,0,0
r-bursty-long,base,routing,capacity_weighted,false,20,router_q_p95,0,0
r-bursty-long,base,routing,capacity_weighted,false,20,replica_q_p95,3.3349844,3.4759593
r-bursty-long,base,routing,oracle_jsq,true,20,J,3.4851558,1.7974248
r-bursty-long,base,routing,oracle_jsq,true,20,violation_rate,0.044117593,0.034996516
r-bursty-long,base,routing,oracle_jsq,true,20,goodput,10.022727,0.44859792
r-bursty-long,base,routing,oracle_jsq,true,20,ttft_p95,3.2050096,3.2617264
r-bursty-long,base,routing,oracle_jsq,true,20,ttft_p99,5.0201139,3.7438671
r-bursty-long,base,routing,oracle_jsq,true,20,tpot_p95,0.066206306,0.0029869666
r-bursty-long,base,routing,oracle_jsq,true,20,e2e_p95,59.130878,4.905179
r-bursty-long,base,routing,oracle_jsq,true,20,gpu_hours,0.73333333,1.5992962e-16
r-bursty-long,base,routing,oracle_jsq,true,20,utilization,0.97997244,0.0078034313
r-bursty-long,base,routing,oracle_jsq,true,20,kv_occupancy,0.34873726,0.042016996
r-bursty-long,base,routing,oracle_jsq,true,20,rejected_rate,0,0
r-bursty-long,base,routing,oracle_jsq,true,20,failed_rate,0,0
r-bursty-long,base,routing,oracle_jsq,true,20,timed_out_rate,0,0
r-bursty-long,base,routing,oracle_jsq,true,20,unfinished_rate,0.00065681884,0.00098170304
r-bursty-long,base,routing,oracle_jsq,true,20,retries,0,0
r-bursty-long,base,routing,oracle_jsq,true,20,preemptions,12.65,11.508402
r-bursty-long,base,routing,oracle_jsq,true,20,scale_actions,0,0
r-bursty-long,base,routing,oracle_jsq,true,20,router_q_p95,0,0
r-bursty-long,base,routing,oracle_jsq,true,20,replica_q_p95,2.9751594,3.2641165
r-hetero,base,routing,random,false,20,J,126.55504,2.3215801
r-hetero,base,routing,random,false,20,violation_rate,0.33854166,0.0046861975
r-hetero,base,routing,random,false,20,goodput,27.376364,0.19589547
r-hetero,base,routing,random,false,20,ttft_p95,244.6743,4.6479044
r-hetero,base,routing,random,false,20,ttft_p99,340.64856,4.0616691
r-hetero,base,routing,random,false,20,tpot_p95,0.15251796,0.0011521339
r-hetero,base,routing,random,false,20,e2e_p95,278.43532,3.90401
r-hetero,base,routing,random,false,20,gpu_hours,1.1,0
r-hetero,base,routing,random,false,20,utilization,0.96714083,0.0010555108
r-hetero,base,routing,random,false,20,kv_occupancy,0.18029946,0.0018585368
r-hetero,base,routing,random,false,20,rejected_rate,0,0
r-hetero,base,routing,random,false,20,failed_rate,0,0
r-hetero,base,routing,random,false,20,timed_out_rate,0,0
r-hetero,base,routing,random,false,20,unfinished_rate,0.18513015,0.0026063426
r-hetero,base,routing,random,false,20,retries,0,0
r-hetero,base,routing,random,false,20,preemptions,1247.85,38.454987
r-hetero,base,routing,random,false,20,scale_actions,0,0
r-hetero,base,routing,random,false,20,router_q_p95,0,0
r-hetero,base,routing,random,false,20,replica_q_p95,244.24965,4.6510232
r-hetero,base,routing,round_robin,false,20,J,126.6069,1.6399585
r-hetero,base,routing,round_robin,false,20,violation_rate,0.33355474,0.00028211561
r-hetero,base,routing,round_robin,false,20,goodput,27.582955,0.057333616
r-hetero,base,routing,round_robin,false,20,ttft_p95,244.82788,3.2719363
r-hetero,base,routing,round_robin,false,20,ttft_p99,337.07051,3.2593844
r-hetero,base,routing,round_robin,false,20,tpot_p95,0.15251887,0.0010539996
r-hetero,base,routing,round_robin,false,20,e2e_p95,278.93588,3.1021413
r-hetero,base,routing,round_robin,false,20,gpu_hours,1.1,0
r-hetero,base,routing,round_robin,false,20,utilization,0.96724023,0.00065216848
r-hetero,base,routing,round_robin,false,20,kv_occupancy,0.17990355,0.0017386495
r-hetero,base,routing,round_robin,false,20,rejected_rate,0,0
r-hetero,base,routing,round_robin,false,20,failed_rate,0,0
r-hetero,base,routing,round_robin,false,20,timed_out_rate,0,0
r-hetero,base,routing,round_robin,false,20,unfinished_rate,0.18309606,0.0017338446
r-hetero,base,routing,round_robin,false,20,retries,0,0
r-hetero,base,routing,round_robin,false,20,preemptions,1197.15,36.770465
r-hetero,base,routing,round_robin,false,20,scale_actions,0,0
r-hetero,base,routing,round_robin,false,20,router_q_p95,0,0
r-hetero,base,routing,round_robin,false,20,replica_q_p95,244.41922,3.2848659
r-hetero,base,routing,least_outstanding,false,20,J,2.1902186,0.016646219
r-hetero,base,routing,least_outstanding,false,20,violation_rate,0.021445552,0.0020647935
r-hetero,base,routing,least_outstanding,false,20,goodput,40.500379,0.10123056
r-hetero,base,routing,least_outstanding,false,20,ttft_p95,0.3243166,0.0033102347
r-hetero,base,routing,least_outstanding,false,20,ttft_p99,0.64893033,0.01560906
r-hetero,base,routing,least_outstanding,false,20,tpot_p95,0.092083254,0.00055964547
r-hetero,base,routing,least_outstanding,false,20,e2e_p95,34.176817,0.25531834
r-hetero,base,routing,least_outstanding,false,20,gpu_hours,1.1,0
r-hetero,base,routing,least_outstanding,false,20,utilization,0.96729843,0.00065282185
r-hetero,base,routing,least_outstanding,false,20,kv_occupancy,0.15622573,0.001652696
r-hetero,base,routing,least_outstanding,false,20,rejected_rate,0,0
r-hetero,base,routing,least_outstanding,false,20,failed_rate,0,0
r-hetero,base,routing,least_outstanding,false,20,timed_out_rate,0,0
r-hetero,base,routing,least_outstanding,false,20,unfinished_rate,0.00020319346,3.9955352e-05
r-hetero,base,routing,least_outstanding,false,20,retries,0,0
r-hetero,base,routing,least_outstanding,false,20,preemptions,0.5,1.046512
r-hetero,base,routing,least_outstanding,false,20,scale_actions,0,0
r-hetero,base,routing,least_outstanding,false,20,router_q_p95,0,0
r-hetero,base,routing,least_outstanding,false,20,replica_q_p95,0.10217034,0.0017616364
r-hetero,base,routing,power_of_two,false,20,J,2.365146,0.022353105
r-hetero,base,routing,power_of_two,false,20,violation_rate,0.040894163,0.0029910903
r-hetero,base,routing,power_of_two,false,20,goodput,39.695606,0.14567118
r-hetero,base,routing,power_of_two,false,20,ttft_p95,0.36239212,0.0043251472
r-hetero,base,routing,power_of_two,false,20,ttft_p99,0.74219484,0.014133705
r-hetero,base,routing,power_of_two,false,20,tpot_p95,0.097947916,0.00063215287
r-hetero,base,routing,power_of_two,false,20,e2e_p95,35.583372,0.35159854
r-hetero,base,routing,power_of_two,false,20,gpu_hours,1.1,0
r-hetero,base,routing,power_of_two,false,20,utilization,0.96700991,0.00076834571
r-hetero,base,routing,power_of_two,false,20,kv_occupancy,0.16138489,0.001448269
r-hetero,base,routing,power_of_two,false,20,rejected_rate,0,0
r-hetero,base,routing,power_of_two,false,20,failed_rate,0,0
r-hetero,base,routing,power_of_two,false,20,timed_out_rate,0,0
r-hetero,base,routing,power_of_two,false,20,unfinished_rate,0.00023601775,4.6165629e-05
r-hetero,base,routing,power_of_two,false,20,retries,0,0
r-hetero,base,routing,power_of_two,false,20,preemptions,0,0
r-hetero,base,routing,power_of_two,false,20,scale_actions,0,0
r-hetero,base,routing,power_of_two,false,20,router_q_p95,0,0
r-hetero,base,routing,power_of_two,false,20,replica_q_p95,0.11719322,0.0013331309
r-hetero,base,routing,latency_aware,false,20,J,1.6579649,0.0060080034
r-hetero,base,routing,latency_aware,false,20,violation_rate,0.00062792618,0.00010814119
r-hetero,base,routing,latency_aware,false,20,goodput,41.362197,0.085219544
r-hetero,base,routing,latency_aware,false,20,ttft_p95,0.21965377,0.0022766463
r-hetero,base,routing,latency_aware,false,20,ttft_p99,0.45996698,0.0067743406
r-hetero,base,routing,latency_aware,false,20,tpot_p95,0.054499841,0.00049069088
r-hetero,base,routing,latency_aware,false,20,e2e_p95,27.078655,0.29602483
r-hetero,base,routing,latency_aware,false,20,gpu_hours,1.1,0
r-hetero,base,routing,latency_aware,false,20,utilization,0.96215071,0.0015717171
r-hetero,base,routing,latency_aware,false,20,kv_occupancy,0.12843669,0.0012598248
r-hetero,base,routing,latency_aware,false,20,rejected_rate,0,0
r-hetero,base,routing,latency_aware,false,20,failed_rate,0,0
r-hetero,base,routing,latency_aware,false,20,timed_out_rate,0,0
r-hetero,base,routing,latency_aware,false,20,unfinished_rate,3.4848123e-05,1.8024865e-05
r-hetero,base,routing,latency_aware,false,20,retries,0,0
r-hetero,base,routing,latency_aware,false,20,preemptions,0,0
r-hetero,base,routing,latency_aware,false,20,scale_actions,0,0
r-hetero,base,routing,latency_aware,false,20,router_q_p95,0,0
r-hetero,base,routing,latency_aware,false,20,replica_q_p95,0.067871114,0.00119196
r-hetero,base,routing,queue_aware,false,20,J,3.4304581,0.019296249
r-hetero,base,routing,queue_aware,false,20,violation_rate,0.087884049,0.0011245978
r-hetero,base,routing,queue_aware,false,20,goodput,37.750682,0.075582894
r-hetero,base,routing,queue_aware,false,20,ttft_p95,2.366436,0.028296112
r-hetero,base,routing,queue_aware,false,20,ttft_p99,4.5916351,0.067950054
r-hetero,base,routing,queue_aware,false,20,tpot_p95,0.080781985,0.00055772139
r-hetero,base,routing,queue_aware,false,20,e2e_p95,30.914091,0.21990122
r-hetero,base,routing,queue_aware,false,20,gpu_hours,1.1,0
r-hetero,base,routing,queue_aware,false,20,utilization,0.96198565,0.0023795783
r-hetero,base,routing,queue_aware,false,20,kv_occupancy,0.14166433,0.0012775748
r-hetero,base,routing,queue_aware,false,20,rejected_rate,0,0
r-hetero,base,routing,queue_aware,false,20,failed_rate,0,0
r-hetero,base,routing,queue_aware,false,20,timed_out_rate,0,0
r-hetero,base,routing,queue_aware,false,20,unfinished_rate,6.4067711e-05,2.2825317e-05
r-hetero,base,routing,queue_aware,false,20,retries,0,0
r-hetero,base,routing,queue_aware,false,20,preemptions,0,0
r-hetero,base,routing,queue_aware,false,20,scale_actions,0,0
r-hetero,base,routing,queue_aware,false,20,router_q_p95,0,0
r-hetero,base,routing,queue_aware,false,20,replica_q_p95,1.8571715,0.024569866
r-hetero,base,routing,queue_aware_corrected,false,20,J,2.0922044,0.0083628083
r-hetero,base,routing,queue_aware_corrected,false,20,violation_rate,0.010131146,0.0007030966
r-hetero,base,routing,queue_aware_corrected,false,20,goodput,40.968788,0.079288691
r-hetero,base,routing,queue_aware_corrected,false,20,ttft_p95,0.36551679,0.0047988207
r-hetero,base,routing,queue_aware_corrected,false,20,ttft_p99,0.74626469,0.01143226
r-hetero,base,routing,queue_aware_corrected,false,20,tpot_p95,0.085879031,0.00040384879
r-hetero,base,routing,queue_aware_corrected,false,20,e2e_p95,37.667544,0.2423167
r-hetero,base,routing,queue_aware_corrected,false,20,gpu_hours,1.1,0
r-hetero,base,routing,queue_aware_corrected,false,20,utilization,0.96895869,0.00070744465
r-hetero,base,routing,queue_aware_corrected,false,20,kv_occupancy,0.17019837,0.001482543
r-hetero,base,routing,queue_aware_corrected,false,20,rejected_rate,0,0
r-hetero,base,routing,queue_aware_corrected,false,20,failed_rate,0,0
r-hetero,base,routing,queue_aware_corrected,false,20,timed_out_rate,0,0
r-hetero,base,routing,queue_aware_corrected,false,20,unfinished_rate,0.00014472843,4.6846238e-05
r-hetero,base,routing,queue_aware_corrected,false,20,retries,0,0
r-hetero,base,routing,queue_aware_corrected,false,20,preemptions,0,0
r-hetero,base,routing,queue_aware_corrected,false,20,scale_actions,0,0
r-hetero,base,routing,queue_aware_corrected,false,20,router_q_p95,0,0
r-hetero,base,routing,queue_aware_corrected,false,20,replica_q_p95,0.12505163,0.0017177202
r-hetero,base,routing,capacity_weighted,false,20,J,2.5607831,0.25965741
r-hetero,base,routing,capacity_weighted,false,20,violation_rate,0.054312036,0.013488096
r-hetero,base,routing,capacity_weighted,false,20,goodput,39.140076,0.5596429
r-hetero,base,routing,capacity_weighted,false,20,ttft_p95,0.62663082,0.38275323
r-hetero,base,routing,capacity_weighted,false,20,ttft_p99,4.4062586,2.8356676
r-hetero,base,routing,capacity_weighted,false,20,tpot_p95,0.097590754,0.0036655714
r-hetero,base,routing,capacity_weighted,false,20,e2e_p95,36.688357,1.1079538
r-hetero,base,routing,capacity_weighted,false,20,gpu_hours,1.1,0
r-hetero,base,routing,capacity_weighted,false,20,utilization,0.96762194,0.001247373
r-hetero,base,routing,capacity_weighted,false,20,kv_occupancy,0.16567793,0.0041696424
r-hetero,base,routing,capacity_weighted,false,20,rejected_rate,0,0
r-hetero,base,routing,capacity_weighted,false,20,failed_rate,0,0
r-hetero,base,routing,capacity_weighted,false,20,timed_out_rate,0,0
r-hetero,base,routing,capacity_weighted,false,20,unfinished_rate,0.00030392753,8.7860232e-05
r-hetero,base,routing,capacity_weighted,false,20,retries,0,0
r-hetero,base,routing,capacity_weighted,false,20,preemptions,81.55,52.904148
r-hetero,base,routing,capacity_weighted,false,20,scale_actions,0,0
r-hetero,base,routing,capacity_weighted,false,20,router_q_p95,0,0
r-hetero,base,routing,capacity_weighted,false,20,replica_q_p95,0.39925121,0.38922408
r-hetero,base,routing,oracle_jsq,true,20,J,1.5285587,0.003781279
r-hetero,base,routing,oracle_jsq,true,20,violation_rate,7.1336603e-05,2.5106176e-05
r-hetero,base,routing,oracle_jsq,true,20,goodput,41.385227,0.084483268
r-hetero,base,routing,oracle_jsq,true,20,ttft_p95,0.13913041,0.00076588066
r-hetero,base,routing,oracle_jsq,true,20,ttft_p99,0.19791931,0.0024739666
r-hetero,base,routing,oracle_jsq,true,20,tpot_p95,0.04586368,0.00034875745
r-hetero,base,routing,oracle_jsq,true,20,e2e_p95,26.899155,0.28376781
r-hetero,base,routing,oracle_jsq,true,20,gpu_hours,1.1,0
r-hetero,base,routing,oracle_jsq,true,20,utilization,0.9631388,0.0012892706
r-hetero,base,routing,oracle_jsq,true,20,kv_occupancy,0.1249217,0.0011861493
r-hetero,base,routing,oracle_jsq,true,20,rejected_rate,0,0
r-hetero,base,routing,oracle_jsq,true,20,failed_rate,0,0
r-hetero,base,routing,oracle_jsq,true,20,timed_out_rate,0,0
r-hetero,base,routing,oracle_jsq,true,20,unfinished_rate,3.1069802e-05,1.4937174e-05
r-hetero,base,routing,oracle_jsq,true,20,retries,0,0
r-hetero,base,routing,oracle_jsq,true,20,preemptions,0,0
r-hetero,base,routing,oracle_jsq,true,20,scale_actions,0,0
r-hetero,base,routing,oracle_jsq,true,20,router_q_p95,0,0
r-hetero,base,routing,oracle_jsq,true,20,replica_q_p95,0.045193931,0.00041599508
r-crash,base,routing,random,false,20,J,1.3404695,0.0048160177
r-crash,base,routing,random,false,20,violation_rate,0.002349149,0.00047672288
r-crash,base,routing,random,false,20,goodput,43.191061,0.08629701
r-crash,base,routing,random,false,20,ttft_p95,0.11428203,0.0034121932
r-crash,base,routing,random,false,20,ttft_p99,0.2971978,0.1424584
r-crash,base,routing,random,false,20,tpot_p95,0.027158271,0.00028268913
r-crash,base,routing,random,false,20,e2e_p95,19.009813,0.1723078
r-crash,base,routing,random,false,20,gpu_hours,0.73333333,1.5992962e-16
r-crash,base,routing,random,false,20,utilization,0.93961265,0.001049891
r-crash,base,routing,random,false,20,kv_occupancy,0.10886774,0.00089596558
r-crash,base,routing,random,false,20,rejected_rate,0,0
r-crash,base,routing,random,false,20,failed_rate,0.0021086347,0.0001584673
r-crash,base,routing,random,false,20,timed_out_rate,0,0
r-crash,base,routing,random,false,20,unfinished_rate,0,0
r-crash,base,routing,random,false,20,retries,14.1,1.3908439
r-crash,base,routing,random,false,20,preemptions,0,0
r-crash,base,routing,random,false,20,scale_actions,1,0
r-crash,base,routing,random,false,20,router_q_p95,0,0
r-crash,base,routing,random,false,20,replica_q_p95,0.042466119,0.0017558702
r-crash,base,routing,round_robin,false,20,J,1.3199281,0.0033671316
r-crash,base,routing,round_robin,false,20,violation_rate,0.0021300194,0.00014272373
r-crash,base,routing,round_robin,false,20,goodput,43.200606,0.090724259
r-crash,base,routing,round_robin,false,20,ttft_p95,0.082407373,0.0013166467
r-crash,base,routing,round_robin,false,20,ttft_p99,0.17414791,0.016790779
r-crash,base,routing,round_robin,false,20,tpot_p95,0.026807436,0.00028923568
r-crash,base,routing,round_robin,false,20,e2e_p95,18.955505,0.16781228
r-crash,base,routing,round_robin,false,20,gpu_hours,0.73333333,1.5992962e-16
r-crash,base,routing,round_robin,false,20,utilization,0.93952633,0.001383364
r-crash,base,routing,round_robin,false,20,kv_occupancy,0.10855331,0.00088613997
r-crash,base,routing,round_robin,false,20,rejected_rate,0,0
r-crash,base,routing,round_robin,false,20,failed_rate,0.0021300194,0.00014272373
r-crash,base,routing,round_robin,false,20,timed_out_rate,0,0
r-crash,base,routing,round_robin,false,20,unfinished_rate,0,0
r-crash,base,routing,round_robin,false,20,retries,13.25,0.89671519
r-crash,base,routing,round_robin,false,20,preemptions,0,0
r-crash,base,routing,round_robin,false,20,scale_actions,1,0
r-crash,base,routing,round_robin,false,20,router_q_p95,0,0
r-crash,base,routing,round_robin,false,20,replica_q_p95,0.023599689,0.00069467834
r-crash,base,routing,least_outstanding,false,20,J,1.3227619,0.0029120286
r-crash,base,routing,least_outstanding,false,20,violation_rate,0.0020300052,9.9423086e-05
r-crash,base,routing,least_outstanding,false,20,goodput,43.204924,0.089325061
r-crash,base,routing,least_outstanding,false,20,ttft_p95,0.096589148,0.00071171976
r-crash,base,routing,least_outstanding,false,20,ttft_p99,0.17462502,0.0023729705
r-crash,base,routing,least_outstanding,false,20,tpot_p95,0.026431725,0.00029325604
r-crash,base,routing,least_outstanding,false,20,e2e_p95,18.758106,0.16619883
r-crash,base,routing,least_outstanding,false,20,gpu_hours,0.73333333,1.5992962e-16
r-crash,base,routing,least_outstanding,false,20,utilization,0.93947447,0.0012410509
r-crash,base,routing,least_outstanding,false,20,kv_occupancy,0.10756912,0.000886235
r-crash,base,routing,least_outstanding,false,20,rejected_rate,0,0
r-crash,base,routing,least_outstanding,false,20,failed_rate,0.0020300052,9.9423086e-05
r-crash,base,routing,least_outstanding,false,20,timed_out_rate,0,0
r-crash,base,routing,least_outstanding,false,20,unfinished_rate,0,0
r-crash,base,routing,least_outstanding,false,20,retries,49.6,2.8985888
r-crash,base,routing,least_outstanding,false,20,preemptions,0,0
r-crash,base,routing,least_outstanding,false,20,scale_actions,1,0
r-crash,base,routing,least_outstanding,false,20,router_q_p95,0,0
r-crash,base,routing,least_outstanding,false,20,replica_q_p95,0.03593212,0.00024994463
r-crash,base,routing,power_of_two,false,20,J,1.3249033,0.0030127405
r-crash,base,routing,power_of_two,false,20,violation_rate,0.0020212767,9.7346146e-05
r-crash,base,routing,power_of_two,false,20,goodput,43.205303,0.089422965
r-crash,base,routing,power_of_two,false,20,ttft_p95,0.10153052,0.0010693391
r-crash,base,routing,power_of_two,false,20,ttft_p99,0.17428814,0.0019922442
r-crash,base,routing,power_of_two,false,20,tpot_p95,0.026403162,0.00029348375
r-crash,base,routing,power_of_two,false,20,e2e_p95,18.779917,0.17997945
r-crash,base,routing,power_of_two,false,20,gpu_hours,0.73333333,1.5992962e-16
r-crash,base,routing,power_of_two,false,20,utilization,0.93927508,0.0012851656
r-crash,base,routing,power_of_two,false,20,kv_occupancy,0.10758948,0.00090403109
r-crash,base,routing,power_of_two,false,20,rejected_rate,0,0
r-crash,base,routing,power_of_two,false,20,failed_rate,0.0020212767,9.7346146e-05
r-crash,base,routing,power_of_two,false,20,timed_out_rate,0,0
r-crash,base,routing,power_of_two,false,20,unfinished_rate,0,0
r-crash,base,routing,power_of_two,false,20,retries,25,3.2708182
r-crash,base,routing,power_of_two,false,20,preemptions,0,0
r-crash,base,routing,power_of_two,false,20,scale_actions,1,0
r-crash,base,routing,power_of_two,false,20,router_q_p95,0,0
r-crash,base,routing,power_of_two,false,20,replica_q_p95,0.037304891,0.00030105673
r-crash,base,routing,latency_aware,false,20,J,1.3324374,0.0035354727
r-crash,base,routing,latency_aware,false,20,violation_rate,0.002012324,0.00016394205
r-crash,base,routing,latency_aware,false,20,goodput,43.205682,0.088625469
r-crash,base,routing,latency_aware,false,20,ttft_p95,0.10439093,0.0020469671
r-crash,base,routing,latency_aware,false,20,ttft_p99,0.192035,0.0095081531
r-crash,base,routing,latency_aware,false,20,tpot_p95,0.027018036,0.00026425702
r-crash,base,routing,latency_aware,false,20,e2e_p95,18.925772,0.17476367
r-crash,base,routing,latency_aware,false,20,gpu_hours,0.73333333,1.5992962e-16
r-crash,base,routing,latency_aware,false,20,utilization,0.93941165,0.0011430848
r-crash,base,routing,latency_aware,false,20,kv_occupancy,0.10805467,0.00087430826
r-crash,base,routing,latency_aware,false,20,rejected_rate,0,0
r-crash,base,routing,latency_aware,false,20,failed_rate,0.002012324,0.00016394205
r-crash,base,routing,latency_aware,false,20,timed_out_rate,0,0
r-crash,base,routing,latency_aware,false,20,unfinished_rate,0,0
r-crash,base,routing,latency_aware,false,20,retries,50.6,3.0535356
r-crash,base,routing,latency_aware,false,20,preemptions,0,0
r-crash,base,routing,latency_aware,false,20,scale_actions,1,0
r-crash,base,routing,latency_aware,false,20,router_q_p95,0,0
r-crash,base,routing,latency_aware,false,20,replica_q_p95,0.039024928,0.00081220696
r-crash,base,routing,queue_aware,false,20,J,1.5216907,0.0038351838
r-crash,base,routing,queue_aware,false,20,violation_rate,0.0022788732,0.00028457367
r-crash,base,routing,queue_aware,false,20,goodput,43.194167,0.09184275
r-crash,base,routing,queue_aware,false,20,ttft_p95,0.30105387,0.0061923202
r-crash,base,routing,queue_aware,false,20,ttft_p99,0.48768925,0.038007019
r-crash,base,routing,queue_aware,false,20,tpot_p95,0.035976943,0.00021371062
r-crash,base,routing,queue_aware,false,20,e2e_p95,18.935961,0.1781432
r-crash,base,routing,queue_aware,false,20,gpu_hours,0.73333333,1.5992962e-16
r-crash,base,routing,queue_aware,false,20,utilization,0.93729016,0.0013052355
r-crash,base,routing,queue_aware,false,20,kv_occupancy,0.10864382,0.00088993425
r-crash,base,routing,queue_aware,false,20,rejected_rate,0,0
r-crash,base,routing,queue_aware,false,20,failed_rate,0.002145997,0.00028827259
r-crash,base,routing,queue_aware,false,20,timed_out_rate,0,0
r-crash,base,routing,queue_aware,false,20,unfinished_rate,0,0
r-crash,base,routing,queue_aware,false,20,retries,26.25,12.792682
r-crash,base,routing,queue_aware,false,20,preemptions,0,0
r-crash,base,routing,queue_aware,false,20,scale_actions,1,0
r-crash,base,routing,queue_aware,false,20,router_q_p95,0,0
r-crash,base,routing,queue_aware,false,20,replica_q_p95,0.20229022,0.0066533955
r-crash,base,routing,queue_aware_corrected,false,20,J,1.3160674,0.0028777695
r-crash,base,routing,queue_aware_corrected,false,20,violation_rate,0.0020387845,0.00012032415
r-crash,base,routing,queue_aware_corrected,false,20,goodput,43.204545,0.089512743
r-crash,base,routing,queue_aware_corrected,false,20,ttft_p95,0.081673859,0.00056165342
r-crash,base,routing,queue_aware_corrected,false,20,ttft_p99,0.1562445,0.0014757387
r-crash,base,routing,queue_aware_corrected,false,20,tpot_p95,0.026503654,0.00028548646
r-crash,base,routing,queue_aware_corrected,false,20,e2e_p95,18.855484,0.17234068
r-crash,base,routing,queue_aware_corrected,false,20,gpu_hours,0.73333333,1.5992962e-16
r-crash,base,routing,queue_aware_corrected,false,20,utilization,0.93971849,0.0013384474
r-crash,base,routing,queue_aware_corrected,false,20,kv_occupancy,0.10804385,0.00090483585
r-crash,base,routing,queue_aware_corrected,false,20,rejected_rate,0,0
r-crash,base,routing,queue_aware_corrected,false,20,failed_rate,0.0020387845,0.00012032415
r-crash,base,routing,queue_aware_corrected,false,20,timed_out_rate,0,0
r-crash,base,routing,queue_aware_corrected,false,20,unfinished_rate,0,0
r-crash,base,routing,queue_aware_corrected,false,20,retries,4.8,0.79772272
r-crash,base,routing,queue_aware_corrected,false,20,preemptions,0,0
r-crash,base,routing,queue_aware_corrected,false,20,scale_actions,1,0
r-crash,base,routing,queue_aware_corrected,false,20,router_q_p95,0,0
r-crash,base,routing,queue_aware_corrected,false,20,replica_q_p95,0.023968097,0.00027870347
r-crash,base,routing,capacity_weighted,false,20,J,1.6644953,0.21982887
r-crash,base,routing,capacity_weighted,false,20,violation_rate,0.016843216,0.008851431
r-crash,base,routing,capacity_weighted,false,20,goodput,42.563636,0.3941788
r-crash,base,routing,capacity_weighted,false,20,ttft_p95,0.57170523,0.35561447
r-crash,base,routing,capacity_weighted,false,20,ttft_p99,2.0638768,0.72967074
r-crash,base,routing,capacity_weighted,false,20,tpot_p95,0.029442659,0.00031075847
r-crash,base,routing,capacity_weighted,false,20,e2e_p95,19.776306,0.18156711
r-crash,base,routing,capacity_weighted,false,20,gpu_hours,0.73333333,1.5992962e-16
r-crash,base,routing,capacity_weighted,false,20,utilization,0.93984924,0.0010932761
r-crash,base,routing,capacity_weighted,false,20,kv_occupancy,0.11230616,0.00093432366
r-crash,base,routing,capacity_weighted,false,20,rejected_rate,0,0
r-crash,base,routing,capacity_weighted,false,20,failed_rate,0.0021322243,0.00031287113
r-crash,base,routing,capacity_weighted,false,20,timed_out_rate,0,0
r-crash,base,routing,capacity_weighted,false,20,unfinished_rate,0,0
r-crash,base,routing,capacity_weighted,false,20,retries,13.1,1.1250805
r-crash,base,routing,capacity_weighted,false,20,preemptions,0,0
r-crash,base,routing,capacity_weighted,false,20,scale_actions,1,0
r-crash,base,routing,capacity_weighted,false,20,router_q_p95,0,0
r-crash,base,routing,capacity_weighted,false,20,replica_q_p95,0.50152848,0.36116631
r-crash,base,routing,oracle_jsq,true,20,J,1.3290562,0.0028797154
r-crash,base,routing,oracle_jsq,true,20,violation_rate,0.0020406455,0.00015156094
r-crash,base,routing,oracle_jsq,true,20,goodput,43.20447,0.09014308
r-crash,base,routing,oracle_jsq,true,20,ttft_p95,0.089730827,0.00078268808
r-crash,base,routing,oracle_jsq,true,20,ttft_p99,0.15891144,0.0059359566
r-crash,base,routing,oracle_jsq,true,20,tpot_p95,0.027398753,0.00023727703
r-crash,base,routing,oracle_jsq,true,20,e2e_p95,18.861679,0.17409564
r-crash,base,routing,oracle_jsq,true,20,gpu_hours,0.73333333,1.5992962e-16
r-crash,base,routing,oracle_jsq,true,20,utilization,0.93992223,0.0014522371
r-crash,base,routing,oracle_jsq,true,20,kv_occupancy,0.10836535,0.00089161508
r-crash,base,routing,oracle_jsq,true,20,rejected_rate,0,0
r-crash,base,routing,oracle_jsq,true,20,failed_rate,0.0020406455,0.00015156094
r-crash,base,routing,oracle_jsq,true,20,timed_out_rate,0,0
r-crash,base,routing,oracle_jsq,true,20,unfinished_rate,0,0
r-crash,base,routing,oracle_jsq,true,20,retries,0.55,0.35529532
r-crash,base,routing,oracle_jsq,true,20,preemptions,0,0
r-crash,base,routing,oracle_jsq,true,20,scale_actions,1,0
r-crash,base,routing,oracle_jsq,true,20,router_q_p95,0,0
r-crash,base,routing,oracle_jsq,true,20,replica_q_p95,0.03100418,0.00042073058
s-diurnal-short,base,scaling,static_min,false,20,J,580.07563,0.9381251
s-diurnal-short,base,scaling,static_min,false,20,violation_rate,0.98477244,0.0010123474
s-diurnal-short,base,scaling,static_min,false,20,goodput,1.053871,0.070159338
s-diurnal-short,base,scaling,static_min,false,20,ttft_p95,1149.5162,1.8757785
s-diurnal-short,base,scaling,static_min,false,20,ttft_p99,1210.8701,1.1681971
s-diurnal-short,base,scaling,static_min,false,20,tpot_p95,0.032943549,7.0777171e-05
s-diurnal-short,base,scaling,static_min,false,20,e2e_p95,1156.6364,1.9140764
s-diurnal-short,base,scaling,static_min,false,20,gpu_hours,0.53112258,0.0012481206
s-diurnal-short,base,scaling,static_min,false,20,utilization,0.99939429,0.00016321409
s-diurnal-short,base,scaling,static_min,false,20,kv_occupancy,0.2297026,0.00082924661
s-diurnal-short,base,scaling,static_min,false,20,rejected_rate,0,0
s-diurnal-short,base,scaling,static_min,false,20,failed_rate,0,0
s-diurnal-short,base,scaling,static_min,false,20,timed_out_rate,0,0
s-diurnal-short,base,scaling,static_min,false,20,unfinished_rate,0.75498326,0.00086800011
s-diurnal-short,base,scaling,static_min,false,20,retries,0,0
s-diurnal-short,base,scaling,static_min,false,20,preemptions,0,0
s-diurnal-short,base,scaling,static_min,false,20,scale_actions,4,0
s-diurnal-short,base,scaling,static_min,false,20,router_q_p95,0,0
s-diurnal-short,base,scaling,static_min,false,20,replica_q_p95,1149.4691,1.8736167
s-diurnal-short,base,scaling,static_tuned,false,20,J,0.92213145,0.00039660502
s-diurnal-short,base,scaling,static_tuned,false,20,violation_rate,0,0
s-diurnal-short,base,scaling,static_tuned,false,20,goodput,69.207339,0.091028865
s-diurnal-short,base,scaling,static_tuned,false,20,ttft_p95,0.068167349,0.00011696723
s-diurnal-short,base,scaling,static_tuned,false,20,ttft_p99,0.13080737,0.00057479777
s-diurnal-short,base,scaling,static_tuned,false,20,tpot_p95,0.020155584,3.7502825e-05
s-diurnal-short,base,scaling,static_tuned,false,20,e2e_p95,15.209429,0.065304185
s-diurnal-short,base,scaling,static_tuned,false,20,gpu_hours,5.675,8.5295797e-16
s-diurnal-short,base,scaling,static_tuned,false,20,utilization,0.97108788,0.00043181801
s-diurnal-short,base,scaling,static_tuned,false,20,kv_occupancy,0.050269483,0.00021546533
s-diurnal-short,base,scaling,static_tuned,false,20,rejected_rate,0,0
s-diurnal-short,base,scaling,static_tuned,false,20,failed_rate,0,0
s-diurnal-short,base,scaling,static_tuned,false,20,timed_out_rate,0,0
s-diurnal-short,base,scaling,static_tuned,false,20,unfinished_rate,0,0
s-diurnal-short,base,scaling,static_tuned,false,20,retries,0,0
s-diurnal-short,base,scaling,static_tuned,false,20,preemptions,0,0
s-diurnal-short,base,scaling,static_tuned,false,20,scale_actions,6,0
s-diurnal-short,base,scaling,static_tuned,false,20,router_q_p95,0,0
s-diurnal-short,base,scaling,static_tuned,false,20,replica_q_p95,0.014600737,2.1693128e-05
s-diurnal-short,base,scaling,static_peak_oracle,true,20,J,0.87769613,0.00058060526
s-diurnal-short,base,scaling,static_peak_oracle,true,20,violation_rate,0,0
s-diurnal-short,base,scaling,static_peak_oracle,true,20,goodput,69.207339,0.091028865
s-diurnal-short,base,scaling,static_peak_oracle,true,20,ttft_p95,0.070346775,0.00014423939
s-diurnal-short,base,scaling,static_peak_oracle,true,20,ttft_p99,0.13626945,0.00058361934
s-diurnal-short,base,scaling,static_peak_oracle,true,20,tpot_p95,0.021836279,5.460484e-05
s-diurnal-short,base,scaling,static_peak_oracle,true,20,e2e_p95,16.111082,0.070320415
s-diurnal-short,base,scaling,static_peak_oracle,true,20,gpu_hours,5.1597222,8.5295797e-16
s-diurnal-short,base,scaling,static_peak_oracle,true,20,utilization,0.97147757,0.00048832245
s-diurnal-short,base,scaling,static_peak_oracle,true,20,kv_occupancy,0.058342928,0.00026145292
s-diurnal-short,base,scaling,static_peak_oracle,true,20,rejected_rate,0,0
s-diurnal-short,base,scaling,static_peak_oracle,true,20,failed_rate,0,0
s-diurnal-short,base,scaling,static_peak_oracle,true,20,timed_out_rate,0,0
s-diurnal-short,base,scaling,static_peak_oracle,true,20,unfinished_rate,0,0
s-diurnal-short,base,scaling,static_peak_oracle,true,20,retries,0,0
s-diurnal-short,base,scaling,static_peak_oracle,true,20,preemptions,0,0
s-diurnal-short,base,scaling,static_peak_oracle,true,20,scale_actions,5,0
s-diurnal-short,base,scaling,static_peak_oracle,true,20,router_q_p95,0,0
s-diurnal-short,base,scaling,static_peak_oracle,true,20,replica_q_p95,0.015648066,2.9490586e-05
s-diurnal-short,base,scaling,threshold_cooldown,false,20,J,0.96690721,0.0065838971
s-diurnal-short,base,scaling,threshold_cooldown,false,20,violation_rate,0,0
s-diurnal-short,base,scaling,threshold_cooldown,false,20,goodput,69.207339,0.091028865
s-diurnal-short,base,scaling,threshold_cooldown,false,20,ttft_p95,0.066709089,0.00017137705
s-diurnal-short,base,scaling,threshold_cooldown,false,20,ttft_p99,0.12651926,0.00056470772
s-diurnal-short,base,scaling,threshold_cooldown,false,20,tpot_p95,0.018704946,0.00011625534
s-diurnal-short,base,scaling,threshold_cooldown,false,20,e2e_p95,14.38898,0.072413627
s-diurnal-short,base,scaling,threshold_cooldown,false,20,gpu_hours,6.1710932,0.054152234
s-diurnal-short,base,scaling,threshold_cooldown,false,20,utilization,0.96629606,0.000516781
s-diurnal-short,base,scaling,threshold_cooldown,false,20,kv_occupancy,0.044845755,0.00048682552
s-diurnal-short,base,scaling,threshold_cooldown,false,20,rejected_rate,0,0
s-diurnal-short,base,scaling,threshold_cooldown,false,20,failed_rate,0,0
s-diurnal-short,base,scaling,threshold_cooldown,false,20,timed_out_rate,0,0
s-diurnal-short,base,scaling,threshold_cooldown,false,20,unfinished_rate,0,0
s-diurnal-short,base,scaling,threshold_cooldown,false,20,retries,0,0
s-diurnal-short,base,scaling,threshold_cooldown,false,20,preemptions,0,0
s-diurnal-short,base,scaling,threshold_cooldown,false,20,scale_actions,16.3,0.22004275
s-diurnal-short,base,scaling,threshold_cooldown,false,20,router_q_p95,0,0
s-diurnal-short,base,scaling,threshold_cooldown,false,20,replica_q_p95,0.013653667,3.2886418e-05
s-diurnal-short,base,scaling,target_tracking,false,20,J,1.0990233,0.0010899467
s-diurnal-short,base,scaling,target_tracking,false,20,violation_rate,0,0
s-diurnal-short,base,scaling,target_tracking,false,20,goodput,69.207339,0.091028865
s-diurnal-short,base,scaling,target_tracking,false,20,ttft_p95,0.063722121,9.9007986e-05
s-diurnal-short,base,scaling,target_tracking,false,20,ttft_p99,0.11963755,0.00040653631
s-diurnal-short,base,scaling,target_tracking,false,20,tpot_p95,0.016178324,2.0570928e-05
s-diurnal-short,base,scaling,target_tracking,false,20,e2e_p95,13.124802,0.05078133
s-diurnal-short,base,scaling,target_tracking,false,20,gpu_hours,7.4844664,0.0091518112
s-diurnal-short,base,scaling,target_tracking,false,20,utilization,0.97476786,0.00093134636
s-diurnal-short,base,scaling,target_tracking,false,20,kv_occupancy,0.033521184,0.00012172407
s-diurnal-short,base,scaling,target_tracking,false,20,rejected_rate,0,0
s-diurnal-short,base,scaling,target_tracking,false,20,failed_rate,0,0
s-diurnal-short,base,scaling,target_tracking,false,20,timed_out_rate,0,0
s-diurnal-short,base,scaling,target_tracking,false,20,unfinished_rate,0,0
s-diurnal-short,base,scaling,target_tracking,false,20,retries,0,0
s-diurnal-short,base,scaling,target_tracking,false,20,preemptions,0,0
s-diurnal-short,base,scaling,target_tracking,false,20,scale_actions,20.6,0.5126841
s-diurnal-short,base,scaling,target_tracking,false,20,router_q_p95,0,0
s-diurnal-short,base,scaling,target_tracking,false,20,replica_q_p95,0.012480603,9.1904849e-06
s-diurnal-short,base,scaling,slo_feedback,false,20,J,19.370575,1.4850737
s-diurnal-short,base,scaling,slo_feedback,false,20,violation_rate,0.31414687,0.0087245382
s-diurnal-short,base,scaling,slo_feedback,false,20,goodput,47.466129,0.60752521
s-diurnal-short,base,scaling,slo_feedback,false,20,ttft_p95,34.014559,3.011783
s-diurnal-short,base,scaling,slo_feedback,false,20,ttft_p99,54.860775,1.79199
s-diurnal-short,base,scaling,slo_feedback,false,20,tpot_p95,0.031747411,4.9174899e-05
s-diurnal-short,base,scaling,slo_feedback,false,20,e2e_p95,46.139107,1.8379384
s-diurnal-short,base,scaling,slo_feedback,false,20,gpu_hours,3.9273845,0.085591102
s-diurnal-short,base,scaling,slo_feedback,false,20,utilization,0.98025589,0.0080669644
s-diurnal-short,base,scaling,slo_feedback,false,20,kv_occupancy,0.12435851,0.0033969514
s-diurnal-short,base,scaling,slo_feedback,false,20,rejected_rate,0,0
s-diurnal-short,base,scaling,slo_feedback,false,20,failed_rate,0,0
s-diurnal-short,base,scaling,slo_feedback,false,20,timed_out_rate,0,0
s-diurnal-short,base,scaling,slo_feedback,false,20,unfinished_rate,0,0
s-diurnal-short,base,scaling,slo_feedback,false,20,retries,0,0
s-diurnal-short,base,scaling,slo_feedback,false,20,preemptions,0,0
s-diurnal-short,base,scaling,slo_feedback,false,20,scale_actions,64.8,2.0574712
s-diurnal-short,base,scaling,slo_feedback,false,20,router_q_p95,0,0
s-diurnal-short,base,scaling,slo_feedback,false,20,replica_q_p95,33.971045,3.0120523
s-diurnal-short,base,scaling,predictive,false,20,J,0.83600972,0.011882658
s-diurnal-short,base,scaling,predictive,false,20,violation_rate,0.0021615062,0.0019269223
s-diurnal-short,base,scaling,predictive,false,20,goodput,69.057742,0.16092433
s-diurnal-short,base,scaling,predictive,false,20,ttft_p95,0.069742014,0.0014554645
s-diurnal-short,base,scaling,predictive,false,20,ttft_p99,0.46594708,0.45493213
s-diurnal-short,base,scaling,predictive,false,20,tpot_p95,0.01825229,0.00018019646
s-diurnal-short,base,scaling,predictive,false,20,e2e_p95,14.681499,0.089921146
s-diurnal-short,base,scaling,predictive,false,20,gpu_hours,5.0245485,0.01461791
s-diurnal-short,base,scaling,predictive,false,20,utilization,0.99747059,0.00010709381
s-diurnal-short,base,scaling,predictive,false,20,kv_occupancy,0.060076448,0.00028350921
s-diurnal-short,base,scaling,predictive,false,20,rejected_rate,0,0
s-diurnal-short,base,scaling,predictive,false,20,failed_rate,0,0
s-diurnal-short,base,scaling,predictive,false,20,timed_out_rate,0,0
s-diurnal-short,base,scaling,predictive,false,20,unfinished_rate,0,0
s-diurnal-short,base,scaling,predictive,false,20,retries,0,0
s-diurnal-short,base,scaling,predictive,false,20,preemptions,0,0
s-diurnal-short,base,scaling,predictive,false,20,scale_actions,83,2.7247418
s-diurnal-short,base,scaling,predictive,false,20,router_q_p95,0,0
s-diurnal-short,base,scaling,predictive,false,20,replica_q_p95,0.013628934,5.7007676e-05
s-diurnal-long,base,scaling,static_min,false,20,J,576.19227,2.5780637
s-diurnal-long,base,scaling,static_min,false,20,violation_rate,0.97847481,0.001113268
s-diurnal-long,base,scaling,static_min,false,20,goodput,0.35763441,0.018565372
s-diurnal-long,base,scaling,static_min,false,20,ttft_p95,1141.0839,5.1532488
s-diurnal-long,base,scaling,static_min,false,20,ttft_p99,1208.7635,2.7653726
s-diurnal-long,base,scaling,static_min,false,20,tpot_p95,0.069388592,0.00033661846
s-diurnal-long,base,scaling,static_min,false,20,e2e_p95,1168.9418,4.4808649
s-diurnal-long,base,scaling,static_min,false,20,gpu_hours,0.52936042,0.002300879
s-diurnal-long,base,scaling,static_min,false,20,utilization,0.99716694,0.00076334574
s-diurnal-long,base,scaling,static_min,false,20,kv_occupancy,0.91194724,0.0049993681
s-diurnal-long,base,scaling,static_min,false,20,rejected_rate,0,0
s-diurnal-long,base,scaling,static_min,false,20,failed_rate,0,0
s-diurnal-long,base,scaling,static_min,false,20,timed_out_rate,0,0
s-diurnal-long,base,scaling,static_min,false,20,unfinished_rate,0.7650373,0.0017550198
s-diurnal-long,base,scaling,static_min,false,20,retries,0,0
s-diurnal-long,base,scaling,static_min,false,20,preemptions,494.4,28.50762
s-diurnal-long,base,scaling,static_min,false,20,scale_actions,4,0
s-diurnal-long,base,scaling,static_min,false,20,router_q_p95,0,0
s-diurnal-long,base,scaling,static_min,false,20,replica_q_p95,1140.8884,5.1455537
s-diurnal-long,base,scaling,static_tuned,false,20,J,1.0973908,0.0029798206
s-diurnal-long,base,scaling,static_tuned,false,20,violation_rate,0,0
s-diurnal-long,base,scaling,static_tuned,false,20,goodput,16.61414,0.042007451
s-diurnal-long,base,scaling,static_tuned,false,20,ttft_p95,0.29613382,0.0010415272
s-diurnal-long,base,scaling,static_tuned,false,20,ttft_p99,0.47332393,0.0045800401
s-diurnal-long,base,scaling,static_tuned,false,20,tpot_p95,0.0262832,0.0002719635
s-diurnal-long,base,scaling,static_tuned,false,20,e2e_p95,36.856513,0.37906895
s-diurnal-long,base,scaling,static_tuned,false,20,gpu_hours,5.675,8.5295797e-16
s-diurnal-long,base,scaling,static_tuned,false,20,utilization,0.96955329,0.0010676864
s-diurnal-long,base,scaling,static_tuned,false,20,kv_occupancy,0.1237994,0.00095706446
s-diurnal-long,base,scaling,static_tuned,false,20,rejected_rate,0,0
s-diurnal-long,base,scaling,static_tuned,false,20,failed_rate,0,0
s-diurnal-long,base,scaling,static_tuned,false,20,timed_out_rate,0,0
s-diurnal-long,base,scaling,static_tuned,false,20,unfinished_rate,0,0
s-diurnal-long,base,scaling,static_tuned,false,20,retries,0,0
s-diurnal-long,base,scaling,static_tuned,false,20,preemptions,0,0
s-diurnal-long,base,scaling,static_tuned,false,20,scale_actions,6,0
s-diurnal-long,base,scaling,static_tuned,false,20,router_q_p95,0,0
s-diurnal-long,base,scaling,static_tuned,false,20,replica_q_p95,0.017718945,0.00012058067
s-diurnal-long,base,scaling,static_peak_oracle,true,20,J,1.080437,0.0043693989
s-diurnal-long,base,scaling,static_peak_oracle,true,20,violation_rate,0,0
s-diurnal-long,base,scaling,static_peak_oracle,true,20,goodput,16.61414,0.042007451
s-diurnal-long,base,scaling,static_peak_oracle,true,20,ttft_p95,0.30999801,0.001510139
s-diurnal-long,base,scaling,static_peak_oracle,true,20,ttft_p99,0.49117528,0.0024891572
s-diurnal-long,base,scaling,static_peak_oracle,true,20,tpot_p95,0.030127803,0.00038775856
s-diurnal-long,base,scaling,static_peak_oracle,true,20,e2e_p95,40.717499,0.45930811
s-diurnal-long,base,scaling,static_peak_oracle,true,20,gpu_hours,5.1597222,8.5295797e-16
s-diurnal-long,base,scaling,static_peak_oracle,true,20,utilization,0.9707244,0.0010258768
s-diurnal-long,base,scaling,static_peak_oracle,true,20,kv_occupancy,0.14934137,0.0012961542
s-diurnal-long,base,scaling,static_peak_oracle,true,20,rejected_rate,0,0
s-diurnal-long,base,scaling,static_peak_oracle,true,20,failed_rate,0,0
s-diurnal-long,base,scaling,static_peak_oracle,true,20,timed_out_rate,0,0
s-diurnal-long,base,scaling,static_peak_oracle,true,20,unfinished_rate,0,0
s-diurnal-long,base,scaling,static_peak_oracle,true,20,retries,0,0
s-diurnal-long,base,scaling,static_peak_oracle,true,20,preemptions,0,0
s-diurnal-long,base,scaling,static_peak_oracle,true,20,scale_actions,5,0
s-diurnal-long,base,scaling,static_peak_oracle,true,20,router_q_p95,0,0
s-diurnal-long,base,scaling,static_peak_oracle,true,20,replica_q_p95,0.020774319,0.00028154501
s-diurnal-long,base,scaling,threshold_cooldown,false,20,J,1.1061993,0.014346188
s-diurnal-long,base,scaling,threshold_cooldown,false,20,violation_rate,0,0
s-diurnal-long,base,scaling,threshold_cooldown,false,20,goodput,16.61414,0.042007451
s-diurnal-long,base,scaling,threshold_cooldown,false,20,ttft_p95,0.32738079,0.003429899
s-diurnal-long,base,scaling,threshold_cooldown,false,20,ttft_p99,0.51512514,0.0062213501
s-diurnal-long,base,scaling,threshold_cooldown,false,20,tpot_p95,0.033966336,0.0010650825
s-diurnal-long,base,scaling,threshold_cooldown,false,20,e2e_p95,41.348953,0.50971239
s-diurnal-long,base,scaling,threshold_cooldown,false,20,gpu_hours,4.983523,0.078867511
s-diurnal-long,base,scaling,threshold_cooldown,false,20,utilization,0.96619356,0.00115914
s-diurnal-long,base,scaling,threshold_cooldown,false,20,kv_occupancy,0.16169539,0.0038394644
s-diurnal-long,base,scaling,threshold_cooldown,false,20,rejected_rate,0,0
s-diurnal-long,base,scaling,threshold_cooldown,false,20,failed_rate,0,0
s-diurnal-long,base,scaling,threshold_cooldown,false,20,timed_out_rate,0,0
s-diurnal-long,base,scaling,threshold_cooldown,false,20,unfinished_rate,0,0
s-diurnal-long,base,scaling,threshold_cooldown,false,20,retries,0,0
s-diurnal-long,base,scaling,threshold_cooldown,false,20,preemptions,0,0
s-diurnal-long,base,scaling,threshold_cooldown,false,20,scale_actions,13.8,0.28810359
s-diurnal-long,base,scaling,threshold_cooldown,false,20,router_q_p95,0,0
s-diurnal-long,base,scaling,threshold_cooldown,false,20,replica_q_p95,0.036751798,0.0025215652
s-diurnal-long,base,scaling,target_tracking,false,20,J,1.1440664,0.0073552062
s-diurnal-long,base,scaling,target_tracking,false,20,violation_rate,0.00010870271,0.00022751738
s-diurnal-long,base,scaling,target_tracking,false,20,goodput,16.612339,0.042620164
s-diurnal-long,base,scaling,target_tracking,false,20,ttft_p95,0.27826087,0.0012014221
s-diurnal-long,base,scaling,target_tracking,false,20,ttft_p99,0.44178829,0.0062866793
s-diurnal-long,base,scaling,target_tracking,false,20,tpot_p95,0.019014578,0.00010938566
s-diurnal-long,base,scaling,target_tracking,false,20,e2e_p95,29.98126,0.2730772
s-diurnal-long,base,scaling,target_tracking,false,20,gpu_hours,6.7311061,0.046065446
s-diurnal-long,base,scaling,target_tracking,false,20,utilization,0.9865079,0.00084897558
s-diurnal-long,base,scaling,target_tracking,false,20,kv_occupancy,0.08803829,0.00051770641
s-diurnal-long,base,scaling,target_tracking,false,20,rejected_rate,0,0
s-diurnal-long,base,scaling,target_tracking,false,20,failed_rate,0,0
s-diurnal-long,base,scaling,target_tracking,false,20,timed_out_rate,0,0
s-diurnal-long,base,scaling,target_tracking,false,20,unfinished_rate,0,0
s-diurnal-long,base,scaling,target_tracking,false,20,retries,0,0
s-diurnal-long,base,scaling,target_tracking,false,20,preemptions,0.3,0.62790722
s-diurnal-long,base,scaling,target_tracking,false,20,scale_actions,27.7,0.26734882
s-diurnal-long,base,scaling,target_tracking,false,20,router_q_p95,0,0
s-diurnal-long,base,scaling,target_tracking,false,20,replica_q_p95,0.013672854,4.323678e-05
s-diurnal-long,base,scaling,slo_feedback,false,20,J,19.440404,0.96845196
s-diurnal-long,base,scaling,slo_feedback,false,20,violation_rate,0.26715478,0.00759159
s-diurnal-long,base,scaling,slo_feedback,false,20,goodput,12.175672,0.13179924
s-diurnal-long,base,scaling,slo_feedback,false,20,ttft_p95,33.855554,1.8738778
s-diurnal-long,base,scaling,slo_feedback,false,20,ttft_p99,71.539829,5.6898334
s-diurnal-long,base,scaling,slo_feedback,false,20,tpot_p95,0.067113387,0.00041667225
s-diurnal-long,base,scaling,slo_feedback,false,20,e2e_p95,89.33093,2.621405
s-diurnal-long,base,scaling,slo_feedback,false,20,gpu_hours,4.180618,0.069002832
s-diurnal-long,base,scaling,slo_feedback,false,20,utilization,0.98161866,0.0042239931
s-diurnal-long,base,scaling,slo_feedback,false,20,kv_occupancy,0.3545093,0.0042831998
s-diurnal-long,base,scaling,slo_feedback,false,20,rejected_rate,0,0
s-diurnal-long,base,scaling,slo_feedback,false,20,failed_rate,0,0
s-diurnal-long,base,scaling,slo_feedback,false,20,timed_out_rate,0,0
s-diurnal-long,base,scaling,slo_feedback,false,20,unfinished_rate,0,0
s-diurnal-long,base,scaling,slo_feedback,false,20,retries,0,0
s-diurnal-long,base,scaling,slo_feedback,false,20,preemptions,478.1,29.951344
s-diurnal-long,base,scaling,slo_feedback,false,20,scale_actions,58.95,1.7143912
s-diurnal-long,base,scaling,slo_feedback,false,20,router_q_p95,0,0
s-diurnal-long,base,scaling,slo_feedback,false,20,replica_q_p95,33.642655,1.868782
s-diurnal-long,base,scaling,predictive,false,20,J,1.2114896,0.14863377
s-diurnal-long,base,scaling,predictive,false,20,violation_rate,0.0098666419,0.0062540108
s-diurnal-long,base,scaling,predictive,false,20,goodput,16.450081,0.10760722
s-diurnal-long,base,scaling,predictive,false,20,ttft_p95,0.48748557,0.18434071
s-diurnal-long,base,scaling,predictive,false,20,ttft_p99,9.9440398,11.124748
s-diurnal-long,base,scaling,predictive,false,20,tpot_p95,0.040693841,0.0025201888
s-diurnal-long,base,scaling,predictive,false,20,e2e_p95,50.10628,3.4032559
s-diurnal-long,base,scaling,predictive,false,20,gpu_hours,4.2281945,0.098592947
s-diurnal-long,base,scaling,predictive,false,20,utilization,0.99830549,0.00057128304
s-diurnal-long,base,scaling,predictive,false,20,kv_occupancy,0.27167322,0.0023111313
s-diurnal-long,base,scaling,predictive,false,20,rejected_rate,0,0
s-diurnal-long,base,scaling,predictive,false,20,failed_rate,0,0
s-diurnal-long,base,scaling,predictive,false,20,timed_out_rate,0,0
s-diurnal-long,base,scaling,predictive,false,20,unfinished_rate,3.22917e-05,3.8533845e-05
s-diurnal-long,base,scaling,predictive,false,20,retries,0,0
s-diurnal-long,base,scaling,predictive,false,20,preemptions,14.2,10.78156
s-diurnal-long,base,scaling,predictive,false,20,scale_actions,167.6,8.0897336
s-diurnal-long,base,scaling,predictive,false,20,router_q_p95,0,0
s-diurnal-long,base,scaling,predictive,false,20,replica_q_p95,0.19956446,0.19126156
s-bursty-short,base,scaling,static_min,false,20,J,654.93407,39.298094
s-bursty-short,base,scaling,static_min,false,20,violation_rate,0.99561096,0.00064221549
s-bursty-short,base,scaling,static_min,false,20,goodput,0.28540323,0.038081863
s-bursty-short,base,scaling,static_min,false,20,ttft_p95,1299.1208,78.597159
s-bursty-short,base,scaling,static_min,false,20,ttft_p99,1357.7435,79.247915
s-bursty-short,base,scaling,static_min,false,20,tpot_p95,0.033024247,7.5370605e-05
s-bursty-short,base,scaling,static_min,false,20,e2e_p95,1306.6928,78.552925
s-bursty-short,base,scaling,static_min,false,20,gpu_hours,0.54028652,0.0024950018
s-bursty-short,base,scaling,static_min,false,20,utilization,0.99977984,6.0031512e-05
s-bursty-short,base,scaling,static_min,false,20,kv_occupancy,0.23033282,0.00086044053
s-bursty-short,base,scaling,static_min,false,20,rejected_rate,0,0
s-bursty-short,base,scaling,static_min,false,20,failed_rate,0,0
s-bursty-short,base,scaling,static_min,false,20,timed_out_rate,0,0
s-bursty-short,base,scaling,static_min,false,20,unfinished_rate,0.73044185,0.026705127
s-bursty-short,base,scaling,static_min,false,20,retries,0,0
s-bursty-short,base,scaling,static_min,false,20,preemptions,0,0
s-bursty-short,base,scaling,static_min,false,20,scale_actions,4,0
s-bursty-short,base,scaling,static_min,false,20,router_q_p95,0,0
s-bursty-short,base,scaling,static_min,false,20,replica_q_p95,1299.0876,78.596358
s-bursty-short,base,scaling,static_tuned,false,20,J,3.2567955,2.0619261
s-bursty-short,base,scaling,static_tuned,false,20,violation_rate,0.032078103,0.023858258
s-bursty-short,base,scaling,static_tuned,false,20,goodput,64.107796,5.424439
s-bursty-short,base,scaling,static_tuned,false,20,ttft_p95,4.3160608,3.8744155
s-bursty-short,base,scaling,static_tuned,false,20,ttft_p99,12.562591,9.1648975
s-bursty-short,base,scaling,static_tuned,false,20,tpot_p95,0.025188268,0.0015856602
s-bursty-short,base,scaling,static_tuned,false,20,e2e_p95,20.443981,3.5887936
s-bursty-short,base,scaling,static_tuned,false,20,gpu_hours,5.675,8.5295797e-16
s-bursty-short,base,scaling,static_tuned,false,20,utilization,0.97592017,0.0012897912
s-bursty-short,base,scaling,static_tuned,false,20,kv_occupancy,0.053040058,0.0072558241
s-bursty-short,base,scaling,static_tuned,false,20,rejected_rate,0,0
s-bursty-short,base,scaling,static_tuned,false,20,failed_rate,0,0
s-bursty-short,base,scaling,static_tuned,false,20,timed_out_rate,0,0
s-bursty-short,base,scaling,static_tuned,false,20,unfinished_rate,0,0
s-bursty-short,base,scaling,static_tuned,false,20,retries,0,0
s-bursty-short,base,scaling,static_tuned,false,20,preemptions,0,0
s-bursty-short,base,scaling,static_tuned,false,20,scale_actions,6,0
s-bursty-short,base,scaling,static_tuned,false,20,router_q_p95,0,0
s-bursty-short,base,scaling,static_tuned,false,20,replica_q_p95,4.2633342,3.877511
s-bursty-short,base,scaling,static_peak_oracle,true,20,J,3.2567955,2.0619261
s-bursty-short,base,scaling,static_peak_oracle,true,20,violation_rate,0.032078103,0.023858258
s-bursty-short,base,scaling,static_peak_oracle,true,20,goodput,64.107796,5.424439
s-bursty-short,base,scaling,static_peak_oracle,true,20,ttft_p95,4.3160608,3.8744155
s-bursty-short,base,scaling,static_peak_oracle,true,20,ttft_p99,12.562591,9.1648975
s-bursty-short,base,scaling,static_peak_oracle,true,20,tpot_p95,0.025188268,0.0015856602
s-bursty-short,base,scaling,static_peak_oracle,true,20,e2e_p95,20.443981,3.5887936
s-bursty-short,base,scaling,static_peak_oracle,true,20,gpu_hours,5.675,8.5295797e-16
s-bursty-short,base,scaling,static_peak_oracle,true,20,utilization,0.97592017,0.0012897912
s-bursty-short,base,scaling,static_peak_oracle,true,20,kv_occupancy,0.053040058,0.0072558241
s-bursty-short,base,scaling,static_peak_oracle,true,20,rejected_rate,0,0
s-bursty-short,base,scaling,static_peak_oracle,true,20,failed_rate,0,0
s-bursty-short,base,scaling,static_peak_oracle,true,20,timed_out_rate,0,0
s-bursty-short,base,scaling,static_peak_oracle,true,20,unfinished_rate,0,0
s-bursty-short,base,scaling,static_peak_oracle,true,20,retries,0,0
s-bursty-short,base,scaling,static_peak_oracle,true,20,preemptions,0,0
s-bursty-short,base,scaling,static_peak_oracle,true,20,scale_actions,6,0
s-bursty-short,base,scaling,static_peak_oracle,true,20,router_q_p95,0,0
s-bursty-short,base,scaling,static_peak_oracle,true,20,replica_q_p95,4.2633342,3.877511
s-bursty-short,base,scaling,threshold_cooldown,false,20,J,15.713482,4.3426066
s-bursty-short,base,scaling,threshold_cooldown,false,20,violation_rate,0.1791357,0.047265309
s-bursty-short,base,scaling,threshold_cooldown,false,20,goodput,54.59957,5.9267266
s-bursty-short,base,scaling,threshold_cooldown,false,20,ttft_p95,27.482525,8.3050808
s-bursty-short,base,scaling,threshold_cooldown,false,20,ttft_p99,38.387408,8.1095584
s-bursty-short,base,scaling,threshold_cooldown,false,20,tpot_p95,0.030523208,0.00043343259
s-bursty-short,base,scaling,threshold_cooldown,false,20,e2e_p95,37.701386,6.9661144
s-bursty-short,base,scaling,threshold_cooldown,false,20,gpu_hours,6.3761523,0.35086299
s-bursty-short,base,scaling,threshold_cooldown,false,20,utilization,0.96976278,0.0024409399
s-bursty-short,base,scaling,threshold_cooldown,false,20,kv_occupancy,0.049030197,0.0046181671
s-bursty-short,base,scaling,threshold_cooldown,false,20,rejected_rate,0,0
s-bursty-short,base,scaling,threshold_cooldown,false,20,failed_rate,0,0
s-bursty-short,base,scaling,threshold_cooldown,false,20,timed_out_rate,0,0
s-bursty-short,base,scaling,threshold_cooldown,false,20,unfinished_rate,0,0
s-bursty-short,base,scaling,threshold_cooldown,false,20,retries,0,0
s-bursty-short,base,scaling,threshold_cooldown,false,20,preemptions,0,0
s-bursty-short,base,scaling,threshold_cooldown,false,20,scale_actions,14.05,1.2837324
s-bursty-short,base,scaling,threshold_cooldown,false,20,router_q_p95,0,0
s-bursty-short,base,scaling,threshold_cooldown,false,20,replica_q_p95,27.437779,8.3069974
s-bursty-short,base,scaling,target_tracking,false,20,J,4.1106922,2.1891619
s-bursty-short,base,scaling,target_tracking,false,20,violation_rate,0.029025152,0.016905463
s-bursty-short,base,scaling,target_tracking,false,20,goodput,64.474005,5.7508995
s-bursty-short,base,scaling,target_tracking,false,20,ttft_p95,5.5270375,4.1706385
s-bursty-short,base,scaling,target_tracking,false,20,ttft_p99,14.78278,9.2679421
s-bursty-short,base,scaling,target_tracking,false,20,tpot_p95,0.022339339,0.0027044576
s-bursty-short,base,scaling,target_tracking,false,20,e2e_p95,18.71227,3.581655
s-bursty-short,base,scaling,target_tracking,false,20,gpu_hours,8.0902083,0.050619683
s-bursty-short,base,scaling,target_tracking,false,20,utilization,0.9739798,0.0012085914
s-bursty-short,base,scaling,target_tracking,false,20,kv_occupancy,0.031699252,0.003820024
s-bursty-short,base,scaling,target_tracking,false,20,rejected_rate,0,0
s-bursty-short,base,scaling,target_tracking,false,20,failed_rate,0,0
s-bursty-short,base,scaling,target_tracking,false,20,timed_out_rate,0,0
s-bursty-short,base,scaling,target_tracking,false,20,unfinished_rate,0,0
s-bursty-short,base,scaling,target_tracking,false,20,retries,0,0
s-bursty-short,base,scaling,target_tracking,false,20,preemptions,0,0
s-bursty-short,base,scaling,target_tracking,false,20,scale_actions,11,0
s-bursty-short,base,scaling,target_tracking,false,20,router_q_p95,0,0
s-bursty-short,base,scaling,target_tracking,false,20,replica_q_p95,5.4732158,4.1744615
s-bursty-short,base,scaling,slo_feedback,false,20,J,54.123215,13.46162
s-bursty-short,base,scaling,slo_feedback,false,20,violation_rate,0.37326267,0.05048215
s-bursty-short,base,scaling,slo_feedback,false,20,goodput,41.823952,5.1384191
s-bursty-short,base,scaling,slo_feedback,false,20,ttft_p95,102.70964,26.881013
s-bursty-short,base,scaling,slo_feedback,false,20,ttft_p99,195.61024,48.962069
s-bursty-short,base,scaling,slo_feedback,false,20,tpot_p95,0.031954512,0.00021114086
s-bursty-short,base,scaling,slo_feedback,false,20,e2e_p95,113.0142,25.429238
s-bursty-short,base,scaling,slo_feedback,false,20,gpu_hours,4.8156327,0.189424
s-bursty-short,base,scaling,slo_feedback,false,20,utilization,0.97990681,0.006286219
s-bursty-short,base,scaling,slo_feedback,false,20,kv_occupancy,0.092406855,0.0090346994
s-bursty-short,base,scaling,slo_feedback,false,20,rejected_rate,0,0
s-bursty-short,base,scaling,slo_feedback,false,20,failed_rate,0,0
s-bursty-short,base,scaling,slo_feedback,false,20,timed_out_rate,0,0
s-bursty-short,base,scaling,slo_feedback,false,20,unfinished_rate,0.0042321464,0.0074426723
s-bursty-short,base,scaling,slo_feedback,false,20,retries,0,0
s-bursty-short,base,scaling,slo_feedback,false,20,preemptions,0,0
s-bursty-short,base,scaling,slo_feedback,false,20,scale_actions,68.95,1.8439818
s-bursty-short,base,scaling,slo_feedback,false,20,router_q_p95,0,0
s-bursty-short,base,scaling,slo_feedback,false,20,replica_q_p95,102.66549,26.87927
s-bursty-short,base,scaling,predictive,false,20,J,39.223962,13.950482
s-bursty-short,base,scaling,predictive,false,20,violation_rate,0.30516098,0.041188496
s-bursty-short,base,scaling,predictive,false,20,goodput,46.222769,5.1982689
s-bursty-short,base,scaling,predictive,false,20,ttft_p95,73.456136,27.907798
s-bursty-short,base,scaling,predictive,false,20,ttft_p99,127.3609,52.193693
s-bursty-short,base,scaling,predictive,false,20,tpot_p95,0.031740416,0.00021475921
s-bursty-short,base,scaling,predictive,false,20,e2e_p95,82.848867,27.375377
s-bursty-short,base,scaling,predictive,false,20,gpu_hours,5.3955253,0.357525
s-bursty-short,base,scaling,predictive,false,20,utilization,0.98825161,0.0044006369
s-bursty-short,base,scaling,predictive,false,20,kv_occupancy,0.095245126,0.0062882379
s-bursty-short,base,scaling,predictive,false,20,rejected_rate,0,0
s-bursty-short,base,scaling,predictive,false,20,failed_rate,0,0
s-bursty-short,base,scaling,predictive,false,20,timed_out_rate,0,0
s-bursty-short,base,scaling,predictive,false,20,unfinished_rate,0.0009662016,0.0012583645
s-bursty-short,base,scaling,predictive,false,20,retries,0,0
s-bursty-short,base,scaling,predictive,false,20,preemptions,0,0
s-bursty-short,base,scaling,predictive,false,20,scale_actions,174.9,15.401421
s-bursty-short,base,scaling,predictive,false,20,router_q_p95,0,0
s-bursty-short,base,scaling,predictive,false,20,replica_q_p95,73.413089,27.908427
s-bursty-long,base,scaling,static_min,false,20,J,642.0397,42.23482
s-bursty-long,base,scaling,static_min,false,20,violation_rate,0.99370698,0.00086180705
s-bursty-long,base,scaling,static_min,false,20,goodput,0.10481183,0.010981697
s-bursty-long,base,scaling,static_min,false,20,ttft_p95,1272.5971,84.464069
s-bursty-long,base,scaling,static_min,false,20,ttft_p99,1338.5182,84.811345
s-bursty-long,base,scaling,static_min,false,20,tpot_p95,0.070678454,0.00042787373
s-bursty-long,base,scaling,static_min,false,20,e2e_p95,1302.2372,83.836995
s-bursty-long,base,scaling,static_min,false,20,gpu_hours,0.54427152,0.0050532472
s-bursty-long,base,scaling,static_min,false,20,utilization,0.99908539,0.00025732814
s-bursty-long,base,scaling,static_min,false,20,kv_occupancy,0.92121465,0.0078384068
s-bursty-long,base,scaling,static_min,false,20,rejected_rate,0,0
s-bursty-long,base,scaling,static_min,false,20,failed_rate,0,0
s-bursty-long,base,scaling,static_min,false,20,timed_out_rate,0,0
s-bursty-long,base,scaling,static_min,false,20,unfinished_rate,0.76183828,0.021225174
s-bursty-long,base,scaling,static_min,false,20,retries,0,0
s-bursty-long,base,scaling,static_min,false,20,preemptions,516.45,23.801977
s-bursty-long,base,scaling,static_min,false,20,scale_actions,4,0
s-bursty-long,base,scaling,static_min,false,20,router_q_p95,0,0
s-bursty-long,base,scaling,static_min,false,20,replica_q_p95,1272.4318,84.450097
s-bursty-long,base,scaling,static_tuned,false,20,J,1.904588,0.8251051
s-bursty-long,base,scaling,static_tuned,false,20,violation_rate,0.012606562,0.011454442
s-bursty-long,base,scaling,static_tuned,false,20,goodput,17.136667,1.6396152
s-bursty-long,base,scaling,static_tuned,false,20,ttft_p95,1.5628475,1.4442472
s-bursty-long,base,scaling,static_tuned,false,20,ttft_p99,5.8141529,5.3117733
s-bursty-long,base,scaling,static_tuned,false,20,tpot_p95,0.037363951,0.0049983334
s-bursty-long,base,scaling,static_tuned,false,20,e2e_p95,44.182329,3.1005724
s-bursty-long,base,scaling,static_tuned,false,20,gpu_hours,5.675,8.5295797e-16
s-bursty-long,base,scaling,static_tuned,false,20,utilization,0.98574002,0.003044932
s-bursty-long,base,scaling,static_tuned,false,20,kv_occupancy,0.15313917,0.023201096
s-bursty-long,base,scaling,static_tuned,false,20,rejected_rate,0,0
s-bursty-long,base,scaling,static_tuned,false,20,failed_rate,0,0
s-bursty-long,base,scaling,static_tuned,false,20,timed_out_rate,0,0
s-bursty-long,base,scaling,static_tuned,false,20,unfinished_rate,0,0
s-bursty-long,base,scaling,static_tuned,false,20,retries,0,0
s-bursty-long,base,scaling,static_tuned,false,20,preemptions,7.4,7.2938842
s-bursty-long,base,scaling,static_tuned,false,20,scale_actions,6,0
s-bursty-long,base,scaling,static_tuned,false,20,router_q_p95,0,0
s-bursty-long,base,scaling,static_tuned,false,20,replica_q_p95,1.2827194,1.4625115
s-bursty-long,base,scaling,static_peak_oracle,true,20,J,1.904588,0.8251051
s-bursty-long,base,scaling,static_peak_oracle,true,20,violation_rate,0.012606562,0.011454442
s-bursty-long,base,scaling,static_peak_oracle,true,20,goodput,17.136667,1.6396152
s-bursty-long,base,scaling,static_peak_oracle,true,20,ttft_p95,1.5628475,1.4442472
s-bursty-long,base,scaling,static_peak_oracle,true,20,ttft_p99,5.8141529,5.3117733
s-bursty-long,base,scaling,static_peak_oracle,true,20,tpot_p95,0.037363951,0.0049983334
s-bursty-long,base,scaling,static_peak_oracle,true,20,e2e_p95,44.182329,3.1005724
s-bursty-long,base,scaling,static_peak_oracle,true,20,gpu_hours,5.675,8.5295797e-16
s-bursty-long,base,scaling,static_peak_oracle,true,20,utilization,0.98574002,0.003044932
s-bursty-long,base,scaling,static_peak_oracle,true,20,kv_occupancy,0.15313917,0.023201096
s-bursty-long,base,scaling,static_peak_oracle,true,20,rejected_rate,0,0
s-bursty-long,base,scaling,static_peak_oracle,true,20,failed_rate,0,0
s-bursty-long,base,scaling,static_peak_oracle,true,20,timed_out_rate,0,0
s-bursty-long,base,scaling,static_peak_oracle,true,20,unfinished_rate,0,0
s-bursty-long,base,scaling,static_peak_oracle,true,20,retries,0,0
s-bursty-long,base,scaling,static_peak_oracle,true,20,preemptions,7.4,7.2938842
s-bursty-long,base,scaling,static_peak_oracle,true,20,scale_actions,6,0
s-bursty-long,base,scaling,static_peak_oracle,true,20,router_q_p95,0,0
s-bursty-long,base,scaling,static_peak_oracle,true,20,replica_q_p95,1.2827194,1.4625115
s-bursty-long,base,scaling,threshold_cooldown,false,20,J,20.866951,7.0447685
s-bursty-long,base,scaling,threshold_cooldown,false,20,violation_rate,0.18813206,0.055440235
s-bursty-long,base,scaling,threshold_cooldown,false,20,goodput,13.957473,1.2996426
s-bursty-long,base,scaling,threshold_cooldown,false,20,ttft_p95,37.206488,13.609317
s-bursty-long,base,scaling,threshold_cooldown,false,20,ttft_p99,60.040455,19.250678
s-bursty-long,base,scaling,threshold_cooldown,false,20,tpot_p95,0.064742464,0.0022749363
s-bursty-long,base,scaling,threshold_cooldown,false,20,e2e_p95,79.557323,11.909397
s-bursty-long,base,scaling,threshold_cooldown,false,20,gpu_hours,5.5851421,0.36295707
s-bursty-long,base,scaling,threshold_cooldown,false,20,utilization,0.98200931,0.003421872
s-bursty-long,base,scaling,threshold_cooldown,false,20,kv_occupancy,0.19685905,0.019929748
s-bursty-long,base,scaling,threshold_cooldown,false,20,rejected_rate,0,0
s-bursty-long,base,scaling,threshold_cooldown,false,20,failed_rate,0,0
s-bursty-long,base,scaling,threshold_cooldown,false,20,timed_out_rate,0,0
s-bursty-long,base,scaling,threshold_cooldown,false,20,unfinished_rate,0,0
s-bursty-long,base,scaling,threshold_cooldown,false,20,retries,0,0
s-bursty-long,base,scaling,threshold_cooldown,false,20,preemptions,278.35,122.68653
s-bursty-long,base,scaling,threshold_cooldown,false,20,scale_actions,16.8,1.0585602
s-bursty-long,base,scaling,threshold_cooldown,false,20,router_q_p95,0,0
s-bursty-long,base,scaling,threshold_cooldown,false,20,replica_q_p95,36.999727,13.609719
s-bursty-long,base,scaling,target_tracking,false,20,J,3.2428165,1.365233
s-bursty-long,base,scaling,target_tracking,false,20,violation_rate,0.032672948,0.016334086
s-bursty-long,base,scaling,target_tracking,false,20,goodput,16.750833,1.5285702
s-bursty-long,base,scaling,target_tracking,false,20,ttft_p95,3.3775612,2.5395016
s-bursty-long,base,scaling,target_tracking,false,20,ttft_p99,19.74877,12.485639
s-bursty-long,base,scaling,target_tracking,false,20,tpot_p95,0.052565174,0.0046538808
s-bursty-long,base,scaling,target_tracking,false,20,e2e_p95,45.824872,3.8573311
s-bursty-long,base,scaling,target_tracking,false,20,gpu_hours,7.1508272,0.24810408
s-bursty-long,base,scaling,target_tracking,false,20,utilization,0.98165347,0.0033676074
s-bursty-long,base,scaling,target_tracking,false,20,kv_occupancy,0.1172431,0.010907308
s-bursty-long,base,scaling,target_tracking,false,20,rejected_rate,0,0
s-bursty-long,base,scaling,target_tracking,false,20,failed_rate,0,0
s-bursty-long,base,scaling,target_tracking,false,20,timed_out_rate,0,0
s-bursty-long,base,scaling,target_tracking,false,20,unfinished_rate,7.9080032e-05,0.00013528785
s-bursty-long,base,scaling,target_tracking,false,20,retries,0,0
s-bursty-long,base,scaling,target_tracking,false,20,preemptions,27.55,15.249905
s-bursty-long,base,scaling,target_tracking,false,20,scale_actions,35.45,4.3863581
s-bursty-long,base,scaling,target_tracking,false,20,router_q_p95,0,0
s-bursty-long,base,scaling,target_tracking,false,20,replica_q_p95,3.1284853,2.5535593
s-bursty-long,base,scaling,slo_feedback,false,20,J,98.564575,28.263557
s-bursty-long,base,scaling,slo_feedback,false,20,violation_rate,0.35678111,0.043038177
s-bursty-long,base,scaling,slo_feedback,false,20,goodput,11.131371,1.3226132
s-bursty-long,base,scaling,slo_feedback,false,20,ttft_p95,190.94677,56.367805
s-bursty-long,base,scaling,slo_feedback,false,20,ttft_p99,322.56091,104.0935
s-bursty-long,base,scaling,slo_feedback,false,20,tpot_p95,0.070662269,0.0010987796
s-bursty-long,base,scaling,slo_feedback,false,20,e2e_p95,227.9636,53.817008
s-bursty-long,base,scaling,slo_feedback,false,20,gpu_hours,4.9654834,0.285032
s-bursty-long,base,scaling,slo_feedback,false,20,utilization,0.98812514,0.0052102892
s-bursty-long,base,scaling,slo_feedback,false,20,kv_occupancy,0.31461451,0.024072172
s-bursty-long,base,scaling,slo_feedback,false,20,rejected_rate,0,0
s-bursty-long,base,scaling,slo_feedback,false,20,failed_rate,0,0
s-bursty-long,base,scaling,slo_feedback,false,20,timed_out_rate,0,0
s-bursty-long,base,scaling,slo_feedback,false,20,unfinished_rate,0.015734565,0.012734703
s-bursty-long,base,scaling,slo_feedback,false,20,retries,0,0
s-bursty-long,base,scaling,slo_feedback,false,20,preemptions,521.45,92.486347
s-bursty-long,base,scaling,slo_feedback,false,20,scale_actions,56.85,3.358721
s-bursty-long,base,scaling,slo_feedback,false,20,router_q_p95,0,0
s-bursty-long,base,scaling,slo_feedback,false,20,replica_q_p95,190.75932,56.367983
s-bursty-long,base,scaling,predictive,false,20,J,46.621401,7.0913009
s-bursty-long,base,scaling,predictive,false,20,violation_rate,0.25865499,0.033360747
s-bursty-long,base,scaling,predictive,false,20,goodput,12.903253,1.4794137
s-bursty-long,base,scaling,predictive,false,20,ttft_p95,87.899398,14.000776
s-bursty-long,base,scaling,predictive,false,20,ttft_p99,180.66289,45.744296
s-bursty-long,base,scaling,predictive,false,20,tpot_p95,0.068933063,0.0012052326
s-bursty-long,base,scaling,predictive,false,20,e2e_p95,126.75878,14.430469
s-bursty-long,base,scaling,predictive,false,20,gpu_hours,5.6965298,0.42155656
s-bursty-long,base,scaling,predictive,false,20,utilization,0.99476326,0.0021146299
s-bursty-long,base,scaling,predictive,false,20,kv_occupancy,0.31932776,0.018743238
s-bursty-long,base,scaling,predictive,false,20,rejected_rate,0,0
s-bursty-long,base,scaling,predictive,false,20,failed_rate,1.0480297e-05,2.1935514e-05
s-bursty-long,base,scaling,predictive,false,20,timed_out_rate,0,0
s-bursty-long,base,scaling,predictive,false,20,unfinished_rate,0.0024010047,0.0025127927
s-bursty-long,base,scaling,predictive,false,20,retries,0,0
s-bursty-long,base,scaling,predictive,false,20,preemptions,295.05,54.769258
s-bursty-long,base,scaling,predictive,false,20,scale_actions,208.85,8.5442065
s-bursty-long,base,scaling,predictive,false,20,router_q_p95,0,0
s-bursty-long,base,scaling,predictive,false,20,replica_q_p95,87.689269,14.001631
c-3model,base,capacity,static_partition,false,20,J,7.3113912,0.25044948
c-3model,base,capacity,static_partition,false,20,violation_rate,0.079426078,0.0098966196
c-3model,base,capacity,static_partition,false,20,goodput,85.176559,0.89784273
c-3model,base,capacity,static_partition,false,20,ttft_p95,10.050724,1.318176
c-3model,base,capacity,static_partition,false,20,ttft_p99,81.240909,2.9198027
c-3model,base,capacity,static_partition,false,20,tpot_p95,0.056108725,0.00014536321
c-3model,base,capacity,static_partition,false,20,e2e_p95,42.529893,0.70051362
c-3model,base,capacity,static_partition,false,20,gpu_hours,8.7217341,0.0031125838
c-3model,base,capacity,static_partition,false,20,utilization,0.97974941,0.00039711201
c-3model,base,capacity,static_partition,false,20,kv_occupancy,0.10228904,0.00041831592
c-3model,base,capacity,static_partition,false,20,rejected_rate,0,0
c-3model,base,capacity,static_partition,false,20,failed_rate,0,0
c-3model,base,capacity,static_partition,false,20,timed_out_rate,0,0
c-3model,base,capacity,static_partition,false,20,unfinished_rate,0.0046417091,0.00042635125
c-3model,base,capacity,static_partition,false,20,retries,0,0
c-3model,base,capacity,static_partition,false,20,preemptions,0,0
c-3model,base,capacity,static_partition,false,20,scale_actions,5,0
c-3model,base,capacity,static_partition,false,20,router_q_p95,0,0
c-3model,base,capacity,static_partition,false,20,replica_q_p95,9.9613036,1.3153739
c-3model,base,capacity,proportional_demand,false,20,J,5.0718037,0.21554248
c-3model,base,capacity,proportional_demand,false,20,violation_rate,0.04627467,0.0017643604
c-3model,base,capacity,proportional_demand,false,20,goodput,88.245,0.1880464
c-3model,base,capacity,proportional_demand,false,20,ttft_p95,0.88800295,0.27279047
c-3model,base,capacity,proportional_demand,false,20,ttft_p99,52.267962,3.1000652
c-3model,base,capacity,proportional_demand,false,20,tpot_p95,0.048528276,0.00050596585
c-3model,base,capacity,proportional_demand,false,20,e2e_p95,30.568913,0.53957067
c-3model,base,capacity,proportional_demand,false,20,gpu_hours,10.20639,0.010270806
c-3model,base,capacity,proportional_demand,false,20,utilization,0.98572462,0.00055197642
c-3model,base,capacity,proportional_demand,false,20,kv_occupancy,0.084640693,0.00039574608
c-3model,base,capacity,proportional_demand,false,20,rejected_rate,0,0
c-3model,base,capacity,proportional_demand,false,20,failed_rate,0,0
c-3model,base,capacity,proportional_demand,false,20,timed_out_rate,0,0
c-3model,base,capacity,proportional_demand,false,20,unfinished_rate,0.0013692814,0.00034373304
c-3model,base,capacity,proportional_demand,false,20,retries,0,0
c-3model,base,capacity,proportional_demand,false,20,preemptions,0,0
c-3model,base,capacity,proportional_demand,false,20,scale_actions,41.1,2.0924732
c-3model,base,capacity,proportional_demand,false,20,router_q_p95,0,0
c-3model,base,capacity,proportional_demand,false,20,replica_q_p95,0.8128538,0.28278809
c-3model,base,capacity,marginal_gain,false,20,J,1.6867161,0.10692609
c-3model,base,capacity,marginal_gain,false,20,violation_rate,0.015361182,0.0028195574
c-3model,base,capacity,marginal_gain,false,20,goodput,91.105323,0.2784457
c-3model,base,capacity,marginal_gain,false,20,ttft_p95,0.15736351,0.0081289156
c-3model,base,capacity,marginal_gain,false,20,ttft_p99,3.3376422,0.70285578
c-3model,base,capacity,marginal_gain,false,20,tpot_p95,0.043798815,0.0002696722
c-3model,base,capacity,marginal_gain,false,20,e2e_p95,21.004365,0.12446021
c-3model,base,capacity,marginal_gain,false,20,gpu_hours,10.447297,0.0091838239
c-3model,base,capacity,marginal_gain,false,20,utilization,0.99069895,0.0010280145
c-3model,base,capacity,marginal_gain,false,20,kv_occupancy,0.092949483,0.00068047052
c-3model,base,capacity,marginal_gain,false,20,rejected_rate,0,0
c-3model,base,capacity,marginal_gain,false,20,failed_rate,0,0
c-3model,base,capacity,marginal_gain,false,20,timed_out_rate,0,0
c-3model,base,capacity,marginal_gain,false,20,unfinished_rate,0,0
c-3model,base,capacity,marginal_gain,false,20,retries,0,0
c-3model,base,capacity,marginal_gain,false,20,preemptions,0,0
c-3model,base,capacity,marginal_gain,false,20,scale_actions,123.8,11.091469
c-3model,base,capacity,marginal_gain,false,20,router_q_p95,0,0
c-3model,base,capacity,marginal_gain,false,20,replica_q_p95,0.049373521,0.0048191233
o-overload,base,overload,none,false,20,J,32.260756,0.5175141
o-overload,base,overload,none,false,20,violation_rate,0.59983911,0.0049650723
o-overload,base,overload,none,false,20,goodput,21.290365,0.25751762
o-overload,base,overload,none,false,20,ttft_p95,76.699144,1.3241821
o-overload,base,overload,none,false,20,ttft_p99,82.550354,1.4911083
o-overload,base,overload,none,false,20,tpot_p95,0.032433029,5.0550311e-05
o-overload,base,overload,none,false,20,e2e_p95,84.658592,1.3609953
o-overload,base,overload,none,false,20,gpu_hours,1.0666667,0
o-overload,base,overload,none,false,20,utilization,0.95856099,0.0010604212
o-overload,base,overload,none,false,20,kv_occupancy,0.16321824,0.00099932553
o-overload,base,overload,none,false,20,rejected_rate,0,0
o-overload,base,overload,none,false,20,failed_rate,0,0
o-overload,base,overload,none,false,20,timed_out_rate,0,0
o-overload,base,overload,none,false,20,unfinished_rate,0,0
o-overload,base,overload,none,false,20,retries,0,0
o-overload,base,overload,none,false,20,preemptions,0,0
o-overload,base,overload,none,false,20,scale_actions,0,0
o-overload,base,overload,none,false,20,router_q_p95,0,0
o-overload,base,overload,none,false,20,replica_q_p95,76.657298,1.3242821
o-overload,base,overload,queue_cap,false,20,J,2.434699,0.0092379539
o-overload,base,overload,queue_cap,false,20,violation_rate,0.15541095,0.0018397174
o-overload,base,overload,queue_cap,false,20,goodput,44.936771,0.10941588
o-overload,base,overload,queue_cap,false,20,ttft_p95,1.1964202,0.0037214762
o-overload,base,overload,queue_cap,false,20,ttft_p99,1.3001887,0.0063623887
o-overload,base,overload,queue_cap,false,20,tpot_p95,0.026930459,6.5801817e-05
o-overload,base,overload,queue_cap,false,20,e2e_p95,19.930377,0.083842152
o-overload,base,overload,queue_cap,false,20,gpu_hours,1.0666667,0
o-overload,base,overload,queue_cap,false,20,utilization,0.95857675,0.00089532356
o-overload,base,overload,queue_cap,false,20,kv_occupancy,0.11067679,0.00054178877
o-overload,base,overload,queue_cap,false,20,rejected_rate,0.15541095,0.0018397174
o-overload,base,overload,queue_cap,false,20,failed_rate,0,0
o-overload,base,overload,queue_cap,false,20,timed_out_rate,0,0
o-overload,base,overload,queue_cap,false,20,unfinished_rate,0,0
o-overload,base,overload,queue_cap,false,20,retries,0,0
o-overload,base,overload,queue_cap,false,20,preemptions,0,0
o-overload,base,overload,queue_cap,false,20,scale_actions,0,0
o-overload,base,overload,queue_cap,false,20,router_q_p95,1.14253,0.0038841765
o-overload,base,overload,queue_cap,false,20,replica_q_p95,0.028558292,0.00024604216
o-overload,base,overload,predicted_ttft_shed,false,20,J,2.3606647,0.03266128
o-overload,base,overload,predicted_ttft_shed,false,20,violation_rate,0.13966369,0.0027132982
o-overload,base,overload,predicted_ttft_shed,false,20,goodput,45.774375,0.13553309
o-overload,base,overload,predicted_ttft_shed,false,20,ttft_p95,1.0775702,0.051302325
o-overload,base,overload,predicted_ttft_shed,false,20,ttft_p99,1.5985185,0.068924614
o-overload,base,overload,predicted_ttft_shed,false,20,tpot_p95,0.030928701,9.820514e-05
o-overload,base,overload,predicted_ttft_shed,false,20,e2e_p95,21.25235,0.135681
o-overload,base,overload,predicted_ttft_shed,false,20,gpu_hours,1.0666667,0
o-overload,base,overload,predicted_ttft_shed,false,20,utilization,0.95740312,0.0010021677
o-overload,base,overload,predicted_ttft_shed,false,20,kv_occupancy,0.11459052,0.00074518315
o-overload,base,overload,predicted_ttft_shed,false,20,rejected_rate,0.13745702,0.0021334675
o-overload,base,overload,predicted_ttft_shed,false,20,failed_rate,0,0
o-overload,base,overload,predicted_ttft_shed,false,20,timed_out_rate,0,0
o-overload,base,overload,predicted_ttft_shed,false,20,unfinished_rate,0,0
o-overload,base,overload,predicted_ttft_shed,false,20,retries,0,0
o-overload,base,overload,predicted_ttft_shed,false,20,preemptions,0,0
o-overload,base,overload,predicted_ttft_shed,false,20,scale_actions,0,0
o-overload,base,overload,predicted_ttft_shed,false,20,router_q_p95,0,0
o-overload,base,overload,predicted_ttft_shed,false,20,replica_q_p95,1.0349252,0.050905689
r-steady90-short,warmup-x0.5,routing,random,false,10,J,1.3969373,0.022733396
r-steady90-short,warmup-x0.5,routing,random,false,10,violation_rate,0.00082760327,0.0012773062
r-steady90-short,warmup-x0.5,routing,random,false,10,goodput,55.608636,0.16360161
r-steady90-short,warmup-x0.5,routing,random,false,10,ttft_p95,0.18066694,0.033586725
r-steady90-short,warmup-x0.5,routing,random,false,10,ttft_p99,0.74358329,0.33734724
r-steady90-short,warmup-x0.5,routing,random,false,10,tpot_p95,0.030246577,0.00022791852
r-steady90-short,warmup-x0.5,routing,random,false,10,e2e_p95,23.251369,0.32826828
r-steady90-short,warmup-x0.5,routing,random,false,10,gpu_hours,0.73333333,0
r-steady90-short,warmup-x0.5,routing,random,false,10,utilization,0.94595544,0.00092356585
r-steady90-short,warmup-x0.5,routing,random,false,10,kv_occupancy,0.16503759,0.0023728052
r-steady90-short,warmup-x0.5,routing,random,false,10,rejected_rate,0,0
r-steady90-short,warmup-x0.5,routing,random,false,10,failed_rate,0,0
r-steady90-short,warmup-x0.5,routing,random,false,10,timed_out_rate,0,0
r-steady90-short,warmup-x0.5,routing,random,false,10,unfinished_rate,0,0
r-steady90-short,warmup-x0.5,routing,random,false,10,retries,0,0
r-steady90-short,warmup-x0.5,routing,random,false,10,preemptions,0,0
r-steady90-short,warmup-x0.5,routing,random,false,10,scale_actions,0,0
r-steady90-short,warmup-x0.5,routing,random,false,10,router_q_p95,0,0
r-steady90-short,warmup-x0.5,routing,random,false,10,replica_q_p95,0.096428324,0.038349094
r-steady90-short,warmup-x0.5,routing,round_robin,false,10,J,1.3427421,0.004159602
r-steady90-short,warmup-x0.5,routing,round_robin,false,10,violation_rate,0,0
r-steady90-short,warmup-x0.5,routing,round_robin,false,10,goodput,55.654848,0.17701566
r-steady90-short,warmup-x0.5,routing,round_robin,false,10,ttft_p95,0.098987752,0.0038089072
r-steady90-short,warmup-x0.5,routing,round_robin,false,10,ttft_p99,0.19915072,0.018370918
r-steady90-short,warmup-x0.5,routing,round_robin,false,10,tpot_p95,0.029324819,0.0002500394
r-steady90-short,warmup-x0.5,routing,round_robin,false,10,e2e_p95,23.184117,0.26768352
r-steady90-short,warmup-x0.5,routing,round_robin,false,10,gpu_hours,0.73333333,0
r-steady90-short,warmup-x0.5,routing,round_robin,false,10,utilization,0.94564653,0.0010489417
r-steady90-short,warmup-x0.5,routing,round_robin,false,10,kv_occupancy,0.16440629,0.0022825617
r-steady90-short,warmup-x0.5,routing,round_robin,false,10,rejected_rate,0,0
r-steady90-short,warmup-x0.5,routing,round_robin,false,10,failed_rate,0,0
r-steady90-short,warmup-x0.5,routing,round_robin,false,10,timed_out_rate,0,0
r-steady90-short,warmup-x0.5,routing,round_robin,false,10,unfinished_rate,0,0
r-steady90-short,warmup-x0.5,routing,round_robin,false,10,retries,0,0
r-steady90-short,warmup-x0.5,routing,round_robin,false,10,preemptions,0,0
r-steady90-short,warmup-x0.5,routing,round_robin,false,10,scale_actions,0,0
r-steady90-short,warmup-x0.5,routing,round_robin,false,10,router_q_p95,0,0
r-steady90-short,warmup-x0.5,routing,round_robin,false,10,replica_q_p95,0.035174675,0.0013714493
r-steady90-short,warmup-x0.5,routing,least_outstanding,false,10,J,1.3412068,0.0020783205
r-steady90-short,warmup-x0.5,routing,least_outstanding,false,10,violation_rate,0,0
r-steady90-short,warmup-x0.5,routing,least_outstanding,false,10,goodput,55.654848,0.17701566
r-steady90-short,warmup-x0.5,routing,least_outstanding,false,10,ttft_p95,0.11075882,0.0008526097
r-steady90-short,warmup-x0.5,routing,least_outstanding,false,10,ttft_p99,0.18116177,0.0018744968
r-steady90-short,warmup-x0.5,routing,least_outstanding,false,10,tpot_p95,0.028582744,0.00018747889
r-steady90-short,warmup-x0.5,routing,least_outstanding,false,10,e2e_p95,22.996364,0.29259212
r-steady90-short,warmup-x0.5,routing,least_outstanding,false,10,gpu_hours,0.73333333,0
r-steady90-short,warmup-x0.5,routing,least_outstanding,false,10,utilization,0.94534377,0.00086467768
r-steady90-short,warmup-x0.5,routing,least_outstanding,false,10,kv_occupancy,0.16327331,0.0022586027
r-steady90-short,warmup-x0.5,routing,least_outstanding,false,10,rejected_rate,0,0
r-steady90-short,warmup-x0.5,routing,least_outstanding,false,10,failed_rate,0,0
r-steady90-short,warmup-x0.5,routing,least_outstanding,false,10,timed_out_rate,0,0
r-steady90-short,warmup-x0.5,routing,least_outstanding,false,10,unfinished_rate,0,0
r-steady90-short,warmup-x0.5,routing,least_outstanding,false,10,retries,0,0
r-steady90-short,warmup-x0.5,routing,least_outstanding,false,10,preemptions,0,0
r-steady90-short,warmup-x0.5,routing,least_outstanding,false,10,scale_actions,0,0
r-steady90-short,warmup-x0.5,routing,least_outstanding,false,10,router_q_p95,0,0
r-steady90-short,warmup-x0.5,routing,least_outstanding,false,10,replica_q_p95,0.044482923,0.0003767825
r-steady90-short,warmup-x0.5,routing,power_of_two,false,10,J,1.3459107,0.0024470219
r-steady90-short,warmup-x0.5,routing,power_of_two,false,10,violation_rate,0,0
r-steady90-short,warmup-x0.5,routing,power_of_two,false,10,goodput,55.654848,0.17701566
r-steady90-short,warmup-x0.5,routing,power_of_two,false,10,ttft_p95,0.11949424,0.0014529142
r-steady90-short,warmup-x0.5,routing,power_of_two,false,10,ttft_p99,0.19086558,0.0026974717
r-steady90-short,warmup-x0.5,routing,power_of_two,false,10,tpot_p95,0.028616363,0.00019530413
r-steady90-short,warmup-x0.5,routing,power_of_two,false,10,e2e_p95,23.03174,0.29540007
r-steady90-short,warmup-x0.5,routing,power_of_two,false,10,gpu_hours,0.73333333,0
r-steady90-short,warmup-x0.5,routing,power_of_two,false,10,utilization,0.94555261,0.0010532191
r-steady90-short,warmup-x0.5,routing,power_of_two,false,10,kv_occupancy,0.16329159,0.0022687233
r-steady90-short,warmup-x0.5,routing,power_of_two,false,10,rejected_rate,0,0
r-steady90-short,warmup-x0.5,routing,power_of_two,false,10,failed_rate,0,0
r-steady90-short,warmup-x0.5,routing,power_of_two,false,10,timed_out_rate,0,0
r-steady90-short,warmup-x0.5,routing,power_of_two,false,10,unfinished_rate,0,0
r-steady90-short,warmup-x0.5,routing,power_of_two,false,10,retries,0,0
r-steady90-short,warmup-x0.5,routing,power_of_two,false,10,preemptions,0,0
r-steady90-short,warmup-x0.5,routing,power_of_two,false,10,scale_actions,0,0
r-steady90-short,warmup-x0.5,routing,power_of_two,false,10,router_q_p95,0,0
r-steady90-short,warmup-x0.5,routing,power_of_two,false,10,replica_q_p95,0.046025802,0.00049989184
r-steady90-short,warmup-x0.5,routing,latency_aware,false,10,J,1.363933,0.0050796065
r-steady90-short,warmup-x0.5,routing,latency_aware,false,10,violation_rate,3.5259018e-05,7.9761441e-05
r-steady90-short,warmup-x0.5,routing,latency_aware,false,10,goodput,55.652879,0.17574621
r-steady90-short,warmup-x0.5,routing,latency_aware,false,10,ttft_p95,0.13053963,0.005960038
r-steady90-short,warmup-x0.5,routing,latency_aware,false,10,ttft_p99,0.27420404,0.079230666
r-steady90-short,warmup-x0.5,routing,latency_aware,false,10,tpot_p95,0.029848693,0.00021755998
r-steady90-short,warmup-x0.5,routing,latency_aware,false,10,e2e_p95,23.155145,0.2843778
r-steady90-short,warmup-x0.5,routing,latency_aware,false,10,gpu_hours,0.73333333,0
r-steady90-short,warmup-x0.5,routing,latency_aware,false,10,utilization,0.94532881,0.0012961397
r-steady90-short,warmup-x0.5,routing,latency_aware,false,10,kv_occupancy,0.16406861,0.0021792086
r-steady90-short,warmup-x0.5,routing,latency_aware,false,10,rejected_rate,0,0
r-steady90-short,warmup-x0.5,routing,latency_aware,false,10,failed_rate,0,0
r-steady90-short,warmup-x0.5,routing,latency_aware,false,10,timed_out_rate,0,0
r-steady90-short,warmup-x0.5,routing,latency_aware,false,10,unfinished_rate,0,0
r-steady90-short,warmup-x0.5,routing,latency_aware,false,10,retries,0,0
r-steady90-short,warmup-x0.5,routing,latency_aware,false,10,preemptions,0,0
r-steady90-short,warmup-x0.5,routing,latency_aware,false,10,scale_actions,0,0
r-steady90-short,warmup-x0.5,routing,latency_aware,false,10,router_q_p95,0,0
r-steady90-short,warmup-x0.5,routing,latency_aware,false,10,replica_q_p95,0.054044774,0.0030810431
r-steady90-short,warmup-x0.5,routing,queue_aware,false,10,J,1.7713646,0.018305916
r-steady90-short,warmup-x0.5,routing,queue_aware,false,10,violation_rate,0.00083297012,0.00056745898
r-steady90-short,warmup-x0.5,routing,queue_aware,false,10,goodput,55.608485,0.17884266
r-steady90-short,warmup-x0.5,routing,queue_aware,false,10,ttft_p95,0.65915298,0.033409265
r-steady90-short,warmup-x0.5,routing,queue_aware,false,10,ttft_p99,1.2338505,0.078814103
r-steady90-short,warmup-x0.5,routing,queue_aware,false,10,tpot_p95,0.043762325,0.000268231
r-steady90-short,warmup-x0.5,routing,queue_aware,false,10,e2e_p95,23.223632,0.29603144
r-steady90-short,warmup-x0.5,routing,queue_aware,false,10,gpu_hours,0.73333333,0
r-steady90-short,warmup-x0.5,routing,queue_aware,false,10,utilization,0.94340983,0.0011870715
r-steady90-short,warmup-x0.5,routing,queue_aware,false,10,kv_occupancy,0.16455012,0.0022486428
r-steady90-short,warmup-x0.5,routing,queue_aware,false,10,rejected_rate,0,0
r-steady90-short,warmup-x0.5,routing,queue_aware,false,10,failed_rate,0,0
r-steady90-short,warmup-x0.5,routing,queue_aware,false,10,timed_out_rate,0,0
r-steady90-short,warmup-x0.5,routing,queue_aware,false,10,unfinished_rate,0,0
r-steady90-short,warmup-x0.5,routing,queue_aware,false,10,retries,0,0
r-steady90-short,warmup-x0.5,routing,queue_aware,false,10,preemptions,0,0
r-steady90-short,warmup-x0.5,routing,queue_aware,false,10,scale_actions,0,0
r-steady90-short,warmup-x0.5,routing,queue_aware,false,10,router_q_p95,0,0
r-steady90-short,warmup-x0.5,routing,queue_aware,false,10,replica_q_p95,0.60121532,0.03801501
r-steady90-short,warmup-x0.5,routing,queue_aware_corrected,false,10,J,1.334468,0.0023028171
r-steady90-short,warmup-x0.5,routing,queue_aware_corrected,false,10,violation_rate,0,0
r-steady90-short,warmup-x0.5,routing,queue_aware_corrected,false,10,goodput,55.654848,0.17701566
r-steady90-short,warmup-x0.5,routing,queue_aware_corrected,false,10,ttft_p95,0.094560645,0.00090393548
r-steady90-short,warmup-x0.5,routing,queue_aware_corrected,false,10,ttft_p99,0.17405393,0.0017647041
r-steady90-short,warmup-x0.5,routing,queue_aware_corrected,false,10,tpot_p95,0.028718769,0.00020414742
r-steady90-short,warmup-x0.5,routing,queue_aware_corrected,false,10,e2e_p95,23.046481,0.31082902
r-steady90-short,warmup-x0.5,routing,queue_aware_corrected,false,10,gpu_hours,0.73333333,0
r-steady90-short,warmup-x0.5,routing,queue_aware_corrected,false,10,utilization,0.94556828,0.00089103717
r-steady90-short,warmup-x0.5,routing,queue_aware_corrected,false,10,kv_occupancy,0.16376051,0.0022738898
r-steady90-short,warmup-x0.5,routing,queue_aware_corrected,false,10,rejected_rate,0,0
r-steady90-short,warmup-x0.5,routing,queue_aware_corrected,false,10,failed_rate,0,0
r-steady90-short,warmup-x0.5,routing,queue_aware_corrected,false,10,timed_out_rate,0,0
r-steady90-short,warmup-x0.5,routing,queue_aware_corrected,false,10,unfinished_rate,0,0
r-steady90-short,warmup-x0.5,routing,queue_aware_corrected,false,10,retries,0,0
r-steady90-short,warmup-x0.5,routing,queue_aware_corrected,false,10,preemptions,0,0
r-steady90-short,warmup-x0.5,routing,queue_aware_corrected,false,10,scale_actions,0,0
r-steady90-short,warmup-x0.5,routing,queue_aware_corrected,false,10,router_q_p95,0,0
r-steady90-short,warmup-x0.5,routing,queue_aware_corrected,false,10,replica_q_p95,0.033836666,0.00026966313
r-steady90-short,warmup-x0.5,routing,capacity_weighted,false,10,J,2.2209225,0.55580067
r-steady90-short,warmup-x0.5,routing,capacity_weighted,false,10,violation_rate,0.028822503,0.021483849
r-steady90-short,warmup-x0.5,routing,capacity_weighted,false,10,goodput,54.049091,1.1679281
r-steady90-short,warmup-x0.5,routing,capacity_weighted,false,10,ttft_p95,1.5359143,0.89663885
r-steady90-short,warmup-x0.5,routing,capacity_weighted,false,10,ttft_p99,2.9252181,1.0726735
r-steady90-short,warmup-x0.5,routing,capacity_weighted,false,10,tpot_p95,0.030885283,0.00021611806
r-steady90-short,warmup-x0.5,routing,capacity_weighted,false,10,e2e_p95,23.75938,0.37151465
r-steady90-short,warmup-x0.5,routing,capacity_weighted,false,10,gpu_hours,0.73333333,0
r-steady90-short,warmup-x0.5,routing,capacity_weighted,false,10,utilization,0.94586695,0.00096411652
r-steady90-short,warmup-x0.5,routing,capacity_weighted,false,10,kv_occupancy,0.16684873,0.0023190921
r-steady90-short,warmup-x0.5,routing,capacity_weighted,false,10,rejected_rate,0,0
r-steady90-short,warmup-x0.5,routing,capacity_weighted,false,10,failed_rate,0,0
r-steady90-short,warmup-x0.5,routing,capacity_weighted,false,10,timed_out_rate,0,0
r-steady90-short,warmup-x0.5,routing,capacity_weighted,false,10,unfinished_rate,0,0
r-steady90-short,warmup-x0.5,routing,capacity_weighted,false,10,retries,0,0
r-steady90-short,warmup-x0.5,routing,capacity_weighted,false,10,preemptions,0,0
r-steady90-short,warmup-x0.5,routing,capacity_weighted,false,10,scale_actions,0,0
r-steady90-short,warmup-x0.5,routing,capacity_weighted,false,10,router_q_p95,0,0
r-steady90-short,warmup-x0.5,routing,capacity_weighted,false,10,replica_q_p95,1.4903033,0.90115254
r-steady90-short,warmup-x0.5,routing,oracle_jsq,true,10,J,1.3619211,0.0042865264
r-steady90-short,warmup-x0.5,routing,oracle_jsq,true,10,violation_rate,0,0
r-steady90-short,warmup-x0.5,routing,oracle_jsq,true,10,goodput,55.654848,0.17701566
r-steady90-short,warmup-x0.5,routing,oracle_jsq,true,10,ttft_p95,0.11281543,0.0057858011
r-steady90-short,warmup-x0.5,routing,oracle_jsq,true,10,ttft_p99,0.25667088,0.046783824
r-steady90-short,warmup-x0.5,routing,oracle_jsq,true,10,tpot_p95,0.030551337,0.00016177368
r-steady90-short,warmup-x0.5,routing,oracle_jsq,true,10,e2e_p95,23.164007,0.31654236
r-steady90-short,warmup-x0.5,routing,oracle_jsq,true,10,gpu_hours,0.73333333,0
r-steady90-short,warmup-x0.5,routing,oracle_jsq,true,10,utilization,0.94597673,0.00095432518
r-steady90-short,warmup-x0.5,routing,oracle_jsq,true,10,kv_occupancy,0.16440956,0.0022671665
r-steady90-short,warmup-x0.5,routing,oracle_jsq,true,10,rejected_rate,0,0
r-steady90-short,warmup-x0.5,routing,oracle_jsq,true,10,failed_rate,0,0
r-steady90-short,warmup-x0.5,routing,oracle_jsq,true,10,timed_out_rate,0,0
r-steady90-short,warmup-x0.5,routing,oracle_jsq,true,10,unfinished_rate,0,0
r-steady90-short,warmup-x0.5,routing,oracle_jsq,true,10,retries,0,0
r-steady90-short,warmup-x0.5,routing,oracle_jsq,true,10,preemptions,0,0
r-steady90-short,warmup-x0.5,routing,oracle_jsq,true,10,scale_actions,0,0
r-steady90-short,warmup-x0.5,routing,oracle_jsq,true,10,router_q_p95,0,0
r-steady90-short,warmup-x0.5,routing,oracle_jsq,true,10,replica_q_p95,0.044013314,0.0023948674
r-steady90-short,warmup-x2,routing,random,false,10,J,1.3969373,0.022733396
r-steady90-short,warmup-x2,routing,random,false,10,violation_rate,0.00082760327,0.0012773062
r-steady90-short,warmup-x2,routing,random,false,10,goodput,55.608636,0.16360161
r-steady90-short,warmup-x2,routing,random,false,10,ttft_p95,0.18066694,0.033586725
r-steady90-short,warmup-x2,routing,random,false,10,ttft_p99,0.74358329,0.33734724
r-steady90-short,warmup-x2,routing,random,false,10,tpot_p95,0.030246577,0.00022791852
r-steady90-short,warmup-x2,routing,random,false,10,e2e_p95,23.251369,0.32826828
r-steady90-short,warmup-x2,routing,random,false,10,gpu_hours,0.73333333,0
r-steady90-short,warmup-x2,routing,random,false,10,utilization,0.94595544,0.00092356585
r-steady90-short,warmup-x2,routing,random,false,10,kv_occupancy,0.16503759,0.0023728052
r-steady90-short,warmup-x2,routing,random,false,10,rejected_rate,0,0
r-steady90-short,warmup-x2,routing,random,false,10,failed_rate,0,0
r-steady90-short,warmup-x2,routing,random,false,10,timed_out_rate,0,0
r-steady90-short,warmup-x2,routing,random,false,10,unfinished_rate,0,0
r-steady90-short,warmup-x2,routing,random,false,10,retries,0,0
r-steady90-short,warmup-x2,routing,random,false,10,preemptions,0,0
r-steady90-short,warmup-x2,routing,random,false,10,scale_actions,0,0
r-steady90-short,warmup-x2,routing,random,false,10,router_q_p95,0,0
r-steady90-short,warmup-x2,routing,random,false,10,replica_q_p95,0.096428324,0.038349094
r-steady90-short,warmup-x2,routing,round_robin,false,10,J,1.3427421,0.004159602
r-steady90-short,warmup-x2,routing,round_robin,false,10,violation_rate,0,0
r-steady90-short,warmup-x2,routing,round_robin,false,10,goodput,55.654848,0.17701566
r-steady90-short,warmup-x2,routing,round_robin,false,10,ttft_p95,0.098987752,0.0038089072
r-steady90-short,warmup-x2,routing,round_robin,false,10,ttft_p99,0.19915072,0.018370918
r-steady90-short,warmup-x2,routing,round_robin,false,10,tpot_p95,0.029324819,0.0002500394
r-steady90-short,warmup-x2,routing,round_robin,false,10,e2e_p95,23.184117,0.26768352
r-steady90-short,warmup-x2,routing,round_robin,false,10,gpu_hours,0.73333333,0
r-steady90-short,warmup-x2,routing,round_robin,false,10,utilization,0.94564653,0.0010489417
r-steady90-short,warmup-x2,routing,round_robin,false,10,kv_occupancy,0.16440629,0.0022825617
r-steady90-short,warmup-x2,routing,round_robin,false,10,rejected_rate,0,0
r-steady90-short,warmup-x2,routing,round_robin,false,10,failed_rate,0,0
r-steady90-short,warmup-x2,routing,round_robin,false,10,timed_out_rate,0,0
r-steady90-short,warmup-x2,routing,round_robin,false,10,unfinished_rate,0,0
r-steady90-short,warmup-x2,routing,round_robin,false,10,retries,0,0
r-steady90-short,warmup-x2,routing,round_robin,false,10,preemptions,0,0
r-steady90-short,warmup-x2,routing,round_robin,false,10,scale_actions,0,0
r-steady90-short,warmup-x2,routing,round_robin,false,10,router_q_p95,0,0
r-steady90-short,warmup-x2,routing,round_robin,false,10,replica_q_p95,0.035174675,0.0013714493
r-steady90-short,warmup-x2,routing,least_outstanding,false,10,J,1.3412068,0.0020783205
r-steady90-short,warmup-x2,routing,least_outstanding,false,10,violation_rate,0,0
r-steady90-short,warmup-x2,routing,least_outstanding,false,10,goodput,55.654848,0.17701566
r-steady90-short,warmup-x2,routing,least_outstanding,false,10,ttft_p95,0.11075882,0.0008526097
r-steady90-short,warmup-x2,routing,least_outstanding,false,10,ttft_p99,0.18116177,0.0018744968
r-steady90-short,warmup-x2,routing,least_outstanding,false,10,tpot_p95,0.028582744,0.00018747889
r-steady90-short,warmup-x2,routing,least_outstanding,false,10,e2e_p95,22.996364,0.29259212
r-steady90-short,warmup-x2,routing,least_outstanding,false,10,gpu_hours,0.73333333,0
r-steady90-short,warmup-x2,routing,least_outstanding,false,10,utilization,0.94534377,0.00086467768
r-steady90-short,warmup-x2,routing,least_outstanding,false,10,kv_occupancy,0.16327331,0.0022586027
r-steady90-short,warmup-x2,routing,least_outstanding,false,10,rejected_rate,0,0
r-steady90-short,warmup-x2,routing,least_outstanding,false,10,failed_rate,0,0
r-steady90-short,warmup-x2,routing,least_outstanding,false,10,timed_out_rate,0,0
r-steady90-short,warmup-x2,routing,least_outstanding,false,10,unfinished_rate,0,0
r-steady90-short,warmup-x2,routing,least_outstanding,false,10,retries,0,0
r-steady90-short,warmup-x2,routing,least_outstanding,false,10,preemptions,0,0
r-steady90-short,warmup-x2,routing,least_outstanding,false,10,scale_actions,0,0
r-steady90-short,warmup-x2,routing,least_outstanding,false,10,router_q_p95,0,0
r-steady90-short,warmup-x2,routing,least_outstanding,false,10,replica_q_p95,0.044482923,0.0003767825
r-steady90-short,warmup-x2,routing,power_of_two,false,10,J,1.3459107,0.0024470219
r-steady90-short,warmup-x2,routing,power_of_two,false,10,violation_rate,0,0
r-steady90-short,warmup-x2,routing,power_of_two,false,10,goodput,55.654848,0.17701566
r-steady90-short,warmup-x2,routing,power_of_two,false,10,ttft_p95,0.11949424,0.0014529142
r-steady90-short,warmup-x2,routing,power_of_two,false,10,ttft_p99,0.19086558,0.0026974717
r-steady90-short,warmup-x2,routing,power_of_two,false,10,tpot_p95,0.028616363,0.00019530413
r-steady90-short,warmup-x2,routing,power_of_two,false,10,e2e_p95,23.03174,0.29540007
r-steady90-short,warmup-x2,routing,power_of_two,false,10,gpu_hours,0.73333333,0
r-steady90-short,warmup-x2,routing,power_of_two,false,10,utilization,0.94555261,0.0010532191
r-steady90-short,warmup-x2,routing,power_of_two,false,10,kv_occupancy,0.16329159,0.0022687233
r-steady90-short,warmup-x2,routing,power_of_two,false,10,rejected_rate,0,0
r-steady90-short,warmup-x2,routing,power_of_two,false,10,failed_rate,0,0
r-steady90-short,warmup-x2,routing,power_of_two,false,10,timed_out_rate,0,0
r-steady90-short,warmup-x2,routing,power_of_two,false,10,unfinished_rate,0,0
r-steady90-short,warmup-x2,routing,power_of_two,false,10,retries,0,0
r-steady90-short,warmup-x2,routing,power_of_two,false,10,preemptions,0,0
r-steady90-short,warmup-x2,routing,power_of_two,false,10,scale_actions,0,0
r-steady90-short,warmup-x2,routing,power_of_two,false,10,router_q_p95,0,0
r-steady90-short,warmup-x2,routing,power_of_two,false,10,replica_q_p95,0.046025802,0.00049989184
r-steady90-short,warmup-x2,routing,latency_aware,false,10,J,1.363933,0.0050796065
r-steady90-short,warmup-x2,routing,latency_aware,false,10,violation_rate,3.5259018e-05,7.9761441e-05
r-steady90-short,warmup-x2,routing,latency_aware,false,10,goodput,55.652879,0.17574621
r-steady90-short,warmup-x2,routing,latency_aware,false,10,ttft_p95,0.13053963,0.005960038
r-steady90-short,warmup-x2,routing,latency_aware,false,10,ttft_p99,0.27420404,0.079230666
r-steady90-short,warmup-x2,routing,latency_aware,false,10,tpot_p95,0.029848693,0.00021755998
r-steady90-short,warmup-x2,routing,latency_aware,false,10,e2e_p95,23.155145,0.2843778
r-steady90-short,warmup-x2,routing,latency_aware,false,10,gpu_hours,0.73333333,0
r-steady90-short,warmup-x2,routing,latency_aware,false,10,utilization,0.94532881,0.0012961397
r-steady90-short,warmup-x2,routing,latency_aware,false,10,kv_occupancy,0.16406861,0.0021792086
r-steady90-short,warmup-x2,routing,latency_aware,false,10,rejected_rate,0,0
r-steady90-short,warmup-x2,routing,latency_aware,false,10,failed_rate,0,0
r-steady90-short,warmup-x2,routing,latency_aware,false,10,timed_out_rate,0,0
r-steady90-short,warmup-x2,routing,latency_aware,false,10,unfinished_rate,0,0
r-steady90-short,warmup-x2,routing,latency_aware,false,10,retries,0,0
r-steady90-short,warmup-x2,routing,latency_aware,false,10,preemptions,0,0
r-steady90-short,warmup-x2,routing,latency_aware,false,10,scale_actions,0,0
r-steady90-short,warmup-x2,routing,latency_aware,false,10,router_q_p95,0,0
r-steady90-short,warmup-x2,routing,latency_aware,false,10,replica_q_p95,0.054044774,0.0030810431
r-steady90-short,warmup-x2,routing,queue_aware,false,10,J,1.7713646,0.018305916
r-steady90-short,warmup-x2,routing,queue_aware,false,10,violation_rate,0.00083297012,0.00056745898
r-steady90-short,warmup-x2,routing,queue_aware,false,10,goodput,55.608485,0.17884266
r-steady90-short,warmup-x2,routing,queue_aware,false,10,ttft_p95,0.65915298,0.033409265
r-steady90-short,warmup-x2,routing,queue_aware,false,10,ttft_p99,1.2338505,0.078814103
r-steady90-short,warmup-x2,routing,queue_aware,false,10,tpot_p95,0.043762325,0.000268231
r-steady90-short,warmup-x2,routing,queue_aware,false,10,e2e_p95,23.223632,0.29603144
r-steady90-short,warmup-x2,routing,queue_aware,false,10,gpu_hours,0.73333333,0
r-steady90-short,warmup-x2,routing,queue_aware,false,10,utilization,0.94340983,0.0011870715
r-steady90-short,warmup-x2,routing,queue_aware,false,10,kv_occupancy,0.16455012,0.0022486428
r-steady90-short,warmup-x2,routing,queue_aware,false,10,rejected_rate,0,0
r-steady90-short,warmup-x2,routing,queue_aware,false,10,failed_rate,0,0
r-steady90-short,warmup-x2,routing,queue_aware,false,10,timed_out_rate,0,0
r-steady90-short,warmup-x2,routing,queue_aware,false,10,unfinished_rate,0,0
r-steady90-short,warmup-x2,routing,queue_aware,false,10,retries,0,0
r-steady90-short,warmup-x2,routing,queue_aware,false,10,preemptions,0,0
r-steady90-short,warmup-x2,routing,queue_aware,false,10,scale_actions,0,0
r-steady90-short,warmup-x2,routing,queue_aware,false,10,router_q_p95,0,0
r-steady90-short,warmup-x2,routing,queue_aware,false,10,replica_q_p95,0.60121532,0.03801501
r-steady90-short,warmup-x2,routing,queue_aware_corrected,false,10,J,1.334468,0.0023028171
r-steady90-short,warmup-x2,routing,queue_aware_corrected,false,10,violation_rate,0,0
r-steady90-short,warmup-x2,routing,queue_aware_corrected,false,10,goodput,55.654848,0.17701566
r-steady90-short,warmup-x2,routing,queue_aware_corrected,false,10,ttft_p95,0.094560645,0.00090393548
r-steady90-short,warmup-x2,routing,queue_aware_corrected,false,10,ttft_p99,0.17405393,0.0017647041
r-steady90-short,warmup-x2,routing,queue_aware_corrected,false,10,tpot_p95,0.028718769,0.00020414742
r-steady90-short,warmup-x2,routing,queue_aware_corrected,false,10,e2e_p95,23.046481,0.31082902
r-steady90-short,warmup-x2,routing,queue_aware_corrected,false,10,gpu_hours,0.73333333,0
r-steady90-short,warmup-x2,routing,queue_aware_corrected,false,10,utilization,0.94556828,0.00089103717
r-steady90-short,warmup-x2,routing,queue_aware_corrected,false,10,kv_occupancy,0.16376051,0.0022738898
r-steady90-short,warmup-x2,routing,queue_aware_corrected,false,10,rejected_rate,0,0
r-steady90-short,warmup-x2,routing,queue_aware_corrected,false,10,failed_rate,0,0
r-steady90-short,warmup-x2,routing,queue_aware_corrected,false,10,timed_out_rate,0,0
r-steady90-short,warmup-x2,routing,queue_aware_corrected,false,10,unfinished_rate,0,0
r-steady90-short,warmup-x2,routing,queue_aware_corrected,false,10,retries,0,0
r-steady90-short,warmup-x2,routing,queue_aware_corrected,false,10,preemptions,0,0
r-steady90-short,warmup-x2,routing,queue_aware_corrected,false,10,scale_actions,0,0
r-steady90-short,warmup-x2,routing,queue_aware_corrected,false,10,router_q_p95,0,0
r-steady90-short,warmup-x2,routing,queue_aware_corrected,false,10,replica_q_p95,0.033836666,0.00026966313
r-steady90-short,warmup-x2,routing,capacity_weighted,false,10,J,2.2209225,0.55580067
r-steady90-short,warmup-x2,routing,capacity_weighted,false,10,violation_rate,0.028822503,0.021483849
r-steady90-short,warmup-x2,routing,capacity_weighted,false,10,goodput,54.049091,1.1679281
r-steady90-short,warmup-x2,routing,capacity_weighted,false,10,ttft_p95,1.5359143,0.89663885
r-steady90-short,warmup-x2,routing,capacity_weighted,false,10,ttft_p99,2.9252181,1.0726735
r-steady90-short,warmup-x2,routing,capacity_weighted,false,10,tpot_p95,0.030885283,0.00021611806
r-steady90-short,warmup-x2,routing,capacity_weighted,false,10,e2e_p95,23.75938,0.37151465
r-steady90-short,warmup-x2,routing,capacity_weighted,false,10,gpu_hours,0.73333333,0
r-steady90-short,warmup-x2,routing,capacity_weighted,false,10,utilization,0.94586695,0.00096411652
r-steady90-short,warmup-x2,routing,capacity_weighted,false,10,kv_occupancy,0.16684873,0.0023190921
r-steady90-short,warmup-x2,routing,capacity_weighted,false,10,rejected_rate,0,0
r-steady90-short,warmup-x2,routing,capacity_weighted,false,10,failed_rate,0,0
r-steady90-short,warmup-x2,routing,capacity_weighted,false,10,timed_out_rate,0,0
r-steady90-short,warmup-x2,routing,capacity_weighted,false,10,unfinished_rate,0,0
r-steady90-short,warmup-x2,routing,capacity_weighted,false,10,retries,0,0
r-steady90-short,warmup-x2,routing,capacity_weighted,false,10,preemptions,0,0
r-steady90-short,warmup-x2,routing,capacity_weighted,false,10,scale_actions,0,0
r-steady90-short,warmup-x2,routing,capacity_weighted,false,10,router_q_p95,0,0
r-steady90-short,warmup-x2,routing,capacity_weighted,false,10,replica_q_p95,1.4903033,0.90115254
r-steady90-short,warmup-x2,routing,oracle_jsq,true,10,J,1.3619211,0.0042865264
r-steady90-short,warmup-x2,routing,oracle_jsq,true,10,violation_rate,0,0
r-steady90-short,warmup-x2,routing,oracle_jsq,true,10,goodput,55.654848,0.17701566
r-steady90-short,warmup-x2,routing,oracle_jsq,true,10,ttft_p95,0.11281543,0.0057858011
r-steady90-short,warmup-x2,routing,oracle_jsq,true,10,ttft_p99,0.25667088,0.046783824
r-steady90-short,warmup-x2,routing,oracle_jsq,true,10,tpot_p95,0.030551337,0.00016177368
r-steady90-short,warmup-x2,routing,oracle_jsq,true,10,e2e_p95,23.164007,0.31654236
r-steady90-short,warmup-x2,routing,oracle_jsq,true,10,gpu_hours,0.73333333,0
r-steady90-short,warmup-x2,routing,oracle_jsq,true,10,utilization,0.94597673,0.00095432518
r-steady90-short,warmup-x2,routing,oracle_jsq,true,10,kv_occupancy,0.16440956,0.0022671665
r-steady90-short,warmup-x2,routing,oracle_jsq,true,10,rejected_rate,0,0
r-steady90-short,warmup-x2,routing,oracle_jsq,true,10,failed_rate,0,0
r-steady90-short,warmup-x2,routing,oracle_jsq,true,10,timed_out_rate,0,0
r-steady90-short,warmup-x2,routing,oracle_jsq,true,10,unfinished_rate,0,0
r-steady90-short,warmup-x2,routing,oracle_jsq,true,10,retries,0,0
r-steady90-short,warmup-x2,routing,oracle_jsq,true,10,preemptions,0,0
r-steady90-short,warmup-x2,routing,oracle_jsq,true,10,scale_actions,0,0
r-steady90-short,warmup-x2,routing,oracle_jsq,true,10,router_q_p95,0,0
r-steady90-short,warmup-x2,routing,oracle_jsq,true,10,replica_q_p95,0.044013314,0.0023948674
r-steady90-short,scrape-0.25s,routing,random,false,10,J,1.3969373,0.022733396
r-steady90-short,scrape-0.25s,routing,random,false,10,violation_rate,0.00082760327,0.0012773062
r-steady90-short,scrape-0.25s,routing,random,false,10,goodput,55.608636,0.16360161
r-steady90-short,scrape-0.25s,routing,random,false,10,ttft_p95,0.18066694,0.033586725
r-steady90-short,scrape-0.25s,routing,random,false,10,ttft_p99,0.74358329,0.33734724
r-steady90-short,scrape-0.25s,routing,random,false,10,tpot_p95,0.030246577,0.00022791852
r-steady90-short,scrape-0.25s,routing,random,false,10,e2e_p95,23.251369,0.32826828
r-steady90-short,scrape-0.25s,routing,random,false,10,gpu_hours,0.73333333,0
r-steady90-short,scrape-0.25s,routing,random,false,10,utilization,0.94595544,0.00092356585
r-steady90-short,scrape-0.25s,routing,random,false,10,kv_occupancy,0.16503759,0.0023728052
r-steady90-short,scrape-0.25s,routing,random,false,10,rejected_rate,0,0
r-steady90-short,scrape-0.25s,routing,random,false,10,failed_rate,0,0
r-steady90-short,scrape-0.25s,routing,random,false,10,timed_out_rate,0,0
r-steady90-short,scrape-0.25s,routing,random,false,10,unfinished_rate,0,0
r-steady90-short,scrape-0.25s,routing,random,false,10,retries,0,0
r-steady90-short,scrape-0.25s,routing,random,false,10,preemptions,0,0
r-steady90-short,scrape-0.25s,routing,random,false,10,scale_actions,0,0
r-steady90-short,scrape-0.25s,routing,random,false,10,router_q_p95,0,0
r-steady90-short,scrape-0.25s,routing,random,false,10,replica_q_p95,0.096428324,0.038349094
r-steady90-short,scrape-0.25s,routing,round_robin,false,10,J,1.3427421,0.004159602
r-steady90-short,scrape-0.25s,routing,round_robin,false,10,violation_rate,0,0
r-steady90-short,scrape-0.25s,routing,round_robin,false,10,goodput,55.654848,0.17701566
r-steady90-short,scrape-0.25s,routing,round_robin,false,10,ttft_p95,0.098987752,0.0038089072
r-steady90-short,scrape-0.25s,routing,round_robin,false,10,ttft_p99,0.19915072,0.018370918
r-steady90-short,scrape-0.25s,routing,round_robin,false,10,tpot_p95,0.029324819,0.0002500394
r-steady90-short,scrape-0.25s,routing,round_robin,false,10,e2e_p95,23.184117,0.26768352
r-steady90-short,scrape-0.25s,routing,round_robin,false,10,gpu_hours,0.73333333,0
r-steady90-short,scrape-0.25s,routing,round_robin,false,10,utilization,0.94564653,0.0010489417
r-steady90-short,scrape-0.25s,routing,round_robin,false,10,kv_occupancy,0.16440629,0.0022825617
r-steady90-short,scrape-0.25s,routing,round_robin,false,10,rejected_rate,0,0
r-steady90-short,scrape-0.25s,routing,round_robin,false,10,failed_rate,0,0
r-steady90-short,scrape-0.25s,routing,round_robin,false,10,timed_out_rate,0,0
r-steady90-short,scrape-0.25s,routing,round_robin,false,10,unfinished_rate,0,0
r-steady90-short,scrape-0.25s,routing,round_robin,false,10,retries,0,0
r-steady90-short,scrape-0.25s,routing,round_robin,false,10,preemptions,0,0
r-steady90-short,scrape-0.25s,routing,round_robin,false,10,scale_actions,0,0
r-steady90-short,scrape-0.25s,routing,round_robin,false,10,router_q_p95,0,0
r-steady90-short,scrape-0.25s,routing,round_robin,false,10,replica_q_p95,0.035174675,0.0013714493
r-steady90-short,scrape-0.25s,routing,least_outstanding,false,10,J,1.3412068,0.0020783205
r-steady90-short,scrape-0.25s,routing,least_outstanding,false,10,violation_rate,0,0
r-steady90-short,scrape-0.25s,routing,least_outstanding,false,10,goodput,55.654848,0.17701566
r-steady90-short,scrape-0.25s,routing,least_outstanding,false,10,ttft_p95,0.11075882,0.0008526097
r-steady90-short,scrape-0.25s,routing,least_outstanding,false,10,ttft_p99,0.18116177,0.0018744968
r-steady90-short,scrape-0.25s,routing,least_outstanding,false,10,tpot_p95,0.028582744,0.00018747889
r-steady90-short,scrape-0.25s,routing,least_outstanding,false,10,e2e_p95,22.996364,0.29259212
r-steady90-short,scrape-0.25s,routing,least_outstanding,false,10,gpu_hours,0.73333333,0
r-steady90-short,scrape-0.25s,routing,least_outstanding,false,10,utilization,0.94534377,0.00086467768
r-steady90-short,scrape-0.25s,routing,least_outstanding,false,10,kv_occupancy,0.16327331,0.0022586027
r-steady90-short,scrape-0.25s,routing,least_outstanding,false,10,rejected_rate,0,0
r-steady90-short,scrape-0.25s,routing,least_outstanding,false,10,failed_rate,0,0
r-steady90-short,scrape-0.25s,routing,least_outstanding,false,10,timed_out_rate,0,0
r-steady90-short,scrape-0.25s,routing,least_outstanding,false,10,unfinished_rate,0,0
r-steady90-short,scrape-0.25s,routing,least_outstanding,false,10,retries,0,0
r-steady90-short,scrape-0.25s,routing,least_outstanding,false,10,preemptions,0,0
r-steady90-short,scrape-0.25s,routing,least_outstanding,false,10,scale_actions,0,0
r-steady90-short,scrape-0.25s,routing,least_outstanding,false,10,router_q_p95,0,0
r-steady90-short,scrape-0.25s,routing,least_outstanding,false,10,replica_q_p95,0.044482923,0.0003767825
r-steady90-short,scrape-0.25s,routing,power_of_two,false,10,J,1.3459107,0.0024470219
r-steady90-short,scrape-0.25s,routing,power_of_two,false,10,violation_rate,0,0
r-steady90-short,scrape-0.25s,routing,power_of_two,false,10,goodput,55.654848,0.17701566
r-steady90-short,scrape-0.25s,routing,power_of_two,false,10,ttft_p95,0.11949424,0.0014529142
r-steady90-short,scrape-0.25s,routing,power_of_two,false,10,ttft_p99,0.19086558,0.0026974717
r-steady90-short,scrape-0.25s,routing,power_of_two,false,10,tpot_p95,0.028616363,0.00019530413
r-steady90-short,scrape-0.25s,routing,power_of_two,false,10,e2e_p95,23.03174,0.29540007
r-steady90-short,scrape-0.25s,routing,power_of_two,false,10,gpu_hours,0.73333333,0
r-steady90-short,scrape-0.25s,routing,power_of_two,false,10,utilization,0.94555261,0.0010532191
r-steady90-short,scrape-0.25s,routing,power_of_two,false,10,kv_occupancy,0.16329159,0.0022687233
r-steady90-short,scrape-0.25s,routing,power_of_two,false,10,rejected_rate,0,0
r-steady90-short,scrape-0.25s,routing,power_of_two,false,10,failed_rate,0,0
r-steady90-short,scrape-0.25s,routing,power_of_two,false,10,timed_out_rate,0,0
r-steady90-short,scrape-0.25s,routing,power_of_two,false,10,unfinished_rate,0,0
r-steady90-short,scrape-0.25s,routing,power_of_two,false,10,retries,0,0
r-steady90-short,scrape-0.25s,routing,power_of_two,false,10,preemptions,0,0
r-steady90-short,scrape-0.25s,routing,power_of_two,false,10,scale_actions,0,0
r-steady90-short,scrape-0.25s,routing,power_of_two,false,10,router_q_p95,0,0
r-steady90-short,scrape-0.25s,routing,power_of_two,false,10,replica_q_p95,0.046025802,0.00049989184
r-steady90-short,scrape-0.25s,routing,latency_aware,false,10,J,1.363933,0.0050796065
r-steady90-short,scrape-0.25s,routing,latency_aware,false,10,violation_rate,3.5259018e-05,7.9761441e-05
r-steady90-short,scrape-0.25s,routing,latency_aware,false,10,goodput,55.652879,0.17574621
r-steady90-short,scrape-0.25s,routing,latency_aware,false,10,ttft_p95,0.13053963,0.005960038
r-steady90-short,scrape-0.25s,routing,latency_aware,false,10,ttft_p99,0.27420404,0.079230666
r-steady90-short,scrape-0.25s,routing,latency_aware,false,10,tpot_p95,0.029848693,0.00021755998
r-steady90-short,scrape-0.25s,routing,latency_aware,false,10,e2e_p95,23.155145,0.2843778
r-steady90-short,scrape-0.25s,routing,latency_aware,false,10,gpu_hours,0.73333333,0
r-steady90-short,scrape-0.25s,routing,latency_aware,false,10,utilization,0.94532881,0.0012961397
r-steady90-short,scrape-0.25s,routing,latency_aware,false,10,kv_occupancy,0.16406861,0.0021792086
r-steady90-short,scrape-0.25s,routing,latency_aware,false,10,rejected_rate,0,0
r-steady90-short,scrape-0.25s,routing,latency_aware,false,10,failed_rate,0,0
r-steady90-short,scrape-0.25s,routing,latency_aware,false,10,timed_out_rate,0,0
r-steady90-short,scrape-0.25s,routing,latency_aware,false,10,unfinished_rate,0,0
r-steady90-short,scrape-0.25s,routing,latency_aware,false,10,retries,0,0
r-steady90-short,scrape-0.25s,routing,latency_aware,false,10,preemptions,0,0
r-steady90-short,scrape-0.25s,routing,latency_aware,false,10,scale_actions,0,0
r-steady90-short,scrape-0.25s,routing,latency_aware,false,10,router_q_p95,0,0
r-steady90-short,scrape-0.25s,routing,latency_aware,false,10,replica_q_p95,0.054044774,0.0030810431
r-steady90-short,scrape-0.25s,routing,queue_aware,false,10,J,1.4335196,0.0027954847
r-steady90-short,scrape-0.25s,routing,queue_aware,false,10,violation_rate,0,0
r-steady90-short,scrape-0.25s,routing,queue_aware,false,10,goodput,55.654848,0.17701566
r-steady90-short,scrape-0.25s,routing,queue_aware,false,10,ttft_p95,0.26602387,0.0039019672
r-steady90-short,scrape-0.25s,routing,queue_aware,false,10,ttft_p99,0.3668942,0.010266381
r-steady90-short,scrape-0.25s,routing,queue_aware,false,10,tpot_p95,0.030050764,0.00015559919
r-steady90-short,scrape-0.25s,routing,queue_aware,false,10,e2e_p95,23.040863,0.28339108
r-steady90-short,scrape-0.25s,routing,queue_aware,false,10,gpu_hours,0.73333333,0
r-steady90-short,scrape-0.25s,routing,queue_aware,false,10,utilization,0.94450413,0.00096782296
r-steady90-short,scrape-0.25s,routing,queue_aware,false,10,kv_occupancy,0.16320509,0.0022606219
r-steady90-short,scrape-0.25s,routing,queue_aware,false,10,rejected_rate,0,0
r-steady90-short,scrape-0.25s,routing,queue_aware,false,10,failed_rate,0,0
r-steady90-short,scrape-0.25s,routing,queue_aware,false,10,timed_out_rate,0,0
r-steady90-short,scrape-0.25s,routing,queue_aware,false,10,unfinished_rate,0,0
r-steady90-short,scrape-0.25s,routing,queue_aware,false,10,retries,0,0
r-steady90-short,scrape-0.25s,routing,queue_aware,false,10,preemptions,0,0
r-steady90-short,scrape-0.25s,routing,queue_aware,false,10,scale_actions,0,0
r-steady90-short,scrape-0.25s,routing,queue_aware,false,10,router_q_p95,0,0
r-steady90-short,scrape-0.25s,routing,queue_aware,false,10,replica_q_p95,0.17040514,0.0036664973
r-steady90-short,scrape-0.25s,routing,queue_aware_corrected,false,10,J,1.333438,0.0020778422
r-steady90-short,scrape-0.25s,routing,queue_aware_corrected,false,10,violation_rate,0,0
r-steady90-short,scrape-0.25s,routing,queue_aware_corrected,false,10,goodput,55.654848,0.17701566
r-steady90-short,scrape-0.25s,routing,queue_aware_corrected,false,10,ttft_p95,0.09734103,0.00080589835
r-steady90-short,scrape-0.25s,routing,queue_aware_corrected,false,10,ttft_p99,0.17462864,0.0012443756
r-steady90-short,scrape-0.25s,routing,queue_aware_corrected,false,10,tpot_p95,0.028476745,0.0001913235
r-steady90-short,scrape-0.25s,routing,queue_aware_corrected,false,10,e2e_p95,23.039131,0.28758998
r-steady90-short,scrape-0.25s,routing,queue_aware_corrected,false,10,gpu_hours,0.73333333,0
r-steady90-short,scrape-0.25s,routing,queue_aware_corrected,false,10,utilization,0.94621362,0.0010662234
r-steady90-short,scrape-0.25s,routing,queue_aware_corrected,false,10,kv_occupancy,0.16334119,0.0022677436
r-steady90-short,scrape-0.25s,routing,queue_aware_corrected,false,10,rejected_rate,0,0
r-steady90-short,scrape-0.25s,routing,queue_aware_corrected,false,10,failed_rate,0,0
r-steady90-short,scrape-0.25s,routing,queue_aware_corrected,false,10,timed_out_rate,0,0
r-steady90-short,scrape-0.25s,routing,queue_aware_corrected,false,10,unfinished_rate,0,0
r-steady90-short,scrape-0.25s,routing,queue_aware_corrected,false,10,retries,0,0
r-steady90-short,scrape-0.25s,routing,queue_aware_corrected,false,10,preemptions,0,0
r-steady90-short,scrape-0.25s,routing,queue_aware_corrected,false,10,scale_actions,0,0
r-steady90-short,scrape-0.25s,routing,queue_aware_corrected,false,10,router_q_p95,0,0
r-steady90-short,scrape-0.25s,routing,queue_aware_corrected,false,10,replica_q_p95,0.035548808,0.000328643
r-steady90-short,scrape-0.25s,routing,capacity_weighted,false,10,J,5.3285111,1.303031
r-steady90-short,scrape-0.25s,routing,capacity_weighted,false,10,violation_rate,0.19629089,0.073346872
r-steady90-short,scrape-0.25s,routing,capacity_weighted,false,10,goodput,44.731212,4.0991185
r-steady90-short,scrape-0.25s,routing,capacity_weighted,false,10,ttft_p95,6.0621963,1.9987949
r-steady90-short,scrape-0.25s,routing,capacity_weighted,false,10,ttft_p99,8.5451598,2.4890914
r-steady90-short,scrape-0.25s,routing,capacity_weighted,false,10,tpot_p95,0.031595846,0.00022079733
r-steady90-short,scrape-0.25s,routing,capacity_weighted,false,10,e2e_p95,25.754851,0.88832764
r-steady90-short,scrape-0.25s,routing,capacity_weighted,false,10,gpu_hours,0.73333333,0
r-steady90-short,scrape-0.25s,routing,capacity_weighted,false,10,utilization,0.9487715,0.0023958908
r-steady90-short,scrape-0.25s,routing,capacity_weighted,false,10,kv_occupancy,0.16955352,0.0017314453
r-steady90-short,scrape-0.25s,routing,capacity_weighted,false,10,rejected_rate,0,0
r-steady90-short,scrape-0.25s,routing,capacity_weighted,false,10,failed_rate,0,0
r-steady90-short,scrape-0.25s,routing,capacity_weighted,false,10,timed_out_rate,0,0
r-steady90-short,scrape-0.25s,routing,capacity_weighted,false,10,unfinished_rate,0,0
r-steady90-short,scrape-0.25s,routing,capacity_weighted,false,10,retries,0,0
r-steady90-short,scrape-0.25s,routing,capacity_weighted,false,10,preemptions,0,0
r-steady90-short,scrape-0.25s,routing,capacity_weighted,false,10,scale_actions,0,0
r-steady90-short,scrape-0.25s,routing,capacity_weighted,false,10,router_q_p95,0,0
r-steady90-short,scrape-0.25s,routing,capacity_weighted,false,10,replica_q_p95,6.0169492,1.9957732
r-steady90-short,scrape-0.25s,routing,oracle_jsq,true,10,J,1.3619211,0.0042865264
r-steady90-short,scrape-0.25s,routing,oracle_jsq,true,10,violation_rate,0,0
r-steady90-short,scrape-0.25s,routing,oracle_jsq,true,10,goodput,55.654848,0.17701566
r-steady90-short,scrape-0.25s,routing,oracle_jsq,true,10,ttft_p95,0.11281543,0.0057858011
r-steady90-short,scrape-0.25s,routing,oracle_jsq,true,10,ttft_p99,0.25667088,0.046783824
r-steady90-short,scrape-0.25s,routing,oracle_jsq,true,10,tpot_p95,0.030551337,0.00016177368
r-steady90-short,scrape-0.25s,routing,oracle_jsq,true,10,e2e_p95,23.164007,0.31654236
r-steady90-short,scrape-0.25s,routing,oracle_jsq,true,10,gpu_hours,0.73333333,0
r-steady90-short,scrape-0.25s,routing,oracle_jsq,true,10,utilization,0.94597673,0.00095432518
r-steady90-short,scrape-0.25s,routing,oracle_jsq,true,10,kv_occupancy,0.16440956,0.0022671665
r-steady90-short,scrape-0.25s,routing,oracle_jsq,true,10,rejected_rate,0,0
r-steady90-short,scrape-0.25s,routing,oracle_jsq,true,10,failed_rate,0,0
r-steady90-short,scrape-0.25s,routing,oracle_jsq,true,10,timed_out_rate,0,0
r-steady90-short,scrape-0.25s,routing,oracle_jsq,true,10,unfinished_rate,0,0
r-steady90-short,scrape-0.25s,routing,oracle_jsq,true,10,retries,0,0
r-steady90-short,scrape-0.25s,routing,oracle_jsq,true,10,preemptions,0,0
r-steady90-short,scrape-0.25s,routing,oracle_jsq,true,10,scale_actions,0,0
r-steady90-short,scrape-0.25s,routing,oracle_jsq,true,10,router_q_p95,0,0
r-steady90-short,scrape-0.25s,routing,oracle_jsq,true,10,replica_q_p95,0.044013314,0.0023948674
r-steady90-short,scrape-5s,routing,random,false,10,J,1.3969373,0.022733396
r-steady90-short,scrape-5s,routing,random,false,10,violation_rate,0.00082760327,0.0012773062
r-steady90-short,scrape-5s,routing,random,false,10,goodput,55.608636,0.16360161
r-steady90-short,scrape-5s,routing,random,false,10,ttft_p95,0.18066694,0.033586725
r-steady90-short,scrape-5s,routing,random,false,10,ttft_p99,0.74358329,0.33734724
r-steady90-short,scrape-5s,routing,random,false,10,tpot_p95,0.030246577,0.00022791852
r-steady90-short,scrape-5s,routing,random,false,10,e2e_p95,23.251369,0.32826828
r-steady90-short,scrape-5s,routing,random,false,10,gpu_hours,0.73333333,0
r-steady90-short,scrape-5s,routing,random,false,10,utilization,0.94595544,0.00092356585
r-steady90-short,scrape-5s,routing,random,false,10,kv_occupancy,0.16503759,0.0023728052
r-steady90-short,scrape-5s,routing,random,false,10,rejected_rate,0,0
r-steady90-short,scrape-5s,routing,random,false,10,failed_rate,0,0
r-steady90-short,scrape-5s,routing,random,false,10,timed_out_rate,0,0
r-steady90-short,scrape-5s,routing,random,false,10,unfinished_rate,0,0
r-steady90-short,scrape-5s,routing,random,false,10,retries,0,0
r-steady90-short,scrape-5s,routing,random,false,10,preemptions,0,0
r-steady90-short,scrape-5s,routing,random,false,10,scale_actions,0,0
r-steady90-short,scrape-5s,routing,random,false,10,router_q_p95,0,0
r-steady90-short,scrape-5s,routing,random,false,10,replica_q_p95,0.096428324,0.038349094
r-steady90-short,scrape-5s,routing,round_robin,false,10,J,1.3427421,0.004159602
r-steady90-short,scrape-5s,routing,round_robin,false,10,violation_rate,0,0
r-steady90-short,scrape-5s,routing,round_robin,false,10,goodput,55.654848,0.17701566
r-steady90-short,scrape-5s,routing,round_robin,false,10,ttft_p95,0.098987752,0.0038089072
r-steady90-short,scrape-5s,routing,round_robin,false,10,ttft_p99,0.19915072,0.018370918
r-steady90-short,scrape-5s,routing,round_robin,false,10,tpot_p95,0.029324819,0.0002500394
r-steady90-short,scrape-5s,routing,round_robin,false,10,e2e_p95,23.184117,0.26768352
r-steady90-short,scrape-5s,routing,round_robin,false,10,gpu_hours,0.73333333,0
r-steady90-short,scrape-5s,routing,round_robin,false,10,utilization,0.94564653,0.0010489417
r-steady90-short,scrape-5s,routing,round_robin,false,10,kv_occupancy,0.16440629,0.0022825617
r-steady90-short,scrape-5s,routing,round_robin,false,10,rejected_rate,0,0
r-steady90-short,scrape-5s,routing,round_robin,false,10,failed_rate,0,0
r-steady90-short,scrape-5s,routing,round_robin,false,10,timed_out_rate,0,0
r-steady90-short,scrape-5s,routing,round_robin,false,10,unfinished_rate,0,0
r-steady90-short,scrape-5s,routing,round_robin,false,10,retries,0,0
r-steady90-short,scrape-5s,routing,round_robin,false,10,preemptions,0,0
r-steady90-short,scrape-5s,routing,round_robin,false,10,scale_actions,0,0
r-steady90-short,scrape-5s,routing,round_robin,false,10,router_q_p95,0,0
r-steady90-short,scrape-5s,routing,round_robin,false,10,replica_q_p95,0.035174675,0.0013714493
r-steady90-short,scrape-5s,routing,least_outstanding,false,10,J,1.3412068,0.0020783205
r-steady90-short,scrape-5s,routing,least_outstanding,false,10,violation_rate,0,0
r-steady90-short,scrape-5s,routing,least_outstanding,false,10,goodput,55.654848,0.17701566
r-steady90-short,scrape-5s,routing,least_outstanding,false,10,ttft_p95,0.11075882,0.0008526097
r-steady90-short,scrape-5s,routing,least_outstanding,false,10,ttft_p99,0.18116177,0.0018744968
r-steady90-short,scrape-5s,routing,least_outstanding,false,10,tpot_p95,0.028582744,0.00018747889
r-steady90-short,scrape-5s,routing,least_outstanding,false,10,e2e_p95,22.996364,0.29259212
r-steady90-short,scrape-5s,routing,least_outstanding,false,10,gpu_hours,0.73333333,0
r-steady90-short,scrape-5s,routing,least_outstanding,false,10,utilization,0.94534377,0.00086467768
r-steady90-short,scrape-5s,routing,least_outstanding,false,10,kv_occupancy,0.16327331,0.0022586027
r-steady90-short,scrape-5s,routing,least_outstanding,false,10,rejected_rate,0,0
r-steady90-short,scrape-5s,routing,least_outstanding,false,10,failed_rate,0,0
r-steady90-short,scrape-5s,routing,least_outstanding,false,10,timed_out_rate,0,0
r-steady90-short,scrape-5s,routing,least_outstanding,false,10,unfinished_rate,0,0
r-steady90-short,scrape-5s,routing,least_outstanding,false,10,retries,0,0
r-steady90-short,scrape-5s,routing,least_outstanding,false,10,preemptions,0,0
r-steady90-short,scrape-5s,routing,least_outstanding,false,10,scale_actions,0,0
r-steady90-short,scrape-5s,routing,least_outstanding,false,10,router_q_p95,0,0
r-steady90-short,scrape-5s,routing,least_outstanding,false,10,replica_q_p95,0.044482923,0.0003767825
r-steady90-short,scrape-5s,routing,power_of_two,false,10,J,1.3459107,0.0024470219
r-steady90-short,scrape-5s,routing,power_of_two,false,10,violation_rate,0,0
r-steady90-short,scrape-5s,routing,power_of_two,false,10,goodput,55.654848,0.17701566
r-steady90-short,scrape-5s,routing,power_of_two,false,10,ttft_p95,0.11949424,0.0014529142
r-steady90-short,scrape-5s,routing,power_of_two,false,10,ttft_p99,0.19086558,0.0026974717
r-steady90-short,scrape-5s,routing,power_of_two,false,10,tpot_p95,0.028616363,0.00019530413
r-steady90-short,scrape-5s,routing,power_of_two,false,10,e2e_p95,23.03174,0.29540007
r-steady90-short,scrape-5s,routing,power_of_two,false,10,gpu_hours,0.73333333,0
r-steady90-short,scrape-5s,routing,power_of_two,false,10,utilization,0.94555261,0.0010532191
r-steady90-short,scrape-5s,routing,power_of_two,false,10,kv_occupancy,0.16329159,0.0022687233
r-steady90-short,scrape-5s,routing,power_of_two,false,10,rejected_rate,0,0
r-steady90-short,scrape-5s,routing,power_of_two,false,10,failed_rate,0,0
r-steady90-short,scrape-5s,routing,power_of_two,false,10,timed_out_rate,0,0
r-steady90-short,scrape-5s,routing,power_of_two,false,10,unfinished_rate,0,0
r-steady90-short,scrape-5s,routing,power_of_two,false,10,retries,0,0
r-steady90-short,scrape-5s,routing,power_of_two,false,10,preemptions,0,0
r-steady90-short,scrape-5s,routing,power_of_two,false,10,scale_actions,0,0
r-steady90-short,scrape-5s,routing,power_of_two,false,10,router_q_p95,0,0
r-steady90-short,scrape-5s,routing,power_of_two,false,10,replica_q_p95,0.046025802,0.00049989184
r-steady90-short,scrape-5s,routing,latency_aware,false,10,J,1.363933,0.0050796065
r-steady90-short,scrape-5s,routing,latency_aware,false,10,violation_rate,3.5259018e-05,7.9761441e-05
r-steady90-short,scrape-5s,routing,latency_aware,false,10,goodput,55.652879,0.17574621
r-steady90-short,scrape-5s,routing,latency_aware,false,10,ttft_p95,0.13053963,0.005960038
r-steady90-short,scrape-5s,routing,latency_aware,false,10,ttft_p99,0.27420404,0.079230666
r-steady90-short,scrape-5s,routing,latency_aware,false,10,tpot_p95,0.029848693,0.00021755998
r-steady90-short,scrape-5s,routing,latency_aware,false,10,e2e_p95,23.155145,0.2843778
r-steady90-short,scrape-5s,routing,latency_aware,false,10,gpu_hours,0.73333333,0
r-steady90-short,scrape-5s,routing,latency_aware,false,10,utilization,0.94532881,0.0012961397
r-steady90-short,scrape-5s,routing,latency_aware,false,10,kv_occupancy,0.16406861,0.0021792086
r-steady90-short,scrape-5s,routing,latency_aware,false,10,rejected_rate,0,0
r-steady90-short,scrape-5s,routing,latency_aware,false,10,failed_rate,0,0
r-steady90-short,scrape-5s,routing,latency_aware,false,10,timed_out_rate,0,0
r-steady90-short,scrape-5s,routing,latency_aware,false,10,unfinished_rate,0,0
r-steady90-short,scrape-5s,routing,latency_aware,false,10,retries,0,0
r-steady90-short,scrape-5s,routing,latency_aware,false,10,preemptions,0,0
r-steady90-short,scrape-5s,routing,latency_aware,false,10,scale_actions,0,0
r-steady90-short,scrape-5s,routing,latency_aware,false,10,router_q_p95,0,0
r-steady90-short,scrape-5s,routing,latency_aware,false,10,replica_q_p95,0.054044774,0.0030810431
r-steady90-short,scrape-5s,routing,queue_aware,false,10,J,8.006755,0.11720317
r-steady90-short,scrape-5s,routing,queue_aware,false,10,violation_rate,0.51878824,0.0064196599
r-steady90-short,scrape-5s,routing,queue_aware,false,10,goodput,26.780606,0.31579379
r-steady90-short,scrape-5s,routing,queue_aware,false,10,ttft_p95,7.9601264,0.18538209
r-steady90-short,scrape-5s,routing,queue_aware,false,10,ttft_p99,9.5052001,0.26370447
r-steady90-short,scrape-5s,routing,queue_aware,false,10,tpot_p95,0.043275062,0.0004640168
r-steady90-short,scrape-5s,routing,queue_aware,false,10,e2e_p95,26.915467,0.34525164
r-steady90-short,scrape-5s,routing,queue_aware,false,10,gpu_hours,0.73333333,0
r-steady90-short,scrape-5s,routing,queue_aware,false,10,utilization,0.93728848,0.0014833592
r-steady90-short,scrape-5s,routing,queue_aware,false,10,kv_occupancy,0.17061761,0.0020023055
r-steady90-short,scrape-5s,routing,queue_aware,false,10,rejected_rate,0,0
r-steady90-short,scrape-5s,routing,queue_aware,false,10,failed_rate,0,0
r-steady90-short,scrape-5s,routing,queue_aware,false,10,timed_out_rate,0,0
r-steady90-short,scrape-5s,routing,queue_aware,false,10,unfinished_rate,0,0
r-steady90-short,scrape-5s,routing,queue_aware,false,10,retries,0,0
r-steady90-short,scrape-5s,routing,queue_aware,false,10,preemptions,0,0
r-steady90-short,scrape-5s,routing,queue_aware,false,10,scale_actions,0,0
r-steady90-short,scrape-5s,routing,queue_aware,false,10,router_q_p95,0,0
r-steady90-short,scrape-5s,routing,queue_aware,false,10,replica_q_p95,7.915731,0.18477203
r-steady90-short,scrape-5s,routing,queue_aware_corrected,false,10,J,1.3385955,0.0024177712
r-steady90-short,scrape-5s,routing,queue_aware_corrected,false,10,violation_rate,0,0
r-steady90-short,scrape-5s,routing,queue_aware_corrected,false,10,goodput,55.654848,0.17701566
r-steady90-short,scrape-5s,routing,queue_aware_corrected,false,10,ttft_p95,0.095319769,0.0016419476
r-steady90-short,scrape-5s,routing,queue_aware_corrected,false,10,ttft_p99,0.18000769,0.004883619
r-steady90-short,scrape-5s,routing,queue_aware_corrected,false,10,tpot_p95,0.029093561,0.00016894536
r-steady90-short,scrape-5s,routing,queue_aware_corrected,false,10,e2e_p95,23.119292,0.31359599
r-steady90-short,scrape-5s,routing,queue_aware_corrected,false,10,gpu_hours,0.73333333,0
r-steady90-short,scrape-5s,routing,queue_aware_corrected,false,10,utilization,0.94561578,0.0011876193
r-steady90-short,scrape-5s,routing,queue_aware_corrected,false,10,kv_occupancy,0.16416409,0.0022676269
r-steady90-short,scrape-5s,routing,queue_aware_corrected,false,10,rejected_rate,0,0
r-steady90-short,scrape-5s,routing,queue_aware_corrected,false,10,failed_rate,0,0
r-steady90-short,scrape-5s,routing,queue_aware_corrected,false,10,timed_out_rate,0,0
r-steady90-short,scrape-5s,routing,queue_aware_corrected,false,10,unfinished_rate,0,0
r-steady90-short,scrape-5s,routing,queue_aware_corrected,false,10,retries,0,0
r-steady90-short,scrape-5s,routing,queue_aware_corrected,false,10,preemptions,0,0
r-steady90-short,scrape-5s,routing,queue_aware_corrected,false,10,scale_actions,0,0
r-steady90-short,scrape-5s,routing,queue_aware_corrected,false,10,router_q_p95,0,0
r-steady90-short,scrape-5s,routing,queue_aware_corrected,false,10,replica_q_p95,0.033865103,0.00080147548
r-steady90-short,scrape-5s,routing,capacity_weighted,false,10,J,1.4701629,0.14390401
r-steady90-short,scrape-5s,routing,capacity_weighted,false,10,violation_rate,0.0036406206,0.0059976032
r-steady90-short,scrape-5s,routing,capacity_weighted,false,10,goodput,55.451515,0.31331232
r-steady90-short,scrape-5s,routing,capacity_weighted,false,10,ttft_p95,0.30195182,0.22824893
r-steady90-short,scrape-5s,routing,capacity_weighted,false,10,ttft_p99,1.1828001,0.51542424
r-steady90-short,scrape-5s,routing,capacity_weighted,false,10,tpot_p95,0.030098384,0.000266766
r-steady90-short,scrape-5s,routing,capacity_weighted,false,10,e2e_p95,23.362529,0.30832114
r-steady90-short,scrape-5s,routing,capacity_weighted,false,10,gpu_hours,0.73333333,0
r-steady90-short,scrape-5s,routing,capacity_weighted,false,10,utilization,0.94637046,0.0012581383
r-steady90-short,scrape-5s,routing,capacity_weighted,false,10,kv_occupancy,0.16510709,0.002268311
r-steady90-short,scrape-5s,routing,capacity_weighted,false,10,rejected_rate,0,0
r-steady90-short,scrape-5s,routing,capacity_weighted,false,10,failed_rate,0,0
r-steady90-short,scrape-5s,routing,capacity_weighted,false,10,timed_out_rate,0,0
r-steady90-short,scrape-5s,routing,capacity_weighted,false,10,unfinished_rate,0,0
r-steady90-short,scrape-5s,routing,capacity_weighted,false,10,retries,0,0
r-steady90-short,scrape-5s,routing,capacity_weighted,false,10,preemptions,0,0
r-steady90-short,scrape-5s,routing,capacity_weighted,false,10,scale_actions,0,0
r-steady90-short,scrape-5s,routing,capacity_weighted,false,10,router_q_p95,0,0
r-steady90-short,scrape-5s,routing,capacity_weighted,false,10,replica_q_p95,0.2250742,0.23910429
r-steady90-short,scrape-5s,routing,oracle_jsq,true,10,J,1.3619211,0.0042865264
r-steady90-short,scrape-5s,routing,oracle_jsq,true,10,violation_rate,0,0
r-steady90-short,scrape-5s,routing,oracle_jsq,true,10,goodput,55.654848,0.17701566
r-steady90-short,scrape-5s,routing,oracle_jsq,true,10,ttft_p95,0.11281543,0.0057858011
r-steady90-short,scrape-5s,routing,oracle_jsq,true,10,ttft_p99,0.25667088,0.046783824
r-steady90-short,scrape-5s,routing,oracle_jsq,true,10,tpot_p95,0.030551337,0.00016177368
r-steady90-short,scrape-5s,routing,oracle_jsq,true,10,e2e_p95,23.164007,0.31654236
r-steady90-short,scrape-5s,routing,oracle_jsq,true,10,gpu_hours,0.73333333,0
r-steady90-short,scrape-5s,routing,oracle_jsq,true,10,utilization,0.94597673,0.00095432518
r-steady90-short,scrape-5s,routing,oracle_jsq,true,10,kv_occupancy,0.16440956,0.0022671665
r-steady90-short,scrape-5s,routing,oracle_jsq,true,10,rejected_rate,0,0
r-steady90-short,scrape-5s,routing,oracle_jsq,true,10,failed_rate,0,0
r-steady90-short,scrape-5s,routing,oracle_jsq,true,10,timed_out_rate,0,0
r-steady90-short,scrape-5s,routing,oracle_jsq,true,10,unfinished_rate,0,0
r-steady90-short,scrape-5s,routing,oracle_jsq,true,10,retries,0,0
r-steady90-short,scrape-5s,routing,oracle_jsq,true,10,preemptions,0,0
r-steady90-short,scrape-5s,routing,oracle_jsq,true,10,scale_actions,0,0
r-steady90-short,scrape-5s,routing,oracle_jsq,true,10,router_q_p95,0,0
r-steady90-short,scrape-5s,routing,oracle_jsq,true,10,replica_q_p95,0.044013314,0.0023948674
r-steady90-short,tail-light,routing,random,false,10,J,1.286642,0.0021328593
r-steady90-short,tail-light,routing,random,false,10,violation_rate,0,0
r-steady90-short,tail-light,routing,random,false,10,goodput,55.654848,0.17701566
r-steady90-short,tail-light,routing,random,false,10,ttft_p95,0.11196594,0.0012290269
r-steady90-short,tail-light,routing,random,false,10,ttft_p99,0.18251941,0.0029274874
r-steady90-short,tail-light,routing,random,false,10,tpot_p95,0.023065902,0.00016249927
r-steady90-short,tail-light,routing,random,false,10,e2e_p95,9.2828029,0.053360951
r-steady90-short,tail-light,routing,random,false,10,gpu_hours,0.73333333,0
r-steady90-short,tail-light,routing,random,false,10,utilization,0.92487461,0.0012607647
r-steady90-short,tail-light,routing,random,false,10,kv_occupancy,0.067653769,0.00055218916
r-steady90-short,tail-light,routing,random,false,10,rejected_rate,0,0
r-steady90-short,tail-light,routing,random,false,10,failed_rate,0,0
r-steady90-short,tail-light,routing,random,false,10,timed_out_rate,0,0
r-steady90-short,tail-light,routing,random,false,10,unfinished_rate,0,0
r-steady90-short,tail-light,routing,random,false,10,retries,0,0
r-steady90-short,tail-light,routing,random,false,10,preemptions,0,0
r-steady90-short,tail-light,routing,random,false,10,scale_actions,0,0
r-steady90-short,tail-light,routing,random,false,10,router_q_p95,0,0
r-steady90-short,tail-light,routing,random,false,10,replica_q_p95,0.042374037,0.00040917204
r-steady90-short,tail-light,routing,round_robin,false,10,J,1.2615565,0.0010260807
r-steady90-short,tail-light,routing,round_robin,false,10,violation_rate,0,0
r-steady90-short,tail-light,routing,round_robin,false,10,goodput,55.654848,0.17701566
r-steady90-short,tail-light,routing,round_robin,false,10,ttft_p95,0.08064653,0.00056388002
r-steady90-short,tail-light,routing,round_robin,false,10,ttft_p99,0.1570465,0.0015445732
r-steady90-short,tail-light,routing,round_robin,false,10,tpot_p95,0.022123327,7.8789777e-05
r-steady90-short,tail-light,routing,round_robin,false,10,e2e_p95,9.2328767,0.050231765
r-steady90-short,tail-light,routing,round_robin,false,10,gpu_hours,0.73333333,0
r-steady90-short,tail-light,routing,round_robin,false,10,utilization,0.92469468,0.0013581672
r-steady90-short,tail-light,routing,round_robin,false,10,kv_occupancy,0.067212843,0.00051022467
r-steady90-short,tail-light,routing,round_robin,false,10,rejected_rate,0,0
r-steady90-short,tail-light,routing,round_robin,false,10,failed_rate,0,0
r-steady90-short,tail-light,routing,round_robin,false,10,timed_out_rate,0,0
r-steady90-short,tail-light,routing,round_robin,false,10,unfinished_rate,0,0
r-steady90-short,tail-light,routing,round_robin,false,10,retries,0,0
r-steady90-short,tail-light,routing,round_robin,false,10,preemptions,0,0
r-steady90-short,tail-light,routing,round_robin,false,10,scale_actions,0,0
r-steady90-short,tail-light,routing,round_robin,false,10,router_q_p95,0,0
r-steady90-short,tail-light,routing,round_robin,false,10,replica_q_p95,0.025271388,0.0003804174
r-steady90-short,tail-light,routing,least_outstanding,false,10,J,1.264054,0.0011245754
r-steady90-short,tail-light,routing,least_outstanding,false,10,violation_rate,0,0
r-steady90-short,tail-light,routing,least_outstanding,false,10,goodput,55.654848,0.17701566
r-steady90-short,tail-light,routing,least_outstanding,false,10,ttft_p95,0.094548467,0.00075224662
r-steady90-short,tail-light,routing,least_outstanding,false,10,ttft_p99,0.16460757,0.0025758888
r-steady90-short,tail-light,routing,least_outstanding,false,10,tpot_p95,0.021677979,8.3109108e-05
r-steady90-short,tail-light,routing,least_outstanding,false,10,e2e_p95,9.1608321,0.058760046
r-steady90-short,tail-light,routing,least_outstanding,false,10,gpu_hours,0.73333333,0
r-steady90-short,tail-light,routing,least_outstanding,false,10,utilization,0.92483778,0.0015017447
r-steady90-short,tail-light,routing,least_outstanding,false,10,kv_occupancy,0.066722252,0.00050412187
r-steady90-short,tail-light,routing,least_outstanding,false,10,rejected_rate,0,0
r-steady90-short,tail-light,routing,least_outstanding,false,10,failed_rate,0,0
r-steady90-short,tail-light,routing,least_outstanding,false,10,timed_out_rate,0,0
r-steady90-short,tail-light,routing,least_outstanding,false,10,unfinished_rate,0,0
r-steady90-short,tail-light,routing,least_outstanding,false,10,retries,0,0
r-steady90-short,tail-light,routing,least_outstanding,false,10,preemptions,0,0
r-steady90-short,tail-light,routing,least_outstanding,false,10,scale_actions,0,0
r-steady90-short,tail-light,routing,least_outstanding,false,10,router_q_p95,0,0
r-steady90-short,tail-light,routing,least_outstanding,false,10,replica_q_p95,0.037035508,0.00050590711
r-steady90-short,tail-light,routing,power_of_two,false,10,J,1.2689215,0.00093214571
r-steady90-short,tail-light,routing,power_of_two,false,10,violation_rate,0,0
r-steady90-short,tail-light,routing,power_of_two,false,10,goodput,55.654848,0.17701566
r-steady90-short,tail-light,routing,power_of_two,false,10,ttft_p95,0.10380371,0.0012323465
r-steady90-short,tail-light,routing,power_of_two,false,10,ttft_p99,0.17143177,0.0015484191
r-steady90-short,tail-light,routing,power_of_two,false,10,tpot_p95,0.02170196,5.799616e-05
r-steady90-short,tail-light,routing,power_of_two,false,10,e2e_p95,9.1593823,0.060737143
r-steady90-short,tail-light,routing,power_of_two,false,10,gpu_hours,0.73333333,0
r-steady90-short,tail-light,routing,power_of_two,false,10,utilization,0.92463051,0.0012137412
r-steady90-short,tail-light,routing,power_of_two,false,10,kv_occupancy,0.0667465,0.00050009994
r-steady90-short,tail-light,routing,power_of_two,false,10,rejected_rate,0,0
r-steady90-short,tail-light,routing,power_of_two,false,10,failed_rate,0,0
r-steady90-short,tail-light,routing,power_of_two,false,10,timed_out_rate,0,0
r-steady90-short,tail-light,routing,power_of_two,false,10,unfinished_rate,0,0
r-steady90-short,tail-light,routing,power_of_two,false,10,retries,0,0
r-steady90-short,tail-light,routing,power_of_two,false,10,preemptions,0,0
r-steady90-short,tail-light,routing,power_of_two,false,10,scale_actions,0,0
r-steady90-short,tail-light,routing,power_of_two,false,10,router_q_p95,0,0
r-steady90-short,tail-light,routing,power_of_two,false,10,replica_q_p95,0.039474025,0.00033724168
r-steady90-short,tail-light,routing,latency_aware,false,10,J,1.2719448,0.0012425882
r-steady90-short,tail-light,routing,latency_aware,false,10,violation_rate,0,0
r-steady90-short,tail-light,routing,latency_aware,false,10,goodput,55.654848,0.17701566
r-steady90-short,tail-light,routing,latency_aware,false,10,ttft_p95,0.09824988,0.00072600691
r-steady90-short,tail-light,routing,latency_aware,false,10,ttft_p99,0.16692569,0.0017340351
r-steady90-short,tail-light,routing,latency_aware,false,10,tpot_p95,0.022281988,0.00010530551
r-steady90-short,tail-light,routing,latency_aware,false,10,e2e_p95,9.2219076,0.048433906
r-steady90-short,tail-light,routing,latency_aware,false,10,gpu_hours,0.73333333,0
r-steady90-short,tail-light,routing,latency_aware,false,10,utilization,0.9250239,0.0014511151
r-steady90-short,tail-light,routing,latency_aware,false,10,kv_occupancy,0.067017375,0.00050067606
r-steady90-short,tail-light,routing,latency_aware,false,10,rejected_rate,0,0
r-steady90-short,tail-light,routing,latency_aware,false,10,failed_rate,0,0
r-steady90-short,tail-light,routing,latency_aware,false,10,timed_out_rate,0,0
r-steady90-short,tail-light,routing,latency_aware,false,10,unfinished_rate,0,0
r-steady90-short,tail-light,routing,latency_aware,false,10,retries,0,0
r-steady90-short,tail-light,routing,latency_aware,false,10,preemptions,0,0
r-steady90-short,tail-light,routing,latency_aware,false,10,scale_actions,0,0
r-steady90-short,tail-light,routing,latency_aware,false,10,router_q_p95,0,0
r-steady90-short,tail-light,routing,latency_aware,false,10,replica_q_p95,0.03879782,0.0004421375
r-steady90-short,tail-light,routing,queue_aware,false,10,J,1.5163186,0.0052826776
r-steady90-short,tail-light,routing,queue_aware,false,10,violation_rate,0,0
r-steady90-short,tail-light,routing,queue_aware,false,10,goodput,55.654848,0.17701566
r-steady90-short,tail-light,routing,queue_aware,false,10,ttft_p95,0.40395833,0.0088546693
r-steady90-short,tail-light,routing,queue_aware,false,10,ttft_p99,0.55882736,0.016548765
r-steady90-short,tail-light,routing,queue_aware,false,10,tpot_p95,0.031433948,0.00014481513
r-steady90-short,tail-light,routing,queue_aware,false,10,e2e_p95,9.5170132,0.057039645
r-steady90-short,tail-light,routing,queue_aware,false,10,gpu_hours,0.73333333,0
r-steady90-short,tail-light,routing,queue_aware,false,10,utilization,0.92253713,0.0012448572
r-steady90-short,tail-light,routing,queue_aware,false,10,kv_occupancy,0.068562776,0.00050997062
r-steady90-short,tail-light,routing,queue_aware,false,10,rejected_rate,0,0
r-steady90-short,tail-light,routing,queue_aware,false,10,failed_rate,0,0
r-steady90-short,tail-light,routing,queue_aware,false,10,timed_out_rate,0,0
r-steady90-short,tail-light,routing,queue_aware,false,10,unfinished_rate,0,0
r-steady90-short,tail-light,routing,queue_aware,false,10,retries,0,0
r-steady90-short,tail-light,routing,queue_aware,false,10,preemptions,0,0
r-steady90-short,tail-light,routing,queue_aware,false,10,scale_actions,0,0
r-steady90-short,tail-light,routing,queue_aware,false,10,router_q_p95,0,0
r-steady90-short,tail-light,routing,queue_aware,false,10,replica_q_p95,0.30667863,0.0091550119
r-steady90-short,tail-light,routing,queue_aware_corrected,false,10,J,1.2599385,0.0010294265
r-steady90-short,tail-light,routing,queue_aware_corrected,false,10,violation_rate,0,0
r-steady90-short,tail-light,routing,queue_aware_corrected,false,10,goodput,55.654848,0.17701566
r-steady90-short,tail-light,routing,queue_aware_corrected,false,10,ttft_p95,0.08125022,0.00063397385
r-steady90-short,tail-light,routing,queue_aware_corrected,false,10,ttft_p99,0.15735015,0.0017293039
r-steady90-short,tail-light,routing,queue_aware_corrected,false,10,tpot_p95,0.021931335,7.874205e-05
r-steady90-short,tail-light,routing,queue_aware_corrected,false,10,e2e_p95,9.2120781,0.05788962
r-steady90-short,tail-light,routing,queue_aware_corrected,false,10,gpu_hours,0.73333333,0
r-steady90-short,tail-light,routing,queue_aware_corrected,false,10,utilization,0.92453324,0.001177898
r-steady90-short,tail-light,routing,queue_aware_corrected,false,10,kv_occupancy,0.067068078,0.00050878254
r-steady90-short,tail-light,routing,queue_aware_corrected,false,10,rejected_rate,0,0
r-steady90-short,tail-light,routing,queue_aware_corrected,false,10,failed_rate,0,0
r-steady90-short,tail-light,routing,queue_aware_corrected,false,10,timed_out_rate,0,0
r-steady90-short,tail-light,routing,queue_aware_corrected,false,10,unfinished_rate,0,0
r-steady90-short,tail-light,routing,queue_aware_corrected,false,10,retries,0,0
r-steady90-short,tail-light,routing,queue_aware_corrected,false,10,preemptions,0,0
r-steady90-short,tail-light,routing,queue_aware_corrected,false,10,scale_actions,0,0
r-steady90-short,tail-light,routing,queue_aware_corrected,false,10,router_q_p95,0,0
r-steady90-short,tail-light,routing,queue_aware_corrected,false,10,replica_q_p95,0.02615536,0.00040485896
r-steady90-short,tail-light,routing,capacity_weighted,false,10,J,1.275253,0.0034049655
r-steady90-short,tail-light,routing,capacity_weighted,false,10,violation_rate,0,0
r-steady90-short,tail-light,routing,capacity_weighted,false,10,goodput,55.654848,0.17701566
r-steady90-short,tail-light,routing,capacity_weighted,false,10,ttft_p95,0.082650042,0.00076127535
r-steady90-short,tail-light,routing,capacity_weighted,false,10,ttft_p99,0.15908081,0.0016802367
r-steady90-short,tail-light,routing,capacity_weighted,false,10,tpot_p95,0.023392796,0.00032184632
r-steady90-short,tail-light,routing,capacity_weighted,false,10,e2e_p95,9.369143,0.069821517
r-steady90-short,tail-light,routing,capacity_weighted,false,10,gpu_hours,0.73333333,0
r-steady90-short,tail-light,routing,capacity_weighted,false,10,utilization,0.92453791,0.0011915211
r-steady90-short,tail-light,routing,capacity_weighted,false,10,kv_occupancy,0.06801323,0.00058253405
r-steady90-short,tail-light,routing,capacity_weighted,false,10,rejected_rate,0,0
r-steady90-short,tail-light,routing,capacity_weighted,false,10,failed_rate,0,0
r-steady90-short,tail-light,routing,capacity_weighted,false,10,timed_out_rate,0,0
r-steady90-short,tail-light,routing,capacity_weighted,false,10,unfinished_rate,0,0
r-steady90-short,tail-light,routing,capacity_weighted,false,10,retries,0,0
r-steady90-short,tail-light,routing,capacity_weighted,false,10,preemptions,0,0
r-steady90-short,tail-light,routing,capacity_weighted,false,10,scale_actions,0,0
r-steady90-short,tail-light,routing,capacity_weighted,false,10,router_q_p95,0,0
r-steady90-short,tail-light,routing,capacity_weighted,false,10,replica_q_p95,0.027009296,0.00051542769
r-steady90-short,tail-light,routing,oracle_jsq,true,10,J,1.2663284,0.0011551305
r-steady90-short,tail-light,routing,oracle_jsq,true,10,violation_rate,0,0
r-steady90-short,tail-light,routing,oracle_jsq,true,10,goodput,55.654848,0.17701566
r-steady90-short,tail-light,routing,oracle_jsq,true,10,ttft_p95,0.077093151,0.00036292561
r-steady90-short,tail-light,routing,oracle_jsq,true,10,ttft_p99,0.13175958,0.0010185683
r-steady90-short,tail-light,routing,oracle_jsq,true,10,tpot_p95,0.022778183,0.000102177
r-steady90-short,tail-light,routing,oracle_jsq,true,10,e2e_p95,9.210049,0.046567081
r-steady90-short,tail-light,routing,oracle_jsq,true,10,gpu_hours,0.73333333,0
r-steady90-short,tail-light,routing,oracle_jsq,true,10,utilization,0.9249206,0.0012588635
r-steady90-short,tail-light,routing,oracle_jsq,true,10,kv_occupancy,0.067330073,0.00052632025
r-steady90-short,tail-light,routing,oracle_jsq,true,10,rejected_rate,0,0
r-steady90-short,tail-light,routing,oracle_jsq,true,10,failed_rate,0,0
r-steady90-short,tail-light,routing,oracle_jsq,true,10,timed_out_rate,0,0
r-steady90-short,tail-light,routing,oracle_jsq,true,10,unfinished_rate,0,0
r-steady90-short,tail-light,routing,oracle_jsq,true,10,retries,0,0
r-steady90-short,tail-light,routing,oracle_jsq,true,10,preemptions,0,0
r-steady90-short,tail-light,routing,oracle_jsq,true,10,scale_actions,0,0
r-steady90-short,tail-light,routing,oracle_jsq,true,10,router_q_p95,0,0
r-steady90-short,tail-light,routing,oracle_jsq,true,10,replica_q_p95,0.024081243,0.0002148197
r-steady90-short,tail-heavy,routing,random,false,10,J,54.746271,0.82330995
r-steady90-short,tail-heavy,routing,random,false,10,violation_rate,0.91650959,0.0062559639
r-steady90-short,tail-heavy,routing,random,false,10,goodput,4.6472727,0.35390469
r-steady90-short,tail-heavy,routing,random,false,10,ttft_p95,97.680409,1.6127259
r-steady90-short,tail-heavy,routing,random,false,10,ttft_p99,107.78703,3.536422
r-steady90-short,tail-heavy,routing,random,false,10,tpot_p95,0.032351822,0.00011099953
r-steady90-short,tail-heavy,routing,random,false,10,e2e_p95,110.93721,2.359319
r-steady90-short,tail-heavy,routing,random,false,10,gpu_hours,0.73333333,0
r-steady90-short,tail-heavy,routing,random,false,10,utilization,0.99988361,2.1637833e-05
r-steady90-short,tail-heavy,routing,random,false,10,kv_occupancy,0.28881367,0.00085536385
r-steady90-short,tail-heavy,routing,random,false,10,rejected_rate,0,0
r-steady90-short,tail-heavy,routing,random,false,10,failed_rate,0,0
r-steady90-short,tail-heavy,routing,random,false,10,timed_out_rate,0,0
r-steady90-short,tail-heavy,routing,random,false,10,unfinished_rate,0.083802537,0.0036286892
r-steady90-short,tail-heavy,routing,random,false,10,retries,0,0
r-steady90-short,tail-heavy,routing,random,false,10,preemptions,0,0
r-steady90-short,tail-heavy,routing,random,false,10,scale_actions,0,0
r-steady90-short,tail-heavy,routing,random,false,10,router_q_p95,0,0
r-steady90-short,tail-heavy,routing,random,false,10,replica_q_p95,97.639267,1.6143171
r-steady90-short,tail-heavy,routing,round_robin,false,10,J,53.902724,1.0851027
r-steady90-short,tail-heavy,routing,round_robin,false,10,violation_rate,0.91751508,0.0051105983
r-steady90-short,tail-heavy,routing,round_robin,false,10,goodput,4.5910606,0.28831207
r-steady90-short,tail-heavy,routing,round_robin,false,10,ttft_p95,95.983867,2.1443663
r-steady90-short,tail-heavy,routing,round_robin,false,10,ttft_p99,104.97635,2.2801343
r-steady90-short,tail-heavy,routing,round_robin,false,10,tpot_p95,0.032321469,0.00013287591
r-steady90-short,tail-heavy,routing,round_robin,false,10,e2e_p95,109.25392,1.8711933
r-steady90-short,tail-heavy,routing,round_robin,false,10,gpu_hours,0.73333333,0
r-steady90-short,tail-heavy,routing,round_robin,false,10,utilization,0.9999139,1.6632644e-05
r-steady90-short,tail-heavy,routing,round_robin,false,10,kv_occupancy,0.28881432,0.0007701666
r-steady90-short,tail-heavy,routing,round_robin,false,10,rejected_rate,0,0
r-steady90-short,tail-heavy,routing,round_robin,false,10,failed_rate,0,0
r-steady90-short,tail-heavy,routing,round_robin,false,10,timed_out_rate,0,0
r-steady90-short,tail-heavy,routing,round_robin,false,10,unfinished_rate,0.083462529,0.0036804084
r-steady90-short,tail-heavy,routing,round_robin,false,10,retries,0,0
r-steady90-short,tail-heavy,routing,round_robin,false,10,preemptions,0,0
r-steady90-short,tail-heavy,routing,round_robin,false,10,scale_actions,0,0
r-steady90-short,tail-heavy,routing,round_robin,false,10,router_q_p95,0,0
r-steady90-short,tail-heavy,routing,round_robin,false,10,replica_q_p95,95.943114,2.1447671
r-steady90-short,tail-heavy,routing,least_outstanding,false,10,J,53.597872,0.86562255
r-steady90-short,tail-heavy,routing,least_outstanding,false,10,violation_rate,0.91910559,0.0049204908
r-steady90-short,tail-heavy,routing,least_outstanding,false,10,goodput,4.5025758,0.27800052
r-steady90-short,tail-heavy,routing,least_outstanding,false,10,ttft_p95,95.357343,1.7214687
r-steady90-short,tail-heavy,routing,least_outstanding,false,10,ttft_p99,100.96434,2.2833703
r-steady90-short,tail-heavy,routing,least_outstanding,false,10,tpot_p95,0.032367299,9.5153474e-05
r-steady90-short,tail-heavy,routing,least_outstanding,false,10,e2e_p95,107.58739,1.9803129
r-steady90-short,tail-heavy,routing,least_outstanding,false,10,gpu_hours,0.73333333,0
r-steady90-short,tail-heavy,routing,least_outstanding,false,10,utilization,0.99992151,1.7783824e-05
r-steady90-short,tail-heavy,routing,least_outstanding,false,10,kv_occupancy,0.28895273,0.00077708926
r-steady90-short,tail-heavy,routing,least_outstanding,false,10,rejected_rate,0,0
r-steady90-short,tail-heavy,routing,least_outstanding,false,10,failed_rate,0,0
r-steady90-short,tail-heavy,routing,least_outstanding,false,10,timed_out_rate,0,0
r-steady90-short,tail-heavy,routing,least_outstanding,false,10,unfinished_rate,0.083353368,0.0036465832
r-steady90-short,tail-heavy,routing,least_outstanding,false,10,retries,0,0
r-steady90-short,tail-heavy,routing,least_outstanding,false,10,preemptions,0,0
r-steady90-short,tail-heavy,routing,least_outstanding,false,10,scale_actions,0,0
r-steady90-short,tail-heavy,routing,least_outstanding,false,10,router_q_p95,0,0
r-steady90-short,tail-heavy,routing,least_outstanding,false,10,replica_q_p95,95.312053,1.72033
r-steady90-short,tail-heavy,routing,power_of_two,false,10,J,53.658373,0.81884082
r-steady90-short,tail-heavy,routing,power_of_two,false,10,violation_rate,0.91931218,0.0051722004
r-steady90-short,tail-heavy,routing,power_of_two,false,10,goodput,4.4910606,0.29158494
r-steady90-short,tail-heavy,routing,power_of_two,false,10,ttft_p95,95.47647,1.632172
r-steady90-short,tail-heavy,routing,power_of_two,false,10,ttft_p99,100.60195,1.9931289
r-steady90-short,tail-heavy,routing,power_of_two,false,10,tpot_p95,0.032357739,0.00012151659
r-steady90-short,tail-heavy,routing,power_of_two,false,10,e2e_p95,107.36588,1.8074185
r-steady90-short,tail-heavy,routing,power_of_two,false,10,gpu_hours,0.73333333,0
r-steady90-short,tail-heavy,routing,power_of_two,false,10,utilization,0.99990506,2.6832499e-05
r-steady90-short,tail-heavy,routing,power_of_two,false,10,kv_occupancy,0.28890432,0.00081617956
r-steady90-short,tail-heavy,routing,power_of_two,false,10,rejected_rate,0,0
r-steady90-short,tail-heavy,routing,power_of_two,false,10,failed_rate,0,0
r-steady90-short,tail-heavy,routing,power_of_two,false,10,timed_out_rate,0,0
r-steady90-short,tail-heavy,routing,power_of_two,false,10,unfinished_rate,0.083269248,0.0037713665
r-steady90-short,tail-heavy,routing,power_of_two,false,10,retries,0,0
r-steady90-short,tail-heavy,routing,power_of_two,false,10,preemptions,0,0
r-steady90-short,tail-heavy,routing,power_of_two,false,10,scale_actions,0,0
r-steady90-short,tail-heavy,routing,power_of_two,false,10,router_q_p95,0,0
r-steady90-short,tail-heavy,routing,power_of_two,false,10,replica_q_p95,95.434915,1.6312708
r-steady90-short,tail-heavy,routing,latency_aware,false,10,J,54.115623,0.98066355
r-steady90-short,tail-heavy,routing,latency_aware,false,10,violation_rate,0.91962332,0.0050545691
r-steady90-short,tail-heavy,routing,latency_aware,false,10,goodput,4.4734848,0.28277057
r-steady90-short,tail-heavy,routing,latency_aware,false,10,ttft_p95,96.386328,1.9352014
r-steady90-short,tail-heavy,routing,latency_aware,false,10,ttft_p99,103.25445,1.9958314
r-steady90-short,tail-heavy,routing,latency_aware,false,10,tpot_p95,0.032434239,0.00010372746
r-steady90-short,tail-heavy,routing,latency_aware,false,10,e2e_p95,108.87337,1.9349439
r-steady90-short,tail-heavy,routing,latency_aware,false,10,gpu_hours,0.73333333,0
r-steady90-short,tail-heavy,routing,latency_aware,false,10,utilization,0.99983521,4.216729e-05
r-steady90-short,tail-heavy,routing,latency_aware,false,10,kv_occupancy,0.28866993,0.00082039313
r-steady90-short,tail-heavy,routing,latency_aware,false,10,rejected_rate,0,0
r-steady90-short,tail-heavy,routing,latency_aware,false,10,failed_rate,0,0
r-steady90-short,tail-heavy,routing,latency_aware,false,10,timed_out_rate,0,0
r-steady90-short,tail-heavy,routing,latency_aware,false,10,unfinished_rate,0.083775346,0.003459679
r-steady90-short,tail-heavy,routing,latency_aware,false,10,retries,0,0
r-steady90-short,tail-heavy,routing,latency_aware,false,10,preemptions,0,0
r-steady90-short,tail-heavy,routing,latency_aware,false,10,scale_actions,0,0
r-steady90-short,tail-heavy,routing,latency_aware,false,10,router_q_p95,0,0
r-steady90-short,tail-heavy,routing,latency_aware,false,10,replica_q_p95,96.343408,1.9363307
r-steady90-short,tail-heavy,routing,queue_aware,false,10,J,53.736807,0.92211813
r-steady90-short,tail-heavy,routing,queue_aware,false,10,violation_rate,0.92329475,0.0046657888
r-steady90-short,tail-heavy,routing,queue_aware,false,10,goodput,4.2692424,0.26203766
r-steady90-short,tail-heavy,routing,queue_aware,false,10,ttft_p95,95.585242,1.8331256
r-steady90-short,tail-heavy,routing,queue_aware,false,10,ttft_p99,101.3395,1.8400322
r-steady90-short,tail-heavy,routing,queue_aware,false,10,tpot_p95,0.032771197,0.00014098459
r-steady90-short,tail-heavy,routing,queue_aware,false,10,e2e_p95,107.82698,1.8157169
r-steady90-short,tail-heavy,routing,queue_aware,false,10,gpu_hours,0.73333333,0
r-steady90-short,tail-heavy,routing,queue_aware,false,10,utilization,0.9976728,1.1825455e-05
r-steady90-short,tail-heavy,routing,queue_aware,false,10,kv_occupancy,0.28882187,0.00078823553
r-steady90-short,tail-heavy,routing,queue_aware,false,10,rejected_rate,0,0
r-steady90-short,tail-heavy,routing,queue_aware,false,10,failed_rate,0,0
r-steady90-short,tail-heavy,routing,queue_aware,false,10,timed_out_rate,0,0
r-steady90-short,tail-heavy,routing,queue_aware,false,10,unfinished_rate,0.083854373,0.0036393085
r-steady90-short,tail-heavy,routing,queue_aware,false,10,retries,0,0
r-steady90-short,tail-heavy,routing,queue_aware,false,10,preemptions,0,0
r-steady90-short,tail-heavy,routing,queue_aware,false,10,scale_actions,0,0
r-steady90-short,tail-heavy,routing,queue_aware,false,10,router_q_p95,0,0
r-steady90-short,tail-heavy,routing,queue_aware,false,10,replica_q_p95,95.538351,1.8330839
r-steady90-short,tail-heavy,routing,queue_aware_corrected,false,10,J,53.67712,0.96702002
r-steady90-short,tail-heavy,routing,queue_aware_corrected,false,10,violation_rate,0.91917653,0.0051890827
r-steady90-short,tail-heavy,routing,queue_aware_corrected,false,10,goodput,4.4986364,0.29279827
r-steady90-short,tail-heavy,routing,queue_aware_corrected,false,10,ttft_p95,95.514727,1.9234738
r-steady90-short,tail-heavy,routing,queue_aware_corrected,false,10,ttft_p99,100.88014,1.6490263
r-steady90-short,tail-heavy,routing,queue_aware_corrected,false,10,tpot_p95,0.032387381,0.000119714
r-steady90-short,tail-heavy,routing,queue_aware_corrected,false,10,e2e_p95,107.37177,1.827296
r-steady90-short,tail-heavy,routing,queue_aware_corrected,false,10,gpu_hours,0.73333333,0
r-steady90-short,tail-heavy,routing,queue_aware_corrected,false,10,utilization,0.99991622,1.8804051e-05
r-steady90-short,tail-heavy,routing,queue_aware_corrected,false,10,kv_occupancy,0.28889132,0.00080400048
r-steady90-short,tail-heavy,routing,queue_aware_corrected,false,10,rejected_rate,0,0
r-steady90-short,tail-heavy,routing,queue_aware_corrected,false,10,failed_rate,0,0
r-steady90-short,tail-heavy,routing,queue_aware_corrected,false,10,timed_out_rate,0,0
r-steady90-short,tail-heavy,routing,queue_aware_corrected,false,10,unfinished_rate,0.08352217,0.003776564
r-steady90-short,tail-heavy,routing,queue_aware_corrected,false,10,retries,0,0
r-steady90-short,tail-heavy,routing,queue_aware_corrected,false,10,preemptions,0,0
r-steady90-short,tail-heavy,routing,queue_aware_corrected,false,10,scale_actions,0,0
r-steady90-short,tail-heavy,routing,queue_aware_corrected,false,10,router_q_p95,0,0
r-steady90-short,tail-heavy,routing,queue_aware_corrected,false,10,replica_q_p95,95.473422,1.9228607
r-steady90-short,tail-heavy,routing,capacity_weighted,false,10,J,54.424196,1.2270937
r-steady90-short,tail-heavy,routing,capacity_weighted,false,10,violation_rate,0.91668855,0.0057497791
r-steady90-short,tail-heavy,routing,capacity_weighted,false,10,goodput,4.6363636,0.31765299
r-steady90-short,tail-heavy,routing,capacity_weighted,false,10,ttft_p95,97.034841,2.4525172
r-steady90-short,tail-heavy,routing,capacity_weighted,false,10,ttft_p99,106.78685,3.1907967
r-steady90-short,tail-heavy,routing,capacity_weighted,false,10,tpot_p95,0.032333272,9.1856338e-05
r-steady90-short,tail-heavy,routing,capacity_weighted,false,10,e2e_p95,110.3503,1.8728989
r-steady90-short,tail-heavy,routing,capacity_weighted,false,10,gpu_hours,0.73333333,0
r-steady90-short,tail-heavy,routing,capacity_weighted,false,10,utilization,0.99991611,2.1537594e-05
r-steady90-short,tail-heavy,routing,capacity_weighted,false,10,kv_occupancy,0.28888085,0.0007511138
r-steady90-short,tail-heavy,routing,capacity_weighted,false,10,rejected_rate,0,0
r-steady90-short,tail-heavy,routing,capacity_weighted,false,10,failed_rate,0,0
r-steady90-short,tail-heavy,routing,capacity_weighted,false,10,timed_out_rate,0,0
r-steady90-short,tail-heavy,routing,capacity_weighted,false,10,unfinished_rate,0.0840835,0.0036724546
r-steady90-short,tail-heavy,routing,capacity_weighted,false,10,retries,0,0
r-steady90-short,tail-heavy,routing,capacity_weighted,false,10,preemptions,0,0
r-steady90-short,tail-heavy,routing,capacity_weighted,false,10,scale_actions,0,0
r-steady90-short,tail-heavy,routing,capacity_weighted,false,10,router_q_p95,0,0
r-steady90-short,tail-heavy,routing,capacity_weighted,false,10,replica_q_p95,96.991167,2.4518406
r-steady90-short,tail-heavy,routing,oracle_jsq,true,10,J,53.453782,0.95025321
r-steady90-short,tail-heavy,routing,oracle_jsq,true,10,violation_rate,0.92080922,0.0047122379
r-steady90-short,tail-heavy,routing,oracle_jsq,true,10,goodput,4.4075758,0.2648002
r-steady90-short,tail-heavy,routing,oracle_jsq,true,10,ttft_p95,95.051384,1.8903611
r-steady90-short,tail-heavy,routing,oracle_jsq,true,10,ttft_p99,100.11294,1.9111749
r-steady90-short,tail-heavy,routing,oracle_jsq,true,10,tpot_p95,0.032404349,0.00010360533
r-steady90-short,tail-heavy,routing,oracle_jsq,true,10,e2e_p95,107.0953,1.857472
r-steady90-short,tail-heavy,routing,oracle_jsq,true,10,gpu_hours,0.73333333,0
r-steady90-short,tail-heavy,routing,oracle_jsq,true,10,utilization,0.99991885,2.0740982e-05
r-steady90-short,tail-heavy,routing,oracle_jsq,true,10,kv_occupancy,0.28891488,0.00079748956
r-steady90-short,tail-heavy,routing,oracle_jsq,true,10,rejected_rate,0,0
r-steady90-short,tail-heavy,routing,oracle_jsq,true,10,failed_rate,0,0
r-steady90-short,tail-heavy,routing,oracle_jsq,true,10,timed_out_rate,0,0
r-steady90-short,tail-heavy,routing,oracle_jsq,true,10,unfinished_rate,0.083388979,0.0036986933
r-steady90-short,tail-heavy,routing,oracle_jsq,true,10,retries,0,0
r-steady90-short,tail-heavy,routing,oracle_jsq,true,10,preemptions,0,0
r-steady90-short,tail-heavy,routing,oracle_jsq,true,10,scale_actions,0,0
r-steady90-short,tail-heavy,routing,oracle_jsq,true,10,router_q_p95,0,0
r-steady90-short,tail-heavy,routing,oracle_jsq,true,10,replica_q_p95,95.00868,1.8915131
s-bursty-short,warmup-x0.5,scaling,static_min,false,10,J,675.74874,41.592452
s-bursty-short,warmup-x0.5,scaling,static_min,false,10,violation_rate,0.9954048,0.0013017406
s-bursty-short,warmup-x0.5,scaling,static_min,false,10,goodput,0.28956989,0.064889598
s-bursty-short,warmup-x0.5,scaling,static_min,false,10,ttft_p95,1340.7526,83.185569
s-bursty-short,warmup-x0.5,scaling,static_min,false,10,ttft_p99,1399.2483,82.018093
s-bursty-short,warmup-x0.5,scaling,static_min,false,10,tpot_p95,0.033007417,0.00013941863
s-bursty-short,warmup-x0.5,scaling,static_min,false,10,e2e_p95,1348.2811,83.325055
s-bursty-short,warmup-x0.5,scaling,static_min,false,10,gpu_hours,0.53996737,0.003855356
s-bursty-short,warmup-x0.5,scaling,static_min,false,10,utilization,0.99980462,8.5572111e-05
s-bursty-short,warmup-x0.5,scaling,static_min,false,10,kv_occupancy,0.23039259,0.0012156067
s-bursty-short,warmup-x0.5,scaling,static_min,false,10,rejected_rate,0,0
s-bursty-short,warmup-x0.5,scaling,static_min,false,10,failed_rate,0,0
s-bursty-short,warmup-x0.5,scaling,static_min,false,10,timed_out_rate,0,0
s-bursty-short,warmup-x0.5,scaling,static_min,false,10,unfinished_rate,0.72589239,0.040705097
s-bursty-short,warmup-x0.5,scaling,static_min,false,10,retries,0,0
s-bursty-short,warmup-x0.5,scaling,static_min,false,10,preemptions,0,0
s-bursty-short,warmup-x0.5,scaling,static_min,false,10,scale_actions,4,0
s-bursty-short,warmup-x0.5,scaling,static_min,false,10,router_q_p95,0,0
s-bursty-short,warmup-x0.5,scaling,static_min,false,10,replica_q_p95,1340.7185,83.1844
s-bursty-short,warmup-x0.5,scaling,static_tuned,false,10,J,1.0944076,0.28224948
s-bursty-short,warmup-x0.5,scaling,static_tuned,false,10,violation_rate,0.0077006605,0.012201389
s-bursty-short,warmup-x0.5,scaling,static_tuned,false,10,goodput,64.659731,8.8640292
s-bursty-short,warmup-x0.5,scaling,static_tuned,false,10,ttft_p95,0.26417189,0.42521252
s-bursty-short,warmup-x0.5,scaling,static_tuned,false,10,ttft_p99,3.5207422,5.2349478
s-bursty-short,warmup-x0.5,scaling,static_tuned,false,10,tpot_p95,0.023732639,0.0015894529
s-bursty-short,warmup-x0.5,scaling,static_tuned,false,10,e2e_p95,16.933314,1.5971582
s-bursty-short,warmup-x0.5,scaling,static_tuned,false,10,gpu_hours,5.675,6.6973306e-16
s-bursty-short,warmup-x0.5,scaling,static_tuned,false,10,utilization,0.97601804,0.0017528471
s-bursty-short,warmup-x0.5,scaling,static_tuned,false,10,kv_occupancy,0.050265428,0.0099196694
s-bursty-short,warmup-x0.5,scaling,static_tuned,false,10,rejected_rate,0,0
s-bursty-short,warmup-x0.5,scaling,static_tuned,false,10,failed_rate,0,0
s-bursty-short,warmup-x0.5,scaling,static_tuned,false,10,timed_out_rate,0,0
s-bursty-short,warmup-x0.5,scaling,static_tuned,false,10,unfinished_rate,0,0
s-bursty-short,warmup-x0.5,scaling,static_tuned,false,10,retries,0,0
s-bursty-short,warmup-x0.5,scaling,static_tuned,false,10,preemptions,0,0
s-bursty-short,warmup-x0.5,scaling,static_tuned,false,10,scale_actions,6,0
s-bursty-short,warmup-x0.5,scaling,static_tuned,false,10,router_q_p95,0,0
s-bursty-short,warmup-x0.5,scaling,static_tuned,false,10,replica_q_p95,0.20718536,0.42884509
s-bursty-short,warmup-x0.5,scaling,static_peak_oracle,true,10,J,1.0944076,0.28224948
s-bursty-short,warmup-x0.5,scaling,static_peak_oracle,true,10,violation_rate,0.0077006605,0.012201389
s-bursty-short,warmup-x0.5,scaling,static_peak_oracle,true,10,goodput,64.659731,8.8640292
s-bursty-short,warmup-x0.5,scaling,static_peak_oracle,true,10,ttft_p95,0.26417189,0.42521252
s-bursty-short,warmup-x0.5,scaling,static_peak_oracle,true,10,ttft_p99,3.5207422,5.2349478
s-bursty-short,warmup-x0.5,scaling,static_peak_oracle,true,10,tpot_p95,0.023732639,0.0015894529
s-bursty-short,warmup-x0.5,scaling,static_peak_oracle,true,10,e2e_p95,16.933314,1.5971582
s-bursty-short,warmup-x0.5,scaling,static_peak_oracle,true,10,gpu_hours,5.675,6.6973306e-16
s-bursty-short,warmup-x0.5,scaling,static_peak_oracle,true,10,utilization,0.97601804,0.0017528471
s-bursty-short,warmup-x0.5,scaling,static_peak_oracle,true,10,kv_occupancy,0.050265428,0.0099196694
s-bursty-short,warmup-x0.5,scaling,static_peak_oracle,true,10,rejected_rate,0,0
s-bursty-short,warmup-x0.5,scaling,static_peak_oracle,true,10,failed_rate,0,0
s-bursty-short,warmup-x0.5,scaling,static_peak_oracle,true,10,timed_out_rate,0,0
s-bursty-short,warmup-x0.5,scaling,static_peak_oracle,true,10,unfinished_rate,0,0
s-bursty-short,warmup-x0.5,scaling,static_peak_oracle,true,10,retries,0,0
s-bursty-short,warmup-x0.5,scaling,static_peak_oracle,true,10,preemptions,0,0
s-bursty-short,warmup-x0.5,scaling,static_peak_oracle,true,10,scale_actions,6,0
s-bursty-short,warmup-x0.5,scaling,static_peak_oracle,true,10,router_q_p95,0,0
s-bursty-short,warmup-x0.5,scaling,static_peak_oracle,true,10,replica_q_p95,0.20718536,0.42884509
s-bursty-short,warmup-x0.5,scaling,threshold_cooldown,false,10,J,7.7426102,3.3737666
s-bursty-short,warmup-x0.5,scaling,threshold_cooldown,false,10,violation_rate,0.11714719,0.054088005
s-bursty-short,warmup-x0.5,scaling,threshold_cooldown,false,10,goodput,57.72414,9.040145
s-bursty-short,warmup-x0.5,scaling,threshold_cooldown,false,10,ttft_p95,12.022166,6.2606371
s-bursty-short,warmup-x0.5,scaling,threshold_cooldown,false,10,ttft_p99,18.415891,6.5990916
s-bursty-short,warmup-x0.5,scaling,threshold_cooldown,false,10,tpot_p95,0.029781359,0.0010487284
s-bursty-short,warmup-x0.5,scaling,threshold_cooldown,false,10,e2e_p95,23.080222,4.1717914
s-bursty-short,warmup-x0.5,scaling,threshold_cooldown,false,10,gpu_hours,7.0099486,0.35223875
s-bursty-short,warmup-x0.5,scaling,threshold_cooldown,false,10,utilization,0.97235856,0.0037497675
s-bursty-short,warmup-x0.5,scaling,threshold_cooldown,false,10,kv_occupancy,0.039666752,0.0059859273
s-bursty-short,warmup-x0.5,scaling,threshold_cooldown,false,10,rejected_rate,0,0
s-bursty-short,warmup-x0.5,scaling,threshold_cooldown,false,10,failed_rate,0,0
s-bursty-short,warmup-x0.5,scaling,threshold_cooldown,false,10,timed_out_rate,0,0
s-bursty-short,warmup-x0.5,scaling,threshold_cooldown,false,10,unfinished_rate,0,0
s-bursty-short,warmup-x0.5,scaling,threshold_cooldown,false,10,retries,0,0
s-bursty-short,warmup-x0.5,scaling,threshold_cooldown,false,10,preemptions,0,0
s-bursty-short,warmup-x0.5,scaling,threshold_cooldown,false,10,scale_actions,17.1,1.667462
s-bursty-short,warmup-x0.5,scaling,threshold_cooldown,false,10,router_q_p95,0,0
s-bursty-short,warmup-x0.5,scaling,threshold_cooldown,false,10,replica_q_p95,11.973081,6.2656702
s-bursty-short,warmup-x0.5,scaling,target_tracking,false,10,J,1.2469753,0.098568382
s-bursty-short,warmup-x0.5,scaling,target_tracking,false,10,violation_rate,0.0069335299,0.010739349
s-bursty-short,warmup-x0.5,scaling,target_tracking,false,10,goodput,64.712151,8.8657729
s-bursty-short,warmup-x0.5,scaling,target_tracking,false,10,ttft_p95,0.083626996,0.032935067
s-bursty-short,warmup-x0.5,scaling,target_tracking,false,10,ttft_p99,3.5088596,5.239313
s-bursty-short,warmup-x0.5,scaling,target_tracking,false,10,tpot_p95,0.018951301,0.0024169998
s-bursty-short,warmup-x0.5,scaling,target_tracking,false,10,e2e_p95,14.329208,1.4439693
s-bursty-short,warmup-x0.5,scaling,target_tracking,false,10,gpu_hours,8.1094444,0.065061889
s-bursty-short,warmup-x0.5,scaling,target_tracking,false,10,utilization,0.97429264,0.0018564082
s-bursty-short,warmup-x0.5,scaling,target_tracking,false,10,kv_occupancy,0.029651861,0.0052700046
s-bursty-short,warmup-x0.5,scaling,target_tracking,false,10,rejected_rate,0,0
s-bursty-short,warmup-x0.5,scaling,target_tracking,false,10,failed_rate,0,0
s-bursty-short,warmup-x0.5,scaling,target_tracking,false,10,timed_out_rate,0,0
s-bursty-short,warmup-x0.5,scaling,target_tracking,false,10,unfinished_rate,0,0
s-bursty-short,warmup-x0.5,scaling,target_tracking,false,10,retries,0,0
s-bursty-short,warmup-x0.5,scaling,target_tracking,false,10,preemptions,0,0
s-bursty-short,warmup-x0.5,scaling,target_tracking,false,10,scale_actions,11,0
s-bursty-short,warmup-x0.5,scaling,target_tracking,false,10,router_q_p95,0,0
s-bursty-short,warmup-x0.5,scaling,target_tracking,false,10,replica_q_p95,0.023559039,0.023115418
s-bursty-short,warmup-x0.5,scaling,slo_feedback,false,10,J,27.093005,11.066516
s-bursty-short,warmup-x0.5,scaling,slo_feedback,false,10,violation_rate,0.23420887,0.061126554
s-bursty-short,warmup-x0.5,scaling,slo_feedback,false,10,goodput,49.63586,6.8912509
s-bursty-short,warmup-x0.5,scaling,slo_feedback,false,10,ttft_p95,49.983825,21.813436
s-bursty-short,warmup-x0.5,scaling,slo_feedback,false,10,ttft_p99,111.38455,49.055708
s-bursty-short,warmup-x0.5,scaling,slo_feedback,false,10,tpot_p95,0.03134409,0.00034644812
s-bursty-short,warmup-x0.5,scaling,slo_feedback,false,10,e2e_p95,60.844978,20.892772
s-bursty-short,warmup-x0.5,scaling,slo_feedback,false,10,gpu_hours,5.0972821,0.25746252
s-bursty-short,warmup-x0.5,scaling,slo_feedback,false,10,utilization,0.98235542,0.0082960802
s-bursty-short,warmup-x0.5,scaling,slo_feedback,false,10,kv_occupancy,0.072170204,0.010678733
s-bursty-short,warmup-x0.5,scaling,slo_feedback,false,10,rejected_rate,0,0
s-bursty-short,warmup-x0.5,scaling,slo_feedback,false,10,failed_rate,0,0
s-bursty-short,warmup-x0.5,scaling,slo_feedback,false,10,timed_out_rate,0,0
s-bursty-short,warmup-x0.5,scaling,slo_feedback,false,10,unfinished_rate,0.00094240237,0.001989548
s-bursty-short,warmup-x0.5,scaling,slo_feedback,false,10,retries,0,0
s-bursty-short,warmup-x0.5,scaling,slo_feedback,false,10,preemptions,0,0
s-bursty-short,warmup-x0.5,scaling,slo_feedback,false,10,scale_actions,86.3,3.0546103
s-bursty-short,warmup-x0.5,scaling,slo_feedback,false,10,router_q_p95,0,0
s-bursty-short,warmup-x0.5,scaling,slo_feedback,false,10,replica_q_p95,49.942721,21.814367
s-bursty-short,warmup-x0.5,scaling,predictive,false,10,J,18.812842,16.118733
s-bursty-short,warmup-x0.5,scaling,predictive,false,10,violation_rate,0.17055162,0.041593217
s-bursty-short,warmup-x0.5,scaling,predictive,false,10,goodput,54.138172,8.5341178
s-bursty-short,warmup-x0.5,scaling,predictive,false,10,ttft_p95,34.083569,32.25987
s-bursty-short,warmup-x0.5,scaling,predictive,false,10,ttft_p99,70.258844,69.298607
s-bursty-short,warmup-x0.5,scaling,predictive,false,10,tpot_p95,0.031053478,0.00033924427
s-bursty-short,warmup-x0.5,scaling,predictive,false,10,e2e_p95,44.603843,31.463944
s-bursty-short,warmup-x0.5,scaling,predictive,false,10,gpu_hours,5.0241878,0.48496135
s-bursty-short,warmup-x0.5,scaling,predictive,false,10,utilization,0.98845425,0.007382833
s-bursty-short,warmup-x0.5,scaling,predictive,false,10,kv_occupancy,0.071864342,0.0066443328
s-bursty-short,warmup-x0.5,scaling,predictive,false,10,rejected_rate,0,0
s-bursty-short,warmup-x0.5,scaling,predictive,false,10,failed_rate,0,0
s-bursty-short,warmup-x0.5,scaling,predictive,false,10,timed_out_rate,0,0
s-bursty-short,warmup-x0.5,scaling,predictive,false,10,unfinished_rate,0,0
s-bursty-short,warmup-x0.5,scaling,predictive,false,10,retries,0,0
s-bursty-short,warmup-x0.5,scaling,predictive,false,10,preemptions,0,0
s-bursty-short,warmup-x0.5,scaling,predictive,false,10,scale_actions,150.3,30.340748
s-bursty-short,warmup-x0.5,scaling,predictive,false,10,router_q_p95,0,0
s-bursty-short,warmup-x0.5,scaling,predictive,false,10,replica_q_p95,34.036173,32.258322
s-bursty-short,warmup-x2,scaling,static_min,false,10,J,675.74874,41.592452
s-bursty-short,warmup-x2,scaling,static_min,false,10,violation_rate,0.9954048,0.0013017406
s-bursty-short,warmup-x2,scaling,static_min,false,10,goodput,0.28956989,0.064889598
s-bursty-short,warmup-x2,scaling,static_min,false,10,ttft_p95,1340.7526,83.185569
s-bursty-short,warmup-x2,scaling,static_min,false,10,ttft_p99,1399.2483,82.018093
s-bursty-short,warmup-x2,scaling,static_min,false,10,tpot_p95,0.033007417,0.00013941863
s-bursty-short,warmup-x2,scaling,static_min,false,10,e2e_p95,1348.2811,83.325055
s-bursty-short,warmup-x2,scaling,static_min,false,10,gpu_hours,0.53996737,0.003855356
s-bursty-short,warmup-x2,scaling,static_min,false,10,utilization,0.99980462,8.5572111e-05
s-bursty-short,warmup-x2,scaling,static_min,false,10,kv_occupancy,0.23039259,0.0012156067
s-bursty-short,warmup-x2,scaling,static_min,false,10,rejected_rate,0,0
s-bursty-short,warmup-x2,scaling,static_min,false,10,failed_rate,0,0
s-bursty-short,warmup-x2,scaling,static_min,false,10,timed_out_rate,0,0
s-bursty-short,warmup-x2,scaling,static_min,false,10,unfinished_rate,0.72589239,0.040705097
s-bursty-short,warmup-x2,scaling,static_min,false,10,retries,0,0
s-bursty-short,warmup-x2,scaling,static_min,false,10,preemptions,0,0
s-bursty-short,warmup-x2,scaling,static_min,false,10,scale_actions,4,0
s-bursty-short,warmup-x2,scaling,static_min,false,10,router_q_p95,0,0
s-bursty-short,warmup-x2,scaling,static_min,false,10,replica_q_p95,1340.7185,83.1844
s-bursty-short,warmup-x2,scaling,static_tuned,false,10,J,9.3956928,10.139179
s-bursty-short,warmup-x2,scaling,static_tuned,false,10,violation_rate,0.059276837,0.059152959
s-bursty-short,warmup-x2,scaling,static_tuned,false,10,goodput,60.973656,7.8364637
s-bursty-short,warmup-x2,scaling,static_tuned,false,10,ttft_p95,16.307254,19.655315
s-bursty-short,warmup-x2,scaling,static_tuned,false,10,ttft_p99,25.782754,27.005605
s-bursty-short,warmup-x2,scaling,static_tuned,false,10,tpot_p95,0.025918981,0.0026650239
s-bursty-short,warmup-x2,scaling,static_tuned,false,10,e2e_p95,30.237647,17.007103
s-bursty-short,warmup-x2,scaling,static_tuned,false,10,gpu_hours,5.675,6.6973306e-16
s-bursty-short,warmup-x2,scaling,static_tuned,false,10,utilization,0.97502642,0.0017701445
s-bursty-short,warmup-x2,scaling,static_tuned,false,10,kv_occupancy,0.054224705,0.011131375
s-bursty-short,warmup-x2,scaling,static_tuned,false,10,rejected_rate,0,0
s-bursty-short,warmup-x2,scaling,static_tuned,false,10,failed_rate,0,0
s-bursty-short,warmup-x2,scaling,static_tuned,false,10,timed_out_rate,0,0
s-bursty-short,warmup-x2,scaling,static_tuned,false,10,unfinished_rate,0,0
s-bursty-short,warmup-x2,scaling,static_tuned,false,10,retries,0,0
s-bursty-short,warmup-x2,scaling,static_tuned,false,10,preemptions,0,0
s-bursty-short,warmup-x2,scaling,static_tuned,false,10,scale_actions,6,0
s-bursty-short,warmup-x2,scaling,static_tuned,false,10,router_q_p95,0,0
s-bursty-short,warmup-x2,scaling,static_tuned,false,10,replica_q_p95,16.255103,19.66009
s-bursty-short,warmup-x2,scaling,static_peak_oracle,true,10,J,9.3956928,10.139179
s-bursty-short,warmup-x2,scaling,static_peak_oracle,true,10,violation_rate,0.059276837,0.059152959
s-bursty-short,warmup-x2,scaling,static_peak_oracle,true,10,goodput,60.973656,7.8364637
s-bursty-short,warmup-x2,scaling,static_peak_oracle,true,10,ttft_p95,16.307254,19.655315
s-bursty-short,warmup-x2,scaling,static_peak_oracle,true,10,ttft_p99,25.782754,27.005605
s-bursty-short,warmup-x2,scaling,static_peak_oracle,true,10,tpot_p95,0.025918981,0.0026650239
s-bursty-short,warmup-x2,scaling,static_peak_oracle,true,10,e2e_p95,30.237647,17.007103
s-bursty-short,warmup-x2,scaling,static_peak_oracle,true,10,gpu_hours,5.675,6.6973306e-16
s-bursty-short,warmup-x2,scaling,static_peak_oracle,true,10,utilization,0.97502642,0.0017701445
s-bursty-short,warmup-x2,scaling,static_peak_oracle,true,10,kv_occupancy,0.054224705,0.011131375
s-bursty-short,warmup-x2,scaling,static_peak_oracle,true,10,rejected_rate,0,0
s-bursty-short,warmup-x2,scaling,static_peak_oracle,true,10,failed_rate,0,0
s-bursty-short,warmup-x2,scaling,static_peak_oracle,true,10,timed_out_rate,0,0
s-bursty-short,warmup-x2,scaling,static_peak_oracle,true,10,unfinished_rate,0,0
s-bursty-short,warmup-x2,scaling,static_peak_oracle,true,10,retries,0,0
s-bursty-short,warmup-x2,scaling,static_peak_oracle,true,10,preemptions,0,0
s-bursty-short,warmup-x2,scaling,static_peak_oracle,true,10,scale_actions,6,0
s-bursty-short,warmup-x2,scaling,static_peak_oracle,true,10,router_q_p95,0,0
s-bursty-short,warmup-x2,scaling,static_peak_oracle,true,10,replica_q_p95,16.255103,19.66009
s-bursty-short,warmup-x2,scaling,threshold_cooldown,false,10,J,32.883662,12.715725
s-bursty-short,warmup-x2,scaling,threshold_cooldown,false,10,violation_rate,0.26957452,0.089285296
s-bursty-short,warmup-x2,scaling,threshold_cooldown,false,10,goodput,47.061344,7.2725716
s-bursty-short,warmup-x2,scaling,threshold_cooldown,false,10,ttft_p95,61.066064,24.853008
s-bursty-short,warmup-x2,scaling,threshold_cooldown,false,10,ttft_p99,73.578175,26.602029
s-bursty-short,warmup-x2,scaling,threshold_cooldown,false,10,tpot_p95,0.031237874,0.00046250924
s-bursty-short,warmup-x2,scaling,threshold_cooldown,false,10,e2e_p95,69.382474,24.2073
s-bursty-short,warmup-x2,scaling,threshold_cooldown,false,10,gpu_hours,5.7071295,0.49543894
s-bursty-short,warmup-x2,scaling,threshold_cooldown,false,10,utilization,0.96699157,0.0044872915
s-bursty-short,warmup-x2,scaling,threshold_cooldown,false,10,kv_occupancy,0.063130238,0.010952
s-bursty-short,warmup-x2,scaling,threshold_cooldown,false,10,rejected_rate,0,0
s-bursty-short,warmup-x2,scaling,threshold_cooldown,false,10,failed_rate,0,0
s-bursty-short,warmup-x2,scaling,threshold_cooldown,false,10,timed_out_rate,0,0
s-bursty-short,warmup-x2,scaling,threshold_cooldown,false,10,unfinished_rate,0,0
s-bursty-short,warmup-x2,scaling,threshold_cooldown,false,10,retries,0,0
s-bursty-short,warmup-x2,scaling,threshold_cooldown,false,10,preemptions,0,0
s-bursty-short,warmup-x2,scaling,threshold_cooldown,false,10,scale_actions,11,1.7522594
s-bursty-short,warmup-x2,scaling,threshold_cooldown,false,10,router_q_p95,0,0
s-bursty-short,warmup-x2,scaling,threshold_cooldown,false,10,replica_q_p95,61.022293,24.852353
s-bursty-short,warmup-x2,scaling,target_tracking,false,10,J,9.9015265,10.010912
s-bursty-short,warmup-x2,scaling,target_tracking,false,10,violation_rate,0.05502796,0.043701994
s-bursty-short,warmup-x2,scaling,target_tracking,false,10,goodput,61.420753,8.1345107
s-bursty-short,warmup-x2,scaling,target_tracking,false,10,ttft_p95,16.806889,19.545009
s-bursty-short,warmup-x2,scaling,target_tracking,false,10,ttft_p99,27.446949,26.363722
s-bursty-short,warmup-x2,scaling,target_tracking,false,10,tpot_p95,0.024066721,0.0044413519
s-bursty-short,warmup-x2,scaling,target_tracking,false,10,e2e_p95,28.9036,17.514864
s-bursty-short,warmup-x2,scaling,target_tracking,false,10,gpu_hours,8.1201389,0.058126759
s-bursty-short,warmup-x2,scaling,target_tracking,false,10,utilization,0.97296286,0.0018703714
s-bursty-short,warmup-x2,scaling,target_tracking,false,10,kv_occupancy,0.033080435,0.0061223664
s-bursty-short,warmup-x2,scaling,target_tracking,false,10,rejected_rate,0,0
s-bursty-short,warmup-x2,scaling,target_tracking,false,10,failed_rate,0,0
s-bursty-short,warmup-x2,scaling,target_tracking,false,10,timed_out_rate,0,0
s-bursty-short,warmup-x2,scaling,target_tracking,false,10,unfinished_rate,0,0
s-bursty-short,warmup-x2,scaling,target_tracking,false,10,retries,0,0
s-bursty-short,warmup-x2,scaling,target_tracking,false,10,preemptions,0,0
s-bursty-short,warmup-x2,scaling,target_tracking,false,10,scale_actions,11,0
s-bursty-short,warmup-x2,scaling,target_tracking,false,10,router_q_p95,0,0
s-bursty-short,warmup-x2,scaling,target_tracking,false,10,replica_q_p95,16.756307,19.548728
s-bursty-short,warmup-x2,scaling,slo_feedback,false,10,J,162.88764,74.586492
s-bursty-short,warmup-x2,scaling,slo_feedback,false,10,violation_rate,0.53942304,0.094068818
s-bursty-short,warmup-x2,scaling,slo_feedback,false,10,goodput,28.939839,3.5002856
s-bursty-short,warmup-x2,scaling,slo_feedback,false,10,ttft_p95,318.60302,149.69799
s-bursty-short,warmup-x2,scaling,slo_feedback,false,10,ttft_p99,453.27766,184.61119
s-bursty-short,warmup-x2,scaling,slo_feedback,false,10,tpot_p95,0.032291395,0.00034313708
s-bursty-short,warmup-x2,scaling,slo_feedback,false,10,e2e_p95,326.33158,149.49784
s-bursty-short,warmup-x2,scaling,slo_feedback,false,10,gpu_hours,4.6797704,0.29639269
s-bursty-short,warmup-x2,scaling,slo_feedback,false,10,utilization,0.98288664,0.010854602
s-bursty-short,warmup-x2,scaling,slo_feedback,false,10,kv_occupancy,0.11144427,0.026987607
s-bursty-short,warmup-x2,scaling,slo_feedback,false,10,rejected_rate,0,0
s-bursty-short,warmup-x2,scaling,slo_feedback,false,10,failed_rate,0,0
s-bursty-short,warmup-x2,scaling,slo_feedback,false,10,timed_out_rate,0,0
s-bursty-short,warmup-x2,scaling,slo_feedback,false,10,unfinished_rate,0.028138743,0.032737515
s-bursty-short,warmup-x2,scaling,slo_feedback,false,10,retries,0,0
s-bursty-short,warmup-x2,scaling,slo_feedback,false,10,preemptions,0,0
s-bursty-short,warmup-x2,scaling,slo_feedback,false,10,scale_actions,48.2,3.5815504
s-bursty-short,warmup-x2,scaling,slo_feedback,false,10,router_q_p95,0,0
s-bursty-short,warmup-x2,scaling,slo_feedback,false,10,replica_q_p95,318.55553,149.6923
s-bursty-short,warmup-x2,scaling,predictive,false,10,J,180.6927,87.436202
s-bursty-short,warmup-x2,scaling,predictive,false,10,violation_rate,0.51592087,0.10857319
s-bursty-short,warmup-x2,scaling,predictive,false,10,goodput,31.50086,8.7897557
s-bursty-short,warmup-x2,scaling,predictive,false,10,ttft_p95,353.94586,174.50149
s-bursty-short,warmup-x2,scaling,predictive,false,10,ttft_p99,464.08519,197.37137
s-bursty-short,warmup-x2,scaling,predictive,false,10,tpot_p95,0.032216299,0.00030483521
s-bursty-short,warmup-x2,scaling,predictive,false,10,e2e_p95,363.1647,173.73197
s-bursty-short,warmup-x2,scaling,predictive,false,10,gpu_hours,6.7621194,0.5492178
s-bursty-short,warmup-x2,scaling,predictive,false,10,utilization,0.98606888,0.010978336
s-bursty-short,warmup-x2,scaling,predictive,false,10,kv_occupancy,0.10323556,0.016613921
s-bursty-short,warmup-x2,scaling,predictive,false,10,rejected_rate,0,0
s-bursty-short,warmup-x2,scaling,predictive,false,10,failed_rate,0.00020689319,0.00046802492
s-bursty-short,warmup-x2,scaling,predictive,false,10,timed_out_rate,0,0
s-bursty-short,warmup-x2,scaling,predictive,false,10,unfinished_rate,0.041086062,0.047348699
s-bursty-short,warmup-x2,scaling,predictive,false,10,retries,26.5,59.947165
s-bursty-short,warmup-x2,scaling,predictive,false,10,preemptions,0,0
s-bursty-short,warmup-x2,scaling,predictive,false,10,scale_actions,175.4,21.307017
s-bursty-short,warmup-x2,scaling,predictive,false,10,router_q_p95,0,0
s-bursty-short,warmup-x2,scaling,predictive,false,10,replica_q_p95,353.26457,174.52434
s-bursty-short,scrape-0.25s,scaling,static_min,false,10,J,675.73021,41.565711
s-bursty-short,scrape-0.25s,scaling,static_min,false,10,violation_rate,0.99540644,0.0012738789
s-bursty-short,scrape-0.25s,scaling,static_min,false,10,goodput,0.28983871,0.064092504
s-bursty-short,scrape-0.25s,scaling,static_min,false,10,ttft_p95,1340.7153,83.132238
s-bursty-short,scrape-0.25s,scaling,static_min,false,10,ttft_p99,1399.3117,82.041954
s-bursty-short,scrape-0.25s,scaling,static_min,false,10,tpot_p95,0.032996151,0.00013437775
s-bursty-short,scrape-0.25s,scaling,static_min,false,10,e2e_p95,1348.213,83.269762
s-bursty-short,scrape-0.25s,scaling,static_min,false,10,gpu_hours,0.5419871,0.0028526612
s-bursty-short,scrape-0.25s,scaling,static_min,false,10,utilization,0.99980353,8.6538189e-05
s-bursty-short,scrape-0.25s,scaling,static_min,false,10,kv_occupancy,0.22950055,0.00088607665
s-bursty-short,scrape-0.25s,scaling,static_min,false,10,rejected_rate,0,0
s-bursty-short,scrape-0.25s,scaling,static_min,false,10,failed_rate,0,0
s-bursty-short,scrape-0.25s,scaling,static_min,false,10,timed_out_rate,0,0
s-bursty-short,scrape-0.25s,scaling,static_min,false,10,unfinished_rate,0.72589418,0.040647291
s-bursty-short,scrape-0.25s,scaling,static_min,false,10,retries,0,0
s-bursty-short,scrape-0.25s,scaling,static_min,false,10,preemptions,0,0
s-bursty-short,scrape-0.25s,scaling,static_min,false,10,scale_actions,4,0
s-bursty-short,scrape-0.25s,scaling,static_min,false,10,router_q_p95,0,0
s-bursty-short,scrape-0.25s,scaling,static_min,false,10,replica_q_p95,1340.6732,83.134233
s-bursty-short,scrape-0.25s,scaling,static_tuned,false,10,J,3.1124811,3.4051694
s-bursty-short,scrape-0.25s,scaling,static_tuned,false,10,violation_rate,0.025954353,0.033448958
s-bursty-short,scrape-0.25s,scaling,static_tuned,false,10,goodput,63.340968,8.3442132
s-bursty-short,scrape-0.25s,scaling,static_tuned,false,10,ttft_p95,4.0984996,6.4604268
s-bursty-short,scrape-0.25s,scaling,static_tuned,false,10,ttft_p99,10.13067,13.543415
s-bursty-short,scrape-0.25s,scaling,static_tuned,false,10,tpot_p95,0.024696758,0.0023633095
s-bursty-short,scrape-0.25s,scaling,static_tuned,false,10,e2e_p95,19.636012,5.3115953
s-bursty-short,scrape-0.25s,scaling,static_tuned,false,10,gpu_hours,5.675,6.6973306e-16
s-bursty-short,scrape-0.25s,scaling,static_tuned,false,10,utilization,0.97565795,0.0019625286
s-bursty-short,scrape-0.25s,scaling,static_tuned,false,10,kv_occupancy,0.051396147,0.010386087
s-bursty-short,scrape-0.25s,scaling,static_tuned,false,10,rejected_rate,0,0
s-bursty-short,scrape-0.25s,scaling,static_tuned,false,10,failed_rate,0,0
s-bursty-short,scrape-0.25s,scaling,static_tuned,false,10,timed_out_rate,0,0
s-bursty-short,scrape-0.25s,scaling,static_tuned,false,10,unfinished_rate,0,0
s-bursty-short,scrape-0.25s,scaling,static_tuned,false,10,retries,0,0
s-bursty-short,scrape-0.25s,scaling,static_tuned,false,10,preemptions,0,0
s-bursty-short,scrape-0.25s,scaling,static_tuned,false,10,scale_actions,6,0
s-bursty-short,scrape-0.25s,scaling,static_tuned,false,10,router_q_p95,0,0
s-bursty-short,scrape-0.25s,scaling,static_tuned,false,10,replica_q_p95,4.0400758,6.4649368
s-bursty-short,scrape-0.25s,scaling,static_peak_oracle,true,10,J,3.1124811,3.4051694
s-bursty-short,scrape-0.25s,scaling,static_peak_oracle,true,10,violation_rate,0.025954353,0.033448958
s-bursty-short,scrape-0.25s,scaling,static_peak_oracle,true,10,goodput,63.340968,8.3442132
s-bursty-short,scrape-0.25s,scaling,static_peak_oracle,true,10,ttft_p95,4.0984996,6.4604268
s-bursty-short,scrape-0.25s,scaling,static_peak_oracle,true,10,ttft_p99,10.13067,13.543415
s-bursty-short,scrape-0.25s,scaling,static_peak_oracle,true,10,tpot_p95,0.024696758,0.0023633095
s-bursty-short,scrape-0.25s,scaling,static_peak_oracle,true,10,e2e_p95,19.636012,5.3115953
s-bursty-short,scrape-0.25s,scaling,static_peak_oracle,true,10,gpu_hours,5.675,6.6973306e-16
s-bursty-short,scrape-0.25s,scaling,static_peak_oracle,true,10,utilization,0.97565795,0.0019625286
s-bursty-short,scrape-0.25s,scaling,static_peak_oracle,true,10,kv_occupancy,0.051396147,0.010386087
s-bursty-short,scrape-0.25s,scaling,static_peak_oracle,true,10,rejected_rate,0,0
s-bursty-short,scrape-0.25s,scaling,static_peak_oracle,true,10,failed_rate,0,0
s-bursty-short,scrape-0.25s,scaling,static_peak_oracle,true,10,timed_out_rate,0,0
s-bursty-short,scrape-0.25s,scaling,static_peak_oracle,true,10,unfinished_rate,0,0
s-bursty-short,scrape-0.25s,scaling,static_peak_oracle,true,10,retries,0,0
s-bursty-short,scrape-0.25s,scaling,static_peak_oracle,true,10,preemptions,0,0
s-bursty-short,scrape-0.25s,scaling,static_peak_oracle,true,10,scale_actions,6,0
s-bursty-short,scrape-0.25s,scaling,static_peak_oracle,true,10,router_q_p95,0,0
s-bursty-short,scrape-0.25s,scaling,static_peak_oracle,true,10,replica_q_p95,4.0400758,6.4649368
s-bursty-short,scrape-0.25s,scaling,threshold_cooldown,false,10,J,17.6886,7.0912141
s-bursty-short,scrape-0.25s,scaling,threshold_cooldown,false,10,violation_rate,0.19855389,0.065432099
s-bursty-short,scrape-0.25s,scaling,threshold_cooldown,false,10,goodput,52.220269,8.343707
s-bursty-short,scrape-0.25s,scaling,threshold_cooldown,false,10,ttft_p95,31.20819,13.728317
s-bursty-short,scrape-0.25s,scaling,threshold_cooldown,false,10,ttft_p99,39.53678,13.674337
s-bursty-short,scrape-0.25s,scaling,threshold_cooldown,false,10,tpot_p95,0.030759294,0.00054743645
s-bursty-short,scrape-0.25s,scaling,threshold_cooldown,false,10,e2e_p95,40.467661,11.892074
s-bursty-short,scrape-0.25s,scaling,threshold_cooldown,false,10,gpu_hours,6.4822434,0.43770911
s-bursty-short,scrape-0.25s,scaling,threshold_cooldown,false,10,utilization,0.96986508,0.0037543962
s-bursty-short,scrape-0.25s,scaling,threshold_cooldown,false,10,kv_occupancy,0.047530659,0.0066166794
s-bursty-short,scrape-0.25s,scaling,threshold_cooldown,false,10,rejected_rate,0,0
s-bursty-short,scrape-0.25s,scaling,threshold_cooldown,false,10,failed_rate,0,0
s-bursty-short,scrape-0.25s,scaling,threshold_cooldown,false,10,timed_out_rate,0,0
s-bursty-short,scrape-0.25s,scaling,threshold_cooldown,false,10,unfinished_rate,0,0
s-bursty-short,scrape-0.25s,scaling,threshold_cooldown,false,10,retries,0,0
s-bursty-short,scrape-0.25s,scaling,threshold_cooldown,false,10,preemptions,0,0
s-bursty-short,scrape-0.25s,scaling,threshold_cooldown,false,10,scale_actions,14.4,2.2164523
s-bursty-short,scrape-0.25s,scaling,threshold_cooldown,false,10,router_q_p95,0,0
s-bursty-short,scrape-0.25s,scaling,threshold_cooldown,false,10,replica_q_p95,31.163846,13.728484
s-bursty-short,scrape-0.25s,scaling,target_tracking,false,10,J,3.4462634,3.3506687
s-bursty-short,scrape-0.25s,scaling,target_tracking,false,10,violation_rate,0.024368011,0.024442153
s-bursty-short,scrape-0.25s,scaling,target_tracking,false,10,goodput,63.481613,8.3833799
s-bursty-short,scrape-0.25s,scaling,target_tracking,false,10,ttft_p95,4.2463915,6.4168408
s-bursty-short,scrape-0.25s,scaling,target_tracking,false,10,ttft_p99,11.789789,13.358987
s-bursty-short,scrape-0.25s,scaling,target_tracking,false,10,tpot_p95,0.022070004,0.0041677203
s-bursty-short,scrape-0.25s,scaling,target_tracking,false,10,e2e_p95,17.404503,5.0672388
s-bursty-short,scrape-0.25s,scaling,target_tracking,false,10,gpu_hours,8.1056944,0.065835548
s-bursty-short,scrape-0.25s,scaling,target_tracking,false,10,utilization,0.97389159,0.0018042778
s-bursty-short,scrape-0.25s,scaling,target_tracking,false,10,kv_occupancy,0.030731087,0.0055668413
s-bursty-short,scrape-0.25s,scaling,target_tracking,false,10,rejected_rate,0,0
s-bursty-short,scrape-0.25s,scaling,target_tracking,false,10,failed_rate,0,0
s-bursty-short,scrape-0.25s,scaling,target_tracking,false,10,timed_out_rate,0,0
s-bursty-short,scrape-0.25s,scaling,target_tracking,false,10,unfinished_rate,0,0
s-bursty-short,scrape-0.25s,scaling,target_tracking,false,10,retries,0,0
s-bursty-short,scrape-0.25s,scaling,target_tracking,false,10,preemptions,0,0
s-bursty-short,scrape-0.25s,scaling,target_tracking,false,10,scale_actions,11,0
s-bursty-short,scrape-0.25s,scaling,target_tracking,false,10,router_q_p95,0,0
s-bursty-short,scrape-0.25s,scaling,target_tracking,false,10,replica_q_p95,4.189696,6.4208916
s-bursty-short,scrape-0.25s,scaling,slo_feedback,false,10,J,56.0955,15.700779
s-bursty-short,scrape-0.25s,scaling,slo_feedback,false,10,violation_rate,0.37066309,0.090211328
s-bursty-short,scrape-0.25s,scaling,slo_feedback,false,10,goodput,41.217903,8.3687499
s-bursty-short,scrape-0.25s,scaling,slo_feedback,false,10,ttft_p95,106.6983,31.370804
s-bursty-short,scrape-0.25s,scaling,slo_feedback,false,10,ttft_p99,193.53955,52.333934
s-bursty-short,scrape-0.25s,scaling,slo_feedback,false,10,tpot_p95,0.03191764,0.00036031151
s-bursty-short,scrape-0.25s,scaling,slo_feedback,false,10,e2e_p95,116.27486,27.847779
s-bursty-short,scrape-0.25s,scaling,slo_feedback,false,10,gpu_hours,4.7438899,0.23619775
s-bursty-short,scrape-0.25s,scaling,slo_feedback,false,10,utilization,0.98095236,0.01099402
s-bursty-short,scrape-0.25s,scaling,slo_feedback,false,10,kv_occupancy,0.09195641,0.012693351
s-bursty-short,scrape-0.25s,scaling,slo_feedback,false,10,rejected_rate,0,0
s-bursty-short,scrape-0.25s,scaling,slo_feedback,false,10,failed_rate,0,0
s-bursty-short,scrape-0.25s,scaling,slo_feedback,false,10,timed_out_rate,0,0
s-bursty-short,scrape-0.25s,scaling,slo_feedback,false,10,unfinished_rate,0.001646377,0.0022969462
s-bursty-short,scrape-0.25s,scaling,slo_feedback,false,10,retries,0,0
s-bursty-short,scrape-0.25s,scaling,slo_feedback,false,10,preemptions,0,0
s-bursty-short,scrape-0.25s,scaling,slo_feedback,false,10,scale_actions,69.6,2.0567807
s-bursty-short,scrape-0.25s,scaling,slo_feedback,false,10,router_q_p95,0,0
s-bursty-short,scrape-0.25s,scaling,slo_feedback,false,10,replica_q_p95,106.65869,31.371053
s-bursty-short,scrape-0.25s,scaling,predictive,false,10,J,43.963049,25.109469
s-bursty-short,scrape-0.25s,scaling,predictive,false,10,violation_rate,0.31047641,0.069591801
s-bursty-short,scrape-0.25s,scaling,predictive,false,10,goodput,44.793495,7.5540905
s-bursty-short,scrape-0.25s,scaling,predictive,false,10,ttft_p95,82.904656,50.43434
s-bursty-short,scrape-0.25s,scaling,predictive,false,10,ttft_p99,133.91969,86.072043
s-bursty-short,scrape-0.25s,scaling,predictive,false,10,tpot_p95,0.031764444,0.00032227011
s-bursty-short,scrape-0.25s,scaling,predictive,false,10,e2e_p95,90.861137,50.128931
s-bursty-short,scrape-0.25s,scaling,predictive,false,10,gpu_hours,5.2964061,0.51678662
s-bursty-short,scrape-0.25s,scaling,predictive,false,10,utilization,0.98741852,0.006687278
s-bursty-short,scrape-0.25s,scaling,predictive,false,10,kv_occupancy,0.095694501,0.010618313
s-bursty-short,scrape-0.25s,scaling,predictive,false,10,rejected_rate,0,0
s-bursty-short,scrape-0.25s,scaling,predictive,false,10,failed_rate,0,0
s-bursty-short,scrape-0.25s,scaling,predictive,false,10,timed_out_rate,0,0
s-bursty-short,scrape-0.25s,scaling,predictive,false,10,unfinished_rate,0.0012794822,0.0025978292
s-bursty-short,scrape-0.25s,scaling,predictive,false,10,retries,0,0
s-bursty-short,scrape-0.25s,scaling,predictive,false,10,preemptions,0,0
s-bursty-short,scrape-0.25s,scaling,predictive,false,10,scale_actions,175,24.533949
s-bursty-short,scrape-0.25s,scaling,predictive,false,10,router_q_p95,0,0
s-bursty-short,scrape-0.25s,scaling,predictive,false,10,replica_q_p95,82.861145,50.432252
s-bursty-short,scrape-5s,scaling,static_min,false,10,J,675.72442,41.604091
s-bursty-short,scrape-5s,scaling,static_min,false,10,violation_rate,0.99539407,0.0012820193
s-bursty-short,scrape-5s,scaling,static_min,false,10,goodput,0.29026882,0.063772191
s-bursty-short,scrape-5s,scaling,static_min,false,10,ttft_p95,1340.7037,83.209096
s-bursty-short,scrape-5s,scaling,static_min,false,10,ttft_p99,1399.1128,81.910067
s-bursty-short,scrape-5s,scaling,static_min,false,10,tpot_p95,0.033002438,0.00013565263
s-bursty-short,scrape-5s,scaling,static_min,false,10,e2e_p95,1348.1771,83.274343
s-bursty-short,scrape-5s,scaling,static_min,false,10,gpu_hours,0.5421722,0.0032940068
s-bursty-short,scrape-5s,scaling,static_min,false,10,utilization,0.99980852,8.5954933e-05
s-bursty-short,scrape-5s,scaling,static_min,false,10,kv_occupancy,0.22942986,0.001161827
s-bursty-short,scrape-5s,scaling,static_min,false,10,rejected_rate,0,0
s-bursty-short,scrape-5s,scaling,static_min,false,10,failed_rate,0,0
s-bursty-short,scrape-5s,scaling,static_min,false,10,timed_out_rate,0,0
s-bursty-short,scrape-5s,scaling,static_min,false,10,unfinished_rate,0.72587202,0.040700322
s-bursty-short,scrape-5s,scaling,static_min,false,10,retries,0,0
s-bursty-short,scrape-5s,scaling,static_min,false,10,preemptions,0,0
s-bursty-short,scrape-5s,scaling,static_min,false,10,scale_actions,4,0
s-bursty-short,scrape-5s,scaling,static_min,false,10,router_q_p95,0,0
s-bursty-short,scrape-5s,scaling,static_min,false,10,replica_q_p95,1340.6584,83.214247
s-bursty-short,scrape-5s,scaling,static_tuned,false,10,J,3.1120544,3.4011888
s-bursty-short,scrape-5s,scaling,static_tuned,false,10,violation_rate,0.025652186,0.033022408
s-bursty-short,scrape-5s,scaling,static_tuned,false,10,goodput,63.365376,8.3600483
s-bursty-short,scrape-5s,scaling,static_tuned,false,10,ttft_p95,4.0926546,6.4589938
s-bursty-short,scrape-5s,scaling,static_tuned,false,10,ttft_p99,10.080753,13.563805
s-bursty-short,scrape-5s,scaling,static_tuned,false,10,tpot_p95,0.025097429,0.0021879105
s-bursty-short,scrape-5s,scaling,static_tuned,false,10,e2e_p95,19.748884,5.3607174
s-bursty-short,scrape-5s,scaling,static_tuned,false,10,gpu_hours,5.675,6.6973306e-16
s-bursty-short,scrape-5s,scaling,static_tuned,false,10,utilization,0.97572163,0.0019464264
s-bursty-short,scrape-5s,scaling,static_tuned,false,10,kv_occupancy,0.051736386,0.010439659
s-bursty-short,scrape-5s,scaling,static_tuned,false,10,rejected_rate,0,0
s-bursty-short,scrape-5s,scaling,static_tuned,false,10,failed_rate,0,0
s-bursty-short,scrape-5s,scaling,static_tuned,false,10,timed_out_rate,0,0
s-bursty-short,scrape-5s,scaling,static_tuned,false,10,unfinished_rate,0,0
s-bursty-short,scrape-5s,scaling,static_tuned,false,10,retries,0,0
s-bursty-short,scrape-5s,scaling,static_tuned,false,10,preemptions,0,0
s-bursty-short,scrape-5s,scaling,static_tuned,false,10,scale_actions,6,0
s-bursty-short,scrape-5s,scaling,static_tuned,false,10,router_q_p95,0,0
s-bursty-short,scrape-5s,scaling,static_tuned,false,10,replica_q_p95,4.0370177,6.4670517
s-bursty-short,scrape-5s,scaling,static_peak_oracle,true,10,J,3.1120544,3.4011888
s-bursty-short,scrape-5s,scaling,static_peak_oracle,true,10,violation_rate,0.025652186,0.033022408
s-bursty-short,scrape-5s,scaling,static_peak_oracle,true,10,goodput,63.365376,8.3600483
s-bursty-short,scrape-5s,scaling,static_peak_oracle,true,10,ttft_p95,4.0926546,6.4589938
s-bursty-short,scrape-5s,scaling,static_peak_oracle,true,10,ttft_p99,10.080753,13.563805
s-bursty-short,scrape-5s,scaling,static_peak_oracle,true,10,tpot_p95,0.025097429,0.0021879105
s-bursty-short,scrape-5s,scaling,static_peak_oracle,true,10,e2e_p95,19.748884,5.3607174
s-bursty-short,scrape-5s,scaling,static_peak_oracle,true,10,gpu_hours,5.675,6.6973306e-16
s-bursty-short,scrape-5s,scaling,static_peak_oracle,true,10,utilization,0.97572163,0.0019464264
s-bursty-short,scrape-5s,scaling,static_peak_oracle,true,10,kv_occupancy,0.051736386,0.010439659
s-bursty-short,scrape-5s,scaling,static_peak_oracle,true,10,rejected_rate,0,0
s-bursty-short,scrape-5s,scaling,static_peak_oracle,true,10,failed_rate,0,0
s-bursty-short,scrape-5s,scaling,static_peak_oracle,true,10,timed_out_rate,0,0
s-bursty-short,scrape-5s,scaling,static_peak_oracle,true,10,unfinished_rate,0,0
s-bursty-short,scrape-5s,scaling,static_peak_oracle,true,10,retries,0,0
s-bursty-short,scrape-5s,scaling,static_peak_oracle,true,10,preemptions,0,0
s-bursty-short,scrape-5s,scaling,static_peak_oracle,true,10,scale_actions,6,0
s-bursty-short,scrape-5s,scaling,static_peak_oracle,true,10,router_q_p95,0,0
s-bursty-short,scrape-5s,scaling,static_peak_oracle,true,10,replica_q_p95,4.0370177,6.4670517
s-bursty-short,scrape-5s,scaling,threshold_cooldown,false,10,J,17.627937,7.1381746
s-bursty-short,scrape-5s,scaling,threshold_cooldown,false,10,violation_rate,0.19789705,0.065132116
s-bursty-short,scrape-5s,scaling,threshold_cooldown,false,10,goodput,52.264785,8.3398902
s-bursty-short,scrape-5s,scaling,threshold_cooldown,false,10,ttft_p95,31.098262,13.821389
s-bursty-short,scrape-5s,scaling,threshold_cooldown,false,10,ttft_p99,40.101177,13.650442
s-bursty-short,scrape-5s,scaling,threshold_cooldown,false,10,tpot_p95,0.030734575,0.00053655389
s-bursty-short,scrape-5s,scaling,threshold_cooldown,false,10,e2e_p95,40.674234,11.936057
s-bursty-short,scrape-5s,scaling,threshold_cooldown,false,10,gpu_hours,6.464324,0.45122971
s-bursty-short,scrape-5s,scaling,threshold_cooldown,false,10,utilization,0.97000721,0.0040097933
s-bursty-short,scrape-5s,scaling,threshold_cooldown,false,10,kv_occupancy,0.047877777,0.0066269013
s-bursty-short,scrape-5s,scaling,threshold_cooldown,false,10,rejected_rate,0,0
s-bursty-short,scrape-5s,scaling,threshold_cooldown,false,10,failed_rate,0,0
s-bursty-short,scrape-5s,scaling,threshold_cooldown,false,10,timed_out_rate,0,0
s-bursty-short,scrape-5s,scaling,threshold_cooldown,false,10,unfinished_rate,0,0
s-bursty-short,scrape-5s,scaling,threshold_cooldown,false,10,retries,0,0
s-bursty-short,scrape-5s,scaling,threshold_cooldown,false,10,preemptions,0,0
s-bursty-short,scrape-5s,scaling,threshold_cooldown,false,10,scale_actions,14.3,1.9386627
s-bursty-short,scrape-5s,scaling,threshold_cooldown,false,10,router_q_p95,0,0
s-bursty-short,scrape-5s,scaling,threshold_cooldown,false,10,replica_q_p95,31.055771,13.822114
s-bursty-short,scrape-5s,scaling,target_tracking,false,10,J,3.4639146,3.3455005
s-bursty-short,scrape-5s,scaling,target_tracking,false,10,violation_rate,0.024777794,0.024615642
s-bursty-short,scrape-5s,scaling,target_tracking,false,10,goodput,63.450484,8.3635165
s-bursty-short,scrape-5s,scaling,target_tracking,false,10,ttft_p95,4.2705434,6.4086674
s-bursty-short,scrape-5s,scaling,target_tracking,false,10,ttft_p99,11.804441,13.384036
s-bursty-short,scrape-5s,scaling,target_tracking,false,10,tpot_p95,0.022223157,0.0041119079
s-bursty-short,scrape-5s,scaling,target_tracking,false,10,e2e_p95,17.508781,5.0844738
s-bursty-short,scrape-5s,scaling,target_tracking,false,10,gpu_hours,8.122185,0.057403599
s-bursty-short,scrape-5s,scaling,target_tracking,false,10,utilization,0.97388732,0.0017672698
s-bursty-short,scrape-5s,scaling,target_tracking,false,10,kv_occupancy,0.030888688,0.0056365073
s-bursty-short,scrape-5s,scaling,target_tracking,false,10,rejected_rate,0,0
s-bursty-short,scrape-5s,scaling,target_tracking,false,10,failed_rate,0,0
s-bursty-short,scrape-5s,scaling,target_tracking,false,10,timed_out_rate,0,0
s-bursty-short,scrape-5s,scaling,target_tracking,false,10,unfinished_rate,0,0
s-bursty-short,scrape-5s,scaling,target_tracking,false,10,retries,0,0
s-bursty-short,scrape-5s,scaling,target_tracking,false,10,preemptions,0,0
s-bursty-short,scrape-5s,scaling,target_tracking,false,10,scale_actions,11.2,0.45243143
s-bursty-short,scrape-5s,scaling,target_tracking,false,10,router_q_p95,0,0
s-bursty-short,scrape-5s,scaling,target_tracking,false,10,replica_q_p95,4.2178416,6.4160518
s-bursty-short,scrape-5s,scaling,slo_feedback,false,10,J,53.922761,17.242866
s-bursty-short,scrape-5s,scaling,slo_feedback,false,10,violation_rate,0.36039138,0.088170903
s-bursty-short,scrape-5s,scaling,slo_feedback,false,10,goodput,41.983925,8.682713
s-bursty-short,scrape-5s,scaling,slo_feedback,false,10,ttft_p95,102.45482,34.372342
s-bursty-short,scrape-5s,scaling,slo_feedback,false,10,ttft_p99,179.59758,49.847595
s-bursty-short,scrape-5s,scaling,slo_feedback,false,10,tpot_p95,0.03190875,0.00035447782
s-bursty-short,scrape-5s,scaling,slo_feedback,false,10,e2e_p95,113.17681,30.626271
s-bursty-short,scrape-5s,scaling,slo_feedback,false,10,gpu_hours,4.7476152,0.20417134
s-bursty-short,scrape-5s,scaling,slo_feedback,false,10,utilization,0.9818662,0.0086342109
s-bursty-short,scrape-5s,scaling,slo_feedback,false,10,kv_occupancy,0.09204522,0.013040588
s-bursty-short,scrape-5s,scaling,slo_feedback,false,10,rejected_rate,0,0
s-bursty-short,scrape-5s,scaling,slo_feedback,false,10,failed_rate,0,0
s-bursty-short,scrape-5s,scaling,slo_feedback,false,10,timed_out_rate,0,0
s-bursty-short,scrape-5s,scaling,slo_feedback,false,10,unfinished_rate,0.00032437017,0.00070270437
s-bursty-short,scrape-5s,scaling,slo_feedback,false,10,retries,0,0
s-bursty-short,scrape-5s,scaling,slo_feedback,false,10,preemptions,0,0
s-bursty-short,scrape-5s,scaling,slo_feedback,false,10,scale_actions,69.4,1.9721029
s-bursty-short,scrape-5s,scaling,slo_feedback,false,10,router_q_p95,0,0
s-bursty-short,scrape-5s,scaling,slo_feedback,false,10,replica_q_p95,102.4141,34.371261
s-bursty-short,scrape-5s,scaling,predictive,false,10,J,44.065021,25.091347
s-bursty-short,scrape-5s,scaling,predictive,false,10,violation_rate,0.30992748,0.069839245
s-bursty-short,scrape-5s,scaling,predictive,false,10,goodput,44.836828,7.5907183
s-bursty-short,scrape-5s,scaling,predictive,false,10,ttft_p95,83.116017,50.394606
s-bursty-short,scrape-5s,scaling,predictive,false,10,ttft_p99,134.92749,85.614766
s-bursty-short,scrape-5s,scaling,predictive,false,10,tpot_p95,0.031738034,0.00033358771
s-bursty-short,scrape-5s,scaling,predictive,false,10,e2e_p95,91.217363,50.136958
s-bursty-short,scrape-5s,scaling,predictive,false,10,gpu_hours,5.290622,0.52116166
s-bursty-short,scrape-5s,scaling,predictive,false,10,utilization,0.98733588,0.0065790792
s-bursty-short,scrape-5s,scaling,predictive,false,10,kv_occupancy,0.096256372,0.010721382
s-bursty-short,scrape-5s,scaling,predictive,false,10,rejected_rate,0,0
s-bursty-short,scrape-5s,scaling,predictive,false,10,failed_rate,0,0
s-bursty-short,scrape-5s,scaling,predictive,false,10,timed_out_rate,0,0
s-bursty-short,scrape-5s,scaling,predictive,false,10,unfinished_rate,0.0012805475,0.0025931693
s-bursty-short,scrape-5s,scaling,predictive,false,10,retries,0,0
s-bursty-short,scrape-5s,scaling,predictive,false,10,preemptions,0,0
s-bursty-short,scrape-5s,scaling,predictive,false,10,scale_actions,176,25.343341
s-bursty-short,scrape-5s,scaling,predictive,false,10,router_q_p95,0,0
s-bursty-short,scrape-5s,scaling,predictive,false,10,replica_q_p95,83.076605,50.392775
s-bursty-short,tail-light,scaling,static_min,false,10,J,610.45752,32.018099
s-bursty-short,tail-light,scaling,static_min,false,10,violation_rate,0.99525697,0.0012619301
s-bursty-short,tail-light,scaling,static_min,false,10,goodput,0.29870968,0.061266856
s-bursty-short,tail-light,scaling,static_min,false,10,ttft_p95,1210.1438,64.036331
s-bursty-short,tail-light,scaling,static_min,false,10,ttft_p99,1260.9663,68.283691
s-bursty-short,tail-light,scaling,static_min,false,10,tpot_p95,0.034520769,0.00012374556
s-bursty-short,tail-light,scaling,static_min,false,10,e2e_p95,1215.7684,64.004046
s-bursty-short,tail-light,scaling,static_min,false,10,gpu_hours,0.52994958,0.0020546749
s-bursty-short,tail-light,scaling,static_min,false,10,utilization,0.99979926,8.8521467e-05
s-bursty-short,tail-light,scaling,static_min,false,10,kv_occupancy,0.17655371,0.00070473004
s-bursty-short,tail-light,scaling,static_min,false,10,rejected_rate,0,0
s-bursty-short,tail-light,scaling,static_min,false,10,failed_rate,0,0
s-bursty-short,tail-light,scaling,static_min,false,10,timed_out_rate,0,0
s-bursty-short,tail-light,scaling,static_min,false,10,unfinished_rate,0.63222258,0.054285574
s-bursty-short,tail-light,scaling,static_min,false,10,retries,0,0
s-bursty-short,tail-light,scaling,static_min,false,10,preemptions,0,0
s-bursty-short,tail-light,scaling,static_min,false,10,scale_actions,4,0
s-bursty-short,tail-light,scaling,static_min,false,10,router_q_p95,0,0
s-bursty-short,tail-light,scaling,static_min,false,10,replica_q_p95,1210.0962,64.038618
s-bursty-short,tail-light,scaling,static_tuned,false,10,J,1.6891619,1.2964336
s-bursty-short,tail-light,scaling,static_tuned,false,10,violation_rate,0.016814906,0.022396895
s-bursty-short,tail-light,scaling,static_tuned,false,10,goodput,64.027957,8.6833757
s-bursty-short,tail-light,scaling,static_tuned,false,10,ttft_p95,1.3966553,2.3229896
s-bursty-short,tail-light,scaling,static_tuned,false,10,ttft_p99,3.4161322,4.6703174
s-bursty-short,tail-light,scaling,static_tuned,false,10,tpot_p95,0.022026776,0.0036963635
s-bursty-short,tail-light,scaling,static_tuned,false,10,e2e_p95,8.7046531,2.083218
s-bursty-short,tail-light,scaling,static_tuned,false,10,gpu_hours,5.675,6.6973306e-16
s-bursty-short,tail-light,scaling,static_tuned,false,10,utilization,0.9706813,0.0013110777
s-bursty-short,tail-light,scaling,static_tuned,false,10,kv_occupancy,0.024161845,0.0044844736
s-bursty-short,tail-light,scaling,static_tuned,false,10,rejected_rate,0,0
s-bursty-short,tail-light,scaling,static_tuned,false,10,failed_rate,0,0
s-bursty-short,tail-light,scaling,static_tuned,false,10,timed_out_rate,0,0
s-bursty-short,tail-light,scaling,static_tuned,false,10,unfinished_rate,0,0
s-bursty-short,tail-light,scaling,static_tuned,false,10,retries,0,0
s-bursty-short,tail-light,scaling,static_tuned,false,10,preemptions,0,0
s-bursty-short,tail-light,scaling,static_tuned,false,10,scale_actions,6,0
s-bursty-short,tail-light,scaling,static_tuned,false,10,router_q_p95,0,0
s-bursty-short,tail-light,scaling,static_tuned,false,10,replica_q_p95,1.3409085,2.3286519
s-bursty-short,tail-light,scaling,static_peak_oracle,true,10,J,1.6891619,1.2964336
s-bursty-short,tail-light,scaling,static_peak_oracle,true,10,violation_rate,0.016814906,0.022396895
s-bursty-short,tail-light,scaling,static_peak_oracle,true,10,goodput,64.027957,8.6833757
s-bursty-short,tail-light,scaling,static_peak_oracle,true,10,ttft_p95,1.3966553,2.3229896
s-bursty-short,tail-light,scaling,static_peak_oracle,true,10,ttft_p99,3.4161322,4.6703174
s-bursty-short,tail-light,scaling,static_peak_oracle,true,10,tpot_p95,0.022026776,0.0036963635
s-bursty-short,tail-light,scaling,static_peak_oracle,true,10,e2e_p95,8.7046531,2.083218
s-bursty-short,tail-light,scaling,static_peak_oracle,true,10,gpu_hours,5.675,6.6973306e-16
s-bursty-short,tail-light,scaling,static_peak_oracle,true,10,utilization,0.9706813,0.0013110777
s-bursty-short,tail-light,scaling,static_peak_oracle,true,10,kv_occupancy,0.024161845,0.0044844736
s-bursty-short,tail-light,scaling,static_peak_oracle,true,10,rejected_rate,0,0
s-bursty-short,tail-light,scaling,static_peak_oracle,true,10,failed_rate,0,0
s-bursty-short,tail-light,scaling,static_peak_oracle,true,10,timed_out_rate,0,0
s-bursty-short,tail-light,scaling,static_peak_oracle,true,10,unfinished_rate,0,0
s-bursty-short,tail-light,scaling,static_peak_oracle,true,10,retries,0,0
s-bursty-short,tail-light,scaling,static_peak_oracle,true,10,preemptions,0,0
s-bursty-short,tail-light,scaling,static_peak_oracle,true,10,scale_actions,6,0
s-bursty-short,tail-light,scaling,static_peak_oracle,true,10,router_q_p95,0,0
s-bursty-short,tail-light,scaling,static_peak_oracle,true,10,replica_q_p95,1.3409085,2.3286519
s-bursty-short,tail-light,scaling,threshold_cooldown,false,10,J,6.0472262,2.3719473
s-bursty-short,tail-light,scaling,threshold_cooldown,false,10,violation_rate,0.1225348,0.057207453
s-bursty-short,tail-light,scaling,threshold_cooldown,false,10,goodput,57.366237,9.0971139
s-bursty-short,tail-light,scaling,threshold_cooldown,false,10,ttft_p95,8.8955035,4.2491075
s-bursty-short,tail-light,scaling,threshold_cooldown,false,10,ttft_p99,14.984269,5.3255034
s-bursty-short,tail-light,scaling,threshold_cooldown,false,10,tpot_p95,0.031439447,0.0010304935
s-bursty-short,tail-light,scaling,threshold_cooldown,false,10,e2e_p95,15.870612,3.869507
s-bursty-short,tail-light,scaling,threshold_cooldown,false,10,gpu_hours,5.558556,0.32379382
s-bursty-short,tail-light,scaling,threshold_cooldown,false,10,utilization,0.96742735,0.0042999895
s-bursty-short,tail-light,scaling,threshold_cooldown,false,10,kv_occupancy,0.0281011,0.0039070703
s-bursty-short,tail-light,scaling,threshold_cooldown,false,10,rejected_rate,0,0
s-bursty-short,tail-light,scaling,threshold_cooldown,false,10,failed_rate,0,0
s-bursty-short,tail-light,scaling,threshold_cooldown,false,10,timed_out_rate,0,0
s-bursty-short,tail-light,scaling,threshold_cooldown,false,10,unfinished_rate,0,0
s-bursty-short,tail-light,scaling,threshold_cooldown,false,10,retries,0,0
s-bursty-short,tail-light,scaling,threshold_cooldown,false,10,preemptions,0,0
s-bursty-short,tail-light,scaling,threshold_cooldown,false,10,scale_actions,13.2,1.3822009
s-bursty-short,tail-light,scaling,threshold_cooldown,false,10,router_q_p95,0,0
s-bursty-short,tail-light,scaling,threshold_cooldown,false,10,replica_q_p95,8.8448449,4.2514338
s-bursty-short,tail-light,scaling,target_tracking,false,10,J,1.928131,1.3034573
s-bursty-short,tail-light,scaling,target_tracking,false,10,violation_rate,0.020355903,0.022425055
s-bursty-short,tail-light,scaling,target_tracking,false,10,goodput,63.75457,8.4658116
s-bursty-short,tail-light,scaling,target_tracking,false,10,ttft_p95,1.4350566,2.3134301
s-bursty-short,tail-light,scaling,target_tracking,false,10,ttft_p99,3.9525041,4.6143152
s-bursty-short,tail-light,scaling,target_tracking,false,10,tpot_p95,0.022923971,0.0042842737
s-bursty-short,tail-light,scaling,target_tracking,false,10,e2e_p95,8.4364442,2.0857788
s-bursty-short,tail-light,scaling,target_tracking,false,10,gpu_hours,7.2712235,0.36285619
s-bursty-short,tail-light,scaling,target_tracking,false,10,utilization,0.96991077,0.0059061397
s-bursty-short,tail-light,scaling,target_tracking,false,10,kv_occupancy,0.01815749,0.0025542791
s-bursty-short,tail-light,scaling,target_tracking,false,10,rejected_rate,0,0
s-bursty-short,tail-light,scaling,target_tracking,false,10,failed_rate,0,0
s-bursty-short,tail-light,scaling,target_tracking,false,10,timed_out_rate,0,0
s-bursty-short,tail-light,scaling,target_tracking,false,10,unfinished_rate,0,0
s-bursty-short,tail-light,scaling,target_tracking,false,10,retries,0,0
s-bursty-short,tail-light,scaling,target_tracking,false,10,preemptions,0,0
s-bursty-short,tail-light,scaling,target_tracking,false,10,scale_actions,23.7,3.0546103
s-bursty-short,tail-light,scaling,target_tracking,false,10,router_q_p95,0,0
s-bursty-short,tail-light,scaling,target_tracking,false,10,replica_q_p95,1.3784938,2.3192835
s-bursty-short,tail-light,scaling,slo_feedback,false,10,J,64.2881,38.721142
s-bursty-short,tail-light,scaling,slo_feedback,false,10,violation_rate,0.369657,0.063547326
s-bursty-short,tail-light,scaling,slo_feedback,false,10,goodput,41.26414,7.2468775
s-bursty-short,tail-light,scaling,slo_feedback,false,10,ttft_p95,123.26065,77.211662
s-bursty-short,tail-light,scaling,slo_feedback,false,10,ttft_p99,194.68548,124.2246
s-bursty-short,tail-light,scaling,slo_feedback,false,10,tpot_p95,0.033464645,0.00018243306
s-bursty-short,tail-light,scaling,slo_feedback,false,10,e2e_p95,129.36131,76.838182
s-bursty-short,tail-light,scaling,slo_feedback,false,10,gpu_hours,3.9253739,0.35061705
s-bursty-short,tail-light,scaling,slo_feedback,false,10,utilization,0.97638785,0.01916362
s-bursty-short,tail-light,scaling,slo_feedback,false,10,kv_occupancy,0.064220914,0.012422075
s-bursty-short,tail-light,scaling,slo_feedback,false,10,rejected_rate,0,0
s-bursty-short,tail-light,scaling,slo_feedback,false,10,failed_rate,0,0
s-bursty-short,tail-light,scaling,slo_feedback,false,10,timed_out_rate,0,0
s-bursty-short,tail-light,scaling,slo_feedback,false,10,unfinished_rate,0.0043549944,0.0068073406
s-bursty-short,tail-light,scaling,slo_feedback,false,10,retries,0,0
s-bursty-short,tail-light,scaling,slo_feedback,false,10,preemptions,0,0
s-bursty-short,tail-light,scaling,slo_feedback,false,10,scale_actions,67.7,4.3323574
s-bursty-short,tail-light,scaling,slo_feedback,false,10,router_q_p95,0,0
s-bursty-short,tail-light,scaling,slo_feedback,false,10,replica_q_p95,123.21558,77.217514
s-bursty-short,tail-light,scaling,predictive,false,10,J,49.152506,19.342516
s-bursty-short,tail-light,scaling,predictive,false,10,violation_rate,0.30041938,0.058244776
s-bursty-short,tail-light,scaling,predictive,false,10,goodput,45.449194,7.1160294
s-bursty-short,tail-light,scaling,predictive,false,10,ttft_p95,93.40804,38.727144
s-bursty-short,tail-light,scaling,predictive,false,10,ttft_p99,157.45004,82.172089
s-bursty-short,tail-light,scaling,predictive,false,10,tpot_p95,0.033137302,0.00029787113
s-bursty-short,tail-light,scaling,predictive,false,10,e2e_p95,98.930671,38.799319
s-bursty-short,tail-light,scaling,predictive,false,10,gpu_hours,5.0841275,0.63086957
s-bursty-short,tail-light,scaling,predictive,false,10,utilization,0.98463027,0.0087652238
s-bursty-short,tail-light,scaling,predictive,false,10,kv_occupancy,0.056684499,0.0062852841
s-bursty-short,tail-light,scaling,predictive,false,10,rejected_rate,0,0
s-bursty-short,tail-light,scaling,predictive,false,10,failed_rate,0,0
s-bursty-short,tail-light,scaling,predictive,false,10,timed_out_rate,0,0
s-bursty-short,tail-light,scaling,predictive,false,10,unfinished_rate,0.00027391415,0.00061963686
s-bursty-short,tail-light,scaling,predictive,false,10,retries,0,0
s-bursty-short,tail-light,scaling,predictive,false,10,preemptions,0,0
s-bursty-short,tail-light,scaling,predictive,false,10,scale_actions,181.3,27.315125
s-bursty-short,tail-light,scaling,predictive,false,10,router_q_p95,0,0
s-bursty-short,tail-light,scaling,predictive,false,10,replica_q_p95,93.367274,38.72695
s-bursty-short,tail-heavy,scaling,static_min,false,10,J,707.78986,39.01982
s-bursty-short,tail-heavy,scaling,static_min,false,10,violation_rate,0.99547826,0.0013207547
s-bursty-short,tail-heavy,scaling,static_min,false,10,goodput,0.28526882,0.066726971
s-bursty-short,tail-heavy,scaling,static_min,false,10,ttft_p95,1404.8437,78.041278
s-bursty-short,tail-heavy,scaling,static_min,false,10,ttft_p99,1471.9602,81.504591
s-bursty-short,tail-heavy,scaling,static_min,false,10,tpot_p95,0.032459217,0.0001245634
s-bursty-short,tail-heavy,scaling,static_min,false,10,e2e_p95,1415.1469,78.240719
s-bursty-short,tail-heavy,scaling,static_min,false,10,gpu_hours,0.54585725,0.0034141387
s-bursty-short,tail-heavy,scaling,static_min,false,10,utilization,0.99979741,9.2013511e-05
s-bursty-short,tail-heavy,scaling,static_min,false,10,kv_occupancy,0.28137985,0.0009999554
s-bursty-short,tail-heavy,scaling,static_min,false,10,rejected_rate,0,0
s-bursty-short,tail-heavy,scaling,static_min,false,10,failed_rate,0,0
s-bursty-short,tail-heavy,scaling,static_min,false,10,timed_out_rate,0,0
s-bursty-short,tail-heavy,scaling,static_min,false,10,unfinished_rate,0.79396412,0.030509886
s-bursty-short,tail-heavy,scaling,static_min,false,10,retries,0,0
s-bursty-short,tail-heavy,scaling,static_min,false,10,preemptions,0,0
s-bursty-short,tail-heavy,scaling,static_min,false,10,scale_actions,4,0
s-bursty-short,tail-heavy,scaling,static_min,false,10,router_q_p95,0,0
s-bursty-short,tail-heavy,scaling,static_min,false,10,replica_q_p95,1404.8075,78.040609
s-bursty-short,tail-heavy,scaling,static_tuned,false,10,J,7.7127415,6.6036251
s-bursty-short,tail-heavy,scaling,static_tuned,false,10,violation_rate,0.15462792,0.099094201
s-bursty-short,tail-heavy,scaling,static_tuned,false,10,goodput,53.902742,5.2848431
s-bursty-short,tail-heavy,scaling,static_tuned,false,10,ttft_p95,11.893611,12.677009
s-bursty-short,tail-heavy,scaling,static_tuned,false,10,ttft_p99,23.013787,24.228374
s-bursty-short,tail-heavy,scaling,static_tuned,false,10,tpot_p95,0.030630425,0.00050712623
s-bursty-short,tail-heavy,scaling,static_tuned,false,10,e2e_p95,38.786785,9.3213407
s-bursty-short,tail-heavy,scaling,static_tuned,false,10,gpu_hours,5.675,6.6973306e-16
s-bursty-short,tail-heavy,scaling,static_tuned,false,10,utilization,0.97913676,0.0019666168
s-bursty-short,tail-heavy,scaling,static_tuned,false,10,kv_occupancy,0.10560214,0.023069666
s-bursty-short,tail-heavy,scaling,static_tuned,false,10,rejected_rate,0,0
s-bursty-short,tail-heavy,scaling,static_tuned,false,10,failed_rate,0,0
s-bursty-short,tail-heavy,scaling,static_tuned,false,10,timed_out_rate,0,0
s-bursty-short,tail-heavy,scaling,static_tuned,false,10,unfinished_rate,0,0
s-bursty-short,tail-heavy,scaling,static_tuned,false,10,retries,0,0
s-bursty-short,tail-heavy,scaling,static_tuned,false,10,preemptions,0,0
s-bursty-short,tail-heavy,scaling,static_tuned,false,10,scale_actions,6,0
s-bursty-short,tail-heavy,scaling,static_tuned,false,10,router_q_p95,0,0
s-bursty-short,tail-heavy,scaling,static_tuned,false,10,replica_q_p95,11.850906,12.676719
s-bursty-short,tail-heavy,scaling,static_peak_oracle,true,10,J,7.7127415,6.6036251
s-bursty-short,tail-heavy,scaling,static_peak_oracle,true,10,violation_rate,0.15462792,0.099094201
s-bursty-short,tail-heavy,scaling,static_peak_oracle,true,10,goodput,53.902742,5.2848431
s-bursty-short,tail-heavy,scaling,static_peak_oracle,true,10,ttft_p95,11.893611,12.677009
s-bursty-short,tail-heavy,scaling,static_peak_oracle,true,10,ttft_p99,23.013787,24.228374
s-bursty-short,tail-heavy,scaling,static_peak_oracle,true,10,tpot_p95,0.030630425,0.00050712623
s-bursty-short,tail-heavy,scaling,static_peak_oracle,true,10,e2e_p95,38.786785,9.3213407
s-bursty-short,tail-heavy,scaling,static_peak_oracle,true,10,gpu_hours,5.675,6.6973306e-16
s-bursty-short,tail-heavy,scaling,static_peak_oracle,true,10,utilization,0.97913676,0.0019666168
s-bursty-short,tail-heavy,scaling,static_peak_oracle,true,10,kv_occupancy,0.10560214,0.023069666
s-bursty-short,tail-heavy,scaling,static_peak_oracle,true,10,rejected_rate,0,0
s-bursty-short,tail-heavy,scaling,static_peak_oracle,true,10,failed_rate,0,0
s-bursty-short,tail-heavy,scaling,static_peak_oracle,true,10,timed_out_rate,0,0
s-bursty-short,tail-heavy,scaling,static_peak_oracle,true,10,unfinished_rate,0,0
s-bursty-short,tail-heavy,scaling,static_peak_oracle,true,10,retries,0,0
s-bursty-short,tail-heavy,scaling,static_peak_oracle,true,10,preemptions,0,0
s-bursty-short,tail-heavy,scaling,static_peak_oracle,true,10,scale_actions,6,0
s-bursty-short,tail-heavy,scaling,static_peak_oracle,true,10,router_q_p95,0,0
s-bursty-short,tail-heavy,scaling,static_peak_oracle,true,10,replica_q_p95,11.850906,12.676719
s-bursty-short,tail-heavy,scaling,threshold_cooldown,false,10,J,25.126966,10.115026
s-bursty-short,tail-heavy,scaling,threshold_cooldown,false,10,violation_rate,0.21527803,0.065123436
s-bursty-short,tail-heavy,scaling,threshold_cooldown,false,10,goodput,50.977366,7.8344934
s-bursty-short,tail-heavy,scaling,threshold_cooldown,false,10,ttft_p95,45.774713,19.941359
s-bursty-short,tail-heavy,scaling,threshold_cooldown,false,10,ttft_p99,58.601684,20.955887
s-bursty-short,tail-heavy,scaling,threshold_cooldown,false,10,tpot_p95,0.030270177,0.00034505723
s-bursty-short,tail-heavy,scaling,threshold_cooldown,false,10,e2e_p95,58.297523,17.693479
s-bursty-short,tail-heavy,scaling,threshold_cooldown,false,10,gpu_hours,7.1136111,0.21577215
s-bursty-short,tail-heavy,scaling,threshold_cooldown,false,10,utilization,0.97614914,0.0018418738
s-bursty-short,tail-heavy,scaling,threshold_cooldown,false,10,kv_occupancy,0.076819437,0.013246291
s-bursty-short,tail-heavy,scaling,threshold_cooldown,false,10,rejected_rate,0,0
s-bursty-short,tail-heavy,scaling,threshold_cooldown,false,10,failed_rate,0,0
s-bursty-short,tail-heavy,scaling,threshold_cooldown,false,10,timed_out_rate,0,0
s-bursty-short,tail-heavy,scaling,threshold_cooldown,false,10,unfinished_rate,0,0
s-bursty-short,tail-heavy,scaling,threshold_cooldown,false,10,retries,0,0
s-bursty-short,tail-heavy,scaling,threshold_cooldown,false,10,preemptions,0,0
s-bursty-short,tail-heavy,scaling,threshold_cooldown,false,10,scale_actions,12.8,0.45243143
s-bursty-short,tail-heavy,scaling,threshold_cooldown,false,10,router_q_p95,0,0
s-bursty-short,tail-heavy,scaling,threshold_cooldown,false,10,replica_q_p95,45.732194,19.941622
s-bursty-short,tail-heavy,scaling,target_tracking,false,10,J,5.3207173,6.2968744
s-bursty-short,tail-heavy,scaling,target_tracking,false,10,violation_rate,0.024870508,0.024558085
s-bursty-short,tail-heavy,scaling,target_tracking,false,10,goodput,63.463118,8.4386339
s-bursty-short,tail-heavy,scaling,target_tracking,false,10,ttft_p95,7.9442802,12.328374
s-bursty-short,tail-heavy,scaling,target_tracking,false,10,ttft_p99,22.846934,25.359365
s-bursty-short,tail-heavy,scaling,target_tracking,false,10,tpot_p95,0.023816956,0.0028666054
s-bursty-short,tail-heavy,scaling,target_tracking,false,10,e2e_p95,31.631681,8.1344075
s-bursty-short,tail-heavy,scaling,target_tracking,false,10,gpu_hours,8.1513889,0.039132973
s-bursty-short,tail-heavy,scaling,target_tracking,false,10,utilization,0.97726736,0.0016884389
s-bursty-short,tail-heavy,scaling,target_tracking,false,10,kv_occupancy,0.057715921,0.011237424
s-bursty-short,tail-heavy,scaling,target_tracking,false,10,rejected_rate,0,0
s-bursty-short,tail-heavy,scaling,target_tracking,false,10,failed_rate,0,0
s-bursty-short,tail-heavy,scaling,target_tracking,false,10,timed_out_rate,0,0
s-bursty-short,tail-heavy,scaling,target_tracking,false,10,unfinished_rate,0,0
s-bursty-short,tail-heavy,scaling,target_tracking,false,10,retries,0,0
s-bursty-short,tail-heavy,scaling,target_tracking,false,10,preemptions,0,0
s-bursty-short,tail-heavy,scaling,target_tracking,false,10,scale_actions,11,0
s-bursty-short,tail-heavy,scaling,target_tracking,false,10,router_q_p95,0,0
s-bursty-short,tail-heavy,scaling,target_tracking,false,10,replica_q_p95,7.887319,12.334261
s-bursty-short,tail-heavy,scaling,slo_feedback,false,10,J,74.786193,22.685648
s-bursty-short,tail-heavy,scaling,slo_feedback,false,10,violation_rate,0.4733512,0.067239198
s-bursty-short,tail-heavy,scaling,slo_feedback,false,10,goodput,34.030269,5.1128572
s-bursty-short,tail-heavy,scaling,slo_feedback,false,10,ttft_p95,142.93001,45.335677
s-bursty-short,tail-heavy,scaling,slo_feedback,false,10,ttft_p99,217.98523,64.004796
s-bursty-short,tail-heavy,scaling,slo_feedback,false,10,tpot_p95,0.031592299,0.00029042758
s-bursty-short,tail-heavy,scaling,slo_feedback,false,10,e2e_p95,156.38627,41.8066
s-bursty-short,tail-heavy,scaling,slo_feedback,false,10,gpu_hours,5.2783278,0.33105849
s-bursty-short,tail-heavy,scaling,slo_feedback,false,10,utilization,0.98260728,0.0096263111
s-bursty-short,tail-heavy,scaling,slo_feedback,false,10,kv_occupancy,0.13976341,0.016966083
s-bursty-short,tail-heavy,scaling,slo_feedback,false,10,rejected_rate,0,0
s-bursty-short,tail-heavy,scaling,slo_feedback,false,10,failed_rate,0,0
s-bursty-short,tail-heavy,scaling,slo_feedback,false,10,timed_out_rate,0,0
s-bursty-short,tail-heavy,scaling,slo_feedback,false,10,unfinished_rate,0.0052881827,0.008257728
s-bursty-short,tail-heavy,scaling,slo_feedback,false,10,retries,0,0
s-bursty-short,tail-heavy,scaling,slo_feedback,false,10,preemptions,0,0
s-bursty-short,tail-heavy,scaling,slo_feedback,false,10,scale_actions,60.9,2.5781535
s-bursty-short,tail-heavy,scaling,slo_feedback,false,10,router_q_p95,0,0
s-bursty-short,tail-heavy,scaling,slo_feedback,false,10,replica_q_p95,142.88474,45.337501
s-bursty-short,tail-heavy,scaling,predictive,false,10,J,55.703763,39.255943
s-bursty-short,tail-heavy,scaling,predictive,false,10,violation_rate,0.34936907,0.09268619
s-bursty-short,tail-heavy,scaling,predictive,false,10,goodput,41.642634,6.0050553
s-bursty-short,tail-heavy,scaling,predictive,false,10,ttft_p95,105.8091,78.941489
s-bursty-short,tail-heavy,scaling,predictive,false,10,ttft_p99,167.37955,132.80035
s-bursty-short,tail-heavy,scaling,predictive,false,10,tpot_p95,0.031252471,0.00050595454
s-bursty-short,tail-heavy,scaling,predictive,false,10,e2e_p95,117.8753,78.155919
s-bursty-short,tail-heavy,scaling,predictive,false,10,gpu_hours,6.1160257,0.49345553
s-bursty-short,tail-heavy,scaling,predictive,false,10,utilization,0.98875354,0.0046542308
s-bursty-short,tail-heavy,scaling,predictive,false,10,kv_occupancy,0.14193642,0.01911363
s-bursty-short,tail-heavy,scaling,predictive,false,10,rejected_rate,0,0
s-bursty-short,tail-heavy,scaling,predictive,false,10,failed_rate,0,0
s-bursty-short,tail-heavy,scaling,predictive,false,10,timed_out_rate,0,0
s-bursty-short,tail-heavy,scaling,predictive,false,10,unfinished_rate,0.0019469928,0.0044044037
s-bursty-short,tail-heavy,scaling,predictive,false,10,retries,0,0
s-bursty-short,tail-heavy,scaling,predictive,false,10,preemptions,0,0
s-bursty-short,tail-heavy,scaling,predictive,false,10,scale_actions,180.9,19.615365
s-bursty-short,tail-heavy,scaling,predictive,false,10,router_q_p95,0,0
s-bursty-short,tail-heavy,scaling,predictive,false,10,replica_q_p95,105.76607,78.941012
