scenario,variant,family,policy,seed,trace_sha,ejections,requests,completed,rejected,failed,timed_out,unfinished,violation_rate,goodput,J,j_ttft,j_tpot,j_gpu,ttft_p50,ttft_p95,ttft_p99,tpot_p50,tpot_p95,tpot_p99,e2e_p95,itl_p50,itl_p99,router_q_mean,router_q_p95,replica_q_mean,replica_q_p95,retries,preemptions,gpu_hours,utilization,kv_occupancy,scale_actions,peak_replicas
r-steady70-short,base,routing,random,1,5e4873cb546e,0,28727,28727,0,0,0,0,0,43.525758,1.2781388,0.049517642,0.22862113,1,0.038714564,0.099035284,0.16587834,0.019500565,0.022862113,0.025711619,18.177013,0.019952623,0.079432823,0,0,0.012568841,0.03681112,0,0,0.73333333,0.94481164,0.099677394,0,4
r-steady70-short,base,routing,random,2,6dc6874ce547,0,28495,28495,0,0,0,0,0,43.174242,1.283279,0.051250016,0.23202895,1,0.038586072,0.10250003,0.17243617,0.019512243,0.023202895,0.025893477,18.235424,0.019952623,0.079432823,0,0,0.012637964,0.036623367,0,0,0.73333333,0.94302412,0.10113017,0,4
r-steady70-short,base,routing,random,3,f311391dcf19,0,28315,28315,0,0,0,0,0,42.901515,1.2801876,0.049926692,0.23026088,1,0.038473282,0.099853384,0.17045179,0.019425126,0.023026088,0.025942867,18.361346,0.019952623,0.079432823,0,0,0.012449886,0.035218582,0,0,0.73333333,0.94026025,0.099239962,0,4
r-steady70-short,base,routing,random,4,9b7d60435af8,0,28673,28673,0,0,0,0,0,43.443939,1.286095,0.050169368,0.23592564,1,0.038447521,0.10033874,0.17420591,0.01942364,0.023592564,0.026426781,17.947926,0.019952623,0.079432823,0,0,0.012585258,0.036056082,0,0,0.73333333,0.93819398,0.10035444,0,4
r-steady70-short,base,routing,random,5,b9dd0b88205b,0,28786,28786,0,0,0,0,0,43.615152,1.2844289,0.051225588,0.23320328,1,0.03896812,0.10245118,0.16817528,0.0196808,0.023320328,0.026357619,18.405174,0.019952623,0.079432823,0,0,0.012764473,0.037158916,0,0,0.73333333,0.94338139,0.10260301,0,4
r-steady70-short,base,routing,random,6,8413c0fdee4d,0,28438,28438,0,0,0,0,0,43.087879,1.2803328,0.049429784,0.23090298,1,0.039011538,0.098859569,0.17386123,0.019604974,0.023090298,0.025844309,18.684577,0.019952623,0.079432823,0,0,0.012703549,0.036309207,0,0,0.73333333,0.94410223,0.10214148,0,4
r-steady70-short,base,routing,random,7,17324038ea43,0,28508,28508,0,0,0,0,0,43.193939,1.2831667,0.050597237,0.23256951,1,0.038635303,0.10119447,0.17577223,0.01943653,0.023256951,0.026346463,17.913252,0.019952623,0.079432823,0,0,0.012648739,0.036980077,0,0,0.73333333,0.9397686,0.09887762,0,4
r-steady70-short,base,routing,random,8,0dab74842fd5,0,28666,28666,0,0,0,0,0,43.433333,1.2878073,0.052391358,0.23541592,1,0.038901561,0.10478272,0.17422957,0.019562322,0.023541592,0.026621595,18.046747,0.019952623,0.079432823,0,0,0.012845644,0.037591109,0,0,0.73333333,0.94106418,0.10074716,0,4
r-steady70-short,base,routing,random,9,b6a82526ffbe,0,28756,28756,0,0,0,0,0,43.569697,1.2813683,0.051533248,0.2298351,1,0.038674852,0.1030665,0.1730062,0.019571404,0.02298351,0.025976077,18.054349,0.019952623,0.079432823,0,0,0.012725469,0.037137179,0,0,0.73333333,0.94475636,0.10032833,0,4
r-steady70-short,base,routing,random,10,92ca36d86d1e,0,28573,28573,0,0,0,0,0,43.292424,1.2784454,0.050522303,0.22792309,1,0.038409386,0.10104461,0.17117025,0.01931247,0.022792309,0.025557047,17.312228,0.019952623,0.079432823,0,0,0.012554897,0.03651328,0,0,0.73333333,0.93652024,0.096989923,0,4
r-steady70-short,base,routing,random,11,5ba76d274281,0,28611,28611,0,0,0,0,0,43.35,1.2862286,0.054163647,0.232065,1,0.038943322,0.10832729,0.17894187,0.019689933,0.0232065,0.026430941,18.597562,0.019952623,0.079432823,0,0,0.013148205,0.039293448,0,0,0.73333333,0.94429767,0.10265645,0,4
r-steady70-short,base,routing,random,12,219cd5b52d77,0,28589,28589,0,0,0,0,0,43.316667,1.2779803,0.050677593,0.2273027,1,0.038522215,0.10135519,0.16974642,0.019378484,0.02273027,0.02565223,17.606057,0.019952623,0.079432823,0,0,0.012668022,0.03714272,0,0,0.73333333,0.94419821,0.097837747,0,4
r-steady70-short,base,routing,random,13,11d05ae3380d,0,28470,28470,0,0,0,0,0,43.136364,1.2851954,0.051270533,0.23392491,1,0.039015693,0.10254107,0.17281819,0.019654579,0.023392491,0.026300439,18.607116,0.019952623,0.079432823,0,0,0.012714331,0.037115823,0,0,0.73333333,0.9424394,0.10233908,0,4
r-steady70-short,base,routing,random,14,32385beb1583,0,28468,28468,0,0,0,0,0,43.133333,1.2812007,0.049265024,0.23193564,1,0.038580412,0.098530049,0.16667809,0.019358962,0.023193564,0.025697985,18.168918,0.019952623,0.079432823,0,0,0.012396884,0.035679897,0,0,0.73333333,0.93955329,0.099723796,0,4
r-steady70-short,base,routing,random,15,4f68585b1a03,0,28476,28476,0,0,0,0,0,43.145455,1.2774824,0.049857157,0.22762529,1,0.038670995,0.099714315,0.17125241,0.019437775,0.022762529,0.025838732,17.826041,0.019952623,0.079432823,0,0,0.012672486,0.03694111,0,0,0.73333333,0.94251562,0.098556909,0,4
r-steady70-short,base,routing,random,16,3fcfac62ad79,0,28596,28596,0,0,0,0,0,43.327273,1.28276,0.05119558,0.23156443,1,0.038363911,0.10239116,0.17128759,0.019277433,0.023156443,0.026146731,17.225297,0.019952623,0.079432823,0,0,0.012620784,0.037815145,0,0,0.73333333,0.94223754,0.096753308,0,4
r-steady70-short,base,routing,random,17,a447c863ba16,0,28482,28482,0,0,0,0,0,43.154545,1.2787733,0.049486051,0.22928728,1,0.03864995,0.098972101,0.17217569,0.019376736,0.022928728,0.025919978,17.919727,0.019952623,0.079432823,0,0,0.012663649,0.036657492,0,0,0.73333333,0.94355556,0.098753607,0,4
r-steady70-short,base,routing,random,18,9616a66f2350,0,28714,28714,0,0,0,0,0,43.506061,1.2797343,0.049896429,0.2298379,1,0.038706532,0.099792859,0.17370419,0.019518718,0.02298379,0.025746126,18.041606,0.019952623,0.079432823,0,0,0.012604394,0.03696939,0,0,0.73333333,0.94274961,0.099833792,0,4
r-steady70-short,base,routing,random,19,12a8c6dcbb31,0,28660,28660,0,0,0,0,0,43.424242,1.2842471,0.04981126,0.23443585,1,0.039076722,0.09962252,0.17172682,0.019581453,0.023443585,0.026406653,18.236562,0.019952623,0.079432823,0,0,0.012685246,0.036518656,0,0,0.73333333,0.94136529,0.10157753,0,4
r-steady70-short,base,routing,random,20,12f2a0589125,0,28462,28462,0,0,0,0,0,43.124242,1.2834867,0.050190136,0.23329659,1,0.038910949,0.10038027,0.17504023,0.019626437,0.023329659,0.026133533,18.467021,0.019952623,0.079432823,0,0,0.012758565,0.036208962,0,0,0.73333333,0.94221196,0.10163998,0,4
r-steady70-short,base,routing,round_robin,1,5e4873cb546e,0,28727,28727,0,0,0,0,0,43.525758,1.2592585,0.037718874,0.2215396,1,0.034742012,0.075437749,0.14308759,0.019349119,0.02215396,0.024272769,18.094206,0.019952623,0.079432823,0,0,0.0096340854,0.018063141,0,0,0.73333333,0.94475302,0.099343629,0,4
r-steady70-short,base,routing,round_robin,2,6dc6874ce547,0,28495,28495,0,0,0,0,0,43.174242,1.2609013,0.038524186,0.22237707,1,0.034902228,0.077048371,0.14613516,0.019447625,0.022237707,0.024662588,18.061173,0.019952623,0.079432823,0,0,0.0096632593,0.017803173,0,0,0.73333333,0.94498305,0.10057335,0,4
r-steady70-short,base,routing,round_robin,3,f311391dcf19,0,28315,28315,0,0,0,0,0,42.901515,1.2588724,0.037810718,0.22106165,1,0.034890205,0.075621437,0.14820754,0.019307982,0.022106165,0.024145438,18.247918,0.019952623,0.079432823,0,0,0.0097125037,0.01783515,0,0,0.73333333,0.93736562,0.098889047,0,4
r-steady70-short,base,routing,round_robin,4,9b7d60435af8,0,28673,28673,0,0,0,0,0,43.443939,1.2619171,0.038305182,0.22361194,1,0.034830958,0.076610363,0.14682125,0.019431387,0.022361194,0.024781252,17.793154,0.019952623,0.079432823,0,0,0.0096869339,0.017893823,0,0,0.73333333,0.93758042,0.099820779,0,4
r-steady70-short,base,routing,round_robin,5,b9dd0b88205b,0,28786,28786,0,0,0,0,0,43.615152,1.2626189,0.03800911,0.22460977,1,0.035024062,0.07601822,0.14505554,0.019573479,0.022460977,0.024808404,18.364048,0.019952623,0.079432823,0,0,0.0096946943,0.018226431,0,0,0.73333333,0.94458348,0.10224346,0,4
r-steady70-short,base,routing,round_robin,6,8413c0fdee4d,0,28438,28438,0,0,0,0,0,43.087879,1.2624222,0.037798085,0.22462415,1,0.035087242,0.07559617,0.14598085,0.01946964,0.022462415,0.024519155,18.682414,0.019952623,0.079432823,0,0,0.009734503,0.017996134,0,0,0.73333333,0.94358664,0.10190105,0,4
r-steady70-short,base,routing,round_robin,7,17324038ea43,0,28508,28508,0,0,0,0,0,43.193939,1.2621217,0.038503141,0.22361854,1,0.034828081,0.077006283,0.1493344,0.01934843,0.022361854,0.024816583,17.913407,0.019952623,0.079432823,0,0,0.0097336918,0.018761904,0,0,0.73333333,0.93783105,0.098418117,0,4
r-steady70-short,base,routing,round_robin,8,0dab74842fd5,0,28666,28666,0,0,0,0,0,43.433333,1.2618468,0.038684944,0.22316189,1,0.034875995,0.077369889,0.15167244,0.0193791,0.022316189,0.024488465,17.77124,0.019952623,0.079432823,0,0,0.0097860751,0.018397035,0,0,0.73333333,0.93968159,0.10004677,0,4
r-steady70-short,base,routing,round_robin,9,b6a82526ffbe,0,28756,28756,0,0,0,0,0,43.569697,1.2619978,0.038867926,0.22312987,1,0.034846932,0.077735853,0.15076709,0.019472525,0.022312987,0.02487446,18.02444,0.019952623,0.079432823,0,0,0.0097369782,0.018647908,0,0,0.73333333,0.94489842,0.10001399,0,4
r-steady70-short,base,routing,round_robin,10,92ca36d86d1e,0,28573,28573,0,0,0,0,0,43.292424,1.2603781,0.038386824,0.22199127,1,0.034588277,0.076773648,0.15123687,0.019203632,0.022199127,0.024430067,17.557239,0.019952623,0.079432823,0,0,0.0096827244,0.018382463,0,0,0.73333333,0.93697049,0.096889679,0,4
r-steady70-short,base,routing,round_robin,11,5ba76d274281,0,28611,28611,0,0,0,0,0,43.35,1.2648502,0.039344692,0.22550553,1,0.035073085,0.078689384,0.15307475,0.019579123,0.022550553,0.024912328,18.527909,0.019952623,0.079432823,0,0,0.0098237111,0.01888517,0,0,0.73333333,0.94564763,0.10252599,0,4
r-steady70-short,base,routing,round_robin,12,219cd5b52d77,0,28589,28589,0,0,0,0,0,43.316667,1.2605381,0.037797449,0.22274062,1,0.03464884,0.075594898,0.14658211,0.019250266,0.022274062,0.024570234,17.537829,0.019952623,0.079432823,0,0,0.0096062883,0.017906684,0,0,0.73333333,0.94146399,0.097674331,0,4
r-steady70-short,base,routing,round_robin,13,11d05ae3380d,0,28470,28470,0,0,0,0,0,43.136364,1.2628342,0.038342048,0.22449218,1,0.035074231,0.076684096,0.1491169,0.019514397,0.022449218,0.02475074,18.668422,0.019952623,0.079432823,0,0,0.0097438579,0.018012775,0,0,0.73333333,0.94177615,0.10190325,0,4
r-steady70-short,base,routing,round_robin,14,32385beb1583,0,28468,28468,0,0,0,0,0,43.133333,1.2581686,0.037575189,0.22059338,1,0.034724564,0.075150377,0.14368731,0.019354672,0.022059338,0.024004735,18.138234,0.019952623,0.079432823,0,0,0.0095883576,0.017521166,0,0,0.73333333,0.94152364,0.099461075,0,4
r-steady70-short,base,routing,round_robin,15,4f68585b1a03,0,28476,28476,0,0,0,0,0,43.145455,1.2599938,0.037999379,0.22199443,1,0.03478339,0.075998759,0.14609201,0.019304342,0.022199443,0.024331198,17.821924,0.019952623,0.079432823,0,0,0.009710211,0.018293809,0,0,0.73333333,0.94386213,0.098517593,0,4
r-steady70-short,base,routing,round_robin,16,3fcfac62ad79,0,28596,28596,0,0,0,0,0,43.327273,1.2600983,0.038277283,0.22182106,1,0.034720561,0.076554565,0.1468943,0.019261447,0.022182106,0.024306325,17.229651,0.019952623,0.079432823,0,0,0.0096670129,0.018085399,0,0,0.73333333,0.9427581,0.096527216,0,4
r-steady70-short,base,routing,round_robin,17,a447c863ba16,0,28482,28482,0,0,0,0,0,43.154545,1.2589536,0.038210246,0.22074334,1,0.034800089,0.076420493,0.14608993,0.019311788,0.022074334,0.024196407,17.93929,0.019952623,0.079432823,0,0,0.0096844484,0.017780395,0,0,0.73333333,0.94485668,0.098465831,0,4
r-steady70-short,base,routing,round_robin,18,9616a66f2350,0,28714,28714,0,0,0,0,0,43.506061,1.2609261,0.038437373,0.22248872,1,0.034803611,0.076874746,0.14936571,0.019474841,0.022248872,0.024393312,17.994799,0.019952623,0.079432823,0,0,0.0097464102,0.018596803,0,0,0.73333333,0.94151953,0.099550091,0,4
r-steady70-short,base,routing,round_robin,19,12a8c6dcbb31,0,28660,28660,0,0,0,0,0,43.424242,1.2634568,0.038280517,0.22517626,1,0.035004413,0.076561035,0.14672568,0.019493383,0.022517626,0.024810415,18.151703,0.019952623,0.079432823,0,0,0.0096944924,0.018106416,0,0,0.73333333,0.9402381,0.10120835,0,4
r-steady70-short,base,routing,round_robin,20,12f2a0589125,0,28462,28462,0,0,0,0,0,43.124242,1.2632784,0.038839405,0.22443896,1,0.034977495,0.077678809,0.14989738,0.019431991,0.022443896,0.024548851,18.323116,0.019952623,0.079432823,0,0,0.0097732118,0.018480355,0,0,0.73333333,0.94077614,0.10101807,0,4
r-steady70-short,base,routing,least_outstanding,1,5e4873cb546e,0,28727,28727,0,0,0,0,0,43.525758,1.2623339,0.044464465,0.21786943,1,0.037821276,0.088928929,0.15659218,0.019300544,0.021786943,0.024038099,17.91237,0.019952623,0.079432823,0,0,0.012187735,0.032326623,0,0,0.73333333,0.94493418,0.098635542,0,4
r-steady70-short,base,routing,least_outstanding,2,6dc6874ce547,0,28495,28495,0,0,0,0,0,43.174242,1.2656965,0.045259072,0.22043746,1,0.037950001,0.090518145,0.16146201,0.019355096,0.022043746,0.024219746,17.957997,0.019952623,0.079432823,0,0,0.012224747,0.032236609,0,0,0.73333333,0.94186069,0.1000032,0,4
r-steady70-short,base,routing,least_outstanding,3,f311391dcf19,0,28315,28315,0,0,0,0,0,42.901515,1.2627888,0.043976151,0.21881263,1,0.037761202,0.087952302,0.15615874,0.019294761,0.021881263,0.024328347,18.18697,0.019952623,0.079432823,0,0,0.012042087,0.03149075,0,0,0.73333333,0.94053893,0.098236431,0,4
r-steady70-short,base,routing,least_outstanding,4,9b7d60435af8,0,28673,28673,0,0,0,0,0,43.443939,1.2650782,0.044802601,0.22027555,1,0.038013105,0.089605203,0.15663098,0.019333471,0.022027555,0.024429249,17.687509,0.019952623,0.079432823,0,0,0.012213964,0.032261364,0,0,0.73333333,0.93772084,0.099055188,0,4
r-steady70-short,base,routing,least_outstanding,5,b9dd0b88205b,0,28786,28786,0,0,0,0,0,43.615152,1.2659292,0.044816272,0.2211129,1,0.038246323,0.089632544,0.15667378,0.019504808,0.02211129,0.024460197,18.28227,0.019952623,0.079432823,0,0,0.012330382,0.03314091,0,0,0.73333333,0.94448583,0.10150904,0,4
r-steady70-short,base,routing,least_outstanding,6,8413c0fdee4d,0,28438,28438,0,0,0,0,0,43.087879,1.2650133,0.043941954,0.22107134,1,0.03806842,0.087883909,0.16113479,0.019466184,0.022107134,0.024712967,18.490634,0.019952623,0.079432823,0,0,0.012242522,0.032312312,0,0,0.73333333,0.94472584,0.10122672,0,4
r-steady70-short,base,routing,least_outstanding,7,17324038ea43,0,28508,28508,0,0,0,0,0,43.193939,1.2650873,0.045716174,0.21937108,1,0.038030584,0.091432348,0.16473471,0.019294983,0.021937108,0.024566554,17.777702,0.019952623,0.079432823,0,0,0.012455677,0.032886504,0,0,0.73333333,0.93906945,0.097699214,0,4
r-steady70-short,base,routing,least_outstanding,8,0dab74842fd5,0,28666,28666,0,0,0,0,0,43.433333,1.2647684,0.045687347,0.21908102,1,0.03799478,0.091374694,0.16153449,0.01940826,0.021908102,0.024346754,17.658972,0.019952623,0.079432823,0,0,0.012423388,0.033312438,0,0,0.73333333,0.93833011,0.099277809,0,4
r-steady70-short,base,routing,least_outstanding,9,b6a82526ffbe,0,28756,28756,0,0,0,0,0,43.569697,1.2639297,0.045029305,0.2189004,1,0.038078293,0.09005861,0.15899175,0.019424784,0.02189004,0.02424229,17.759706,0.019952623,0.079432823,0,0,0.012300165,0.032965855,0,0,0.73333333,0.94478831,0.099189707,0,4
r-steady70-short,base,routing,least_outstanding,10,92ca36d86d1e,0,28573,28573,0,0,0,0,0,43.292424,1.2616155,0.045041835,0.21657371,1,0.037648636,0.090083669,0.16104467,0.019186226,0.021657371,0.024152003,17.199494,0.019952623,0.079432823,0,0,0.012210067,0.032783274,0,0,0.73333333,0.93624402,0.096056769,0,4
r-steady70-short,base,routing,least_outstanding,11,5ba76d274281,0,28611,28611,0,0,0,0,0,43.35,1.2678211,0.0462007,0.22162041,1,0.038132794,0.092401401,0.16473347,0.019533333,0.022162041,0.024892832,18.345549,0.019952623,0.079432823,0,0,0.012420439,0.033538598,0,0,0.73333333,0.94319521,0.10171533,0,4
r-steady70-short,base,routing,least_outstanding,12,219cd5b52d77,0,28589,28589,0,0,0,0,0,43.316667,1.2620048,0.044256669,0.21774809,1,0.037629519,0.088513338,0.15848551,0.019227676,0.021774809,0.024067714,17.370301,0.019952623,0.079432823,0,0,0.01209591,0.031836962,0,0,0.73333333,0.94193323,0.096925189,0,4
r-steady70-short,base,routing,least_outstanding,13,11d05ae3380d,0,28470,28470,0,0,0,0,0,43.136364,1.2658371,0.04554942,0.22028772,1,0.038302208,0.09109884,0.16192906,0.019491823,0.022028772,0.024277947,18.520014,0.019952623,0.079432823,0,0,0.012444915,0.033465995,0,0,0.73333333,0.94312464,0.10122115,0,4
r-steady70-short,base,routing,least_outstanding,14,32385beb1583,0,28468,28468,0,0,0,0,0,43.133333,1.2620191,0.044046344,0.21797272,1,0.03773947,0.088092688,0.15486428,0.019294689,0.021797272,0.024330422,18.118117,0.019952623,0.079432823,0,0,0.012104305,0.031739476,0,0,0.73333333,0.9400328,0.098828317,0,4
r-steady70-short,base,routing,least_outstanding,15,4f68585b1a03,0,28476,28476,0,0,0,0,0,43.145455,1.2614502,0.044493803,0.21695635,1,0.037937155,0.088987606,0.16094297,0.019264919,0.021695635,0.024018154,17.718873,0.019952623,0.079432823,0,0,0.012399414,0.032987256,0,0,0.73333333,0.94472183,0.097738585,0,4
r-steady70-short,base,routing,least_outstanding,16,3fcfac62ad79,0,28596,28596,0,0,0,0,0,43.327273,1.2621511,0.044528445,0.21762267,1,0.03768363,0.089056889,0.15595238,0.019216284,0.021762267,0.024486452,17.146548,0.019952623,0.079432823,0,0,0.012019063,0.032318933,0,0,0.73333333,0.94182583,0.095705417,0,4
r-steady70-short,base,routing,least_outstanding,17,a447c863ba16,0,28482,28482,0,0,0,0,0,43.154545,1.2617324,0.044378732,0.21735371,1,0.037816964,0.088757465,0.16142072,0.019274113,0.021735371,0.024020288,17.819231,0.019952623,0.079432823,0,0,0.012239055,0.03232675,0,0,0.73333333,0.94337853,0.097758366,0,4
r-steady70-short,base,routing,least_outstanding,18,9616a66f2350,0,28714,28714,0,0,0,0,0,43.506061,1.2642426,0.04532567,0.21891692,1,0.038080088,0.09065134,0.16123145,0.019402579,0.021891692,0.024216887,17.866021,0.019952623,0.079432823,0,0,0.012416183,0.033299654,0,0,0.73333333,0.94283926,0.098875573,0,4
r-steady70-short,base,routing,least_outstanding,19,12a8c6dcbb31,0,28660,28660,0,0,0,0,0,43.424242,1.2655415,0.045306507,0.22023502,1,0.038156194,0.090613014,0.15747846,0.019462413,0.022023502,0.024242738,18.053898,0.019952623,0.079432823,0,0,0.012222026,0.032470783,0,0,0.73333333,0.93987333,0.10049112,0,4
r-steady70-short,base,routing,least_outstanding,20,12f2a0589125,0,28462,28462,0,0,0,0,0,43.124242,1.2673143,0.045746303,0.22156798,1,0.03812572,0.091492606,0.16196341,0.019417823,0.022156798,0.02474943,18.202731,0.019952623,0.079432823,0,0,0.012362372,0.032790341,0,0,0.73333333,0.94152493,0.10042566,0,4
r-steady70-short,base,routing,power_of_two,1,5e4873cb546e,0,28727,28727,0,0,0,0,0,43.525758,1.2659818,0.047218345,0.21876349,1,0.03812434,0.094436689,0.16153778,0.019312077,0.021876349,0.024328986,17.95755,0.019952623,0.079432823,0,0,0.012220833,0.034244946,0,0,0.73333333,0.9446636,0.09868038,0,4
r-steady70-short,base,routing,power_of_two,2,6dc6874ce547,0,28495,28495,0,0,0,0,0,43.174242,1.2670812,0.047546174,0.21953498,1,0.038258918,0.095092348,0.16539214,0.019345877,0.021953498,0.02454528,17.950036,0.019952623,0.079432823,0,0,0.012294835,0.034276807,0,0,0.73333333,0.94454061,0.099965426,0,4
r-steady70-short,base,routing,power_of_two,3,f311391dcf19,0,28315,28315,0,0,0,0,0,42.901515,1.264126,0.046381772,0.21774424,1,0.038189382,0.092763543,0.16558308,0.019303715,0.021774424,0.024299058,18.189907,0.019952623,0.079432823,0,0,0.012266765,0.033897189,0,0,0.73333333,0.93847627,0.0982616,0,4
r-steady70-short,base,routing,power_of_two,4,9b7d60435af8,0,28673,28673,0,0,0,0,0,43.443939,1.2682903,0.047232752,0.22105755,1,0.038293573,0.094465503,0.16569072,0.019322595,0.022105755,0.02445067,17.774363,0.019952623,0.079432823,0,0,0.012375513,0.034642559,0,0,0.73333333,0.9339365,0.099053004,0,4
r-steady70-short,base,routing,power_of_two,5,b9dd0b88205b,0,28786,28786,0,0,0,0,0,43.615152,1.2690206,0.047751654,0.22126893,1,0.03864855,0.095503309,0.16391063,0.019535349,0.022126893,0.024571349,18.247759,0.019952623,0.079432823,0,0,0.012457747,0.035188448,0,0,0.73333333,0.94572318,0.10155273,0,4
r-steady70-short,base,routing,power_of_two,6,8413c0fdee4d,0,28438,28438,0,0,0,0,0,43.087879,1.2683292,0.047633597,0.22069559,1,0.038453099,0.095267194,0.16774117,0.019451778,0.022069559,0.024641471,18.482394,0.019952623,0.079432823,0,0,0.012391208,0.034427608,0,0,0.73333333,0.94532658,0.10122006,0,4
r-steady70-short,base,routing,power_of_two,7,17324038ea43,0,28508,28508,0,0,0,0,0,43.193939,1.2686388,0.047585202,0.22105361,1,0.038315164,0.095170405,0.16602093,0.019280745,0.022105361,0.024911505,17.701701,0.019952623,0.079432823,0,0,0.012330753,0.034699299,0,0,0.73333333,0.93871167,0.097735329,0,4
r-steady70-short,base,routing,power_of_two,8,0dab74842fd5,0,28666,28666,0,0,0,0,0,43.433333,1.2675233,0.048256566,0.21926673,1,0.038316535,0.096513132,0.16693869,0.019382584,0.021926673,0.024347744,17.70753,0.019952623,0.079432823,0,0,0.01238134,0.035511363,0,0,0.73333333,0.94143336,0.099315249,0,4
r-steady70-short,base,routing,power_of_two,9,b6a82526ffbe,0,28756,28756,0,0,0,0,0,43.569697,1.2672752,0.049049096,0.21822613,1,0.038364244,0.098098192,0.1696363,0.019408644,0.021822613,0.024395908,17.840913,0.019952623,0.079432823,0,0,0.012567581,0.035445621,0,0,0.73333333,0.94486312,0.099225295,0,4
r-steady70-short,base,routing,power_of_two,10,92ca36d86d1e,0,28573,28573,0,0,0,0,0,43.292424,1.2653864,0.048461723,0.21692466,1,0.038059067,0.096923446,0.16786596,0.019193031,0.021692466,0.024170094,17.325319,0.019952623,0.079432823,0,0,0.01233202,0.034882288,0,0,0.73333333,0.936331,0.096044859,0,4
r-steady70-short,base,routing,power_of_two,11,5ba76d274281,0,28611,28611,0,0,0,0,0,43.35,1.2714452,0.049532446,0.22191278,1,0.03836276,0.099064891,0.17538969,0.019520615,0.022191278,0.024999463,18.362572,0.019952623,0.079432823,0,0,0.012537834,0.035249701,0,0,0.73333333,0.94582145,0.10178539,0,4
r-steady70-short,base,routing,power_of_two,12,219cd5b52d77,0,28589,28589,0,0,0,0,0,43.316667,1.2646677,0.047235469,0.21743224,1,0.038126818,0.094470938,0.16465267,0.01923948,0.021743224,0.02410067,17.439991,0.019952623,0.079432823,0,0,0.012298641,0.035268511,0,0,0.73333333,0.94147771,0.096924546,0,4
r-steady70-short,base,routing,power_of_two,13,11d05ae3380d,0,28470,28470,0,0,0,0,0,43.136364,1.2693959,0.048124402,0.22127153,1,0.038480837,0.096248804,0.1668049,0.019449751,0.022127153,0.024627304,18.486988,0.019952623,0.079432823,0,0,0.012437571,0.035455627,0,0,0.73333333,0.94250088,0.10130117,0,4
r-steady70-short,base,routing,power_of_two,14,32385beb1583,0,28468,28468,0,0,0,0,0,43.133333,1.2652264,0.046571258,0.21865517,1,0.038126395,0.093142516,0.16037298,0.019264434,0.021865517,0.024043686,18.15153,0.019952623,0.079432823,0,0,0.01215171,0.033522464,0,0,0.73333333,0.93843057,0.098845783,0,4
r-steady70-short,base,routing,power_of_two,15,4f68585b1a03,0,28476,28476,0,0,0,0,0,43.145455,1.2644251,0.047463454,0.21696165,1,0.038184348,0.094926908,0.16467693,0.019293981,0.021696165,0.023931772,17.751089,0.019952623,0.079432823,0,0,0.012289651,0.034454747,0,0,0.73333333,0.94246224,0.097733029,0,4
r-steady70-short,base,routing,power_of_two,16,3fcfac62ad79,0,28596,28596,0,0,0,0,0,43.327273,1.2656467,0.048666956,0.2169797,1,0.038218429,0.097333912,0.16369189,0.019221591,0.02169797,0.024196406,17.180369,0.019952623,0.079432823,0,0,0.012375725,0.035511584,0,0,0.73333333,0.94294415,0.095689008,0,4
r-steady70-short,base,routing,power_of_two,17,a447c863ba16,0,28482,28482,0,0,0,0,0,43.154545,1.264737,0.046721046,0.21801599,1,0.038175347,0.093442093,0.16538352,0.019258863,0.021801599,0.024324312,17.86418,0.019952623,0.079432823,0,0,0.012209649,0.034401533,0,0,0.73333333,0.94526881,0.097800364,0,4
r-steady70-short,base,routing,power_of_two,18,9616a66f2350,0,28714,28714,0,0,0,0,0,43.506061,1.2666276,0.047978017,0.21864958,1,0.038304622,0.095956034,0.17229825,0.019421252,0.021864958,0.024323281,17.986502,0.019952623,0.079432823,0,0,0.012516389,0.035063111,0,0,0.73333333,0.94081764,0.098882912,0,4
r-steady70-short,base,routing,power_of_two,19,12a8c6dcbb31,0,28660,28660,0,0,0,0,0,43.424242,1.2695305,0.047960568,0.22156996,1,0.038433136,0.095921135,0.16613691,0.019452261,0.022156996,0.024499855,18.140941,0.019952623,0.079432823,0,0,0.012386741,0.035180271,0,0,0.73333333,0.94022274,0.10053147,0,4
r-steady70-short,base,routing,power_of_two,20,12f2a0589125,0,28462,28462,0,0,0,0,0,43.124242,1.2698756,0.048596916,0.22127869,1,0.038289098,0.097193832,0.16727681,0.019402968,0.022127869,0.024599586,18.230227,0.019952623,0.079432823,0,0,0.0124685,0.035359614,0,0,0.73333333,0.9419321,0.10041137,0,4
r-steady70-short,base,routing,latency_aware,1,5e4873cb546e,0,28727,28727,0,0,0,0,0,43.525758,1.2724643,0.045868274,0.22659605,1,0.03837911,0.091736548,0.15641697,0.019537523,0.022659605,0.025055725,17.977623,0.019952623,0.079432823,0,0,0.012447818,0.034247408,0,0,0.73333333,0.94486897,0.099142021,0,4
r-steady70-short,base,routing,latency_aware,2,6dc6874ce547,0,28495,28495,0,0,0,0,0,43.174242,1.2734901,0.046502703,0.22698744,1,0.038447186,0.093005406,0.16368761,0.019546415,0.022698744,0.025052147,18.099157,0.019952623,0.079432823,0,0,0.01269426,0.034301779,0,0,0.73333333,0.94299121,0.10033509,0,4
r-steady70-short,base,routing,latency_aware,3,f311391dcf19,0,28315,28315,0,0,0,0,0,42.901515,1.2732579,0.046306041,0.22695188,1,0.038276835,0.092612082,0.16317047,0.019452109,0.022695188,0.025048522,18.215139,0.019952623,0.079432823,0,0,0.012494106,0.033850073,0,0,0.73333333,0.93676272,0.098745967,0,4
r-steady70-short,base,routing,latency_aware,4,9b7d60435af8,0,28673,28673,0,0,0,0,0,43.443939,1.277209,0.046520978,0.23068807,1,0.038486978,0.093041957,0.16077539,0.019576601,0.023068807,0.025449792,17.93537,0.019952623,0.079432823,0,0,0.012570956,0.034421043,0,0,0.73333333,0.93498405,0.099601999,0,4
r-steady70-short,base,routing,latency_aware,5,b9dd0b88205b,0,28786,28786,0,0,0,0,0,43.615152,1.2755008,0.046558917,0.22894189,1,0.038642645,0.093117834,0.15946047,0.019634795,0.022894189,0.025394929,18.456742,0.019952623,0.079432823,0,0,0.012563111,0.034351882,0,0,0.73333333,0.94227912,0.10187442,0,4
r-steady70-short,base,routing,latency_aware,6,8413c0fdee4d,0,28438,28438,0,0,0,0,0,43.087879,1.2752277,0.046720537,0.2285072,1,0.038788735,0.093441075,0.16618169,0.019644276,0.02285072,0.025749498,18.557478,0.019952623,0.079432823,0,0,0.012691821,0.034391982,0,0,0.73333333,0.94359156,0.10160339,0,4
r-steady70-short,base,routing,latency_aware,7,17324038ea43,0,28508,28508,0,0,0,0,0,43.193939,1.2749472,0.047262673,0.2276845,1,0.038602546,0.094525347,0.16377714,0.019481595,0.02276845,0.025520999,17.779977,0.019952623,0.079432823,0,0,0.012733127,0.035980282,0,0,0.73333333,0.93945903,0.098111849,0,4
r-steady70-short,base,routing,latency_aware,8,0dab74842fd5,0,28666,28666,0,0,0,0,0,43.433333,1.276342,0.047489562,0.22885241,1,0.038605655,0.094979124,0.16447463,0.01960244,0.022885241,0.025446804,17.868476,0.019952623,0.079432823,0,0,0.012826633,0.034946199,0,0,0.73333333,0.94070997,0.099779931,0,4
r-steady70-short,base,routing,latency_aware,9,b6a82526ffbe,0,28756,28756,0,0,0,0,0,43.569697,1.2731966,0.047322852,0.22587373,1,0.038612242,0.094645705,0.16735985,0.019568471,0.022587373,0.025207178,17.901948,0.019952623,0.079432823,0,0,0.01278022,0.035259592,0,0,0.73333333,0.94508498,0.099622259,0,4
r-steady70-short,base,routing,latency_aware,10,92ca36d86d1e,0,28573,28573,0,0,0,0,0,43.292424,1.2723297,0.046949945,0.22537978,1,0.038414593,0.093899889,0.16226756,0.019394624,0.022537978,0.024808243,17.337259,0.019952623,0.079432823,0,0,0.01260216,0.03484949,0,0,0.73333333,0.93677827,0.096429924,0,4
r-steady70-short,base,routing,latency_aware,11,5ba76d274281,0,28611,28611,0,0,0,0,0,43.35,1.2784472,0.048532347,0.22991487,1,0.038710049,0.097064695,0.16632233,0.019642789,0.022991487,0.025853409,18.498955,0.019952623,0.079432823,0,0,0.012718279,0.035332301,0,0,0.73333333,0.94407921,0.1021882,0,4
r-steady70-short,base,routing,latency_aware,12,219cd5b52d77,0,28589,28589,0,0,0,0,0,43.316667,1.2692153,0.046035662,0.22317959,1,0.038330512,0.092071324,0.15909505,0.019453654,0.022317959,0.024578231,17.4925,0.019952623,0.079432823,0,0,0.012540741,0.034246941,0,0,0.73333333,0.94401247,0.097267525,0,4
r-steady70-short,base,routing,latency_aware,13,11d05ae3380d,0,28470,28470,0,0,0,0,0,43.136364,1.2756662,0.047249825,0.22841639,1,0.03870153,0.09449965,0.16435743,0.019672122,0.022841639,0.025717826,18.490296,0.019952623,0.079432823,0,0,0.012717917,0.035054177,0,0,0.73333333,0.94011738,0.10158177,0,4
r-steady70-short,base,routing,latency_aware,14,32385beb1583,0,28468,28468,0,0,0,0,0,43.133333,1.272146,0.045475862,0.22667014,1,0.038452978,0.090951725,0.15941718,0.019532355,0.022667014,0.025154712,18.279304,0.019952623,0.079432823,0,0,0.012553724,0.034041097,0,0,0.73333333,0.93995488,0.099364246,0,4
r-steady70-short,base,routing,latency_aware,15,4f68585b1a03,0,28476,28476,0,0,0,0,0,43.145455,1.2709977,0.046186979,0.22481073,1,0.038436927,0.092373957,0.16373329,0.019497109,0.022481073,0.024766033,17.766007,0.019952623,0.079432823,0,0,0.012641657,0.03447921,0,0,0.73333333,0.94489013,0.098204179,0,4
r-steady70-short,base,routing,latency_aware,16,3fcfac62ad79,0,28596,28596,0,0,0,0,0,43.327273,1.2713131,0.046814561,0.22449851,1,0.038221551,0.093629122,0.16551662,0.019335619,0.022449851,0.024750984,17.271447,0.019952623,0.079432823,0,0,0.012610851,0.035644018,0,0,0.73333333,0.94299303,0.095978565,0,4
r-steady70-short,base,routing,latency_aware,17,a447c863ba16,0,28482,28482,0,0,0,0,0,43.154545,1.2742096,0.046405921,0.22780363,1,0.03849977,0.092811842,0.1663742,0.019522643,0.022780363,0.025287334,17.985593,0.019952623,0.079432823,0,0,0.012629528,0.034791433,0,0,0.73333333,0.94565925,0.098289493,0,4
r-steady70-short,base,routing,latency_aware,18,9616a66f2350,0,28714,28714,0,0,0,0,0,43.506061,1.2736835,0.046705388,0.2269781,1,0.038569275,0.093410775,0.16509252,0.01962007,0.02269781,0.025313372,18.004439,0.019952623,0.079432823,0,0,0.012696533,0.03517046,0,0,0.73333333,0.94222748,0.099296356,0,4
r-steady70-short,base,routing,latency_aware,19,12a8c6dcbb31,0,28660,28660,0,0,0,0,0,43.424242,1.2760835,0.04677427,0.22930919,1,0.038648346,0.09354854,0.16333269,0.019633383,0.022930919,0.025351219,18.122717,0.019952623,0.079432823,0,0,0.012660339,0.035133277,0,0,0.73333333,0.94039109,0.1008841,0,4
r-steady70-short,base,routing,latency_aware,20,12f2a0589125,0,28462,28462,0,0,0,0,0,43.124242,1.2772476,0.046784066,0.23046352,1,0.03879332,0.093568132,0.1639216,0.019684862,0.023046352,0.025497581,18.320375,0.019952623,0.079432823,0,0,0.012856307,0.035149634,0,0,0.73333333,0.94020991,0.10088442,0,4
r-steady70-short,base,routing,queue_aware,1,5e4873cb546e,0,28727,28727,0,0,0,0,0,43.525758,1.4923009,0.14223987,0.35006106,1,0.08733833,0.28447974,0.38025643,0.020171177,0.035006106,0.052349871,18.145336,0.019952623,0.1,0,0,0.050164923,0.18576831,0,0,0.73333333,0.94284603,0.099785863,0,4
r-steady70-short,base,routing,queue_aware,2,6dc6874ce547,0,28495,28495,0,0,0,0,0,43.174242,1.4926822,0.13813075,0.35455147,1,0.087559989,0.27626151,0.39282192,0.020249798,0.035455147,0.053799585,18.120276,0.019952623,0.1,0,0,0.049860719,0.17689219,0,0,0.73333333,0.93899094,0.10112511,0,4
r-steady70-short,base,routing,queue_aware,3,f311391dcf19,0,28315,28315,0,0,0,0,0,42.901515,1.4812631,0.13904405,0.34221907,1,0.085702055,0.27808811,0.38890309,0.020162085,0.034221907,0.052475515,18.34103,0.019952623,0.1,0,0,0.048474664,0.1791401,0,0,0.73333333,0.93522367,0.09933381,0,4
r-steady70-short,base,routing,queue_aware,4,9b7d60435af8,0,28673,28673,0,0,0,0,0,43.443939,1.4954067,0.14484084,0.35056585,1,0.085938359,0.28968168,0.44490364,0.020317351,0.035056585,0.053400194,17.871959,0.019952623,0.1,0,0,0.05145002,0.18817413,0,0,0.73333333,0.93526486,0.10027338,0,4
r-steady70-short,base,routing,queue_aware,5,b9dd0b88205b,0,28786,28786,0,0,0,0,0,43.615152,1.4938428,0.14240879,0.35143404,1,0.090336238,0.28481758,0.43272797,0.020399425,0.035143404,0.052398388,18.361968,0.019952623,0.1,0,0,0.051935621,0.1850603,0,0,0.73333333,0.94252134,0.10266013,0,4
r-steady70-short,base,routing,queue_aware,6,8413c0fdee4d,0,28438,28438,0,0,0,0,0,43.087879,1.4914429,0.13947213,0.35197082,1,0.087827686,0.27894425,0.40151199,0.020310645,0.035197082,0.052981739,18.571962,0.019952623,0.1,0,0,0.05009378,0.1793799,0,0,0.73333333,0.94209439,0.10237441,0,4
r-steady70-short,base,routing,queue_aware,7,17324038ea43,0,28508,28508,0,0,0,0,0,43.193939,1.5037258,0.15023008,0.35349574,1,0.088082053,0.30046017,0.42803463,0.020179358,0.035349574,0.053438976,17.852841,0.019952623,0.1,0,0,0.053191106,0.19966984,0,0,0.73333333,0.93780522,0.098881248,0,4
r-steady70-short,base,routing,queue_aware,8,0dab74842fd5,0,28666,28666,0,0,0,0,0,43.433333,1.5009292,0.14520797,0.35572122,1,0.089146298,0.29041593,0.39721153,0.020254383,0.035572122,0.053374007,17.839115,0.019952623,0.1,0,0,0.052454686,0.19045538,0,0,0.73333333,0.93668559,0.10044606,0,4
r-steady70-short,base,routing,queue_aware,9,b6a82526ffbe,0,28756,28756,0,0,0,0,0,43.569697,1.4914074,0.13604245,0.35536498,1,0.0889176,0.2720849,0.38975071,0.020268377,0.035536498,0.053401326,17.958281,0.019952623,0.1,0,0,0.049437734,0.17320441,0,0,0.73333333,0.94248196,0.10041613,0,4
r-steady70-short,base,routing,queue_aware,10,92ca36d86d1e,0,28573,28573,0,0,0,0,0,43.292424,1.4917397,0.14593586,0.34580382,1,0.087094257,0.29187171,0.43115727,0.020054819,0.034580382,0.052326614,17.469916,0.019952623,0.1,0,0,0.051574026,0.19423517,0,0,0.73333333,0.93310717,0.097196809,0,4
r-steady70-short,base,routing,queue_aware,11,5ba76d274281,0,28611,28611,0,0,0,0,0,43.35,1.5029954,0.14564199,0.35735346,1,0.091178151,0.29128398,0.41726914,0.020410852,0.035735346,0.054573799,18.506282,0.019952623,0.1,0,0,0.052495884,0.19065386,0,0,0.73333333,0.94149743,0.10297967,0,4
r-steady70-short,base,routing,queue_aware,12,219cd5b52d77,0,28589,28589,0,0,0,0,0,43.316667,1.491378,0.14139578,0.34998226,1,0.088188484,0.28279157,0.38257851,0.020112684,0.034998226,0.051483987,17.464437,0.019952623,0.1,0,0,0.050099822,0.18344347,0,0,0.73333333,0.93998121,0.098049435,0,4
r-steady70-short,base,routing,queue_aware,13,11d05ae3380d,0,28470,28470,0,0,0,0,0,43.136364,1.5018747,0.14520139,0.35667326,1,0.090539515,0.29040279,0.41869019,0.020427106,0.035667326,0.053651853,18.636993,0.019952623,0.1,0,0,0.053136136,0.19095362,0,0,0.73333333,0.93813113,0.10240016,0,4
r-steady70-short,base,routing,queue_aware,14,32385beb1583,0,28468,28468,0,0,0,0,0,43.133333,1.4823246,0.13467433,0.3476503,1,0.085563252,0.26934866,0.37732994,0.020223092,0.03476503,0.05185039,18.20613,0.019952623,0.1,0,0,0.047048648,0.17177931,0,0,0.73333333,0.93995658,0.09994964,0,4
r-steady70-short,base,routing,queue_aware,15,4f68585b1a03,0,28476,28476,0,0,0,0,0,43.145455,1.4874475,0.13358011,0.35386735,1,0.087102961,0.26716023,0.37277023,0.020099328,0.035386735,0.052744616,17.800182,0.019952623,0.1,0,0,0.047868803,0.1682785,0,0,0.73333333,0.94257086,0.098857499,0,4
r-steady70-short,base,routing,queue_aware,16,3fcfac62ad79,0,28596,28596,0,0,0,0,0,43.327273,1.4917272,0.14294398,0.34878326,1,0.088106959,0.28588796,0.41602397,0.020066404,0.034878326,0.051709659,17.2868,0.019952623,0.1,0,0,0.051183059,0.18531389,0,0,0.73333333,0.94002055,0.096846467,0,4
r-steady70-short,base,routing,queue_aware,17,a447c863ba16,0,28482,28482,0,0,0,0,0,43.154545,1.4903115,0.14188769,0.34842378,1,0.086740836,0.28377538,0.39295971,0.020176054,0.034842378,0.053246942,17.997694,0.019952623,0.1,0,0,0.048995284,0.18346326,0,0,0.73333333,0.9424887,0.098948963,0,4
r-steady70-short,base,routing,queue_aware,18,9616a66f2350,0,28714,28714,0,0,0,0,0,43.506061,1.4973656,0.14404554,0.35332008,1,0.088173054,0.28809107,0.4380658,0.020215571,0.035332008,0.05427683,18.146406,0.019952623,0.1,0,0,0.052469923,0.18993347,0,0,0.73333333,0.93738468,0.10004752,0,4
r-steady70-short,base,routing,queue_aware,19,12a8c6dcbb31,0,28660,28660,0,0,0,0,0,43.424242,1.4985206,0.14305951,0.35546105,1,0.088717379,0.28611901,0.41807451,0.020398059,0.035546105,0.053245399,18.272136,0.019952623,0.1,0,0,0.051205728,0.18624511,0,0,0.73333333,0.93780085,0.101694,0,4
r-steady70-short,base,routing,queue_aware,20,12f2a0589125,0,28462,28462,0,0,0,0,0,43.124242,1.4965889,0.14342633,0.35316254,1,0.088423857,0.28685265,0.42262893,0.020332458,0.035316254,0.055064078,18.379487,0.019952623,0.1,0,0,0.052370048,0.18879246,0,0,0.73333333,0.94169925,0.10151026,0,4
r-steady70-short,base,routing,queue_aware_corrected,1,5e4873cb546e,0,28727,28727,0,0,0,0,0,43.525758,1.2567384,0.038428492,0.21830989,1,0.034873432,0.076856983,0.14375063,0.019365277,0.021830989,0.024135121,18.039615,0.019952623,0.079432823,0,0,0.0097820593,0.019426016,0,0,0.73333333,0.94496659,0.098977384,0,4
r-steady70-short,base,routing,queue_aware_corrected,2,6dc6874ce547,0,28495,28495,0,0,0,0,0,43.174242,1.2587752,0.038623733,0.22015151,1,0.034969899,0.077247465,0.14815485,0.019392043,0.022015151,0.024394413,18.144783,0.019952623,0.079432823,0,0,0.0097663548,0.01837414,0,0,0.73333333,0.94241079,0.10034151,0,4
r-steady70-short,base,routing,queue_aware_corrected,3,f311391dcf19,0,28315,28315,0,0,0,0,0,42.901515,1.2566569,0.03800652,0.21865042,1,0.034840532,0.076013039,0.14935023,0.019309379,0.021865042,0.024021013,18.230612,0.019952623,0.079432823,0,0,0.0097794255,0.018785122,0,0,0.73333333,0.94029561,0.098586839,0,4
r-steady70-short,base,routing,queue_aware_corrected,4,9b7d60435af8,0,28673,28673,0,0,0,0,0,43.443939,1.2600798,0.038593411,0.22148642,1,0.03493996,0.077186821,0.14694809,0.019354773,0.022148642,0.024308028,17.742836,0.019952623,0.079432823,0,0,0.0097981033,0.018947014,0,0,0.73333333,0.93726402,0.099425287,0,4
r-steady70-short,base,routing,queue_aware_corrected,5,b9dd0b88205b,0,28786,28786,0,0,0,0,0,43.615152,1.2606572,0.038794112,0.22186306,1,0.035090094,0.077588224,0.14873001,0.019530879,0.022186306,0.024618607,18.402383,0.019952623,0.079432823,0,0,0.0099016984,0.020129819,0,0,0.73333333,0.94501102,0.10192883,0,4
r-steady70-short,base,routing,queue_aware_corrected,6,8413c0fdee4d,0,28438,28438,0,0,0,0,0,43.087879,1.257857,0.03838399,0.21947303,1,0.035082738,0.076767981,0.14545851,0.019513926,0.021947303,0.024105003,18.535963,0.019952623,0.079432823,0,0,0.009874827,0.019124561,0,0,0.73333333,0.94348415,0.10153535,0,4
r-steady70-short,base,routing,queue_aware_corrected,7,17324038ea43,0,28508,28508,0,0,0,0,0,43.193939,1.2601921,0.03920887,0.22098318,1,0.034905596,0.07841774,0.14864446,0.019317467,0.022098318,0.024387486,17.832986,0.019952623,0.079432823,0,0,0.0099018324,0.019919153,0,0,0.73333333,0.94179249,0.098140482,0,4
r-steady70-short,base,routing,queue_aware_corrected,8,0dab74842fd5,0,28666,28666,0,0,0,0,0,43.433333,1.2584045,0.038976598,0.21942793,1,0.034949333,0.077953197,0.14983052,0.019419803,0.021942793,0.024090638,17.709316,0.019952623,0.079432823,0,0,0.0099219244,0.019725015,0,0,0.73333333,0.93947207,0.099621582,0,4
r-steady70-short,base,routing,queue_aware_corrected,9,b6a82526ffbe,0,28756,28756,0,0,0,0,0,43.569697,1.2582768,0.038931684,0.21934516,1,0.03484958,0.077863367,0.15077322,0.019439442,0.021934516,0.024062215,17.831448,0.019952623,0.079432823,0,0,0.0098915862,0.019956112,0,0,0.73333333,0.94482866,0.099611042,0,4
r-steady70-short,base,routing,queue_aware_corrected,10,92ca36d86d1e,0,28573,28573,0,0,0,0,0,43.292424,1.2560618,0.038432286,0.21762948,1,0.034701294,0.076864571,0.15237788,0.019215124,0.021762948,0.023927662,17.390121,0.019952623,0.079432823,0,0,0.0097850278,0.018936547,0,0,0.73333333,0.93505553,0.096420482,0,4
r-steady70-short,base,routing,queue_aware_corrected,11,5ba76d274281,0,28611,28611,0,0,0,0,0,43.35,1.2610997,0.03952032,0.2215794,1,0.035165744,0.079040641,0.15212508,0.019565799,0.02215794,0.02460361,18.362639,0.019952623,0.079432823,0,0,0.0099404678,0.020256634,0,0,0.73333333,0.94344508,0.10205096,0,4
r-steady70-short,base,routing,queue_aware_corrected,12,219cd5b52d77,0,28589,28589,0,0,0,0,0,43.316667,1.2559898,0.038395078,0.21759474,1,0.034677247,0.076790157,0.14530056,0.019260187,0.021759474,0.023938025,17.513213,0.019952623,0.079432823,0,0,0.0097387121,0.018973406,0,0,0.73333333,0.94424171,0.097396768,0,4
r-steady70-short,base,routing,queue_aware_corrected,13,11d05ae3380d,0,28470,28470,0,0,0,0,0,43.136364,1.2608205,0.038793078,0.22202746,1,0.035177036,0.077586155,0.14819903,0.019499618,0.022202746,0.024470525,18.557841,0.019952623,0.079432823,0,0,0.009873945,0.019404306,0,0,0.73333333,0.94316931,0.10164562,0,4
r-steady70-short,base,routing,queue_aware_corrected,14,32385beb1583,0,28468,28468,0,0,0,0,0,43.133333,1.2568172,0.037672022,0.2191452,1,0.034780375,0.075344043,0.14229728,0.019320494,0.02191452,0.024051981,18.081901,0.019952623,0.079432823,0,0,0.0096258416,0.018467335,0,0,0.73333333,0.93962905,0.09921017,0,4
r-steady70-short,base,routing,queue_aware_corrected,15,4f68585b1a03,0,28476,28476,0,0,0,0,0,43.145455,1.2554668,0.038116753,0.21735008,1,0.034722169,0.076233506,0.14684365,0.019290611,0.021735008,0.023723319,17.800733,0.019952623,0.079432823,0,0,0.0097294001,0.019173948,0,0,0.73333333,0.94403461,0.098119069,0,4
r-steady70-short,base,routing,queue_aware_corrected,16,3fcfac62ad79,0,28596,28596,0,0,0,0,0,43.327273,1.2578958,0.038568042,0.21932776,1,0.034615613,0.077136084,0.14895931,0.019214471,0.021932776,0.024124242,17.214658,0.019952623,0.079432823,0,0,0.0097207207,0.019385962,0,0,0.73333333,0.94092115,0.096123763,0,4
r-steady70-short,base,routing,queue_aware_corrected,17,a447c863ba16,0,28482,28482,0,0,0,0,0,43.154545,1.2556655,0.037979269,0.2176862,1,0.034775225,0.075958537,0.1484456,0.019269989,0.02176862,0.023934597,17.892572,0.019952623,0.079432823,0,0,0.0096839303,0.01830932,0,0,0.73333333,0.94560884,0.098078065,0,4
r-steady70-short,base,routing,queue_aware_corrected,18,9616a66f2350,0,28714,28714,0,0,0,0,0,43.506061,1.2583857,0.039045359,0.2193403,1,0.034903817,0.078090717,0.15022467,0.019420843,0.02193403,0.024207411,17.99472,0.019952623,0.079432823,0,0,0.0099160944,0.020010627,0,0,0.73333333,0.94126075,0.099285666,0,4
r-steady70-short,base,routing,queue_aware_corrected,19,12a8c6dcbb31,0,28660,28660,0,0,0,0,0,43.424242,1.2603817,0.038644265,0.22173747,1,0.035160546,0.07728853,0.1489617,0.019481002,0.022173747,0.024379161,18.130109,0.019952623,0.079432823,0,0,0.0098607111,0.019820966,0,0,0.73333333,0.94070653,0.10085234,0,4
r-steady70-short,base,routing,queue_aware_corrected,20,12f2a0589125,0,28462,28462,0,0,0,0,0,43.124242,1.2613338,0.039019358,0.22231442,1,0.035022417,0.078038717,0.14933151,0.019424233,0.022231442,0.024270011,18.340348,0.019952623,0.079432823,0,0,0.0098948644,0.019672111,0,0,0.73333333,0.94315546,0.10086109,0,4
r-steady70-short,base,routing,capacity_weighted,1,5e4873cb546e,0,28727,28727,0,0,0,0,0,43.525758,1.2776343,0.03860676,0.23902754,1,0.035117223,0.077213521,0.1453825,0.019463131,0.023902754,0.025875668,18.358309,0.019952623,0.079432823,0,0,0.009893654,0.019882382,0,0,0.73333333,0.94582551,0.10071995,0,4
r-steady70-short,base,routing,capacity_weighted,2,6dc6874ce547,0,28495,28495,0,0,0,0,0,43.174242,1.3010287,0.039947425,0.26108126,1,0.035745722,0.079894849,0.15126471,0.019851894,0.026108126,0.028568928,18.755577,0.019952623,0.079432823,0,0,0.01020402,0.021624815,0,0,0.73333333,0.9448642,0.10427913,0,4
r-steady70-short,base,routing,capacity_weighted,3,f311391dcf19,0,28315,28315,0,0,0,0,0,42.901515,1.2822286,0.038808912,0.24341964,1,0.035359445,0.077617824,0.15061734,0.019714228,0.024341964,0.02665829,18.677237,0.019952623,0.079432823,0,0,0.010017607,0.02069388,0,0,0.73333333,0.93972046,0.10106558,0,4
r-steady70-short,base,routing,capacity_weighted,4,9b7d60435af8,0,28673,28673,0,0,0,0,0,43.443939,1.2708169,0.038573612,0.2322433,1,0.035124251,0.077147224,0.14603534,0.019509704,0.02322433,0.025391983,17.897572,0.019952623,0.079432823,0,0,0.0098603788,0.01939059,0,0,0.73333333,0.938624,0.10024175,0,4
r-steady70-short,base,routing,capacity_weighted,5,b9dd0b88205b,0,28786,28786,0,0,0,0,0,43.615152,1.2975878,0.039818438,0.25776934,1,0.036024281,0.079636876,0.15039502,0.020118459,0.025776934,0.028093903,19.213597,0.019952623,0.079432823,0,0,0.010248258,0.022645607,0,0,0.73333333,0.94450586,0.10592982,0,4
r-steady70-short,base,routing,capacity_weighted,6,8413c0fdee4d,0,28438,28438,0,0,0,0,0,43.087879,1.2826572,0.039009258,0.24364792,1,0.035670201,0.078018516,0.14831711,0.019738501,0.024364792,0.026327344,18.926107,0.019952623,0.079432823,0,0,0.01004005,0.020483641,0,0,0.73333333,0.94429802,0.10388202,0,4
r-steady70-short,base,routing,capacity_weighted,7,17324038ea43,0,28508,28508,0,0,0,0,0,43.193939,1.2760645,0.039415945,0.23664854,1,0.035257588,0.078831889,0.15462861,0.019410864,0.023664854,0.025945129,18.026113,0.019952623,0.079432823,0,0,0.010066501,0.020711596,0,0,0.73333333,0.94110639,0.099518913,0,4
r-steady70-short,base,routing,capacity_weighted,8,0dab74842fd5,0,28666,28666,0,0,0,0,0,43.433333,1.2743286,0.039366857,0.2349617,1,0.035362203,0.078733714,0.15111886,0.019716121,0.02349617,0.026031664,18.04709,0.019952623,0.079432823,0,0,0.010010623,0.020549109,0,0,0.73333333,0.94095946,0.10137651,0,4
r-steady70-short,base,routing,capacity_weighted,9,b6a82526ffbe,0,28756,28756,0,0,0,0,0,43.569697,1.2961511,0.040094141,0.25605692,1,0.035551153,0.080188281,0.1502534,0.019624219,0.025605692,0.028271338,18.498397,0.019952623,0.079432823,0,0,0.010200586,0.02199523,0,0,0.73333333,0.94422503,0.10248003,0,4
r-steady70-short,base,routing,capacity_weighted,10,92ca36d86d1e,0,28573,28573,0,0,0,0,0,43.292424,1.2850189,0.039608197,0.24541067,1,0.035300518,0.079216394,0.15469282,0.019363504,0.024541067,0.026374068,17.860584,0.019952623,0.079432823,0,0,0.010146496,0.02166519,0,0,0.73333333,0.93585287,0.098679335,0,4
r-steady70-short,base,routing,capacity_weighted,11,5ba76d274281,0,28611,28611,0,0,0,0,0,43.35,1.28874,0.040573175,0.24816681,1,0.035899441,0.08114635,0.15591799,0.019802406,0.024816681,0.027409419,18.969072,0.019952623,0.079432823,0,0,0.01023319,0.021587246,0,0,0.73333333,0.9438724,0.10486575,0,4
r-steady70-short,base,routing,capacity_weighted,12,219cd5b52d77,0,28589,28589,0,0,0,0,0,43.316667,1.2841102,0.039321688,0.24478854,1,0.035281594,0.078643376,0.1490396,0.019407341,0.024478854,0.026932812,18.090119,0.019952623,0.079432823,0,0,0.010034252,0.020771658,0,0,0.73333333,0.94216662,0.10000592,0,4
r-steady70-short,base,routing,capacity_weighted,13,11d05ae3380d,0,28470,28470,0,0,0,0,0,43.136364,1.2865546,0.039510455,0.24704419,1,0.035716641,0.079020909,0.15201944,0.019740795,0.024704419,0.02688725,18.920212,0.019952623,0.079432823,0,0,0.010124268,0.020946337,0,0,0.73333333,0.94194469,0.10400454,0,4
r-steady70-short,base,routing,capacity_weighted,14,32385beb1583,0,28468,28468,0,0,0,0,0,43.133333,1.2873042,0.039080467,0.24822371,1,0.035489797,0.078160935,0.14724543,0.019497485,0.024822371,0.02797363,18.602211,0.019952623,0.079432823,0,0,0.010009444,0.020982374,0,0,0.73333333,0.94154039,0.10185338,0,4
r-steady70-short,base,routing,capacity_weighted,15,4f68585b1a03,0,28476,28476,0,0,0,0,0,43.145455,1.2743654,0.038844307,0.23552112,1,0.035280693,0.077688614,0.14852575,0.019481162,0.023552112,0.025645159,18.215232,0.019952623,0.079432823,0,0,0.009980137,0.020528275,0,0,0.73333333,0.94533332,0.09977017,0,4
r-steady70-short,base,routing,capacity_weighted,16,3fcfac62ad79,0,28596,28596,0,0,0,0,0,43.327273,1.2833902,0.039336214,0.24405395,1,0.035148719,0.078672428,0.15030354,0.019333713,0.024405395,0.026534239,17.451024,0.019952623,0.079432823,0,0,0.010036146,0.021233498,0,0,0.73333333,0.940765,0.098304783,0,4
r-steady70-short,base,routing,capacity_weighted,17,a447c863ba16,0,28482,28482,0,0,0,0,0,43.154545,1.2794177,0.039158887,0.24025879,1,0.035313648,0.078317774,0.14891146,0.019493235,0.024025879,0.026426442,18.110121,0.019952623,0.079432823,0,0,0.0099683048,0.020123777,0,0,0.73333333,0.94574423,0.1001248,0,4
r-steady70-short,base,routing,capacity_weighted,18,9616a66f2350,0,28714,28714,0,0,0,0,0,43.506061,1.2900427,0.03974535,0.2502973,1,0.035541083,0.079490701,0.15276234,0.0196844,0.02502973,0.027522933,18.470617,0.019952623,0.079432823,0,0,0.010266107,0.021535916,0,0,0.73333333,0.94101801,0.10188348,0,4
r-steady70-short,base,routing,capacity_weighted,19,12a8c6dcbb31,0,28660,28660,0,0,0,0,0,43.424242,1.3117917,0.043820359,0.26797133,1,0.03593417,0.087640717,0.2633878,0.019775443,0.026797133,0.030716039,19.144145,0.019952623,0.079432823,0,0,0.016098369,0.026313034,0,0,0.73333333,0.93954817,0.10517692,0,4
r-steady70-short,base,routing,capacity_weighted,20,12f2a0589125,0,28462,28462,0,0,0,0,0,43.124242,1.2879851,0.039427842,0.24855725,1,0.035400013,0.078855685,0.15015173,0.019534872,0.024855725,0.02736381,18.563817,0.019952623,0.079432823,0,0,0.010057853,0.020690282,0,0,0.73333333,0.94234606,0.10270557,0,4
r-steady70-short,base,routing,oracle_jsq,1,5e4873cb546e,0,28727,28727,0,0,0,0,0,43.525758,1.2811358,0.041362256,0.23977353,1,0.038418427,0.082724512,0.13798141,0.019716139,0.023977353,0.027157447,18.224919,0.019952623,0.079432823,0,0,0.011515433,0.027616989,0,0,0.73333333,0.9445518,0.099523001,0,4
r-steady70-short,base,routing,oracle_jsq,2,6dc6874ce547,0,28495,28495,0,0,0,0,0,43.174242,1.2775839,0.040985957,0.23659798,1,0.038424758,0.081971913,0.14011072,0.019757625,0.023659798,0.026839572,18.021726,0.019952623,0.079432823,0,0,0.01139432,0.026856397,0,0,0.73333333,0.94439216,0.10072485,0,4
r-steady70-short,base,routing,oracle_jsq,3,f311391dcf19,0,28315,28315,0,0,0,0,0,42.901515,1.2760661,0.040647167,0.23541891,1,0.038188849,0.081294334,0.13636067,0.01970718,0.023541891,0.026839505,18.245118,0.019952623,0.079432823,0,0,0.011278766,0.02648389,0,0,0.73333333,0.94112622,0.099028723,0,4
r-steady70-short,base,routing,oracle_jsq,4,9b7d60435af8,0,28673,28673,0,0,0,0,0,43.443939,1.280522,0.041424436,0.23909754,1,0.038389543,0.082848871,0.13963411,0.019804307,0.023909754,0.027141118,17.724628,0.019952623,0.079432823,0,0,0.011450472,0.027174861,0,0,0.73333333,0.93774511,0.099856947,0,4
r-steady70-short,base,routing,oracle_jsq,5,b9dd0b88205b,0,28786,28786,0,0,0,0,0,43.615152,1.2835497,0.041830283,0.24171945,1,0.038716708,0.083660565,0.13706191,0.019868104,0.024171945,0.027253603,18.249101,0.019952623,0.079432823,0,0,0.011557083,0.027749916,0,0,0.73333333,0.94268527,0.10247119,0,4
r-steady70-short,base,routing,oracle_jsq,6,8413c0fdee4d,0,28438,28438,0,0,0,0,0,43.087879,1.2826274,0.041705527,0.2409219,1,0.038646909,0.083411054,0.13947528,0.019785925,0.02409219,0.027975777,18.539731,0.019952623,0.079432823,0,0,0.011615232,0.027658854,0,0,0.73333333,0.94474576,0.10203024,0,4
r-steady70-short,base,routing,oracle_jsq,7,17324038ea43,0,28508,28508,0,0,0,0,0,43.193939,1.2768329,0.041384479,0.23544841,1,0.038290003,0.082768958,0.13786955,0.01966807,0.023544841,0.02705493,17.739266,0.019952623,0.079432823,0,0,0.011419521,0.026962021,0,0,0.73333333,0.93902355,0.098418384,0,4
r-steady70-short,base,routing,oracle_jsq,8,0dab74842fd5,0,28666,28666,0,0,0,0,0,43.433333,1.2784517,0.04185163,0.23660003,1,0.038531795,0.08370326,0.14046641,0.019802131,0.023660003,0.027161641,17.778837,0.019952623,0.079432823,0,0,0.011537805,0.027307194,0,0,0.73333333,0.93985496,0.10009719,0,4
r-steady70-short,base,routing,oracle_jsq,9,b6a82526ffbe,0,28756,28756,0,0,0,0,0,43.569697,1.2806895,0.041926493,0.23876299,1,0.038434713,0.083852985,0.14113658,0.019730329,0.023876299,0.027439695,17.856711,0.019952623,0.079432823,0,0,0.01152734,0.027328258,0,0,0.73333333,0.94517051,0.10000244,0,4
r-steady70-short,base,routing,oracle_jsq,10,92ca36d86d1e,0,28573,28573,0,0,0,0,0,43.292424,1.2749191,0.041169502,0.23374957,1,0.038212982,0.082339004,0.13930337,0.019591497,0.023374957,0.026476048,17.407092,0.019952623,0.079432823,0,0,0.01126834,0.026577954,0,0,0.73333333,0.93531522,0.096859594,0,4
r-steady70-short,base,routing,oracle_jsq,11,5ba76d274281,0,28611,28611,0,0,0,0,0,43.35,1.2806419,0.042733802,0.2379081,1,0.038741967,0.085467604,0.14346535,0.019897769,0.02379081,0.027201055,18.462948,0.019952623,0.079432823,0,0,0.011575458,0.027616039,0,0,0.73333333,0.94561508,0.10246904,0,4
r-steady70-short,base,routing,oracle_jsq,12,219cd5b52d77,0,28589,28589,0,0,0,0,0,43.316667,1.2751772,0.041280533,0.23389662,1,0.038150894,0.082561065,0.13515363,0.019618671,0.023389662,0.026373243,17.621277,0.019952623,0.079432823,0,0,0.011356918,0.026530994,0,0,0.73333333,0.94418509,0.097767825,0,4
r-steady70-short,base,routing,oracle_jsq,13,11d05ae3380d,0,28470,28470,0,0,0,0,0,43.136364,1.2799666,0.041765708,0.23820088,1,0.038866904,0.083531417,0.14057692,0.019920766,0.023820088,0.026943325,18.499357,0.019952623,0.079432823,0,0,0.01162985,0.028098407,0,0,0.73333333,0.94066713,0.10208414,0,4
r-steady70-short,base,routing,oracle_jsq,14,32385beb1583,0,28468,28468,0,0,0,0,0,43.133333,1.2757748,0.040862664,0.23491209,1,0.038414845,0.081725329,0.13367762,0.019676788,0.023491209,0.026341627,18.153814,0.019952623,0.079432823,0,0,0.011371517,0.026712221,0,0,0.73333333,0.94135159,0.099649197,0,4
r-steady70-short,base,routing,oracle_jsq,15,4f68585b1a03,0,28476,28476,0,0,0,0,0,43.145455,1.2757416,0.040882103,0.2348595,1,0.038260671,0.081764205,0.1362583,0.019554265,0.02348595,0.026470945,17.824282,0.019952623,0.079432823,0,0,0.01131928,0.026462316,0,0,0.73333333,0.94370237,0.098506024,0,4
r-steady70-short,base,routing,oracle_jsq,16,3fcfac62ad79,0,28596,28596,0,0,0,0,0,43.327273,1.2807847,0.041525439,0.23925931,1,0.038135569,0.083050878,0.13761378,0.019608531,0.023925931,0.02716939,17.347775,0.019952623,0.079432823,0,0,0.011388756,0.027832676,0,0,0.73333333,0.94110222,0.096604449,0,4
r-steady70-short,base,routing,oracle_jsq,17,a447c863ba16,0,28482,28482,0,0,0,0,0,43.154545,1.2761627,0.041648163,0.23451452,1,0.038290351,0.083296326,0.1368265,0.019657637,0.023451452,0.026740228,17.893798,0.019952623,0.079432823,0,0,0.011458303,0.027553183,0,0,0.73333333,0.94324615,0.098568615,0,4
r-steady70-short,base,routing,oracle_jsq,18,9616a66f2350,0,28714,28714,0,0,0,0,0,43.506061,1.2802654,0.041846641,0.23841872,1,0.038418007,0.083693283,0.13964204,0.019757019,0.023841872,0.027187916,17.986165,0.019952623,0.079432823,0,0,0.011517901,0.027969909,0,0,0.73333333,0.94197985,0.099733293,0,4
r-steady70-short,base,routing,oracle_jsq,19,12a8c6dcbb31,0,28660,28660,0,0,0,0,0,43.424242,1.2819092,0.041759523,0.24014966,1,0.038784903,0.083519045,0.14136845,0.019852984,0.024014966,0.027103909,18.262375,0.019952623,0.079432823,0,0,0.011558206,0.027322154,0,0,0.73333333,0.94055527,0.10131471,0,4
r-steady70-short,base,routing,oracle_jsq,20,12f2a0589125,0,28462,28462,0,0,0,0,0,43.124242,1.2774155,0.041661337,0.23575419,1,0.038545198,0.083322675,0.14100771,0.019810918,0.023575419,0.026445014,18.310436,0.019952623,0.079432823,0,0,0.011469608,0.026925407,0,0,0.73333333,0.94240346,0.10113638,0,4
r-steady70-long,base,routing,random,1,a8dd1bd56a0f,0,6906,6906,0,0,0,0,0,10.463636,1.5699836,0.22038086,0.34960276,1,0.13958153,0.44076172,0.66863547,0.025015258,0.034960276,0.040727902,46.932072,0.019952623,0.1,0,0,0.04068387,0.19624441,0,0,0.73333333,0.98046142,0.26558394,0,4
r-steady70-long,base,routing,random,2,d46f017a4430,0,6896,6896,0,0,0,0,0,10.448485,1.5913293,0.2281726,0.36315673,1,0.14178019,0.4563452,0.67375229,0.026644664,0.036315673,0.042928962,49.631256,0.025118864,0.1,0,0,0.040509176,0.19749836,0,0,0.73333333,0.97579437,0.29294807,0,4
r-steady70-long,base,routing,random,3,f65368c45dba,0,6827,6827,0,0,0,0,0,10.343939,1.5572301,0.21607432,0.3411558,1,0.13936407,0.43214865,0.6329576,0.025252373,0.03411558,0.04081459,46.926111,0.019952623,0.1,0,0,0.03813432,0.18475589,0,0,0.73333333,0.97911993,0.266665,0,4
r-steady70-long,base,routing,random,4,977a4baf2cc7,0,6936,6936,0,0,0,0,0,10.509091,1.5585246,0.21738656,0.34113803,1,0.13901647,0.43477312,0.63800721,0.025438619,0.034113803,0.039822684,46.360487,0.019952623,0.1,0,0,0.040242632,0.18905943,0,0,0.73333333,0.96840916,0.26404515,0,4
r-steady70-long,base,routing,random,5,68cfa83796b8,0,6882,6882,0,0,0,0,0,10.427273,1.5889125,0.22758596,0.36132656,1,0.14421773,0.45517191,0.61982572,0.026601672,0.036132656,0.042606982,51.463953,0.025118864,0.1,0,0,0.04111491,0.20317191,0,0,0.73333333,0.9788176,0.29362498,0,4
r-steady70-long,base,routing,random,6,cabcef3f5968,0,6829,6829,0,0,0,0,0,10.34697,1.5555798,0.21893177,0.33664802,1,0.1448496,0.43786354,0.64979928,0.026224185,0.033664802,0.039764963,49.026544,0.025118864,0.1,0,0,0.041169732,0.20756145,0,0,0.73333333,0.96995017,0.28102075,0,4
r-steady70-long,base,routing,random,7,9a688b1f3756,0,6854,6854,0,0,0,0,0,10.384848,1.552666,0.21410755,0.33855845,1,0.13983483,0.4282151,0.59999876,0.025326956,0.033855845,0.041869969,46.359799,0.019952623,0.1,0,0,0.037173435,0.17590383,0,0,0.73333333,0.9706679,0.2664608,0,4
r-steady70-long,base,routing,random,8,5bdf6668f33d,0,6790,6790,0,0,0,0,0,10.287879,1.5651277,0.22068428,0.34444338,1,0.14098661,0.44136856,0.68980648,0.025534913,0.034444338,0.041885396,48.336213,0.019952623,0.1,0,0,0.040821153,0.19415729,0,0,0.73333333,0.97574911,0.26990902,0,4
r-steady70-long,base,routing,random,9,a7673ff301fa,0,6840,6840,0,0,0,0,0,10.363636,1.5802957,0.22636889,0.35392677,1,0.14094135,0.45273778,0.67660544,0.025809573,0.035392677,0.043135794,49.53449,0.025118864,0.1,0,0,0.041731692,0.20914151,0,0,0.73333333,0.97159279,0.27838551,0,4
r-steady70-long,base,routing,random,10,6c6fabcdefe3,0,6814,6814,0,0,0,0,0,10.324242,1.56295,0.2228778,0.34007225,1,0.13924124,0.4457556,0.64882226,0.025143704,0.034007225,0.040818772,44.817474,0.019952623,0.1,0,0,0.040638522,0.20449965,0,0,0.73333333,0.96754368,0.25872903,0,4
r-steady70-long,base,routing,random,11,3524f0bcbec8,0,6984,6984,0,0,0,0,0,10.581818,1.5829776,0.2206772,0.36230037,1,0.1408607,0.4413544,0.64103401,0.026294288,0.036230037,0.042201022,49.213012,0.025118864,0.1,0,0,0.040670041,0.1908757,0,0,0.73333333,0.97447276,0.2818457,0,4
r-steady70-long,base,routing,random,12,6cbdb4223226,0,6787,6787,0,0,0,0,0,10.283333,1.5399141,0.21347155,0.32644258,1,0.13648213,0.42694311,0.60533027,0.02474552,0.032644258,0.038851273,43.659124,0.019952623,0.1,0,0,0.037335672,0.18272109,0,0,0.73333333,0.96841388,0.25170712,0,4
r-steady70-long,base,routing,random,13,31446a2bd8ae,0,6740,6740,0,0,0,0,0,10.212121,1.5497111,0.21427182,0.3354393,1,0.14180627,0.42854364,0.60281738,0.025434557,0.03354393,0.040648632,47.983412,0.019952623,0.1,0,0,0.038409758,0.18605812,0,0,0.73333333,0.97530012,0.26015878,0,4
r-steady70-long,base,routing,random,14,c146ec07a322,0,6901,6901,0,0,0,0,0,10.456061,1.5713884,0.21377028,0.35761808,1,0.1392194,0.42754056,0.61084354,0.025657476,0.035761808,0.041988578,49.885261,0.025118864,0.1,0,0,0.037095928,0.17390886,0,0,0.73333333,0.96446294,0.27951686,0,4
r-steady70-long,base,routing,random,15,5b368962c978,0,6854,6854,0,0,0,0,0,10.384848,1.5643879,0.21965299,0.34473492,1,0.14328135,0.43930598,0.61885672,0.025536891,0.034473492,0.041398749,45.480036,0.019952623,0.1,0,0,0.041029375,0.20683729,0,0,0.73333333,0.9682694,0.26494778,0,4
r-steady70-long,base,routing,random,16,f3fc1f558309,0,6912,6912,0,0,0,0,0,10.472727,1.5716619,0.22642075,0.34524113,1,0.1431941,0.4528415,0.6193206,0.025432467,0.034524113,0.042658914,45.167147,0.019952623,0.1,0,0,0.042602444,0.2156072,0,0,0.73333333,0.96419726,0.26216945,0,4
r-steady70-long,base,routing,random,17,a20217bacb06,0,6959,6959,0,0,0,0,0,10.543939,1.5769719,0.22155541,0.35541649,1,0.13946604,0.44311082,0.63497103,0.025994114,0.035541649,0.043995544,46.062223,0.025118864,0.1,0,0,0.040307402,0.1982045,0,0,0.73333333,0.9717699,0.271041,0,4
r-steady70-long,base,routing,random,18,2cf7ffb9d93d,0,6900,6900,0,0,0,0,0,10.454545,1.5914451,0.2224317,0.36901341,1,0.14555595,0.44486339,0.63983205,0.02624827,0.036901341,0.04560504,50.114255,0.025118864,0.1,0,0,0.041927766,0.2080146,0,0,0.73333333,0.98179056,0.28774794,0,4
r-steady70-long,base,routing,random,19,757a9956ec85,0,7019,7019,0,0,0,0,0,10.634848,1.5947404,0.22630986,0.36843051,1,0.14627227,0.45261973,0.6850542,0.026319515,0.036843051,0.044138072,49.618854,0.025118864,0.1,0,0,0.044583947,0.22398978,0,0,0.73333333,0.97782476,0.28528721,0,4
r-steady70-long,base,routing,random,20,87e16e4b168b,0,6876,6876,0,0,0,0,0,10.418182,1.5541193,0.21154663,0.34257269,1,0.13987611,0.42309326,0.60930911,0.025374628,0.034257269,0.04093037,47.541398,0.019952623,0.1,0,0,0.03744743,0.17661188,0,0,0.73333333,0.97493015,0.26373344,0,4
r-steady70-long,base,routing,round_robin,1,a8dd1bd56a0f,0,6906,6906,0,0,0,0,0,10.463636,1.4726005,0.16242391,0.31017663,1,0.11514045,0.32484782,0.50408453,0.024706364,0.031017663,0.034723668,46.056979,0.019952623,0.1,0,0,0.015159038,0.038088992,0,0,0.73333333,0.98093031,0.2595769,0,4
r-steady70-long,base,routing,round_robin,2,d46f017a4430,0,6896,6896,0,0,0,0,0,10.448485,1.5114669,0.1718243,0.33964262,1,0.11918216,0.3436486,0.52381085,0.026171556,0.033964262,0.039235518,49.650335,0.025118864,0.1,0,0,0.016382658,0.043536333,0,0,0.73333333,0.97394903,0.29065733,0,4
r-steady70-long,base,routing,round_robin,3,f65368c45dba,0,6827,6827,0,0,0,0,0,10.343939,1.4805228,0.1628786,0.31764423,1,0.11499352,0.32575719,0.49439281,0.024828074,0.031764423,0.035816623,47.23238,0.019952623,0.1,0,0,0.014983021,0.038793848,0,0,0.73333333,0.97851093,0.2642337,0,4
r-steady70-long,base,routing,round_robin,4,977a4baf2cc7,0,6936,6936,0,0,0,0,0,10.509091,1.4786578,0.16501367,0.31364418,1,0.11573871,0.33002733,0.50810055,0.025101814,0.031364418,0.03463907,46.591051,0.019952623,0.1,0,0,0.015579888,0.04109184,0,0,0.73333333,0.96735725,0.26162617,0,4
r-steady70-long,base,routing,round_robin,5,68cfa83796b8,0,6882,6882,0,0,0,0,0,10.427273,1.5028286,0.16874911,0.33407944,1,0.11881951,0.33749823,0.53171952,0.026088255,0.033407944,0.037422827,51.435894,0.025118864,0.1,0,0,0.016139078,0.042265361,0,0,0.73333333,0.97707601,0.29023861,0,4
r-steady70-long,base,routing,round_robin,6,cabcef3f5968,0,6829,6829,0,0,0,0,0,10.34697,1.4873884,0.16451568,0.32287274,1,0.11891187,0.32903136,0.50221973,0.0257459,0.032287274,0.035902769,48.314725,0.025118864,0.1,0,0,0.015238828,0.039121815,0,0,0.73333333,0.97613719,0.27979542,0,4
r-steady70-long,base,routing,round_robin,7,9a688b1f3756,0,6854,6854,0,0,0,0,0,10.384848,1.4838039,0.16759825,0.31620568,1,0.11665174,0.33519649,0.50642978,0.025016597,0.031620568,0.035459739,46.62934,0.019952623,0.1,0,0,0.015426582,0.038604928,0,0,0.73333333,0.97304347,0.26362873,0,4
r-steady70-long,base,routing,round_robin,8,5bdf6668f33d,0,6790,6790,0,0,0,0,0,10.287879,1.4820748,0.16774458,0.31433024,1,0.11758351,0.33548916,0.51173055,0.025261504,0.031433024,0.035668717,47.388058,0.019952623,0.1,0,0,0.015538908,0.040473401,0,0,0.73333333,0.96510792,0.26765906,0,4
r-steady70-long,base,routing,round_robin,9,a7673ff301fa,0,6840,6840,0,0,0,0,0,10.363636,1.4934214,0.17199869,0.32142269,1,0.11676164,0.34399738,0.53252493,0.025509723,0.032142269,0.036160849,49.022275,0.025118864,0.1,0,0,0.016207798,0.04206665,0,0,0.73333333,0.97395367,0.27387775,0,4
r-steady70-long,base,routing,round_robin,10,6c6fabcdefe3,0,6814,6814,0,0,0,0,0,10.324242,1.4778565,0.16845972,0.30939677,1,0.11554421,0.33691944,0.51445697,0.024751519,0.030939677,0.034163013,44.711118,0.019952623,0.1,0,0,0.015644596,0.039929512,0,0,0.73333333,0.96862267,0.25730972,0,4
r-steady70-long,base,routing,round_robin,11,3524f0bcbec8,0,6984,6984,0,0,0,0,0,10.581818,1.5157216,0.16966675,0.34605486,1,0.11691705,0.33933349,0.53576738,0.025578852,0.034605486,0.038281143,49.814643,0.025118864,0.1,0,0,0.016776236,0.04362394,0,0,0.73333333,0.97320484,0.28085691,0,4
r-steady70-long,base,routing,round_robin,12,6cbdb4223226,0,6787,6787,0,0,0,0,0,10.283333,1.4648443,0.16326508,0.30157926,1,0.11311854,0.32653016,0.49516784,0.024179419,0.030157926,0.033713845,43.766604,0.019952623,0.1,0,0,0.014159769,0.032118205,0,0,0.73333333,0.97463815,0.24922075,0,4
r-steady70-long,base,routing,round_robin,13,31446a2bd8ae,0,6740,6740,0,0,0,0,0,10.212121,1.4707366,0.16227152,0.30846505,1,0.11731242,0.32454305,0.51005709,0.024835327,0.030846505,0.034583566,47.041434,0.019952623,0.1,0,0,0.014969303,0.037789015,0,0,0.73333333,0.97504737,0.25673513,0,4
r-steady70-long,base,routing,round_robin,14,c146ec07a322,0,6901,6901,0,0,0,0,0,10.456061,1.4879752,0.1670112,0.32096405,1,0.11680586,0.3340224,0.50857653,0.025506077,0.032096405,0.036387652,48.293925,0.025118864,0.1,0,0,0.015804349,0.039464416,0,0,0.73333333,0.96969418,0.27619097,0,4
r-steady70-long,base,routing,round_robin,15,5b368962c978,0,6854,6854,0,0,0,0,0,10.384848,1.4903465,0.16942173,0.32092482,1,0.11631256,0.33884346,0.51601606,0.025011592,0.032092482,0.035562435,44.877699,0.019952623,0.1,0,0,0.01565483,0.042581296,0,0,0.73333333,0.96742507,0.26352894,0,4
r-steady70-long,base,routing,round_robin,16,f3fc1f558309,0,6912,6912,0,0,0,0,0,10.472727,1.4851232,0.1703211,0.31480207,1,0.11808639,0.34064219,0.54040148,0.025209251,0.031480207,0.035356152,44.799282,0.019952623,0.1,0,0,0.016714585,0.045960242,0,0,0.73333333,0.96995733,0.2602756,0,4
r-steady70-long,base,routing,round_robin,17,a20217bacb06,0,6959,6959,0,0,0,0,0,10.543939,1.4869894,0.16897781,0.31801155,1,0.11592859,0.33795562,0.51500107,0.02552384,0.031801155,0.035069989,45.166587,0.019952623,0.1,0,0,0.015685889,0.04194935,0,0,0.73333333,0.97267865,0.26703914,0,4
r-steady70-long,base,routing,round_robin,18,2cf7ffb9d93d,0,6900,6900,0,0,0,0,0,10.454545,1.49719,0.17075147,0.32643851,1,0.11911315,0.34150294,0.52096009,0.026103889,0.032643851,0.037193248,50.114391,0.025118864,0.1,0,0,0.016798294,0.047408717,0,0,0.73333333,0.98316957,0.28427106,0,4
r-steady70-long,base,routing,round_robin,19,757a9956ec85,0,7019,7019,0,0,0,0,0,10.634848,1.5028634,0.16979803,0.33306537,1,0.1201949,0.33959605,0.51702143,0.025955724,0.033306537,0.038300337,49.583675,0.025118864,0.1,0,0,0.016312072,0.04622257,0,0,0.73333333,0.97629735,0.27955029,0,4
r-steady70-long,base,routing,round_robin,20,87e16e4b168b,0,6876,6876,0,0,0,0,0,10.418182,1.4782745,0.16606026,0.31221425,1,0.1154354,0.33212051,0.50838004,0.024800297,0.031221425,0.034653539,46.113298,0.019952623,0.1,0,0,0.015135595,0.03719417,0,0,0.73333333,0.977099,0.25908788,0,4
r-steady70-long,base,routing,least_outstanding,1,a8dd1bd56a0f,0,6906,6906,0,0,0,0,0,10.463636,1.477273,0.17749597,0.29977701,1,0.12880267,0.35499195,0.54662173,0.024604803,0.029977701,0.033311783,45.514821,0.019952623,0.1,0,0,0.025715868,0.10725374,0,0,0.73333333,0.97902153,0.25586255,0,4
r-steady70-long,base,routing,least_outstanding,2,d46f017a4430,0,6896,6896,0,0,0,0,0,10.448485,1.524467,0.20174228,0.32272472,1,0.13402822,0.40348456,0.58577636,0.026140187,0.032272472,0.036743099,48.82346,0.025118864,0.1,0,0,0.029231994,0.12404603,0,0,0.73333333,0.9743284,0.28626012,0,4
r-steady70-long,base,routing,least_outstanding,3,f65368c45dba,0,6827,6827,0,0,0,0,0,10.343939,1.4854769,0.18062426,0.30485265,1,0.12939525,0.36124853,0.53104244,0.024963046,0.030485265,0.034311805,46.740447,0.019952623,0.1,0,0,0.025958281,0.11912325,0,0,0.73333333,0.97512651,0.25956109,0,4
r-steady70-long,base,routing,least_outstanding,4,977a4baf2cc7,0,6936,6936,0,0,0,0,0,10.509091,1.4836068,0.18307379,0.30053306,1,0.12798197,0.36614758,0.55622367,0.024934852,0.030053306,0.034677079,45.34752,0.019952623,0.1,0,0,0.026607523,0.11610421,0,0,0.73333333,0.96739841,0.25646171,0,4
r-steady70-long,base,routing,least_outstanding,5,68cfa83796b8,0,6882,6882,0,0,0,0,0,10.427273,1.512367,0.19706122,0.31530576,1,0.13216075,0.39412244,0.56346048,0.026124405,0.031530576,0.035089963,50.073264,0.025118864,0.1,0,0,0.02847452,0.1246131,0,0,0.73333333,0.98112794,0.28544428,0,4
r-steady70-long,base,routing,least_outstanding,6,cabcef3f5968,0,6829,6829,0,0,0,0,0,10.34697,1.502262,0.18899956,0.31326239,1,0.13210999,0.37799912,0.56408118,0.025615187,0.031326239,0.036167623,47.91646,0.025118864,0.1,0,0,0.027956033,0.1229059,0,0,0.73333333,0.97509215,0.27565059,0,4
r-steady70-long,base,routing,least_outstanding,7,9a688b1f3756,0,6854,6854,0,0,0,0,0,10.384848,1.4863715,0.18146996,0.3049015,1,0.12918837,0.36293991,0.54205304,0.025099774,0.03049015,0.035623248,45.535092,0.019952623,0.1,0,0,0.02668407,0.11798869,0,0,0.73333333,0.96902099,0.25988018,0,4
r-steady70-long,base,routing,least_outstanding,8,5bdf6668f33d,0,6790,6790,0,0,0,0,0,10.287879,1.4869061,0.18740791,0.29949823,1,0.13080969,0.37481581,0.54599473,0.025274711,0.029949823,0.034589559,46.458848,0.019952623,0.1,0,0,0.027526474,0.13327582,0,0,0.73333333,0.9694054,0.26317186,0,4
r-steady70-long,base,routing,least_outstanding,9,a7673ff301fa,0,6840,6840,0,0,0,0,0,10.363636,1.5127421,0.20119751,0.31154458,1,0.13015583,0.40239503,0.58697525,0.025476072,0.031154458,0.035581616,47.881751,0.019952623,0.1,0,0,0.029520039,0.13287961,0,0,0.73333333,0.97069324,0.26924068,0,4
r-steady70-long,base,routing,least_outstanding,10,6c6fabcdefe3,0,6814,6814,0,0,0,0,0,10.324242,1.4879754,0.18914669,0.29882873,1,0.12911531,0.37829338,0.55331782,0.024804898,0.029882873,0.034756572,43.504079,0.019952623,0.1,0,0,0.026943891,0.1201574,0,0,0.73333333,0.96535855,0.2531701,0,4
r-steady70-long,base,routing,least_outstanding,11,3524f0bcbec8,0,6984,6984,0,0,0,0,0,10.581818,1.5087284,0.19191252,0.31681585,1,0.12952223,0.38382504,0.58218659,0.025727249,0.031681585,0.036854982,48.097448,0.019952623,0.1,0,0,0.029109654,0.13398368,0,0,0.73333333,0.97288968,0.27360688,0,4
r-steady70-long,base,routing,least_outstanding,12,6cbdb4223226,0,6787,6787,0,0,0,0,0,10.283333,1.4778167,0.18478837,0.29302835,1,0.12563242,0.36957673,0.5580834,0.024204708,0.029302835,0.034108776,43.122711,0.019952623,0.1,0,0,0.026540764,0.12272829,0,0,0.73333333,0.97275116,0.24522305,0,4
r-steady70-long,base,routing,least_outstanding,13,31446a2bd8ae,0,6740,6740,0,0,0,0,0,10.212121,1.4832711,0.1819027,0.3013684,1,0.12942161,0.3638054,0.53245233,0.024688114,0.03013684,0.034780101,46.44171,0.019952623,0.1,0,0,0.025944205,0.11773445,0,0,0.73333333,0.97205288,0.25380504,0,4
r-steady70-long,base,routing,least_outstanding,14,c146ec07a322,0,6901,6901,0,0,0,0,0,10.456061,1.5015551,0.18988019,0.31167491,1,0.12916275,0.37976037,0.55283851,0.025271806,0.031167491,0.034796201,48.238616,0.019952623,0.1,0,0,0.028276858,0.1256701,0,0,0.73333333,0.96906497,0.27176757,0,4
r-steady70-long,base,routing,least_outstanding,15,5b368962c978,0,6854,6854,0,0,0,0,0,10.384848,1.4916035,0.18524404,0.30635944,1,0.13016925,0.37048809,0.55460646,0.024948679,0.030635944,0.03507847,43.999769,0.019952623,0.1,0,0,0.026913964,0.11663912,0,0,0.73333333,0.96945283,0.25823761,0,4
r-steady70-long,base,routing,least_outstanding,16,f3fc1f558309,0,6912,6912,0,0,0,0,0,10.472727,1.49655,0.19345562,0.30309436,1,0.13018412,0.38691124,0.5880919,0.0249898,0.030309436,0.035303959,44.861854,0.019952623,0.1,0,0,0.029103133,0.13687078,0,0,0.73333333,0.96533208,0.25558916,0,4
r-steady70-long,base,routing,least_outstanding,17,a20217bacb06,0,6959,6959,0,0,0,0,0,10.543939,1.5179669,0.20377373,0.31419316,1,0.1310467,0.40754745,0.57695461,0.025249599,0.031419316,0.036408106,44.872573,0.019952623,0.1,0,0,0.030178293,0.14649968,0,0,0.73333333,0.97499903,0.26370529,0,4
r-steady70-long,base,routing,least_outstanding,18,2cf7ffb9d93d,0,6900,6900,0,0,0,0,0,10.454545,1.5113716,0.19301515,0.31835647,1,0.13121219,0.38603029,0.55553729,0.025924631,0.031835647,0.037804133,49.169952,0.025118864,0.1,0,0,0.028450101,0.13113764,0,0,0.73333333,0.97790044,0.27997212,0,4
r-steady70-long,base,routing,least_outstanding,19,757a9956ec85,0,7019,7019,0,0,0,0,0,10.634848,1.5112834,0.18888774,0.32239568,1,0.13277384,0.37777547,0.54663026,0.025925179,0.032239568,0.036904785,49.035206,0.025118864,0.1,0,0,0.028290218,0.13214893,0,0,0.73333333,0.97619566,0.27542274,0,4
r-steady70-long,base,routing,least_outstanding,20,87e16e4b168b,0,6876,6876,0,0,0,0,0,10.418182,1.4842639,0.18013334,0.30413057,1,0.12857231,0.36026669,0.55286052,0.024761891,0.030413057,0.034536787,45.369932,0.019952623,0.1,0,0,0.026113945,0.11683641,0,0,0.73333333,0.97664695,0.25579758,0,4
r-steady70-long,base,routing,power_of_two,1,a8dd1bd56a0f,0,6906,6906,0,0,0,0,0,10.463636,1.5035114,0.20330507,0.30020633,1,0.13553833,0.40661014,0.59105204,0.024697748,0.030020633,0.034432726,45.507491,0.019952623,0.1,0,0,0.033925101,0.16230253,0,0,0.73333333,0.97677194,0.25592026,0,4
r-steady70-long,base,routing,power_of_two,2,d46f017a4430,0,6896,6896,0,0,0,0,0,10.448485,1.5430846,0.21536026,0.32772436,1,0.14030205,0.43072052,0.61247425,0.026136866,0.032772436,0.037717198,48.846735,0.025118864,0.1,0,0,0.036932889,0.18135263,0,0,0.73333333,0.97607366,0.28653068,0,4
r-steady70-long,base,routing,power_of_two,3,f65368c45dba,0,6827,6827,0,0,0,0,0,10.343939,1.511197,0.20506469,0.3061323,1,0.13743937,0.41012939,0.59098203,0.024970707,0.03061323,0.035240242,46.271806,0.019952623,0.1,0,0,0.034067173,0.15756841,0,0,0.73333333,0.97410777,0.26002312,0,4
r-steady70-long,base,routing,power_of_two,4,977a4baf2cc7,0,6936,6936,0,0,0,0,0,10.509091,1.5088351,0.2045456,0.30428946,1,0.13535216,0.40909121,0.59185656,0.02495949,0.030428946,0.035887794,44.995161,0.019952623,0.1,0,0,0.033070908,0.15885036,0,0,0.73333333,0.96576669,0.25625833,0,4
r-steady70-long,base,routing,power_of_two,5,68cfa83796b8,0,6882,6882,0,0,0,0,0,10.427273,1.5312826,0.21634459,0.31493804,1,0.13893864,0.43268918,0.61781314,0.026159632,0.031493804,0.036001015,49.921867,0.025118864,0.1,0,0,0.037640333,0.1832607,0,0,0.73333333,0.9789247,0.28533367,0,4
r-steady70-long,base,routing,power_of_two,6,cabcef3f5968,0,6829,6829,0,0,0,0,0,10.34697,1.5169491,0.20135204,0.31559705,1,0.13799847,0.40270407,0.59912829,0.025617832,0.031559705,0.036589636,47.380186,0.025118864,0.1,0,0,0.032737312,0.15427294,0,0,0.73333333,0.97614552,0.27582856,0,4
r-steady70-long,base,routing,power_of_two,7,9a688b1f3756,0,6854,6854,0,0,0,0,0,10.384848,1.5104415,0.20730725,0.30313427,1,0.135018,0.4146145,0.60242883,0.025012376,0.030313427,0.036500981,46.08224,0.019952623,0.1,0,0,0.034237175,0.1660037,0,0,0.73333333,0.97473489,0.25979117,0,4
r-steady70-long,base,routing,power_of_two,8,5bdf6668f33d,0,6790,6790,0,0,0,0,0,10.287879,1.5109064,0.20653312,0.3043733,1,0.1372829,0.41306624,0.5890352,0.025241131,0.03043733,0.035949404,46.446747,0.019952623,0.1,0,0,0.033901285,0.16510296,0,0,0.73333333,0.97476533,0.26335008,0,4
r-steady70-long,base,routing,power_of_two,9,a7673ff301fa,0,6840,6840,0,0,0,0,0,10.363636,1.5269332,0.21510602,0.31182718,1,0.13638411,0.43021205,0.61036007,0.0254743,0.031182718,0.036666346,47.830871,0.019952623,0.1,0,0,0.035884343,0.1792052,0,0,0.73333333,0.97197521,0.26932,0,4
r-steady70-long,base,routing,power_of_two,10,6c6fabcdefe3,0,6814,6814,0,0,0,0,0,10.324242,1.5114354,0.20978166,0.30165375,1,0.13583243,0.41956331,0.60124863,0.02477774,0.030165375,0.035687093,44.518679,0.019952623,0.1,0,0,0.033906198,0.15905962,0,0,0.73333333,0.96670751,0.25317102,0,4
r-steady70-long,base,routing,power_of_two,11,3524f0bcbec8,0,6984,6984,0,0,0,0,0,10.581818,1.527958,0.21104565,0.31691235,1,0.13552885,0.4220913,0.59799941,0.025700925,0.031691235,0.036363446,48.346195,0.025118864,0.1,0,0,0.035135704,0.16731533,0,0,0.73333333,0.96829406,0.2739398,0,4
r-steady70-long,base,routing,power_of_two,12,6cbdb4223226,0,6787,6787,0,0,0,0,0,10.283333,1.4990204,0.20318072,0.29583965,1,0.13097727,0.40636144,0.57434281,0.024318477,0.029583965,0.034212948,43.135138,0.019952623,0.1,0,0,0.032404813,0.15637094,0,0,0.73333333,0.97279235,0.24506777,0,4
r-steady70-long,base,routing,power_of_two,13,31446a2bd8ae,0,6740,6740,0,0,0,0,0,10.212121,1.5121701,0.20743965,0.30473043,1,0.13609689,0.4148793,0.59556006,0.02470923,0.030473043,0.036325441,46.96635,0.019952623,0.1,0,0,0.034073748,0.16388689,0,0,0.73333333,0.975076,0.25380901,0,4
r-steady70-long,base,routing,power_of_two,14,c146ec07a322,0,6901,6901,0,0,0,0,0,10.456061,1.5126805,0.20210255,0.31057795,1,0.13551922,0.40420509,0.57493594,0.025342975,0.031057795,0.03611426,47.730116,0.019952623,0.1,0,0,0.032875692,0.16269148,0,0,0.73333333,0.96527264,0.27206084,0,4
r-steady70-long,base,routing,power_of_two,15,5b368962c978,0,6854,6854,0,0,0,0,0,10.384848,1.511518,0.20524022,0.30627783,1,0.1367596,0.41048043,0.59150602,0.02502424,0.030627783,0.035244925,43.990401,0.019952623,0.1,0,0,0.034681659,0.1638185,0,0,0.73333333,0.97351062,0.25816484,0,4
r-steady70-long,base,routing,power_of_two,16,f3fc1f558309,0,6912,6912,0,0,0,0,0,10.472727,1.5147364,0.21002594,0.30471047,1,0.13682979,0.42005188,0.59586701,0.025067965,0.030471047,0.036167991,44.553475,0.019952623,0.1,0,0,0.035446228,0.17220479,0,0,0.73333333,0.96424694,0.25565469,0,4
r-steady70-long,base,routing,power_of_two,17,a20217bacb06,0,6959,6959,0,0,0,0,0,10.543939,1.5217688,0.20775029,0.31401849,1,0.13634227,0.41550058,0.59880402,0.02534327,0.031401849,0.036199009,44.454466,0.019952623,0.1,0,0,0.034136284,0.16222956,0,0,0.73333333,0.96932905,0.26340916,0,4
r-steady70-long,base,routing,power_of_two,18,2cf7ffb9d93d,0,6900,6900,0,0,0,0,0,10.454545,1.5302915,0.21043411,0.31985737,1,0.13977637,0.42086822,0.5894841,0.025911494,0.031985737,0.038251771,49.224192,0.025118864,0.1,0,0,0.035791888,0.17224021,0,0,0.73333333,0.98292251,0.2804601,0,4
r-steady70-long,base,routing,power_of_two,19,757a9956ec85,0,7019,7019,0,0,0,0,0,10.634848,1.5351197,0.21334649,0.3217732,1,0.14127327,0.42669297,0.60810427,0.026009285,0.03217732,0.037242393,49.093993,0.025118864,0.1,0,0,0.036420638,0.17241278,0,0,0.73333333,0.97960668,0.27586249,0,4
r-steady70-long,base,routing,power_of_two,20,87e16e4b168b,0,6876,6876,0,0,0,0,0,10.418182,1.511171,0.20620073,0.30497029,1,0.13278498,0.41240147,0.60361086,0.024788202,0.030497029,0.035387383,45.624341,0.019952623,0.1,0,0,0.034008607,0.16594599,0,0,0.73333333,0.97887327,0.25600701,0,4
r-steady70-long,base,routing,latency_aware,1,a8dd1bd56a0f,0,6906,6906,0,0,0,0,0,10.463636,1.5189122,0.20185524,0.31705694,1,0.13360582,0.40371047,0.60010967,0.02498103,0.031705694,0.03688372,46.217908,0.019952623,0.1,0,0,0.0334447,0.15897676,0,0,0.73333333,0.97976312,0.25733257,0,4
r-steady70-long,base,routing,latency_aware,2,d46f017a4430,0,6896,6896,0,0,0,0,0,10.448485,1.5590205,0.21609976,0.34292074,1,0.14078164,0.43219952,0.60672965,0.026599398,0.034292074,0.040184763,49.002147,0.025118864,0.1,0,0,0.036221664,0.17047552,0,0,0.73333333,0.97415148,0.28788957,0,4
r-steady70-long,base,routing,latency_aware,3,f65368c45dba,0,6827,6827,0,0,0,0,0,10.343939,1.5084943,0.19454639,0.31394795,1,0.13408458,0.38909278,0.55868571,0.025367619,0.031394795,0.036728337,46.352592,0.019952623,0.1,0,0,0.030751626,0.14516329,0,0,0.73333333,0.97935221,0.26109438,0,4
r-steady70-long,base,routing,latency_aware,4,977a4baf2cc7,0,6936,6936,0,0,0,0,0,10.509091,1.5275593,0.21084711,0.31671221,1,0.13345098,0.42169421,0.59608574,0.025299643,0.031671221,0.036920582,44.957534,0.019952623,0.1,0,0,0.033579603,0.1585586,0,0,0.73333333,0.96821095,0.25746989,0,4
r-steady70-long,base,routing,latency_aware,5,68cfa83796b8,0,6882,6882,0,0,0,0,0,10.427273,1.5450899,0.21070949,0.33438042,1,0.13819569,0.42141898,0.59355169,0.0264631,0.033438042,0.038869145,50.147417,0.025118864,0.1,0,0,0.03501322,0.1622344,0,0,0.73333333,0.97989832,0.28660483,0,4
r-steady70-long,base,routing,latency_aware,6,cabcef3f5968,0,6829,6829,0,0,0,0,0,10.34697,1.5356007,0.20608438,0.32951633,1,0.13840108,0.41216877,0.58246811,0.026074766,0.032951633,0.039350397,48.254848,0.025118864,0.1,0,0,0.033534736,0.15924733,0,0,0.73333333,0.97536837,0.27775322,0,4
r-steady70-long,base,routing,latency_aware,7,9a688b1f3756,0,6854,6854,0,0,0,0,0,10.384848,1.5336861,0.20461458,0.32907157,1,0.13469078,0.40922916,0.59621268,0.025480274,0.032907157,0.03986123,46.706042,0.019952623,0.1,0,0,0.033827769,0.1603884,0,0,0.73333333,0.9651557,0.26205485,0,4
r-steady70-long,base,routing,latency_aware,8,5bdf6668f33d,0,6790,6790,0,0,0,0,0,10.287879,1.5289064,0.2053125,0.32359391,1,0.13718919,0.41062501,0.59610095,0.02553981,0.032359391,0.037977459,46.76392,0.019952623,0.1,0,0,0.034055487,0.16401104,0,0,0.73333333,0.96377356,0.2651185,0,4
r-steady70-long,base,routing,latency_aware,9,a7673ff301fa,0,6840,6840,0,0,0,0,0,10.363636,1.5365822,0.21443357,0.32214867,1,0.13720674,0.42886714,0.61331862,0.025829162,0.032214867,0.037748767,48.40171,0.019952623,0.1,0,0,0.036214469,0.17380388,0,0,0.73333333,0.97566824,0.27078645,0,4
r-steady70-long,base,routing,latency_aware,10,6c6fabcdefe3,0,6814,6814,0,0,0,0,0,10.324242,1.5221476,0.21143998,0.31070762,1,0.13418556,0.42287995,0.59499019,0.025034166,0.031070762,0.036839547,43.92218,0.019952623,0.1,0,0,0.034097321,0.16615914,0,0,0.73333333,0.96456749,0.25430867,0,4
r-steady70-long,base,routing,latency_aware,11,3524f0bcbec8,0,6984,6984,0,0,0,0,0,10.581818,1.545325,0.2120748,0.33325017,1,0.134764,0.4241496,0.59948219,0.026053946,0.033325017,0.039247736,48.258306,0.025118864,0.1,0,0,0.034381783,0.16512816,0,0,0.73333333,0.9658149,0.27541064,0,4
r-steady70-long,base,routing,latency_aware,12,6cbdb4223226,0,6787,6787,0,0,0,0,0,10.283333,1.5086525,0.19996617,0.30868633,1,0.1302978,0.39993234,0.5795487,0.024507638,0.030868633,0.035754102,43.092959,0.019952623,0.1,0,0,0.031115473,0.14842044,0,0,0.73333333,0.97149358,0.24616577,0,4
r-steady70-long,base,routing,latency_aware,13,31446a2bd8ae,0,6740,6740,0,0,0,0,0,10.212121,1.515523,0.19931833,0.31620463,1,0.13456112,0.39863666,0.57394275,0.025082875,0.031620463,0.036434211,47.306764,0.019952623,0.1,0,0,0.032314566,0.15589311,0,0,0.73333333,0.97089269,0.25494474,0,4
r-steady70-long,base,routing,latency_aware,14,c146ec07a322,0,6901,6901,0,0,0,0,0,10.456061,1.525627,0.20019041,0.32543663,1,0.1345849,0.40038082,0.54893187,0.025609869,0.032543663,0.038056221,47.570741,0.019952623,0.1,0,0,0.031408908,0.14709587,0,0,0.73333333,0.96851536,0.2732354,0,4
r-steady70-long,base,routing,latency_aware,15,5b368962c978,0,6854,6854,0,0,0,0,0,10.384848,1.5190392,0.19722407,0.32181515,1,0.13545322,0.39444815,0.57884015,0.025177082,0.032181515,0.038179107,44.399733,0.019952623,0.1,0,0,0.031930102,0.14800863,0,0,0.73333333,0.97715889,0.25926869,0,4
r-steady70-long,base,routing,latency_aware,16,f3fc1f558309,0,6912,6912,0,0,0,0,0,10.472727,1.5203674,0.20472235,0.31564505,1,0.13655555,0.40944471,0.57594934,0.02547045,0.031564505,0.036524699,44.607794,0.019952623,0.1,0,0,0.03347914,0.16312093,0,0,0.73333333,0.96348458,0.25662191,0,4
r-steady70-long,base,routing,latency_aware,17,a20217bacb06,0,6959,6959,0,0,0,0,0,10.543939,1.5434285,0.20965327,0.33377523,1,0.13600864,0.41930654,0.60322759,0.025731378,0.033377523,0.038864294,44.659071,0.019952623,0.1,0,0,0.034651229,0.16562298,0,0,0.73333333,0.96818181,0.26494209,0,4
r-steady70-long,base,routing,latency_aware,18,2cf7ffb9d93d,0,6900,6900,0,0,0,0,0,10.454545,1.5514283,0.21784973,0.33357859,1,0.13968912,0.43569947,0.63278459,0.02636451,0.033357859,0.04020374,49.166809,0.025118864,0.1,0,0,0.03842749,0.18701336,0,0,0.73333333,0.97891282,0.28158132,0,4
r-steady70-long,base,routing,latency_aware,19,757a9956ec85,0,7019,7019,0,0,0,0,0,10.634848,1.5485286,0.21155441,0.33697423,1,0.140791,0.42310883,0.6215283,0.026240325,0.033697423,0.039151659,49.894494,0.025118864,0.1,0,0,0.036160424,0.16811284,0,0,0.73333333,0.97665439,0.27713731,0,4
r-steady70-long,base,routing,latency_aware,20,87e16e4b168b,0,6876,6876,0,0,0,0,0,10.418182,1.5255673,0.20567788,0.31988939,1,0.13441265,0.41135576,0.59072584,0.02505846,0.031988939,0.037688246,45.780156,0.019952623,0.1,0,0,0.033080376,0.15897105,0,0,0.73333333,0.97460684,0.25648625,0,4
r-steady70-long,base,routing,queue_aware,1,a8dd1bd56a0f,0,6906,6906,0,0,0,0,0.00014480162,10.462121,1.868136,0.50445825,0.36295372,1,0.32343753,1.0089165,1.4022276,0.025231059,0.036295372,0.055359783,46.013966,0.019952623,0.1,0,0,0.23473213,0.81084266,0,0,0.73333333,0.97477323,0.25629779,0,4
r-steady70-long,base,routing,queue_aware,2,d46f017a4430,0,6896,6896,0,0,0,0,0.000725058,10.440909,1.9065813,0.52189025,0.38106578,1,0.34998948,1.0437805,1.4465268,0.026526949,0.038106578,0.060197327,49.529019,0.025118864,0.1,0,0,0.25460268,0.83714818,0,0,0.73333333,0.97374798,0.2868931,0,4
r-steady70-long,base,routing,queue_aware,3,f65368c45dba,0,6827,6827,0,0,0,0,0.00014647722,10.342424,1.8571785,0.49836895,0.35807717,1,0.33954878,0.9967379,1.3460952,0.025382799,0.035807717,0.054734803,46.682577,0.019952623,0.1,0,0,0.23791482,0.79953478,0,0,0.73333333,0.97721097,0.26014854,0,4
r-steady70-long,base,routing,queue_aware,4,977a4baf2cc7,0,6936,6936,0,0,0,0,0.00043252595,10.504545,1.8906779,0.51626426,0.37225102,1,0.3276357,1.0325285,1.4529786,0.025481093,0.037225102,0.057994793,45.453885,0.019952623,0.1,0,0,0.23923263,0.82249151,0,0,0.73333333,0.9662225,0.25658094,0,4
r-steady70-long,base,routing,queue_aware,5,68cfa83796b8,0,6882,6882,0,0,0,0,0.00029061319,10.424242,1.8911536,0.51609668,0.37360387,1,0.34364441,1.0321934,1.4069756,0.026657521,0.037360387,0.059905945,50.16394,0.025118864,0.1,0,0,0.24589409,0.83286568,0,0,0.73333333,0.97832744,0.28553037,0,4
r-steady70-long,base,routing,queue_aware,6,cabcef3f5968,0,6829,6829,0,0,0,0,0.0010250403,10.336364,1.8932444,0.51670871,0.3714105,1,0.34335577,1.0334174,1.4108803,0.026126942,0.03714105,0.05396526,48.361708,0.025118864,0.1,0,0,0.24595221,0.82553766,0,0,0.73333333,0.96415866,0.27599908,0,4
r-steady70-long,base,routing,queue_aware,7,9a688b1f3756,0,6854,6854,0,0,0,0,0.0021885031,10.362121,1.8960306,0.5114875,0.37360063,1,0.32107944,1.022975,1.4792806,0.025474149,0.037360063,0.062812655,46.345129,0.019952623,0.1,0,0,0.23578981,0.81912865,0,0,0.73333333,0.96674782,0.26035439,0,4
r-steady70-long,base,routing,queue_aware,8,5bdf6668f33d,0,6790,6790,0,0,0,0,0.00029455081,10.284848,1.8717593,0.50440498,0.36588155,1,0.33841086,1.00881,1.3620503,0.025592421,0.036588155,0.058475491,46.829466,0.019952623,0.1,0,0,0.24070749,0.81620672,0,0,0.73333333,0.96816366,0.26377468,0,4
r-steady70-long,base,routing,queue_aware,9,a7673ff301fa,0,6840,6840,0,0,0,0,0.00029239766,10.360606,1.8916124,0.52814372,0.36200666,1,0.34461521,1.0562874,1.444949,0.025896571,0.036200666,0.056654436,48.142162,0.019952623,0.1,0,0,0.25232847,0.85385406,0,0,0.73333333,0.96917195,0.26951549,0,4
r-steady70-long,base,routing,queue_aware,10,6c6fabcdefe3,0,6814,6814,0,0,0,0,0.00014675668,10.322727,1.8523926,0.48985537,0.36180345,1,0.32647043,0.97971074,1.3584623,0.025254496,0.036180345,0.0548359,43.963036,0.019952623,0.1,0,0,0.2282274,0.76634799,0,0,0.73333333,0.96482016,0.25356041,0,4
r-steady70-long,base,routing,queue_aware,11,3524f0bcbec8,0,6984,6984,0,0,0,0,0.0012886598,10.568182,1.9080607,0.52139646,0.38022098,1,0.34719287,1.0427929,1.5091079,0.026305727,0.038022098,0.058430715,48.177346,0.025118864,0.1,0,0,0.25006052,0.83100275,0,0,0.73333333,0.97101824,0.27429827,0,4
r-steady70-long,base,routing,queue_aware,12,6cbdb4223226,0,6787,6787,0,0,0,0,0,10.283333,1.8466434,0.48177832,0.36486512,1,0.32451369,0.96355665,1.2830064,0.024733779,0.036486512,0.058278912,43.193641,0.019952623,0.1,0,0,0.2231621,0.76214763,0,0,0.73333333,0.97038799,0.24569031,0,4
r-steady70-long,base,routing,queue_aware,13,31446a2bd8ae,0,6740,6740,0,0,0,0,0.00029673591,10.209091,1.8695473,0.50228783,0.36577575,1,0.33469024,1.0045757,1.4390709,0.02519274,0.036577575,0.057326969,47.274824,0.019952623,0.1,0,0,0.23855945,0.80407208,0,0,0.73333333,0.97528444,0.25401744,0,4
r-steady70-long,base,routing,queue_aware,14,c146ec07a322,0,6901,6901,0,0,0,0,0.00043471961,10.451515,1.8819501,0.50898218,0.37079434,1,0.33930931,1.0179644,1.3674876,0.025786041,0.037079434,0.057009076,48.872732,0.019952623,0.1,0,0,0.24360288,0.80161137,0,0,0.73333333,0.96769193,0.27250961,0,4
r-steady70-long,base,routing,queue_aware,15,5b368962c978,0,6854,6854,0,0,0,0,0.00058360082,10.378788,1.880126,0.5048863,0.3723217,1,0.33377498,1.0097726,1.3361725,0.025469805,0.03723217,0.057530361,44.513456,0.019952623,0.1,0,0,0.23900836,0.79378548,0,0,0.73333333,0.97155021,0.25883502,0,4
r-steady70-long,base,routing,queue_aware,16,f3fc1f558309,0,6912,6912,0,0,0,0,0.0017361111,10.454545,1.8913476,0.51344059,0.36922646,1,0.35059938,1.0268812,1.4018868,0.025558261,0.036922646,0.056270638,45.169463,0.019952623,0.1,0,0,0.24834408,0.82720939,0,0,0.73333333,0.96654289,0.25631736,0,4
r-steady70-long,base,routing,queue_aware,17,a20217bacb06,0,6959,6959,0,0,0,0,0.00014369881,10.542424,1.8858242,0.50944822,0.37565747,1,0.34464117,1.0188964,1.3919015,0.025805201,0.037565747,0.057780244,45.35209,0.019952623,0.1,0,0,0.24579528,0.80898765,0,0,0.73333333,0.96988355,0.26394363,0,4
r-steady70-long,base,routing,queue_aware,18,2cf7ffb9d93d,0,6900,6900,0,0,0,0,0.0030434783,10.422727,1.9559442,0.55933824,0.38138861,1,0.35124957,1.1186765,1.5921473,0.026404609,0.038138861,0.060314957,49.268064,0.025118864,0.1,0,0,0.2662185,0.90676699,0,0,0.73333333,0.9775533,0.28053643,0,4
r-steady70-long,base,routing,queue_aware,19,757a9956ec85,0,7019,7019,0,0,0,0,0.00014247044,10.633333,1.9273812,0.54236599,0.38430283,1,0.3518518,1.084732,1.4584552,0.026473066,0.038430283,0.057263639,49.553621,0.025118864,0.1,0,0,0.25899181,0.89307678,0,0,0.73333333,0.98017025,0.27644093,0,4
r-steady70-long,base,routing,queue_aware,20,87e16e4b168b,0,6876,6876,0,0,0,0,0.00087260035,10.409091,1.8544007,0.4791041,0.37093359,1,0.33917383,0.95820821,1.2894483,0.02530483,0.037093359,0.059566916,45.585184,0.019952623,0.1,0,0,0.23226221,0.75433752,0,0,0.73333333,0.97342305,0.25635272,0,4
r-steady70-long,base,routing,queue_aware_corrected,1,a8dd1bd56a0f,0,6906,6906,0,0,0,0,0,10.463636,1.4601315,0.16615115,0.29398035,1,0.1180879,0.33230231,0.51546076,0.024758538,0.029398035,0.03306678,45.97854,0.019952623,0.1,0,0,0.016915211,0.055252162,0,0,0.73333333,0.97851028,0.25570617,0,4
r-steady70-long,base,routing,queue_aware_corrected,2,d46f017a4430,0,6896,6896,0,0,0,0,0,10.448485,1.4983464,0.17671133,0.3216351,1,0.12246786,0.35342265,0.53039542,0.026145353,0.03216351,0.036524577,48.696399,0.025118864,0.1,0,0,0.018912421,0.062634737,0,0,0.73333333,0.9759717,0.28612614,0,4
r-steady70-long,base,routing,queue_aware_corrected,3,f65368c45dba,0,6827,6827,0,0,0,0,0,10.343939,1.4659215,0.16776237,0.29815916,1,0.11736557,0.33552475,0.49801142,0.02504775,0.029815916,0.033134832,46.592872,0.019952623,0.1,0,0,0.016712388,0.055267122,0,0,0.73333333,0.97564383,0.25937958,0,4
r-steady70-long,base,routing,queue_aware_corrected,4,977a4baf2cc7,0,6936,6936,0,0,0,0,0,10.509091,1.4638509,0.16648926,0.2973616,1,0.11834869,0.33297852,0.51843744,0.025068044,0.02973616,0.033819521,45.091672,0.019952623,0.1,0,0,0.017295942,0.055009748,0,0,0.73333333,0.96716897,0.25623765,0,4
r-steady70-long,base,routing,queue_aware_corrected,5,68cfa83796b8,0,6882,6882,0,0,0,0,0,10.427273,1.4849276,0.17452666,0.3104009,1,0.12166398,0.34905333,0.52791139,0.026195266,0.03104009,0.035566135,50.255832,0.025118864,0.1,0,0,0.018532221,0.064165492,0,0,0.73333333,0.97832934,0.28519262,0,4
r-steady70-long,base,routing,queue_aware_corrected,6,cabcef3f5968,0,6829,6829,0,0,0,0,0,10.34697,1.4793349,0.17052269,0.30881221,1,0.12141881,0.34104539,0.53417898,0.025631119,0.030881221,0.035706876,48.051558,0.025118864,0.1,0,0,0.017680392,0.055787694,0,0,0.73333333,0.97121472,0.27555134,0,4
r-steady70-long,base,routing,queue_aware_corrected,7,9a688b1f3756,0,6854,6854,0,0,0,0,0,10.384848,1.4718095,0.17205044,0.29975907,1,0.11917891,0.34410089,0.5176556,0.025096691,0.029975907,0.034372915,45.926001,0.019952623,0.1,0,0,0.017599139,0.059168322,0,0,0.73333333,0.97252984,0.25968583,0,4
r-steady70-long,base,routing,queue_aware_corrected,8,5bdf6668f33d,0,6790,6790,0,0,0,0,0,10.287879,1.4694527,0.17239802,0.29705463,1,0.12041839,0.34479605,0.51566032,0.025411036,0.029705463,0.034289325,46.947937,0.019952623,0.1,0,0,0.018247242,0.062433413,0,0,0.73333333,0.97549716,0.26335586,0,4
r-steady70-long,base,routing,queue_aware_corrected,9,a7673ff301fa,0,6840,6840,0,0,0,0,0,10.363636,1.4766911,0.17522883,0.3014623,1,0.11939487,0.35045766,0.54321369,0.025599435,0.03014623,0.033894126,47.782059,0.019952623,0.1,0,0,0.018651664,0.065348385,0,0,0.73333333,0.96963995,0.26906596,0,4
r-steady70-long,base,routing,queue_aware_corrected,10,6c6fabcdefe3,0,6814,6814,0,0,0,0,0,10.324242,1.4670936,0.17197066,0.29512293,1,0.11864106,0.34394132,0.5192066,0.024862494,0.029512293,0.033876856,44.092229,0.019952623,0.1,0,0,0.017986738,0.063104865,0,0,0.73333333,0.96605938,0.25308761,0,4
r-steady70-long,base,routing,queue_aware_corrected,11,3524f0bcbec8,0,6984,6984,0,0,0,0,0,10.581818,1.4871861,0.17449883,0.31268727,1,0.12028851,0.34899767,0.53293083,0.025710137,0.031268727,0.035309969,47.768566,0.025118864,0.1,0,0,0.018555729,0.062238828,0,0,0.73333333,0.96837558,0.27340751,0,4
r-steady70-long,base,routing,queue_aware_corrected,12,6cbdb4223226,0,6787,6787,0,0,0,0,0,10.283333,1.4567764,0.16887735,0.28789903,1,0.1157977,0.3377547,0.51334574,0.024255146,0.028789903,0.032325256,42.786115,0.019952623,0.1,0,0,0.016601503,0.051518215,0,0,0.73333333,0.97157714,0.24500074,0,4
r-steady70-long,base,routing,queue_aware_corrected,13,31446a2bd8ae,0,6740,6740,0,0,0,0,0,10.212121,1.4659226,0.16980984,0.29611276,1,0.11956295,0.33961968,0.5135169,0.024775705,0.029611276,0.034008062,47.046479,0.019952623,0.1,0,0,0.017827467,0.059304275,0,0,0.73333333,0.97034655,0.25342551,0,4
r-steady70-long,base,routing,queue_aware_corrected,14,c146ec07a322,0,6901,6901,0,0,0,0,0,10.456061,1.4787007,0.17189166,0.30680903,1,0.11920357,0.34378333,0.51303616,0.025313928,0.030680903,0.034499127,47.819694,0.019952623,0.1,0,0,0.018112831,0.061545044,0,0,0.73333333,0.96614544,0.2716816,0,4
r-steady70-long,base,routing,queue_aware_corrected,15,5b368962c978,0,6854,6854,0,0,0,0,0,10.384848,1.4716816,0.17109217,0.30058948,1,0.11990838,0.34218433,0.51996649,0.025005663,0.030058948,0.034275096,43.766104,0.019952623,0.1,0,0,0.017910302,0.058247367,0,0,0.73333333,0.96218952,0.25803455,0,4
r-steady70-long,base,routing,queue_aware_corrected,16,f3fc1f558309,0,6912,6912,0,0,0,0,0,10.472727,1.4723577,0.17459648,0.29776126,1,0.12003711,0.34919296,0.54608876,0.02517836,0.029776126,0.034428743,44.714812,0.019952623,0.1,0,0,0.019256655,0.064933467,0,0,0.73333333,0.96795739,0.25556071,0,4
r-steady70-long,base,routing,queue_aware_corrected,17,a20217bacb06,0,6959,6959,0,0,0,0,0,10.543939,1.4808963,0.17213345,0.30876284,1,0.11916654,0.34426689,0.52717151,0.025313676,0.030876284,0.034901839,44.779255,0.019952623,0.1,0,0,0.018090042,0.065027654,0,0,0.73333333,0.96646931,0.26348724,0,4
r-steady70-long,base,routing,queue_aware_corrected,18,2cf7ffb9d93d,0,6900,6900,0,0,0,0,0,10.454545,1.488025,0.17506991,0.31295506,1,0.12171632,0.35013983,0.5440596,0.025975341,0.031295506,0.036542725,48.718671,0.025118864,0.1,0,0,0.019824081,0.068332786,0,0,0.73333333,0.98114069,0.27982667,0,4
r-steady70-long,base,routing,queue_aware_corrected,19,757a9956ec85,0,7019,7019,0,0,0,0,0,10.634848,1.4894065,0.17311623,0.31629025,1,0.12196966,0.34623246,0.52958692,0.025989483,0.031629025,0.036197659,49.220746,0.025118864,0.1,0,0,0.018542281,0.063207989,0,0,0.73333333,0.97685959,0.27563829,0,4
r-steady70-long,base,routing,queue_aware_corrected,20,87e16e4b168b,0,6876,6876,0,0,0,0,0,10.418182,1.4684487,0.16963818,0.2988105,1,0.11706315,0.33927635,0.52004059,0.024761102,0.02988105,0.033351525,45.577439,0.019952623,0.1,0,0,0.016923512,0.052451531,0,0,0.73333333,0.97651189,0.2556937,0,4
r-steady70-long,base,routing,capacity_weighted,1,a8dd1bd56a0f,0,6906,6906,0,0,0,0,0,10.463636,1.519474,0.16698949,0.35248451,1,0.11690899,0.33397899,0.51172047,0.025002166,0.035248451,0.039440405,48.647753,0.019952623,0.1,0,0,0.016326547,0.0463551,0,0,0.73333333,0.98082345,0.26804914,0,4
r-steady70-long,base,routing,capacity_weighted,2,d46f017a4430,0,6896,6896,0,0,0,0,0,10.448485,1.5533696,0.1755801,0.37778955,1,0.1209616,0.3511602,0.53056051,0.026116444,0.037778955,0.0490922,51.360451,0.025118864,0.1,0,0,0.017786098,0.052639127,0,0,0.73333333,0.97639522,0.29800922,0,4
r-steady70-long,base,routing,capacity_weighted,3,f65368c45dba,0,6827,6827,0,0,0,0,0,10.343939,1.5108639,0.16576948,0.34509442,1,0.11573437,0.33153895,0.51216882,0.024861189,0.034509442,0.038728521,47.318112,0.019952623,0.1,0,0,0.016051532,0.046674423,0,0,0.73333333,0.97461142,0.26836564,0,4
r-steady70-long,base,routing,capacity_weighted,4,977a4baf2cc7,0,6936,6936,0,0,0,0,0,10.509091,1.4944305,0.16653279,0.32789776,1,0.11639017,0.33306558,0.51722711,0.025229944,0.032789776,0.036325923,46.646103,0.019952623,0.1,0,0,0.015922695,0.045331533,0,0,0.73333333,0.96616139,0.26341214,0,4
r-steady70-long,base,routing,capacity_weighted,5,68cfa83796b8,0,6882,6881,0,0,0,1,0.0001453066,10.425758,1.5894669,0.17392188,0.41481848,1,0.11908638,0.34784375,0.54460077,0.025859414,0.041481848,0.049256198,54.011283,0.025118864,0.1,0,0,0.01786892,0.055505527,0,0,0.73333333,0.98051845,0.3017696,0,4
r-steady70-long,base,routing,capacity_weighted,6,cabcef3f5968,0,6829,6829,0,0,0,0,0,10.34697,1.5667884,0.17051521,0.39627323,1,0.1205022,0.34103043,0.52969357,0.025786309,0.039627323,0.044723927,51.668918,0.025118864,0.1,0,0,0.017295179,0.04934577,0,0,0.73333333,0.97423216,0.29242481,0,4
r-steady70-long,base,routing,capacity_weighted,7,9a688b1f3756,0,6854,6854,0,0,0,0,0,10.384848,1.5141779,0.17116827,0.34300966,1,0.11674462,0.34233654,0.53785354,0.024900216,0.034300966,0.039966596,47.158142,0.019952623,0.1,0,0,0.016954239,0.050020277,0,0,0.73333333,0.973969,0.26980809,0,4
r-steady70-long,base,routing,capacity_weighted,8,5bdf6668f33d,0,6790,6790,0,0,0,0,0,10.287879,1.5040429,0.16920716,0.33483572,1,0.1186244,0.33841432,0.5152441,0.025671145,0.033483572,0.037978255,48.692943,0.025118864,0.1,0,0,0.016529898,0.047384431,0,0,0.73333333,0.97666798,0.27210704,0,4
r-steady70-long,base,routing,capacity_weighted,9,a7673ff301fa,0,6840,6840,0,0,0,0,0,10.363636,1.5441677,0.17375926,0.3704084,1,0.11905157,0.34751852,0.5446344,0.025754971,0.03704084,0.042153891,50.532172,0.025118864,0.1,0,0,0.017954109,0.056630708,0,0,0.73333333,0.97067113,0.28256451,0,4
r-steady70-long,base,routing,capacity_weighted,10,6c6fabcdefe3,0,6814,6814,0,0,0,0,0,10.324242,1.4926541,0.16783724,0.32481682,1,0.118277,0.33567448,0.50426091,0.02498763,0.032481682,0.036018551,45.197664,0.019952623,0.1,0,0,0.015898795,0.04429335,0,0,0.73333333,0.96610755,0.26017852,0,4
r-steady70-long,base,routing,capacity_weighted,11,3524f0bcbec8,0,6984,6984,0,0,0,0,0,10.581818,1.5416163,0.17375882,0.36785751,1,0.11835902,0.34751763,0.55063684,0.02623346,0.036785751,0.041239601,50.700202,0.025118864,0.1,0,0,0.017983208,0.048806501,0,0,0.73333333,0.9702754,0.28718112,0,4
r-steady70-long,base,routing,capacity_weighted,12,6cbdb4223226,0,6787,6787,0,0,0,0,0,10.283333,1.5007855,0.16806128,0.33272418,1,0.11466364,0.33612255,0.50002938,0.025129697,0.033272418,0.038105275,46.133809,0.019952623,0.1,0,0,0.015876229,0.043812015,0,0,0.73333333,0.97334834,0.25745536,0,4
r-steady70-long,base,routing,capacity_weighted,13,31446a2bd8ae,0,6740,6740,0,0,0,0,0,10.212121,1.5312134,0.1666734,0.36454004,1,0.11944799,0.3333468,0.5130209,0.02543717,0.036454004,0.042432948,49.173692,0.025118864,0.1,0,0,0.016818775,0.050429205,0,0,0.73333333,0.96989861,0.26837121,0,4
r-steady70-long,base,routing,capacity_weighted,14,c146ec07a322,0,6901,6901,0,0,0,0,0,10.456061,1.502414,0.16889841,0.3335156,1,0.11705503,0.33779682,0.51277873,0.025930239,0.03335156,0.038118586,49.499292,0.025118864,0.1,0,0,0.016541646,0.045411914,0,0,0.73333333,0.96538988,0.2805809,0,4
r-steady70-long,base,routing,capacity_weighted,15,5b368962c978,0,6854,6854,0,0,0,0,0,10.384848,1.5629946,0.17386256,0.38913199,1,0.11824938,0.34772513,0.54130357,0.025654012,0.038913199,0.045123025,48.849887,0.025118864,0.1,0,0,0.018135705,0.053128352,0,0,0.73333333,0.97370494,0.2780088,0,4
r-steady70-long,base,routing,capacity_weighted,16,f3fc1f558309,0,6912,6912,0,0,0,0,0,10.472727,1.506859,0.17037449,0.33648449,1,0.1186043,0.34074898,0.53296765,0.025206674,0.033648449,0.039229065,45.000573,0.019952623,0.1,0,0,0.017291196,0.054834825,0,0,0.73333333,0.96835429,0.26402944,0,4
r-steady70-long,base,routing,capacity_weighted,17,a20217bacb06,0,6959,6959,0,0,0,0,0,10.543939,1.5211249,0.17196028,0.34916464,1,0.11838863,0.34392056,0.52205606,0.026094859,0.034916464,0.039348619,46.516481,0.025118864,0.1,0,0,0.017126408,0.052799456,0,0,0.73333333,0.96921046,0.27588366,0,4
r-steady70-long,base,routing,capacity_weighted,18,2cf7ffb9d93d,0,6900,6900,0,0,0,0,0,10.454545,1.5703959,0.17695656,0.39343929,1,0.12141433,0.35391313,0.52717273,0.02606621,0.039343929,0.044432115,52.742904,0.025118864,0.1,0,0,0.018640456,0.062411133,0,0,0.73333333,0.97940319,0.29766623,0,4
r-steady70-long,base,routing,capacity_weighted,19,757a9956ec85,0,7019,7019,0,0,0,0,0,10.634848,1.5305166,0.17380539,0.35671119,1,0.12061876,0.34761078,0.52258045,0.025958893,0.035671119,0.041898882,50.70828,0.025118864,0.1,0,0,0.017286058,0.054655131,0,0,0.73333333,0.97856181,0.28233838,0,4
r-steady70-long,base,routing,capacity_weighted,20,87e16e4b168b,0,6876,6876,0,0,0,0,0,10.418182,1.5294445,0.16777997,0.36166458,1,0.11599131,0.33555993,0.51790191,0.02504575,0.036166458,0.03970346,47.838239,0.019952623,0.1,0,0,0.016269425,0.045057292,0,0,0.73333333,0.97920723,0.26726306,0,4
r-steady70-long,base,routing,oracle_jsq,1,a8dd1bd56a0f,0,6906,6906,0,0,0,0,0,10.463636,1.5144255,0.16452642,0.34989904,1,0.12197759,0.32905284,0.48424746,0.025459211,0.034989904,0.041662063,45.819531,0.019952623,0.1,0,0,0.018259561,0.065954511,0,0,0.73333333,0.98212652,0.26102732,0,4
r-steady70-long,base,routing,oracle_jsq,2,d46f017a4430,0,6896,6896,0,0,0,0,0,10.448485,1.5395844,0.17104956,0.36853485,1,0.12644438,0.34209913,0.51874162,0.026841924,0.036853485,0.043610787,49.904812,0.025118864,0.1,0,0,0.018784333,0.065248213,0,0,0.73333333,0.97385769,0.29109051,0,4
r-steady70-long,base,routing,oracle_jsq,3,f65368c45dba,0,6827,6827,0,0,0,0,0,10.343939,1.5145304,0.1616141,0.35291632,1,0.12265436,0.3232282,0.48933682,0.026019882,0.035291632,0.042319921,46.468055,0.019952623,0.1,0,0,0.018178799,0.066336413,0,0,0.73333333,0.97625203,0.26531804,0,4
r-steady70-long,base,routing,oracle_jsq,4,977a4baf2cc7,0,6936,6936,0,0,0,0,0,10.509091,1.510064,0.16029605,0.34976797,1,0.12210538,0.3205921,0.50741362,0.026094196,0.034976797,0.042550461,45.864318,0.019952623,0.1,0,0,0.018360973,0.067208505,0,0,0.73333333,0.96972189,0.2616943,0,4
r-steady70-long,base,routing,oracle_jsq,5,68cfa83796b8,0,6882,6882,0,0,0,0,0,10.427273,1.53638,0.16857754,0.36780244,1,0.12562803,0.33715508,0.50866419,0.027243998,0.036780244,0.043430576,50.93788,0.025118864,0.1,0,0,0.018777407,0.067585863,0,0,0.73333333,0.97964666,0.29167832,0,4
r-steady70-long,base,routing,oracle_jsq,6,cabcef3f5968,0,6829,6829,0,0,0,0,0,10.34697,1.5275132,0.16378274,0.3637305,1,0.12526201,0.32756548,0.49902399,0.026770414,0.03637305,0.043449415,48.834321,0.025118864,0.1,0,0,0.01868694,0.064442335,0,0,0.73333333,0.97484564,0.28104562,0,4
r-steady70-long,base,routing,oracle_jsq,7,9a688b1f3756,0,6854,6854,0,0,0,0,0,10.384848,1.5454313,0.17133349,0.37409777,1,0.12377117,0.34266697,0.51352694,0.026483654,0.037409777,0.046502493,46.089608,0.019952623,0.1,0,0,0.019990039,0.071675359,0,0,0.73333333,0.97339343,0.26751027,0,4
r-steady70-long,base,routing,oracle_jsq,8,5bdf6668f33d,0,6790,6790,0,0,0,0,0,10.287879,1.5309549,0.16643716,0.36451776,1,0.12400035,0.33287432,0.47548561,0.026203491,0.036451776,0.043792025,48.079584,0.019952623,0.1,0,0,0.018454727,0.066162151,0,0,0.73333333,0.97461083,0.270062,0,4
r-steady70-long,base,routing,oracle_jsq,9,a7673ff301fa,0,6840,6840,0,0,0,0,0,10.363636,1.5287318,0.16984089,0.35889087,1,0.12330196,0.33968178,0.51127315,0.026546132,0.035889087,0.04251387,48.910599,0.025118864,0.1,0,0,0.018793903,0.066078526,0,0,0.73333333,0.97045248,0.27587209,0,4
r-steady70-long,base,routing,oracle_jsq,10,6c6fabcdefe3,0,6814,6814,0,0,0,0,0,10.324242,1.5071851,0.16661768,0.34056742,1,0.12247432,0.33323536,0.50523052,0.025724564,0.034056742,0.042589976,44.927722,0.019952623,0.1,0,0,0.018319497,0.064757517,0,0,0.73333333,0.96488931,0.25871343,0,4
r-steady70-long,base,routing,oracle_jsq,11,3524f0bcbec8,0,6984,6984,0,0,0,0,0,10.581818,1.5281276,0.1668766,0.36125095,1,0.12389556,0.3337532,0.50879974,0.02726434,0.036125095,0.043685369,48.4952,0.025118864,0.1,0,0,0.01889707,0.06604352,0,0,0.73333333,0.97416681,0.280201,0,4
r-steady70-long,base,routing,oracle_jsq,12,6cbdb4223226,0,6787,6787,0,0,0,0,0,10.283333,1.4953857,0.1607261,0.3346596,1,0.11950394,0.32145219,0.48449305,0.025321998,0.03346596,0.040586261,43.495818,0.019952623,0.1,0,0,0.016882156,0.059472463,0,0,0.73333333,0.97351689,0.2504873,0,4
r-steady70-long,base,routing,oracle_jsq,13,31446a2bd8ae,0,6740,6740,0,0,0,0,0,10.212121,1.5054613,0.1678808,0.33758052,1,0.12460603,0.33576159,0.49851889,0.025702675,0.033758052,0.041486123,47.61576,0.019952623,0.1,0,0,0.01919043,0.069888872,0,0,0.73333333,0.97289653,0.25817449,0,4
r-steady70-long,base,routing,oracle_jsq,14,c146ec07a322,0,6901,6901,0,0,0,0,0,10.456061,1.5223089,0.16484467,0.35746421,1,0.12315322,0.32968934,0.49302063,0.026444763,0.035746421,0.043488603,48.305311,0.025118864,0.1,0,0,0.018279948,0.0623578,0,0,0.73333333,0.96431811,0.27757852,0,4
r-steady70-long,base,routing,oracle_jsq,15,5b368962c978,0,6854,6854,0,0,0,0,0,10.384848,1.5229731,0.16648669,0.35648641,1,0.12436728,0.33297337,0.5029767,0.026156062,0.035648641,0.042038099,44.662477,0.019952623,0.1,0,0,0.018674229,0.067788167,0,0,0.73333333,0.97310544,0.26436892,0,4
r-steady70-long,base,routing,oracle_jsq,16,f3fc1f558309,0,6912,6912,0,0,0,0,0,10.472727,1.5274221,0.16909026,0.35833181,1,0.1240266,0.33818052,0.51648873,0.026295407,0.035833181,0.041642581,45.258982,0.019952623,0.1,0,0,0.019512948,0.070794322,0,0,0.73333333,0.96679319,0.26244615,0,4
r-steady70-long,base,routing,oracle_jsq,17,a20217bacb06,0,6959,6959,0,0,0,0,0,10.543939,1.520551,0.16581675,0.35473429,1,0.1228019,0.33163351,0.50221361,0.026705745,0.035473429,0.042130142,44.981343,0.019952623,0.1,0,0,0.017821059,0.062027984,0,0,0.73333333,0.96768692,0.26940061,0,4
r-steady70-long,base,routing,oracle_jsq,18,2cf7ffb9d93d,0,6900,6900,0,0,0,0,0,10.454545,1.5343156,0.17266583,0.36164975,1,0.1267356,0.34533165,0.51079455,0.027115477,0.036164975,0.043958024,49.450519,0.025118864,0.1,0,0,0.019808291,0.071328321,0,0,0.73333333,0.98239553,0.28495709,0,4
r-steady70-long,base,routing,oracle_jsq,19,757a9956ec85,0,7019,7019,0,0,0,0,0,10.634848,1.5383351,0.17199349,0.36634158,1,0.12655769,0.34398699,0.5054221,0.026997213,0.036634158,0.044865051,49.579987,0.025118864,0.1,0,0,0.019616452,0.070351216,0,0,0.73333333,0.97470233,0.28157016,0,4
r-steady70-long,base,routing,oracle_jsq,20,87e16e4b168b,0,6876,6876,0,0,0,0,0,10.418182,1.5174192,0.16109124,0.35632793,1,0.12237214,0.32218248,0.48058164,0.026113427,0.035632793,0.042065597,46.313802,0.019952623,0.1,0,0,0.017931897,0.063752188,0,0,0.73333333,0.97585945,0.26224443,0,4
r-steady90-short,base,routing,random,1,b6b10c400dba,0,36871,36871,0,0,0,0,0,55.865152,1.3725035,0.071112829,0.30139069,1,0.048227593,0.14222566,0.3543455,0.02538258,0.030139069,0.033895822,23.567952,0.025118864,0.1,0,0,0.024460785,0.05973298,0,0,0.73333333,0.94630085,0.16627667,0,4
r-steady90-short,base,routing,random,2,7cae3288f17c,0,36480,36480,0,0,0,0,0.00024671053,55.259091,1.3975527,0.093942401,0.30237676,1,0.048148187,0.1878848,1.1518206,0.024981776,0.030237676,0.033888656,23.00321,0.025118864,0.1,0,0,0.044629275,0.092297496,0,0,0.73333333,0.94580219,0.16363308,0,4
r-steady90-short,base,routing,random,3,a981eaeead81,0,36520,36520,0,0,0,0,0,55.333333,1.3825308,0.08280619,0.29972466,1,0.047886891,0.16561238,0.80271046,0.025115375,0.029972466,0.033303088,23.70045,0.025118864,0.1,0,0,0.034202596,0.070199803,0,0,0.73333333,0.94705354,0.16438669,0,4
r-steady90-short,base,routing,random,4,c463256d7985,0,36870,36870,0,0,0,0,0.0052888527,55.568182,1.4360515,0.10494425,0.30466299,1,0.048444183,0.2098885,1.5098991,0.025093924,0.030466299,0.033949895,22.946645,0.025118864,0.1,0,0,0.061400929,0.11673888,0,0,0.73333333,0.94743793,0.16416413,0,4
r-steady90-short,base,routing,random,5,cfe90bd6b460,0,36855,36855,0,0,0,0,0.0027404694,55.687879,1.4541738,0.1349625,0.30550891,1,0.049375796,0.269925,1.2626324,0.025479245,0.030550891,0.034479908,23.48442,0.025118864,0.1,0,0,0.059625651,0.21003382,0,0,0.73333333,0.94327921,0.16875076,0,4
r-steady90-short,base,routing,random,6,e83aff9950e8,0,36625,36625,0,0,0,0,0,55.492424,1.3765695,0.074076784,0.30249276,1,0.048354454,0.14815357,0.38184093,0.025366231,0.030249276,0.033664683,23.809106,0.025118864,0.1,0,0,0.024918635,0.06328389,0,0,0.73333333,0.94568798,0.16792514,0,4
r-steady90-short,base,routing,random,7,32ef82c4f64f,0,36565,36565,0,0,0,0,0,55.401515,1.3787328,0.076912245,0.30182056,1,0.047605586,0.15382449,0.3421755,0.024944044,0.030182056,0.033764019,22.752222,0.025118864,0.1,0,0,0.023181648,0.066212399,0,0,0.73333333,0.94668264,0.16076332,0,4
r-steady90-short,base,routing,random,8,135fadf89ec9,0,36858,36858,0,0,0,0,0,55.845455,1.4319162,0.12304248,0.30887376,1,0.049190941,0.24608495,1.0609599,0.025577371,0.030887376,0.034504717,23.651068,0.025118864,0.1,0,0,0.050086935,0.17015906,0,0,0.73333333,0.94715934,0.17021771,0,4
r-steady90-short,base,routing,random,9,be6bb6b55760,0,36839,36839,0,0,0,0,0,55.816667,1.366382,0.066548004,0.29983395,1,0.047712396,0.13309601,0.21634466,0.025282421,0.029983395,0.033607181,23.156976,0.025118864,0.1,0,0,0.017672371,0.052144141,0,0,0.73333333,0.9444863,0.16438516,0,4
r-steady90-short,base,routing,random,10,b82847ea9607,0,36839,36839,0,0,0,0,0,55.816667,1.3729597,0.074987029,0.29797263,1,0.047593477,0.14997406,0.35310386,0.024889664,0.029797263,0.033285092,22.441641,0.025118864,0.1,0,0,0.023045835,0.06348076,0,0,0.73333333,0.94566442,0.15987322,0,4
r-steady90-short,base,routing,random,11,f0ee1311982f,0,36944,36944,0,0,0,0,0,55.975758,1.3948288,0.086583092,0.30824571,1,0.049319486,0.17316618,0.48235669,0.025843573,0.030824571,0.034692106,23.971462,0.025118864,0.1,0,0,0.0304042,0.081235088,0,0,0.73333333,0.94667239,0.17299425,0,4
r-steady90-short,base,routing,random,12,55b2c0000146,0,36633,36633,0,0,0,0,0.0017197609,55.409091,1.3862774,0.079036569,0.29864207,1,0.0480027,0.15807314,0.45733291,0.025020518,0.029864207,0.033203513,22.872934,0.025118864,0.1,0,0,0.0324123,0.07000398,0,0,0.73333333,0.94840299,0.16225109,0,4
r-steady90-short,base,routing,random,13,9d0b22630cc9,0,36748,36748,0,0,0,0,0.0013334059,55.604545,1.4100396,0.09724303,0.30612958,1,0.048612122,0.19448606,1.4976424,0.025420777,0.030612958,0.034061448,23.719403,0.025118864,0.1,0,0,0.057923394,0.098392611,0,0,0.73333333,0.94789263,0.16811534,0,4
r-steady90-short,base,routing,random,14,8fbd26cb930e,0,36649,36649,0,0,0,0,0.0054026031,55.228788,1.4082667,0.082906474,0.29834722,1,0.047674712,0.16581295,1.5241637,0.024928292,0.029834722,0.03318153,23.150776,0.025118864,0.1,0,0,0.049811753,0.07479768,0,0,0.73333333,0.94779801,0.16279482,0,4
r-steady90-short,base,routing,random,15,0a90b3ead63f,0,36550,36550,0,0,0,0,0,55.378788,1.3627589,0.067068785,0.29569016,1,0.047331357,0.13413757,0.23910742,0.025129683,0.029569016,0.033639979,22.900041,0.025118864,0.1,0,0,0.019865236,0.052930348,0,0,0.73333333,0.94459966,0.16203274,0,4
r-steady90-short,base,routing,random,16,cc931486ee19,0,36745,36745,0,0,0,0,0,55.674242,1.372441,0.072785904,0.29965507,1,0.047213045,0.14557181,0.36650416,0.024702123,0.029965507,0.033495548,21.972977,0.025118864,0.1,0,0,0.024301539,0.059404386,0,0,0.73333333,0.9465484,0.15830665,0,4
r-steady90-short,base,routing,random,17,7cbdb2227419,0,36759,36759,0,0,0,0,0,55.695455,1.3738205,0.073530912,0.30028958,1,0.048052187,0.14706182,0.28445209,0.025180945,0.030028958,0.033677188,23.15516,0.025118864,0.1,0,0,0.022481121,0.06128479,0,0,0.73333333,0.9478603,0.16475803,0,4
r-steady90-short,base,routing,random,18,30102e89a266,0,36814,36814,0,0,0,0,0,55.778788,1.3639896,0.066911125,0.29707851,1,0.047469169,0.13382225,0.23503178,0.025215688,0.029707851,0.033535879,23.219378,0.025118864,0.1,0,0,0.018850535,0.053513709,0,0,0.73333333,0.94694136,0.16359475,0,4
r-steady90-short,base,routing,random,19,0e9fcdbd1819,0,36920,36920,0,0,0,0,0,55.939394,1.4166811,0.11277888,0.30390222,1,0.049121597,0.22555776,0.87663882,0.025395806,0.030390222,0.034122108,23.608139,0.025118864,0.1,0,0,0.043698887,0.1416742,0,0,0.73333333,0.94822885,0.16789638,0,4
r-steady90-short,base,routing,random,20,e64d3f7827b2,0,36802,36802,0,0,0,0,0.00070648334,55.721212,1.4098123,0.10087948,0.30540038,1,0.049167324,0.20175895,1.0051388,0.02553034,0.030540038,0.034021913,24.040573,0.025118864,0.1,0,0,0.045357198,0.11755435,0,0,0.73333333,0.9500124,0.16960394,0,4
r-steady90-short,base,routing,round_robin,1,b6b10c400dba,0,36871,36871,0,0,0,0,0,55.865152,1.3397625,0.047896164,0.29186629,1,0.042021739,0.095792328,0.18582052,0.025088315,0.029186629,0.032038226,23.55857,0.025118864,0.1,0,0,0.014644336,0.034402623,0,0,0.73333333,0.94594442,0.16561622,0,4
r-steady90-short,base,routing,round_robin,2,7cae3288f17c,0,36480,36480,0,0,0,0,0,55.272727,1.3370846,0.047043681,0.29004094,1,0.041674792,0.094087363,0.17365589,0.02492453,0.029004094,0.032052116,22.977648,0.025118864,0.1,0,0,0.013204187,0.032715179,0,0,0.73333333,0.94408556,0.1628625,0,4
r-steady90-short,base,routing,round_robin,3,a981eaeead81,0,36520,36520,0,0,0,0,0,55.333333,1.3355671,0.047572349,0.28799474,1,0.041785229,0.095144697,0.18793022,0.02501178,0.028799474,0.031407088,23.466467,0.025118864,0.1,0,0,0.014693242,0.0340471,0,0,0.73333333,0.94480668,0.16382537,0,4
r-steady90-short,base,routing,round_robin,4,c463256d7985,0,36870,36870,0,0,0,0,0,55.863636,1.3478291,0.052476619,0.29535245,1,0.041848361,0.10495324,0.23005447,0.025060505,0.029535245,0.032561184,22.79425,0.025118864,0.1,0,0,0.016640448,0.037044118,0,0,0.73333333,0.94720507,0.16333,0,4
r-steady90-short,base,routing,round_robin,5,cfe90bd6b460,0,36855,36855,0,0,0,0,0,55.840909,1.3527342,0.054807341,0.2979269,1,0.042355658,0.10961468,0.24222722,0.025464906,0.02979269,0.032919142,23.485647,0.025118864,0.1,0,0,0.019529429,0.038872554,0,0,0.73333333,0.94579077,0.1683023,0,4
r-steady90-short,base,routing,round_robin,6,e83aff9950e8,0,36625,36625,0,0,0,0,0,55.492424,1.3458293,0.051092534,0.29473673,1,0.042193265,0.10218507,0.23131704,0.02522112,0.029473673,0.032131481,23.653435,0.025118864,0.1,0,0,0.017670415,0.036464352,0,0,0.73333333,0.94570567,0.16742054,0,4
r-steady90-short,base,routing,round_robin,7,32ef82c4f64f,0,36565,36565,0,0,0,0,0,55.401515,1.3404925,0.047947493,0.292545,1,0.041463386,0.095894986,0.18021718,0.024668887,0.0292545,0.032380711,22.719688,0.025118864,0.1,0,0,0.01357025,0.03423392,0,0,0.73333333,0.94538939,0.16007452,0,4
r-steady90-short,base,routing,round_robin,8,135fadf89ec9,0,36858,36858,0,0,0,0,0,55.845455,1.3496038,0.050688496,0.29891533,1,0.04225271,0.10137699,0.20026524,0.025250551,0.029891533,0.032640112,23.381668,0.025118864,0.1,0,0,0.015051293,0.036144289,0,0,0.73333333,0.94879565,0.16900359,0,4
r-steady90-short,base,routing,round_robin,9,be6bb6b55760,0,36839,36839,0,0,0,0,0,55.816667,1.3388906,0.048615355,0.29027521,1,0.041757746,0.09723071,0.18470867,0.025149227,0.029027521,0.032138792,23.147301,0.025118864,0.1,0,0,0.014367775,0.034721536,0,0,0.73333333,0.94390734,0.16389763,0,4
r-steady90-short,base,routing,round_robin,10,b82847ea9607,0,36839,36839,0,0,0,0,0,55.816667,1.339627,0.046798727,0.29282828,1,0.041484296,0.093597454,0.17531072,0.024775349,0.029282828,0.032346364,22.656496,0.025118864,0.1,0,0,0.013346997,0.033101078,0,0,0.73333333,0.94483479,0.15973028,0,4
r-steady90-short,base,routing,round_robin,11,f0ee1311982f,0,36944,36944,0,0,0,0,0,55.975758,1.3525048,0.054773465,0.29773138,1,0.04285096,0.10954693,0.21964832,0.025755902,0.029773138,0.033083205,23.767347,0.025118864,0.1,0,0,0.016149978,0.038748793,0,0,0.73333333,0.94690368,0.17257854,0,4
r-steady90-short,base,routing,round_robin,12,55b2c0000146,0,36633,36633,0,0,0,0,0,55.504545,1.3427008,0.048152873,0.29454796,1,0.041622011,0.096305747,0.18918706,0.024794449,0.029454796,0.032405618,22.804495,0.025118864,0.1,0,0,0.014164405,0.034720282,0,0,0.73333333,0.94785704,0.16192427,0,4
r-steady90-short,base,routing,round_robin,13,9d0b22630cc9,0,36748,36748,0,0,0,0,0,55.678788,1.3475136,0.0514516,0.29606204,1,0.042186053,0.1029032,0.21562566,0.025234689,0.029606204,0.032638136,23.777999,0.025118864,0.1,0,0,0.016136525,0.036617835,0,0,0.73333333,0.94774616,0.16744847,0,4
r-steady90-short,base,routing,round_robin,14,8fbd26cb930e,0,36649,36649,0,0,0,0,0,55.528788,1.3350933,0.045072284,0.29002101,1,0.041483187,0.090144568,0.16825165,0.024867947,0.029002101,0.031646302,23.027545,0.025118864,0.1,0,0,0.013078158,0.032025154,0,0,0.73333333,0.94599487,0.16255707,0,4
r-steady90-short,base,routing,round_robin,15,0a90b3ead63f,0,36550,36550,0,0,0,0,0,55.378788,1.338688,0.04835302,0.29033494,1,0.041815881,0.09670604,0.20613595,0.024900179,0.029033494,0.031531781,22.83205,0.025118864,0.1,0,0,0.015429944,0.034153578,0,0,0.73333333,0.94428754,0.16194628,0,4
r-steady90-short,base,routing,round_robin,16,cc931486ee19,0,36745,36745,0,0,0,0,0,55.674242,1.3401698,0.050628162,0.28954159,1,0.04148371,0.10125632,0.24162837,0.024654284,0.028954159,0.031637834,22.194588,0.025118864,0.1,0,0,0.018525898,0.036346679,0,0,0.73333333,0.94721121,0.15812764,0,4
r-steady90-short,base,routing,round_robin,17,7cbdb2227419,0,36759,36759,0,0,0,0,0,55.695455,1.3394798,0.047372736,0.29210703,1,0.041912417,0.094745472,0.18202962,0.025101229,0.029210703,0.032017462,23.075326,0.025118864,0.1,0,0,0.013976256,0.033879971,0,0,0.73333333,0.9485065,0.16436647,0,4
r-steady90-short,base,routing,round_robin,18,30102e89a266,0,36814,36814,0,0,0,0,0,55.778788,1.335738,0.046138994,0.28959896,1,0.04184777,0.092277988,0.1733856,0.025110582,0.028959896,0.031593845,23.254703,0.025118864,0.1,0,0,0.013308134,0.032679432,0,0,0.73333333,0.94448577,0.16346191,0,4
r-steady90-short,base,routing,round_robin,19,0e9fcdbd1819,0,36920,36920,0,0,0,0,0,55.939394,1.3444477,0.05120453,0.29324316,1,0.042264882,0.10240906,0.23376257,0.025349095,0.029324316,0.032315166,23.475522,0.025118864,0.1,0,0,0.018794383,0.036258368,0,0,0.73333333,0.94887499,0.16726535,0,4
r-steady90-short,base,routing,round_robin,20,e64d3f7827b2,0,36802,36802,0,0,0,0,0,55.760606,1.3608957,0.063058508,0.29783715,1,0.042459629,0.12611702,0.40002539,0.025290459,0.029783715,0.032365416,23.913488,0.025118864,0.1,0,0,0.02080243,0.044870798,0,0,0.73333333,0.94950485,0.16873048,0,4
r-steady90-short,base,routing,least_outstanding,1,b6b10c400dba,0,36871,36871,0,0,0,0,0,55.865152,1.338822,0.054799637,0.28402234,1,0.046874614,0.10959927,0.17714312,0.025142224,0.028402234,0.031383656,23.366759,0.025118864,0.1,0,0,0.016385019,0.044590282,0,0,0.73333333,0.94560127,0.16449233,0,4
r-steady90-short,base,routing,least_outstanding,2,7cae3288f17c,0,36480,36480,0,0,0,0,0,55.272727,1.3391897,0.055546489,0.28364318,1,0.046724899,0.11109298,0.18289868,0.024850753,0.028364318,0.031014919,22.797668,0.025118864,0.1,0,0,0.016434641,0.044519344,0,0,0.73333333,0.94569822,0.16189707,0,4
r-steady90-short,base,routing,least_outstanding,3,a981eaeead81,0,36520,36520,0,0,0,0,0,55.333333,1.3392604,0.054656057,0.28460432,1,0.046666544,0.10931211,0.18014537,0.024970906,0.028460432,0.031313047,23.411019,0.025118864,0.1,0,0,0.016338835,0.043621929,0,0,0.73333333,0.94468063,0.16286068,0,4
r-steady90-short,base,routing,least_outstanding,4,c463256d7985,0,36870,36870,0,0,0,0,0,55.863636,1.3435261,0.055781103,0.28774496,1,0.04680449,0.11156221,0.18264993,0.02497415,0.028774496,0.03157896,22.719871,0.025118864,0.1,0,0,0.016442302,0.044504035,0,0,0.73333333,0.94693993,0.16206164,0,4
r-steady90-short,base,routing,least_outstanding,5,cfe90bd6b460,0,36855,36855,0,0,0,0,0,55.840909,1.3454279,0.055263344,0.29016459,1,0.047273727,0.11052669,0.18308353,0.025378113,0.029016459,0.032002572,23.325522,0.025118864,0.1,0,0,0.016613088,0.044600121,0,0,0.73333333,0.94575133,0.16708172,0,4
r-steady90-short,base,routing,least_outstanding,6,e83aff9950e8,0,36625,36625,0,0,0,0,0,55.492424,1.3423101,0.054910831,0.28739922,1,0.047034792,0.10982166,0.17914723,0.02518725,0.028739922,0.031604057,23.419664,0.025118864,0.1,0,0,0.016489832,0.044335023,0,0,0.73333333,0.94570733,0.16634415,0,4
r-steady90-short,base,routing,least_outstanding,7,32ef82c4f64f,0,36565,36565,0,0,0,0,0,55.401515,1.3420768,0.056000124,0.28607671,1,0.046457472,0.11200025,0.18425084,0.02463067,0.028607671,0.031616026,22.492768,0.025118864,0.1,0,0,0.016433464,0.045072055,0,0,0.73333333,0.9468332,0.15910667,0,4
r-steady90-short,base,routing,least_outstanding,8,135fadf89ec9,0,36858,36858,0,0,0,0,0,55.845455,1.3453344,0.056508353,0.28882601,1,0.047320728,0.11301671,0.18435506,0.025292613,0.028882601,0.03178663,23.214409,0.025118864,0.1,0,0,0.016801611,0.045476374,0,0,0.73333333,0.94537372,0.16775487,0,4
r-steady90-short,base,routing,least_outstanding,9,be6bb6b55760,0,36839,36839,0,0,0,0,0,55.816667,1.3376041,0.055448671,0.28215539,1,0.046808279,0.11089734,0.17789927,0.025090371,0.028215539,0.031137339,22.916374,0.025118864,0.1,0,0,0.01638255,0.043998688,0,0,0.73333333,0.94364647,0.16264918,0,4
r-steady90-short,base,routing,least_outstanding,10,b82847ea9607,0,36839,36839,0,0,0,0,0,55.816667,1.3385172,0.054879466,0.2836377,1,0.04661047,0.10975893,0.18004467,0.024681565,0.02836377,0.031166222,22.299582,0.025118864,0.1,0,0,0.016398057,0.044111378,0,0,0.73333333,0.94320564,0.15848477,0,4
r-steady90-short,base,routing,least_outstanding,11,f0ee1311982f,0,36944,36944,0,0,0,0,0,55.975758,1.3511986,0.058106909,0.29309172,1,0.048033592,0.11621382,0.18546246,0.025713364,0.029309172,0.032490149,23.661577,0.025118864,0.1,0,0,0.017008653,0.046212041,0,0,0.73333333,0.94628878,0.17147792,0,4
r-steady90-short,base,routing,least_outstanding,12,55b2c0000146,0,36633,36633,0,0,0,0,0,55.504545,1.3350046,0.054143143,0.28086145,1,0.046350169,0.10828629,0.18077689,0.024902469,0.028086145,0.031092023,22.524717,0.025118864,0.1,0,0,0.016326146,0.044422891,0,0,0.73333333,0.94779358,0.16051381,0,4
r-steady90-short,base,routing,least_outstanding,13,9d0b22630cc9,0,36748,36748,0,0,0,0,0,55.678788,1.3440507,0.055708097,0.28834265,1,0.04716945,0.11141619,0.18435363,0.025251326,0.028834265,0.031738816,23.564394,0.025118864,0.1,0,0,0.016752836,0.045480047,0,0,0.73333333,0.94733701,0.16629868,0,4
r-steady90-short,base,routing,least_outstanding,14,8fbd26cb930e,0,36649,36649,0,0,0,0,0,55.528788,1.3379266,0.053873198,0.28405338,1,0.046480622,0.1077464,0.17327869,0.024711916,0.028405338,0.031210646,22.925415,0.025118864,0.1,0,0,0.016241595,0.042997142,0,0,0.73333333,0.94512983,0.1613468,0,4
r-steady90-short,base,routing,least_outstanding,15,0a90b3ead63f,0,36550,36550,0,0,0,0,0,55.378788,1.336426,0.055002221,0.28142378,1,0.04667504,0.11000444,0.17943267,0.02491938,0.028142378,0.03132735,22.824424,0.025118864,0.1,0,0,0.016373532,0.043966032,0,0,0.73333333,0.9440023,0.16072166,0,4
r-steady90-short,base,routing,least_outstanding,16,cc931486ee19,0,36745,36745,0,0,0,0,0,55.674242,1.3334044,0.054035491,0.27936894,1,0.046210504,0.10807098,0.17861584,0.024677181,0.027936894,0.030791716,21.975607,0.025118864,0.1,0,0,0.016117524,0.043841839,0,0,0.73333333,0.94720846,0.15666047,0,4
r-steady90-short,base,routing,least_outstanding,17,7cbdb2227419,0,36759,36759,0,0,0,0,0,55.695455,1.3395591,0.055062629,0.28449643,1,0.046771475,0.11012526,0.18351742,0.025048014,0.028449643,0.031664803,22.940992,0.025118864,0.1,0,0,0.016520104,0.044094187,0,0,0.73333333,0.9468608,0.16323048,0,4
r-steady90-short,base,routing,least_outstanding,18,30102e89a266,0,36814,36814,0,0,0,0,0,55.778788,1.337281,0.05522572,0.28205532,1,0.046826077,0.11045144,0.18029525,0.024975108,0.028205532,0.031117784,23.051277,0.025118864,0.1,0,0,0.016474297,0.043728197,0,0,0.73333333,0.94682959,0.16226852,0,4
r-steady90-short,base,routing,least_outstanding,19,0e9fcdbd1819,0,36920,36920,0,0,0,0,0,55.939394,1.3436182,0.055893418,0.28772483,1,0.047346623,0.11178684,0.18390101,0.025235466,0.028772483,0.032004485,23.449948,0.025118864,0.1,0,0,0.016674301,0.04498095,0,0,0.73333333,0.94848183,0.16629514,0,4
r-steady90-short,base,routing,least_outstanding,20,e64d3f7827b2,0,36802,36802,0,0,0,0,0,55.760606,1.3485033,0.056577627,0.29192566,1,0.04730334,0.11315525,0.18479434,0.025217296,0.029192566,0.032488394,23.764368,0.025118864,0.1,0,0,0.016883493,0.04599316,0,0,0.73333333,0.9489969,0.16766601,0,4
r-steady90-short,base,routing,power_of_two,1,b6b10c400dba,0,36871,36871,0,0,0,0,0,55.865152,1.3433459,0.059893899,0.28345198,1,0.047048491,0.1197878,0.18928593,0.025135382,0.028345198,0.031349668,23.308119,0.025118864,0.1,0,0,0.016208968,0.046443405,0,0,0.73333333,0.94625117,0.16453383,0,4
r-steady90-short,base,routing,power_of_two,2,7cae3288f17c,0,36480,36480,0,0,0,0,0,55.272727,1.3443678,0.059905982,0.28446177,1,0.046735351,0.11981196,0.18618666,0.024835601,0.028446177,0.031471718,22.843909,0.025118864,0.1,0,0,0.016149113,0.04561988,0,0,0.73333333,0.94457692,0.16192185,0,4
r-steady90-short,base,routing,power_of_two,3,a981eaeead81,0,36520,36520,0,0,0,0,0,55.333333,1.3422192,0.057573917,0.28464524,1,0.046878782,0.11514784,0.18577976,0.024955281,0.028464524,0.03130013,23.404284,0.025118864,0.1,0,0,0.015956031,0.044828846,0,0,0.73333333,0.94707352,0.16293296,0,4
r-steady90-short,base,routing,power_of_two,4,c463256d7985,0,36870,36870,0,0,0,0,0,55.863636,1.3480256,0.060349602,0.28767597,1,0.046757993,0.1206992,0.19113396,0.024985954,0.028767597,0.031558571,22.850846,0.025118864,0.1,0,0,0.016143241,0.04562553,0,0,0.73333333,0.94688301,0.16208428,0,4
r-steady90-short,base,routing,power_of_two,5,cfe90bd6b460,0,36855,36855,0,0,0,0,0,55.840909,1.3513785,0.060882321,0.29049613,1,0.047484991,0.12176464,0.19421567,0.025337487,0.029049613,0.032138318,23.451983,0.025118864,0.1,0,0,0.016505173,0.047173362,0,0,0.73333333,0.94562957,0.16710576,0,4
r-steady90-short,base,routing,power_of_two,6,e83aff9950e8,0,36625,36625,0,0,0,0,0,55.492424,1.3477873,0.05939081,0.28839648,1,0.047177098,0.11878162,0.18883919,0.025150241,0.028839648,0.032164454,23.499279,0.025118864,0.1,0,0,0.016274987,0.046330475,0,0,0.73333333,0.94520311,0.16634697,0,4
r-steady90-short,base,routing,power_of_two,7,32ef82c4f64f,0,36565,36565,0,0,0,0,0,55.401515,1.3463124,0.060012139,0.2863003,1,0.046571667,0.12002428,0.19491111,0.024643631,0.02863003,0.032052907,22.495357,0.025118864,0.1,0,0,0.016144451,0.045584529,0,0,0.73333333,0.94685834,0.15907366,0,4
r-steady90-short,base,routing,power_of_two,8,135fadf89ec9,0,36858,36858,0,0,0,0,0,55.845455,1.3505452,0.061079297,0.2894659,1,0.04735865,0.12215859,0.19607838,0.02522722,0.02894659,0.032231932,23.255561,0.025118864,0.1,0,0,0.016475716,0.046921997,0,0,0.73333333,0.94659521,0.16776743,0,4
r-steady90-short,base,routing,power_of_two,9,be6bb6b55760,0,36839,36839,0,0,0,0,0,55.816667,1.3419392,0.059559823,0.28237939,1,0.046764814,0.11911965,0.18805851,0.025095339,0.028237939,0.031423066,22.880283,0.025118864,0.1,0,0,0.016120137,0.045823211,0,0,0.73333333,0.94287067,0.16270136,0,4
r-steady90-short,base,routing,power_of_two,10,b82847ea9607,0,36839,36839,0,0,0,0,0,55.816667,1.3431865,0.058823404,0.28436314,1,0.046648368,0.11764681,0.19416664,0.02467551,0.028436314,0.031362268,22.327776,0.025118864,0.1,0,0,0.016135855,0.045906788,0,0,0.73333333,0.9435846,0.15844784,0,4
r-steady90-short,base,routing,power_of_two,11,f0ee1311982f,0,36944,36944,0,0,0,0,0,55.975758,1.3551297,0.062803839,0.29232585,1,0.048134494,0.12560768,0.19968798,0.02571707,0.029232585,0.032676093,23.729918,0.025118864,0.1,0,0,0.016773878,0.047788516,0,0,0.73333333,0.94680825,0.17141889,0,4
r-steady90-short,base,routing,power_of_two,12,55b2c0000146,0,36633,36633,0,0,0,0,0,55.504545,1.3411279,0.059789218,0.28133869,1,0.046688865,0.11957844,0.18681153,0.024908492,0.028133869,0.031280517,22.545329,0.025118864,0.1,0,0,0.016060002,0.045569641,0,0,0.73333333,0.94682473,0.16047004,0,4
r-steady90-short,base,routing,power_of_two,13,9d0b22630cc9,0,36748,36748,0,0,0,0,0,55.678788,1.348016,0.060759019,0.28725701,1,0.047434046,0.12151804,0.19461431,0.025246648,0.028725701,0.031747521,23.628293,0.025118864,0.1,0,0,0.016578872,0.047291716,0,0,0.73333333,0.94776872,0.16623856,0,4
r-steady90-short,base,routing,power_of_two,14,8fbd26cb930e,0,36649,36649,0,0,0,0,0,55.528788,1.3414375,0.057784922,0.2836526,1,0.046546815,0.11556984,0.18624732,0.024733671,0.02836526,0.030936448,22.965166,0.025118864,0.1,0,0,0.015926863,0.04491847,0,0,0.73333333,0.94642841,0.16133678,0,4
r-steady90-short,base,routing,power_of_two,15,0a90b3ead63f,0,36550,36550,0,0,0,0,0,55.378788,1.3401979,0.058983998,0.28121386,1,0.04675819,0.117968,0.18971136,0.024934172,0.028121386,0.031008575,22.743674,0.025118864,0.1,0,0,0.016170865,0.045185444,0,0,0.73333333,0.94416323,0.16070482,0,4
r-steady90-short,base,routing,power_of_two,16,cc931486ee19,0,36745,36745,0,0,0,0,0,55.674242,1.3377966,0.058676693,0.27911988,1,0.046406313,0.11735339,0.18400247,0.024650285,0.027911988,0.030907464,21.886429,0.025118864,0.1,0,0,0.015840012,0.044800144,0,0,0.73333333,0.94624354,0.15667295,0,4
r-steady90-short,base,routing,power_of_two,17,7cbdb2227419,0,36759,36759,0,0,0,0,0,55.695455,1.3430897,0.058670357,0.28441938,1,0.046791509,0.11734071,0.19194123,0.025059568,0.028441938,0.031576518,23.034018,0.025118864,0.1,0,0,0.016157938,0.04526155,0,0,0.73333333,0.94744941,0.16318884,0,4
r-steady90-short,base,routing,power_of_two,18,30102e89a266,0,36814,36814,0,0,0,0,0,55.778788,1.3413542,0.05971014,0.28164403,1,0.046834252,0.11942028,0.18815663,0.025012048,0.028164403,0.031397481,23.120284,0.025118864,0.1,0,0,0.016184292,0.045552935,0,0,0.73333333,0.94591846,0.16229545,0,4
r-steady90-short,base,routing,power_of_two,19,0e9fcdbd1819,0,36920,36920,0,0,0,0,0,55.939394,1.3457249,0.059286763,0.28643814,1,0.047261231,0.11857353,0.18871688,0.025291732,0.028643814,0.031776388,23.374936,0.025118864,0.1,0,0,0.016334304,0.047007723,0,0,0.73333333,0.94780017,0.16624693,0,4
r-steady90-short,base,routing,power_of_two,20,e64d3f7827b2,0,36802,36802,0,0,0,0,0,55.760606,1.3515537,0.060435945,0.29111779,1,0.047337512,0.12087189,0.19735887,0.025267428,0.029111779,0.03234877,23.75267,0.025118864,0.1,0,0,0.016430028,0.047070545,0,0,0.73333333,0.94886548,0.16764154,0,4
r-steady90-short,base,routing,latency_aware,1,b6b10c400dba,0,36871,36871,0,0,0,0,0,55.865152,1.3541571,0.059559374,0.29459768,1,0.047893452,0.11911875,0.19539529,0.025419303,0.029459768,0.032933758,23.397402,0.025118864,0.1,0,0,0.017672537,0.04856012,0,0,0.73333333,0.94631228,0.16508448,0,4
r-steady90-short,base,routing,latency_aware,2,7cae3288f17c,0,36480,36480,0,0,0,0,0,55.272727,1.3614038,0.064457673,0.29694614,1,0.047803353,0.12891535,0.23332107,0.025319504,0.029694614,0.033309648,23.098505,0.025118864,0.1,0,0,0.020830614,0.051847814,0,0,0.73333333,0.94359482,0.16271696,0,4
r-steady90-short,base,routing,latency_aware,3,a981eaeead81,0,36520,36520,0,0,0,0,0,55.333333,1.3687154,0.067618229,0.30109719,1,0.048142818,0.13523646,0.26738398,0.025307082,0.030109719,0.034003816,23.672586,0.025118864,0.1,0,0,0.021915192,0.057120013,0,0,0.73333333,0.94661703,0.16390953,0,4
r-steady90-short,base,routing,latency_aware,4,c463256d7985,0,36870,36870,0,0,0,0,0.00035259018,55.843939,1.371803,0.07124679,0.29879325,1,0.047958167,0.14249358,0.56219531,0.02524784,0.029879325,0.033259974,22.892436,0.025118864,0.1,0,0,0.030088139,0.059952115,0,0,0.73333333,0.94569103,0.16266081,0,4
r-steady90-short,base,routing,latency_aware,5,cfe90bd6b460,0,36855,36855,0,0,0,0,0,55.840909,1.3750311,0.071400671,0.3036304,1,0.048842672,0.14280134,0.34609824,0.02556716,0.03036304,0.033699213,23.607372,0.025118864,0.1,0,0,0.024618716,0.060691235,0,0,0.73333333,0.94271129,0.16774557,0,4
r-steady90-short,base,routing,latency_aware,6,e83aff9950e8,0,36625,36625,0,0,0,0,0,55.492424,1.3688623,0.06711344,0.30174885,1,0.048256735,0.13422688,0.26292198,0.025418933,0.030174885,0.033886229,23.471635,0.025118864,0.1,0,0,0.022245862,0.055840457,0,0,0.73333333,0.94311176,0.16739936,0,4
r-steady90-short,base,routing,latency_aware,7,32ef82c4f64f,0,36565,36565,0,0,0,0,0,55.401515,1.365214,0.065878435,0.29933553,1,0.04766042,0.13175687,0.25438237,0.024865401,0.029933553,0.033868626,22.643624,0.025118864,0.1,0,0,0.020812635,0.054827876,0,0,0.73333333,0.94657494,0.15989064,0,4
r-steady90-short,base,routing,latency_aware,8,135fadf89ec9,0,36858,36858,0,0,0,0,0,55.845455,1.3601378,0.06348788,0.29664987,1,0.048118113,0.12697576,0.21626597,0.025567838,0.029664987,0.033427859,23.254325,0.025118864,0.1,0,0,0.018819736,0.051382537,0,0,0.73333333,0.94804613,0.16819311,0,4
r-steady90-short,base,routing,latency_aware,9,be6bb6b55760,0,36839,36839,0,0,0,0,0,55.816667,1.3550718,0.060713582,0.29435822,1,0.048044762,0.12142717,0.19594128,0.025413569,0.029435822,0.032734701,23.01181,0.025118864,0.1,0,0,0.017793326,0.049199342,0,0,0.73333333,0.94407391,0.16338868,0,4
r-steady90-short,base,routing,latency_aware,10,b82847ea9607,0,36839,36839,0,0,0,0,0,55.816667,1.3589343,0.06122208,0.29771218,1,0.047850104,0.12244416,0.20813494,0.025275393,0.029771218,0.032987959,22.501753,0.025118864,0.1,0,0,0.018343797,0.051026228,0,0,0.73333333,0.9465549,0.15969694,0,4
r-steady90-short,base,routing,latency_aware,11,f0ee1311982f,0,36944,36944,0,0,0,0,0,55.975758,1.3735875,0.069572391,0.30401511,1,0.049172414,0.13914478,0.26412845,0.02597535,0.030401511,0.034711922,23.779942,0.025118864,0.1,0,0,0.022401811,0.058635742,0,0,0.73333333,0.94529573,0.17205336,0,4
r-steady90-short,base,routing,latency_aware,12,55b2c0000146,0,36633,36633,0,0,0,0,0,55.504545,1.3526483,0.059597549,0.2930508,1,0.047500359,0.1191951,0.19328811,0.025212849,0.02930508,0.03244785,22.797104,0.025118864,0.1,0,0,0.017413922,0.048313712,0,0,0.73333333,0.94828664,0.16111057,0,4
r-steady90-short,base,routing,latency_aware,13,9d0b22630cc9,0,36748,36748,0,0,0,0,0,55.678788,1.3687419,0.066828849,0.30191309,1,0.04847025,0.1336577,0.24502659,0.025546425,0.030191309,0.033848847,23.640503,0.025118864,0.1,0,0,0.021069522,0.055631855,0,0,0.73333333,0.9473249,0.16695351,0,4
r-steady90-short,base,routing,latency_aware,14,8fbd26cb930e,0,36649,36649,0,0,0,0,8.1857622e-05,55.524242,1.3641211,0.065919867,0.2977919,1,0.047544899,0.13183973,0.40087358,0.025056656,0.02977919,0.033041328,23.09096,0.025118864,0.1,0,0,0.026098341,0.055366346,0,0,0.73333333,0.94651426,0.16211509,0,4
r-steady90-short,base,routing,latency_aware,15,0a90b3ead63f,0,36550,36550,0,0,0,0,0,55.378788,1.3609301,0.062694312,0.29823577,1,0.047647405,0.12538862,0.21192487,0.025176657,0.029823577,0.033190306,22.861059,0.025118864,0.1,0,0,0.018548578,0.051481515,0,0,0.73333333,0.94458674,0.16148265,0,4
r-steady90-short,base,routing,latency_aware,16,cc931486ee19,0,36745,36745,0,0,0,0,0,55.674242,1.3516136,0.059694813,0.29191882,1,0.047235864,0.11938963,0.19402439,0.024913373,0.029191882,0.032739234,22.019713,0.025118864,0.1,0,0,0.017460394,0.04844464,0,0,0.73333333,0.94450087,0.15739304,0,4
r-steady90-short,base,routing,latency_aware,17,7cbdb2227419,0,36759,36759,0,0,0,0,0,55.695455,1.3644736,0.064072819,0.30040083,1,0.04817806,0.12814564,0.22719671,0.025261208,0.030040083,0.033894475,23.064456,0.025118864,0.1,0,0,0.019599992,0.053302985,0,0,0.73333333,0.94803683,0.16403295,0,4
r-steady90-short,base,routing,latency_aware,18,30102e89a266,0,36814,36814,0,0,0,0,0,55.778788,1.3549574,0.060457558,0.29449984,1,0.047612436,0.12091512,0.19787843,0.025298566,0.029449984,0.033117304,23.261596,0.025118864,0.1,0,0,0.017519082,0.048613636,0,0,0.73333333,0.94330897,0.1628719,0,4
r-steady90-short,base,routing,latency_aware,19,0e9fcdbd1819,0,36920,36920,0,0,0,0,0,55.939394,1.3591175,0.061525083,0.29759244,1,0.048361076,0.12305017,0.19958601,0.025545329,0.029759244,0.032910414,23.387564,0.025118864,0.1,0,0,0.018012347,0.05024223,0,0,0.73333333,0.94789533,0.16676555,0,4
r-steady90-short,base,routing,latency_aware,20,e64d3f7827b2,0,36802,36802,0,0,0,0,0,55.760606,1.3821575,0.076466074,0.30569144,1,0.048852194,0.15293215,0.48542923,0.025552175,0.030569144,0.034331837,23.845991,0.025118864,0.1,0,0,0.02879662,0.067925682,0,0,0.73333333,0.94806489,0.16841885,0,4
r-steady90-short,base,routing,queue_aware,1,b6b10c400dba,0,36871,36871,0,0,0,0,0.00027121586,55.85,1.7548454,0.31760972,0.43587956,1,0.16820782,0.63521945,1.1489999,0.025947492,0.043587956,0.06718809,23.550774,0.025118864,0.1,0,0,0.15092611,0.5797996,0,0,0.73333333,0.94249933,0.16587259,0,4
r-steady90-short,base,routing,queue_aware,2,7cae3288f17c,0,36480,36480,0,0,0,0,0.00019188596,55.262121,1.7454609,0.30370258,0.44079893,1,0.17112918,0.60740517,1.1530461,0.025758488,0.044079893,0.068394678,23.044599,0.025118864,0.1,0,0,0.14672527,0.54615337,0,0,0.73333333,0.94052062,0.16322886,0,4
r-steady90-short,base,routing,queue_aware,3,a981eaeead81,0,36520,36520,0,0,0,0,0.0008762322,55.284848,1.7610408,0.32790061,0.42875901,1,0.16831422,0.65580123,1.3082311,0.025790849,0.042875901,0.067114867,23.659108,0.025118864,0.1,0,0,0.15684613,0.60748661,0,0,0.73333333,0.94388736,0.16407006,0,4
r-steady90-short,base,routing,queue_aware,4,c463256d7985,0,36870,36870,0,0,0,0,0.0026308652,55.716667,1.7880951,0.34055909,0.4343817,1,0.17591186,0.68111818,1.4182584,0.025848076,0.04343817,0.067361031,23.016951,0.025118864,0.1,0,0,0.16438357,0.6280948,0,0,0.73333333,0.94394819,0.16325208,0,4
r-steady90-short,base,routing,queue_aware,5,cfe90bd6b460,0,36855,36855,0,0,0,0,0.0011667345,55.775758,1.8142822,0.3684881,0.43996045,1,0.17761113,0.7369762,1.3081826,0.026272548,0.043996045,0.065924515,23.581405,0.025118864,0.1,0,0,0.1678167,0.68083385,0,0,0.73333333,0.94368178,0.16834181,0,4
r-steady90-short,base,routing,queue_aware,6,e83aff9950e8,0,36625,36625,0,0,0,0,0.001337884,55.418182,1.8010338,0.35691051,0.43743391,1,0.1702867,0.71382102,1.2999354,0.026020406,0.043743391,0.067528167,23.604553,0.025118864,0.1,0,0,0.16378347,0.66701621,0,0,0.73333333,0.9415609,0.16762365,0,4
r-steady90-short,base,routing,queue_aware,7,32ef82c4f64f,0,36565,36565,0,0,0,0,0.0012306851,55.333333,1.7708593,0.32463924,0.44006659,1,0.16595483,0.64927848,1.2600525,0.025606802,0.044006659,0.06879993,22.697265,0.025118864,0.1,0,0,0.15569981,0.58491314,0,0,0.73333333,0.94542802,0.16046349,0,4
r-steady90-short,base,routing,queue_aware,8,135fadf89ec9,0,36858,36858,0,0,0,0,0.00027131152,55.830303,1.7838728,0.34232162,0.44019466,1,0.1712987,0.68464323,1.2428527,0.026095834,0.044019466,0.067557305,23.429453,0.025118864,0.1,0,0,0.15926894,0.63018258,0,0,0.73333333,0.9451612,0.16892413,0,4
r-steady90-short,base,routing,queue_aware,9,be6bb6b55760,0,36839,36839,0,0,0,0,0.00019001602,55.806061,1.7629619,0.3224282,0.43958365,1,0.1721242,0.64485639,1.1673089,0.025853532,0.043958365,0.068788778,23.187515,0.025118864,0.1,0,0,0.15464078,0.5812887,0,0,0.73333333,0.94224246,0.16403169,0,4
r-steady90-short,base,routing,queue_aware,10,b82847ea9607,0,36839,36839,0,0,0,0,0.00016287087,55.807576,1.7311936,0.29120521,0.43917401,1,0.17201728,0.58241042,1.0316371,0.025604624,0.043917401,0.068033342,22.464694,0.025118864,0.1,0,0,0.14381553,0.50638437,0,0,0.73333333,0.94516845,0.15969286,0,4
r-steady90-short,base,routing,queue_aware,11,f0ee1311982f,0,36944,36944,0,0,0,0,0.0011639238,55.910606,1.8449726,0.40432285,0.43483016,1,0.18295658,0.8086457,1.4035243,0.026498229,0.043483016,0.066453965,23.963534,0.025118864,0.1,0,0,0.18548297,0.7604871,0,0,0.73333333,0.94349835,0.17264765,0,4
r-steady90-short,base,routing,queue_aware,12,55b2c0000146,0,36633,36633,0,0,0,0,0.00010919117,55.498485,1.7396759,0.30685398,0.432276,1,0.1696222,0.61370796,1.119564,0.025735414,0.0432276,0.067785303,22.840382,0.025118864,0.1,0,0,0.14667695,0.55019777,0,0,0.73333333,0.94528696,0.1618431,0,4
r-steady90-short,base,routing,queue_aware,13,9d0b22630cc9,0,36748,36748,0,0,0,0,0.0007075215,55.639394,1.7834761,0.34307528,0.43686323,1,0.17672199,0.68615056,1.2781677,0.026091172,0.043686323,0.068424668,23.91997,0.025118864,0.1,0,0,0.16542187,0.63687677,0,0,0.73333333,0.94572723,0.16752398,0,4
r-steady90-short,base,routing,queue_aware,14,8fbd26cb930e,0,36649,36649,0,0,0,0,0.00065486098,55.492424,1.7506673,0.31625047,0.43114252,1,0.16743801,0.63250094,1.249546,0.025714898,0.043114252,0.066995778,23.222404,0.025118864,0.1,0,0,0.15114193,0.57288763,0,0,0.73333333,0.94556491,0.16267286,0,4
r-steady90-short,base,routing,queue_aware,15,0a90b3ead63f,0,36550,36550,0,0,0,0,0.00038303694,55.357576,1.7320445,0.28912361,0.44100572,1,0.17039658,0.57824722,1.0982107,0.025715253,0.044100572,0.068218485,23.045086,0.025118864,0.1,0,0,0.14466161,0.51359966,0,0,0.73333333,0.94183756,0.16204931,0,4
r-steady90-short,base,routing,queue_aware,16,cc931486ee19,0,36745,36745,0,0,0,0,0.0016328752,55.583333,1.7302855,0.27846279,0.44365828,1,0.16274666,0.55692559,1.1487554,0.025494724,0.044365828,0.068949044,22.199399,0.025118864,0.1,0,0,0.13891067,0.47823583,0,0,0.73333333,0.94501628,0.15812427,0,4
r-steady90-short,base,routing,queue_aware,17,7cbdb2227419,0,36759,36759,0,0,0,0,0.00068010555,55.657576,1.7510232,0.30908246,0.43854021,1,0.16708494,0.61816492,1.1688677,0.025853711,0.043854021,0.068953184,23.148447,0.025118864,0.1,0,0,0.14960241,0.54643989,0,0,0.73333333,0.94491291,0.16459644,0,4
r-steady90-short,base,routing,queue_aware,18,30102e89a266,0,36814,36814,0,0,0,0,0.00073341663,55.737879,1.7445381,0.29994314,0.44092786,1,0.16951699,0.59988628,1.1740063,0.025799707,0.044092786,0.068237851,23.321301,0.025118864,0.1,0,0,0.14868198,0.53179181,0,0,0.73333333,0.94428768,0.16363777,0,4
r-steady90-short,base,routing,queue_aware,19,0e9fcdbd1819,0,36920,36920,0,0,0,0,0.00081256771,55.893939,1.7865002,0.34472301,0.43771432,1,0.17501106,0.68944603,1.2574987,0.026113992,0.043771432,0.067543911,23.591231,0.025118864,0.1,0,0,0.16282062,0.63574758,0,0,0.73333333,0.94559067,0.16758938,0,4
r-steady90-short,base,routing,queue_aware,20,e64d3f7827b2,0,36802,36802,0,0,0,0,0.0027715885,55.606061,1.8391141,0.38977166,0.43548449,1,0.17351559,0.77954332,1.5053382,0.026152316,0.043548449,0.068496312,23.922427,0.025118864,0.1,0,0,0.17679673,0.73543386,0,0,0.73333333,0.94703977,0.16878043,0,4
r-steady90-short,base,routing,queue_aware_corrected,1,b6b10c400dba,0,36871,36871,0,0,0,0,0,55.865152,1.3322611,0.046625535,0.28563561,1,0.042035016,0.09325107,0.16986758,0.025169022,0.028563561,0.031437927,23.319623,0.025118864,0.1,0,0,0.013323677,0.033439954,0,0,0.73333333,0.94634769,0.16499659,0,4
r-steady90-short,base,routing,queue_aware_corrected,2,7cae3288f17c,0,36480,36480,0,0,0,0,0,55.272727,1.3340292,0.04819934,0.28582987,1,0.041887271,0.09639868,0.1745447,0.024889659,0.028582987,0.031641697,22.837879,0.025118864,0.1,0,0,0.013457208,0.033924756,0,0,0.73333333,0.94468597,0.16243129,0,4
r-steady90-short,base,routing,queue_aware_corrected,3,a981eaeead81,0,36520,36520,0,0,0,0,0,55.333333,1.3324122,0.046493856,0.28591835,1,0.041928468,0.092987712,0.17260336,0.024945458,0.028591835,0.031315872,23.541031,0.025118864,0.1,0,0,0.013329153,0.033441475,0,0,0.73333333,0.94540305,0.16343083,0,4
r-steady90-short,base,routing,queue_aware_corrected,4,c463256d7985,0,36870,36870,0,0,0,0,0,55.863636,1.3356947,0.047299489,0.28839523,1,0.041928308,0.094598977,0.17516294,0.024981131,0.028839523,0.031558239,22.772944,0.025118864,0.1,0,0,0.013423209,0.033903097,0,0,0.73333333,0.94639151,0.16246169,0,4
r-steady90-short,base,routing,queue_aware_corrected,5,cfe90bd6b460,0,36855,36855,0,0,0,0,0,55.840909,1.3398899,0.047875047,0.29201488,1,0.042366433,0.095750095,0.17635306,0.02539072,0.029201488,0.032256319,23.476769,0.025118864,0.1,0,0,0.013733575,0.033976039,0,0,0.73333333,0.94399074,0.1675889,0,4
r-steady90-short,base,routing,queue_aware_corrected,6,e83aff9950e8,0,36625,36625,0,0,0,0,0,55.492424,1.3348916,0.046775921,0.28811569,1,0.042180034,0.093551843,0.17224205,0.025247681,0.028811569,0.031613017,23.522527,0.025118864,0.1,0,0,0.013441091,0.033684328,0,0,0.73333333,0.94559469,0.16679855,0,4
r-steady90-short,base,routing,queue_aware_corrected,7,32ef82c4f64f,0,36565,36565,0,0,0,0,0,55.401515,1.3339728,0.047212541,0.28676029,1,0.04164174,0.094425082,0.17528836,0.024642444,0.028676029,0.03143652,22.492854,0.025118864,0.1,0,0,0.013334122,0.033888616,0,0,0.73333333,0.94599761,0.1595394,0,4
r-steady90-short,base,routing,queue_aware_corrected,8,135fadf89ec9,0,36858,36858,0,0,0,0,0,55.845455,1.3396269,0.04821602,0.29141091,1,0.042287904,0.09643204,0.17859066,0.025246681,0.029141091,0.032005032,23.232716,0.025118864,0.1,0,0,0.013727306,0.034754795,0,0,0.73333333,0.94809715,0.16828981,0,4
r-steady90-short,base,routing,queue_aware_corrected,9,be6bb6b55760,0,36839,36839,0,0,0,0,0,55.816667,1.330147,0.047285714,0.28286124,1,0.041890916,0.094571428,0.17242966,0.025103838,0.028286124,0.031259876,22.924762,0.025118864,0.1,0,0,0.013340402,0.033759791,0,0,0.73333333,0.94392446,0.16312675,0,4
r-steady90-short,base,routing,queue_aware_corrected,10,b82847ea9607,0,36839,36839,0,0,0,0,0,55.816667,1.3317546,0.046819762,0.28493483,1,0.041677861,0.093639523,0.1734569,0.024786871,0.028493483,0.031325329,22.343708,0.025118864,0.1,0,0,0.013305342,0.033593808,0,0,0.73333333,0.94524989,0.15894123,0,4
r-steady90-short,base,routing,queue_aware_corrected,11,f0ee1311982f,0,36944,36944,0,0,0,0,0,55.975758,1.342024,0.049776895,0.29224708,1,0.042915033,0.099553789,0.18010956,0.025763912,0.029224708,0.032488872,23.79479,0.025118864,0.1,0,0,0.01391585,0.035781498,0,0,0.73333333,0.94701436,0.17189955,0,4
r-steady90-short,base,routing,queue_aware_corrected,12,55b2c0000146,0,36633,36633,0,0,0,0,0,55.504545,1.3292429,0.046145806,0.28309712,1,0.041640594,0.092291612,0.17035766,0.024905533,0.028309712,0.031104392,22.656217,0.025118864,0.1,0,0,0.013062836,0.032688837,0,0,0.73333333,0.94795203,0.16101285,0,4
r-steady90-short,base,routing,queue_aware_corrected,13,9d0b22630cc9,0,36748,36748,0,0,0,0,0,55.678788,1.3352552,0.046997274,0.28825793,1,0.042159733,0.093994548,0.17300482,0.025268118,0.028825793,0.032023397,23.677843,0.025118864,0.1,0,0,0.013344056,0.033542571,0,0,0.73333333,0.94777034,0.16664029,0,4
r-steady90-short,base,routing,queue_aware_corrected,14,8fbd26cb930e,0,36649,36649,0,0,0,0,0,55.528788,1.3294883,0.045637315,0.28385097,1,0.041657296,0.091274631,0.17014012,0.024791568,0.028385097,0.031085376,22.993975,0.025118864,0.1,0,0,0.013251924,0.033045119,0,0,0.73333333,0.94683347,0.16175118,0,4
r-steady90-short,base,routing,queue_aware_corrected,15,0a90b3ead63f,0,36550,36550,0,0,0,0,0,55.378788,1.3290198,0.04626084,0.28275891,1,0.041705614,0.092521681,0.17016601,0.024927119,0.028275891,0.031001499,22.867408,0.025118864,0.1,0,0,0.013186433,0.032858782,0,0,0.73333333,0.94451781,0.16111537,0,4
r-steady90-short,base,routing,queue_aware_corrected,16,cc931486ee19,0,36745,36745,0,0,0,0,0,55.674242,1.3272123,0.046575246,0.2806371,1,0.041461273,0.093150492,0.17156504,0.024637447,0.02806371,0.030801181,22.019235,0.025118864,0.1,0,0,0.013202929,0.033016562,0,0,0.73333333,0.94718223,0.15713174,0,4
r-steady90-short,base,routing,queue_aware_corrected,17,7cbdb2227419,0,36759,36759,0,0,0,0,0,55.695455,1.3315788,0.04652554,0.28505321,1,0.041909427,0.093051081,0.17373438,0.025079407,0.028505321,0.031046533,22.995899,0.025118864,0.1,0,0,0.013445121,0.033354537,0,0,0.73333333,0.94733963,0.16361767,0,4
r-steady90-short,base,routing,queue_aware_corrected,18,30102e89a266,0,36814,36814,0,0,0,0,0,55.778788,1.3299083,0.046489923,0.28341834,1,0.041910746,0.092979846,0.17171887,0.025009113,0.028341834,0.031446981,23.154593,0.025118864,0.1,0,0,0.013355056,0.033786008,0,0,0.73333333,0.94445703,0.16272878,0,4
r-steady90-short,base,routing,queue_aware_corrected,19,0e9fcdbd1819,0,36920,36920,0,0,0,0,0,55.939394,1.3358015,0.047816849,0.28798462,1,0.042262079,0.095633697,0.17518301,0.025288459,0.028798462,0.031862504,23.463748,0.025118864,0.1,0,0,0.013592688,0.034225945,0,0,0.73333333,0.94807784,0.1667126,0,4
r-steady90-short,base,routing,queue_aware_corrected,20,e64d3f7827b2,0,36802,36802,0,0,0,0,0,55.760606,1.3394697,0.048254996,0.29121466,1,0.042387936,0.096509992,0.17771994,0.025290288,0.029121466,0.032066227,23.842306,0.025118864,0.1,0,0,0.013749107,0.03470625,0,0,0.73333333,0.948535,0.16807101,0,4
r-steady90-short,base,routing,capacity_weighted,1,b6b10c400dba,0,36871,36871,0,0,0,0,0.088362127,50.928788,3.8232785,2.068104,0.3133638,1,0.045633104,4.1362081,6.3090017,0.025052597,0.03133638,0.033958502,24.396995,0.025118864,0.1,0,0,0.52292557,4.1035121,0,0,0.73333333,0.9472972,0.16812171,0,4
r-steady90-short,base,routing,capacity_weighted,2,7cae3288f17c,0,36480,36480,0,0,0,0,0.0080866228,54.825758,1.6184146,0.2700608,0.30792065,1,0.043382807,0.54012161,1.881239,0.02515168,0.030792065,0.033302281,23.248599,0.025118864,0.1,0,0,0.08376302,0.49771014,0,0,0.73333333,0.94518321,0.1652802,0,4
r-steady90-short,base,routing,capacity_weighted,3,a981eaeead81,0,36520,36520,0,0,0,0,0.016456736,54.422727,2.0227612,0.63174828,0.30872926,1,0.045181486,1.2634966,2.3657684,0.025855116,0.030872926,0.033587857,24.24255,0.025118864,0.1,0,0,0.17392636,1.2184825,0,0,0.73333333,0.9454275,0.16755357,0,4
r-steady90-short,base,routing,capacity_weighted,4,c463256d7985,0,36870,36870,0,0,0,0,0.0039869813,55.640909,1.5354637,0.21106546,0.30446334,1,0.042944995,0.42213091,1.7327101,0.025350226,0.030446334,0.033176209,23.277726,0.025118864,0.1,0,0,0.072085757,0.38048182,0,0,0.73333333,0.94480546,0.16463357,0,4
r-steady90-short,base,routing,capacity_weighted,5,cfe90bd6b460,0,36855,36855,0,0,0,0,0.068186135,52.033333,3.2390724,1.5866534,0.31148838,1,0.045180838,3.1733067,4.495498,0.026028919,0.031148838,0.034051045,24.324776,0.025118864,0.1,0,0,0.30779998,3.1311371,0,0,0.73333333,0.94521204,0.17069248,0,4
r-steady90-short,base,routing,capacity_weighted,6,e83aff9950e8,0,36625,36625,0,0,0,0,0.0098566553,54.945455,1.9753576,0.6162495,0.30982479,1,0.044943653,1.232499,1.9932358,0.025772504,0.030982479,0.033718116,24.262148,0.025118864,0.1,0,0,0.15443198,1.1867831,0,0,0.73333333,0.94573921,0.1702717,0,4
r-steady90-short,base,routing,capacity_weighted,7,32ef82c4f64f,0,36565,36565,0,0,0,0,0.051524682,52.54697,2.5854677,1.0163695,0.31147486,1,0.044134401,2.0327389,3.4105998,0.024789518,0.031147486,0.034172048,23.351009,0.025118864,0.1,0,0,0.24649061,1.9909617,0,0,0.73333333,0.94575946,0.16285382,0,4
r-steady90-short,base,routing,capacity_weighted,8,135fadf89ec9,0,36858,36858,0,0,0,0,0.02189484,54.622727,2.0962856,0.6766301,0.31018133,1,0.04558437,1.3532602,2.703293,0.025648115,0.031018133,0.033559733,23.929956,0.025118864,0.1,0,0,0.18058239,1.3066264,0,0,0.73333333,0.94836485,0.17097557,0,4
r-steady90-short,base,routing,capacity_weighted,9,be6bb6b55760,0,36839,36839,0,0,0,0,0.019598795,54.722727,1.8920348,0.48723975,0.30680106,1,0.043878085,0.9744795,2.9655067,0.02556892,0.030680106,0.033441601,23.462601,0.025118864,0.1,0,0,0.1324414,0.93185055,0,0,0.73333333,0.94378888,0.16628638,0,4
r-steady90-short,base,routing,capacity_weighted,10,b82847ea9607,0,36839,36839,0,0,0,0,0.00027145145,55.801515,1.4210888,0.11545073,0.30428081,1,0.042740332,0.23090146,1.3953283,0.025312209,0.030428081,0.03330495,23.097444,0.025118864,0.1,0,0,0.056739157,0.15548778,0,0,0.73333333,0.94709171,0.16181829,0,4
r-steady90-short,base,routing,capacity_weighted,11,f0ee1311982f,0,36944,36944,0,0,0,0,0.14459723,47.881818,6.945484,4.9119636,0.31053424,1,0.046212226,9.8239272,12.643072,0.026069267,0.031053424,0.03381016,26.295558,0.025118864,0.1,0,0,1.1901997,9.7836508,0,0,0.73333333,0.95013831,0.17428913,0,4
r-steady90-short,base,routing,capacity_weighted,12,55b2c0000146,0,36633,36633,0,0,0,0,0.10569705,49.637879,4.8299202,2.9908457,0.31058926,1,0.045771525,5.9816914,7.1592321,0.025552182,0.031058926,0.033610792,24.429442,0.025118864,0.1,0,0,0.63948833,5.9374722,0,0,0.73333333,0.94720056,0.1655457,0,4
r-steady90-short,base,routing,capacity_weighted,13,9d0b22630cc9,0,36748,36748,0,0,0,0,0.076956569,51.393939,2.9445089,1.2478185,0.31190761,1,0.045589256,2.495637,3.309888,0.02542105,0.031190761,0.033943871,24.565937,0.025118864,0.1,0,0,0.32309724,2.4539499,0,0,0.73333333,0.94906535,0.16956406,0,4
r-steady90-short,base,routing,capacity_weighted,14,8fbd26cb930e,0,36649,36649,0,0,0,0,0.11383667,49.207576,4.022441,2.143187,0.31007074,1,0.046737283,4.2863739,5.1565099,0.025416682,0.031007074,0.033559105,24.535007,0.025118864,0.1,0,0,0.55388798,4.2447351,0,0,0.73333333,0.9466776,0.16632079,0,4
r-steady90-short,base,routing,capacity_weighted,15,0a90b3ead63f,0,36550,36550,0,0,0,0,0.001504788,55.295455,1.4911011,0.18124748,0.30232969,1,0.042917115,0.36249496,1.5859064,0.024941061,0.030232969,0.032778751,23.138749,0.025118864,0.1,0,0,0.067348174,0.32009129,0,0,0.73333333,0.94530271,0.1630277,0,4
r-steady90-short,base,routing,capacity_weighted,16,cc931486ee19,0,36745,36745,0,0,0,0,2.7214587e-05,55.672727,1.6315345,0.32602599,0.30537241,1,0.043737405,0.65205198,1.4563056,0.025342557,0.030537241,0.033249954,22.695754,0.025118864,0.1,0,0,0.08245708,0.60539658,0,0,0.73333333,0.94658664,0.16126719,0,4
r-steady90-short,base,routing,capacity_weighted,17,7cbdb2227419,0,36759,36759,0,0,0,0,0.02693218,54.195455,2.1853773,0.74325596,0.30746046,1,0.043588134,1.4865119,3.8062531,0.025197913,0.030746046,0.033222809,23.599135,0.025118864,0.1,0,0,0.1979105,1.4430653,0,0,0.73333333,0.94863056,0.1655995,0,4
r-steady90-short,base,routing,capacity_weighted,18,30102e89a266,0,36814,36814,0,0,0,0,0,55.778788,1.4601885,0.15225159,0.30793692,1,0.043385945,0.30450317,1.0703129,0.025479948,0.030793692,0.033349738,23.688499,0.025118864,0.1,0,0,0.050516638,0.25592315,0,0,0.73333333,0.94712437,0.1659611,0,4
r-steady90-short,base,routing,capacity_weighted,19,0e9fcdbd1819,0,36920,36920,0,0,0,0,0.050866739,53.093939,2.579952,1.0114221,0.31419625,1,0.04754989,2.0228442,3.8125844,0.026184588,0.031419625,0.034098544,24.258657,0.025118864,0.1,0,0,0.29759526,1.9761673,0,0,0.73333333,0.95047482,0.17135136,0,4
r-steady90-short,base,routing,capacity_weighted,20,e64d3f7827b2,0,36802,36802,0,0,0,0,0.042579208,53.386364,2.2714091,0.75042301,0.30809006,1,0.044660944,1.500846,3.4534173,0.025600562,0.030809006,0.033513209,24.360362,0.025118864,0.1,0,0,0.20090629,1.4574769,0,0,0.73333333,0.95201579,0.17033631,0,4
r-steady90-short,base,routing,oracle_jsq,1,b6b10c400dba,0,36871,36871,0,0,0,0,0,55.865152,1.3614595,0.054440089,0.30701943,1,0.04790236,0.10888018,0.25589279,0.025569398,0.030701943,0.034204869,23.568441,0.025118864,0.1,0,0,0.019564449,0.042990018,0,0,0.73333333,0.945991,0.16573132,0,4
r-steady90-short,base,routing,oracle_jsq,2,7cae3288f17c,0,36480,36480,0,0,0,0,0,55.272727,1.3628611,0.058245516,0.30461559,1,0.047480819,0.11649103,0.28725213,0.025256339,0.030461559,0.033974901,22.870993,0.025118864,0.1,0,0,0.021147983,0.044772879,0,0,0.73333333,0.94516733,0.16314478,0,4
r-steady90-short,base,routing,oracle_jsq,3,a981eaeead81,0,36520,36520,0,0,0,0,0,55.333333,1.358508,0.055036581,0.30347145,1,0.047645893,0.11007316,0.26687815,0.025347776,0.030347145,0.033852371,23.473766,0.025118864,0.1,0,0,0.020292479,0.043303729,0,0,0.73333333,0.94757295,0.16402327,0,4
r-steady90-short,base,routing,oracle_jsq,4,c463256d7985,0,36870,36870,0,0,0,0,0,55.863636,1.359817,0.053836904,0.30598009,1,0.047723568,0.10767381,0.20002032,0.025403612,0.030598009,0.034462663,22.858702,0.025118864,0.1,0,0,0.018003815,0.041463274,0,0,0.73333333,0.94736576,0.16324818,0,4
r-steady90-short,base,routing,oracle_jsq,5,cfe90bd6b460,0,36855,36855,0,0,0,0,0,55.840909,1.3687653,0.060902053,0.30786325,1,0.048426377,0.1218041,0.34529766,0.025757723,0.030786325,0.034608702,23.433891,0.025118864,0.1,0,0,0.022865459,0.046945721,0,0,0.73333333,0.94425097,0.16816099,0,4
r-steady90-short,base,routing,oracle_jsq,6,e83aff9950e8,0,36625,36625,0,0,0,0,0,55.492424,1.3708371,0.063085093,0.30775201,1,0.048329568,0.12617019,0.35871755,0.025533056,0.030775201,0.034741858,23.667857,0.025118864,0.1,0,0,0.023464308,0.050072677,0,0,0.73333333,0.94551807,0.16738256,0,4
r-steady90-short,base,routing,oracle_jsq,7,32ef82c4f64f,0,36565,36565,0,0,0,0,0,55.401515,1.3601041,0.054963751,0.3051403,1,0.047393186,0.1099275,0.21493534,0.025080803,0.03051403,0.03403971,22.653192,0.025118864,0.1,0,0,0.018642225,0.04336364,0,0,0.73333333,0.94703821,0.16021917,0,4
r-steady90-short,base,routing,oracle_jsq,8,135fadf89ec9,0,36858,36858,0,0,0,0,0,55.845455,1.3689212,0.060516979,0.30840425,1,0.04826942,0.12103396,0.28722233,0.025676924,0.030840425,0.034911712,23.520571,0.025118864,0.1,0,0,0.021419015,0.047488191,0,0,0.73333333,0.94649112,0.16897136,0,4
r-steady90-short,base,routing,oracle_jsq,9,be6bb6b55760,0,36839,36839,0,0,0,0,0,55.816667,1.3533136,0.051457115,0.30185648,1,0.047617808,0.10291423,0.17072504,0.025457124,0.030185648,0.034172407,23.20772,0.025118864,0.1,0,0,0.016535927,0.039999636,0,0,0.73333333,0.94359629,0.16367627,0,4
r-steady90-short,base,routing,oracle_jsq,10,b82847ea9607,0,36839,36839,0,0,0,0,0,55.816667,1.3546239,0.051593047,0.30303086,1,0.04718939,0.10318609,0.17976747,0.025116161,0.030303086,0.03422815,22.384935,0.025118864,0.1,0,0,0.016789283,0.039733376,0,0,0.73333333,0.94677562,0.15953767,0,4
r-steady90-short,base,routing,oracle_jsq,11,f0ee1311982f,0,36944,36944,0,0,0,0,0,55.975758,1.3753216,0.068163961,0.30715768,1,0.049159283,0.13632792,0.61899944,0.026046892,0.030715768,0.034629006,23.871195,0.025118864,0.1,0,0,0.029599879,0.053709399,0,0,0.73333333,0.94642381,0.1723137,0,4
r-steady90-short,base,routing,oracle_jsq,12,55b2c0000146,0,36633,36633,0,0,0,0,0,55.504545,1.3537402,0.054012401,0.29972775,1,0.047322298,0.1080248,0.22626333,0.025310817,0.029972775,0.033616037,22.616515,0.025118864,0.1,0,0,0.019458119,0.041317045,0,0,0.73333333,0.947575,0.16146925,0,4
r-steady90-short,base,routing,oracle_jsq,13,9d0b22630cc9,0,36748,36748,0,0,0,0,0,55.678788,1.3749206,0.064336521,0.3105841,1,0.048330934,0.12867304,0.55918847,0.025606096,0.03105841,0.034968548,23.51873,0.025118864,0.1,0,0,0.027878831,0.050862324,0,0,0.73333333,0.9476652,0.16725876,0,4
r-steady90-short,base,routing,oracle_jsq,14,8fbd26cb930e,0,36649,36649,0,0,0,0,0,55.528788,1.3578458,0.057615401,0.30023035,1,0.047403525,0.1152308,0.41172553,0.025125397,0.030023035,0.033289251,22.967336,0.025118864,0.1,0,0,0.023730811,0.045136942,0,0,0.73333333,0.94719162,0.162424,0,4
r-steady90-short,base,routing,oracle_jsq,15,0a90b3ead63f,0,36550,36550,0,0,0,0,0,55.378788,1.3536327,0.053408417,0.30022428,1,0.047477629,0.10681683,0.21808194,0.025290113,0.030022428,0.03373643,22.915376,0.025118864,0.1,0,0,0.018757576,0.041554588,0,0,0.73333333,0.94516463,0.16163685,0,4
r-steady90-short,base,routing,oracle_jsq,16,cc931486ee19,0,36745,36745,0,0,0,0,0,55.674242,1.3480059,0.051193126,0.29681282,1,0.046690773,0.10238625,0.18440752,0.02507272,0.029681282,0.033476372,22.128819,0.025118864,0.1,0,0,0.016869529,0.039062334,0,0,0.73333333,0.94731513,0.15776308,0,4
r-steady90-short,base,routing,oracle_jsq,17,7cbdb2227419,0,36759,36759,0,0,0,0,0,55.695455,1.3543979,0.052498946,0.30189895,1,0.047683574,0.10499789,0.2136538,0.025407316,0.030189895,0.034232377,23.088178,0.025118864,0.1,0,0,0.017852941,0.041001023,0,0,0.73333333,0.94740201,0.16416844,0,4
r-steady90-short,base,routing,oracle_jsq,18,30102e89a266,0,36814,36814,0,0,0,0,0,55.778788,1.3565231,0.052900903,0.30362215,1,0.047701258,0.10580181,0.19740478,0.025229546,0.030362215,0.034085153,23.22993,0.025118864,0.1,0,0,0.017795321,0.041236843,0,0,0.73333333,0.94636099,0.16315837,0,4
r-steady90-short,base,routing,oracle_jsq,19,0e9fcdbd1819,0,36920,36920,0,0,0,0,0,55.939394,1.3681344,0.062378212,0.30575615,1,0.04834052,0.12475642,0.38376124,0.025575837,0.030575615,0.034092412,23.414962,0.025118864,0.1,0,0,0.023523823,0.048994514,0,0,0.73333333,0.94737157,0.16728587,0,4
r-steady90-short,base,routing,oracle_jsq,20,e64d3f7827b2,0,36802,36802,0,0,0,0,0,55.760606,1.3738137,0.065868573,0.30794508,1,0.048402479,0.13173715,0.51350341,0.025680598,0.030794508,0.034564799,23.770478,0.025118864,0.1,0,0,0.028207376,0.05305461,0,0,0.73333333,0.94900783,0.16860783,0,4
r-steady90-long,base,routing,random,1,2fbbf30dc5b6,0,8841,8838,0,0,0,3,0.00033932813,13.390909,1.8422762,0.29149516,0.54908444,1,0.18144694,0.58299032,0.9278006,0.039200203,0.054908444,0.062042811,72.485604,0.031622777,0.1,0,0,0.072744167,0.32660469,0,4,0.73333333,0.99227204,0.51949911,0,4
r-steady90-long,base,routing,random,2,927fe3396f5e,0,8847,8846,0,0,0,1,0.051316831,12.716667,2.9499489,1.0781171,0.61524762,1,0.19524624,2.1562342,10.236318,0.041793895,0.061524762,0.068636658,77.375706,0.031622777,0.12589254,0,0,0.42717465,1.9407147,0,52,0.73333333,0.99486804,0.57404319,0,4
r-steady90-long,base,routing,random,3,a2e11c4236fa,0,8788,8785,0,0,0,3,0.0003413746,13.310606,1.8318281,0.3012772,0.528844,1,0.1822041,0.60255439,0.85632829,0.03992075,0.0528844,0.062225086,72.335618,0.031622777,0.1,0,0,0.073409626,0.34635739,0,0,0.73333333,0.9943951,0.51835599,0,4
r-steady90-long,base,routing,random,4,fed45273a8b5,0,8979,8977,0,0,0,2,0.00033411293,13.6,1.831396,0.28309343,0.54663198,1,0.1843701,0.56618686,0.81991519,0.039825716,0.054663198,0.062826684,71.027199,0.031622777,0.1,0,0,0.070829269,0.31227928,0,0,0.73333333,0.99085884,0.51854868,0,4
r-steady90-long,base,routing,random,5,589c43539cf4,0,8889,8870,0,0,0,19,0.023512206,13.151515,2.1795732,0.45059433,0.61141782,1,0.20210952,0.90118866,4.2044394,0.043991261,0.061141782,0.070849138,83.570851,0.039810717,0.12589254,0,0,0.18798194,0.64614333,0,41,0.73333333,0.99715233,0.6114239,0,4
r-steady90-long,base,routing,random,6,8eb8d771adba,0,8778,8766,0,0,0,12,0.002050581,13.272727,1.874127,0.31055825,0.55331589,1,0.19315365,0.6211165,0.92696152,0.042080338,0.055331589,0.067620623,77.040141,0.031622777,0.1,0,0,0.082346458,0.36711376,0,3,0.73333333,0.99757426,0.56532628,0,4
r-steady90-long,base,routing,random,7,553b40285136,0,8713,8710,0,0,0,3,0.0003443131,13.19697,1.8204911,0.2824448,0.53632475,1,0.18275505,0.5648896,0.79447738,0.038543393,0.053632475,0.06497162,70.534885,0.031622777,0.1,0,0,0.067887069,0.30869517,0,0,0.73333333,0.98557066,0.50987532,0,4
r-steady90-long,base,routing,random,8,ebba6fbdd668,0,8759,8755,0,0,0,4,0.0010275146,13.257576,1.8825192,0.31348489,0.56389678,1,0.18573386,0.62696978,0.94686995,0.04020642,0.056389678,0.066707418,72.881373,0.031622777,0.1,0,0,0.079541019,0.36353972,0,4,0.73333333,0.99052001,0.53502669,0,4
r-steady90-long,base,routing,random,9,3d01d4b391f6,0,8798,8797,0,0,0,1,0.00034098659,13.325758,1.8817409,0.31610154,0.5639344,1,0.18887157,0.63220309,0.93519256,0.041381175,0.05639344,0.066530741,76.406397,0.031622777,0.12589254,0,0,0.079901317,0.36498115,0,3,0.73333333,0.99418026,0.54942994,0,4
r-steady90-long,base,routing,random,10,efea7539b636,0,8759,8758,0,0,0,1,0.00022833657,13.268182,1.8395243,0.31044088,0.52794174,1,0.18552537,0.62088176,0.87065311,0.039740992,0.052794174,0.061853193,68.955704,0.031622777,0.1,0,0,0.076338264,0.36150818,0,0,0.73333333,0.99287245,0.50621242,0,4
r-steady90-long,base,routing,random,11,859e333540d7,0,8943,8941,0,0,0,2,0.0021245667,13.521212,1.9039391,0.31305816,0.58025808,1,0.1909024,0.62611632,0.99800293,0.042074436,0.058025808,0.067799724,76.296244,0.031622777,0.12589254,0,0,0.084412132,0.37639171,0,8,0.73333333,0.99051927,0.55512544,0,4
r-steady90-long,base,routing,random,12,8661ef049ef9,0,8649,8648,0,0,0,1,0.0001156203,13.10303,1.7980616,0.2863803,0.51110315,1,0.17794206,0.5727606,0.84593817,0.038285515,0.051110315,0.060579461,67.679931,0.031622777,0.1,0,0,0.069678947,0.31896614,0,0,0.73333333,0.9886223,0.48952328,0,4
r-steady90-long,base,routing,random,13,1b4f0c6115f6,0,8647,8642,0,0,0,5,0.00057823523,13.093939,1.8269054,0.28687604,0.53713815,1,0.1857873,0.57375208,0.80577822,0.039608202,0.053713815,0.064254734,74.870961,0.031622777,0.1,0,0,0.071602067,0.32695609,0,4,0.73333333,0.98870482,0.51938009,0,4
r-steady90-long,base,routing,random,14,c914a569b447,0,8840,8838,0,0,0,2,0.0018099548,13.369697,1.8914889,0.31019137,0.57224777,1,0.18730758,0.62038274,0.94343882,0.040923752,0.057224777,0.065609839,77.369113,0.031622777,0.12589254,0,0,0.081234986,0.36341833,0,7,0.73333333,0.99614227,0.56586516,0,4
r-steady90-long,base,routing,random,15,c6706876805a,0,8780,8779,0,0,0,1,0.00011389522,13.301515,1.8351108,0.29466356,0.53987781,1,0.18693272,0.58932712,0.84409692,0.040335497,0.053987781,0.064194304,69.790392,0.031622777,0.1,0,0,0.074440404,0.34494253,0,0,0.73333333,0.98606923,0.51676573,0,4
r-steady90-long,base,routing,random,16,66c4471caaf0,0,8869,8868,0,0,0,1,0.00011275228,13.436364,1.8685997,0.31363863,0.55439727,1,0.18637131,0.62727726,0.93095008,0.039305994,0.055439727,0.065960605,66.614966,0.031622777,0.1,0,0,0.080951434,0.38421858,0,5,0.73333333,0.9923432,0.50968205,0,4
r-steady90-long,base,routing,random,17,95cf9301c3ae,0,8888,8884,0,0,0,4,0.000450045,13.460606,1.8904909,0.31724834,0.57099231,1,0.1893298,0.63449667,0.96667573,0.041103144,0.057099231,0.067814543,72.457212,0.031622777,0.1,0,0,0.081059519,0.37922257,0,0,0.73333333,0.9956409,0.54165549,0,4
r-steady90-long,base,routing,random,18,de9d52f10cc9,0,8835,8834,0,0,0,1,0.00067911715,13.377273,1.9206204,0.3262237,0.59100113,1,0.19649038,0.65244739,0.97446042,0.042923028,0.059100113,0.069935312,77.969231,0.031622777,0.12589254,0,0,0.087868794,0.39769279,0,7,0.73333333,0.9967019,0.57765747,0,4
r-steady90-long,base,routing,random,19,bc738ac0242c,0,8969,8968,0,0,0,1,0.039803769,13.048485,2.4185234,0.60428873,0.61521578,1,0.20246508,1.2085775,6.2057734,0.04276232,0.061521578,0.071239542,79.209744,0.031622777,0.12589254,0,0,0.29575409,0.96281953,0,57,0.73333333,0.99205958,0.57988662,0,4
r-steady90-long,base,routing,random,20,40a8c0a98618,0,8919,8911,0,0,0,8,0.03464514,13.045455,2.1975335,0.4272394,0.59706839,1,0.19406673,0.8544788,11.217776,0.039928978,0.059706839,0.066809205,76.380724,0.031622777,0.12589254,0,0,0.32224452,0.59854304,0,53,0.73333333,0.99391467,0.5525361,0,4
r-steady90-long,base,routing,round_robin,1,2fbbf30dc5b6,0,8841,8841,0,0,0,0,0,13.395455,1.6895383,0.20263566,0.48690268,1,0.14255166,0.40527133,0.61992542,0.038782714,0.048690268,0.054520107,70.115515,0.031622777,0.1,0,0,0.02912896,0.11642231,0,0,0.73333333,0.98851834,0.50627102,0,4
r-steady90-long,base,routing,round_robin,2,927fe3396f5e,0,8847,8846,0,0,0,1,0.0092686786,13.280303,1.8540526,0.24469572,0.56301349,1,0.15057357,0.48939144,1.7438517,0.042004213,0.056301349,0.061938926,75.32944,0.031622777,0.12589254,0,0,0.07354166,0.18106425,0,17,0.73333333,0.98818345,0.56910961,0,4
r-steady90-long,base,routing,round_robin,3,a2e11c4236fa,0,8788,8786,0,0,0,2,0.00022758307,13.312121,1.7161577,0.20604507,0.50897471,1,0.14310787,0.41209013,0.61961747,0.039243982,0.050897471,0.056045311,71.858959,0.031622777,0.1,0,0,0.029043358,0.11724363,0,0,0.73333333,0.99555461,0.51793251,0,4
r-steady90-long,base,routing,round_robin,4,fed45273a8b5,0,8979,8978,0,0,0,1,0.00011137098,13.60303,1.725526,0.21258615,0.51238297,1,0.14309081,0.4251723,0.64762754,0.03980481,0.051238297,0.056334344,70.404967,0.031622777,0.1,0,0,0.03108191,0.13148046,0,0,0.73333333,0.99017678,0.51480457,0,4
r-steady90-long,base,routing,round_robin,5,589c43539cf4,0,8889,8880,0,0,0,9,0.010799865,13.322727,1.9317689,0.28229816,0.59547144,1,0.15363635,0.56459632,1.9462972,0.043034625,0.059547144,0.064429354,82.672675,0.039810717,0.12589254,0,0,0.077964989,0.26449489,0,41,0.73333333,0.99812188,0.60771446,0,4
r-steady90-long,base,routing,round_robin,6,8eb8d771adba,0,8778,8770,0,0,0,8,0.00091136933,13.287879,1.7422523,0.21491184,0.52278366,1,0.14832178,0.42982367,0.62477666,0.041318928,0.052278366,0.058448804,76.920384,0.031622777,0.1,0,0,0.030825649,0.1296082,0,0,0.73333333,0.99797663,0.56108473,0,4
r-steady90-long,base,routing,round_robin,7,553b40285136,0,8713,8713,0,0,0,0,0,13.201515,1.6946679,0.20689102,0.48777688,1,0.1395963,0.41378203,0.60093288,0.038492449,0.048777688,0.055045316,70.161875,0.031622777,0.1,0,0,0.027867793,0.112745,0,0,0.73333333,0.98809263,0.50071509,0,4
r-steady90-long,base,routing,round_robin,8,ebba6fbdd668,0,8759,8758,0,0,0,1,0.00011416828,13.269697,1.7488471,0.21794891,0.53032735,1,0.14458099,0.43589782,0.63830871,0.039485517,0.053032735,0.058726577,72.276923,0.031622777,0.1,0,0,0.030863878,0.12808877,0,0,0.73333333,0.99463578,0.5296872,0,4
r-steady90-long,base,routing,round_robin,9,3d01d4b391f6,0,8798,8796,0,0,0,2,0.00022732439,13.327273,1.7575039,0.22605769,0.53030963,1,0.14611538,0.45211538,0.64681607,0.040453894,0.053030963,0.058977454,73.829725,0.031622777,0.1,0,0,0.032419565,0.14366748,0,0,0.73333333,0.99158891,0.53848347,0,4
r-steady90-long,base,routing,round_robin,10,efea7539b636,0,8759,8759,0,0,0,0,0,13.271212,1.7384841,0.22294074,0.51554338,1,0.14415531,0.44588147,0.65251542,0.038711667,0.051554338,0.056824992,69.571185,0.031622777,0.1,0,0,0.030639516,0.12567447,0,0,0.73333333,0.99304112,0.50688462,0,4
r-steady90-long,base,routing,round_robin,11,859e333540d7,0,8943,8942,0,0,0,1,0.039024936,13.021212,2.2237074,0.43475791,0.59382481,1,0.15127771,0.86951583,6.8485592,0.041346188,0.059382481,0.06528109,77.187694,0.031622777,0.12589254,0,0,0.24081051,0.56570678,0,62,0.73333333,0.99460546,0.55857182,0,4
r-steady90-long,base,routing,round_robin,12,8661ef049ef9,0,8649,8649,0,0,0,0,0,13.104545,1.6759575,0.2056437,0.47031382,1,0.13840568,0.4112874,0.62062309,0.037371658,0.047031382,0.051894941,66.639282,0.031622777,0.1,0,0,0.027934885,0.11433463,0,0,0.73333333,0.99284678,0.48352631,0,4
r-steady90-long,base,routing,round_robin,13,1b4f0c6115f6,0,8647,8645,0,0,0,2,0.00023129409,13.098485,1.7033732,0.20846031,0.49375646,1,0.14407214,0.41692061,0.59595134,0.038793961,0.049375646,0.055662866,72.838519,0.031622777,0.1,0,0,0.028860264,0.12410711,0,0,0.73333333,0.99155341,0.51014505,0,4
r-steady90-long,base,routing,round_robin,14,c914a569b447,0,8840,8838,0,0,0,2,0.0022624434,13.363636,1.7717093,0.23063549,0.52976163,1,0.14712882,0.46127098,0.71906444,0.040949667,0.052976163,0.060981447,75.876105,0.031622777,0.1,0,0,0.04133228,0.15447254,0,5,0.73333333,0.9968232,0.55955639,0,4
r-steady90-long,base,routing,round_robin,15,c6706876805a,0,8780,8779,0,0,0,1,0.00011389522,13.301515,1.7070681,0.21038361,0.49611501,1,0.144126,0.42076723,0.61938333,0.039738602,0.049611501,0.055414386,68.074557,0.031622777,0.1,0,0,0.029930344,0.12706513,0,0,0.73333333,0.98327882,0.51151213,0,4
r-steady90-long,base,routing,round_robin,16,66c4471caaf0,0,8869,8867,0,0,0,2,0.00022550457,13.434848,1.7330284,0.21988495,0.51201596,1,0.14406084,0.43976989,0.63901407,0.039427323,0.051201596,0.056955812,68.05698,0.031622777,0.1,0,0,0.032053547,0.13975319,0,0,0.73333333,0.99252021,0.50932247,0,4
r-steady90-long,base,routing,round_robin,17,95cf9301c3ae,0,8888,8886,0,0,0,2,0.0002250225,13.463636,1.7259161,0.21350093,0.5112901,1,0.14619026,0.42700186,0.64058389,0.040668944,0.05112901,0.057018442,71.109507,0.031622777,0.1,0,0,0.030608996,0.12626558,0,0,0.73333333,0.99509307,0.53245783,0,4
r-steady90-long,base,routing,round_robin,18,de9d52f10cc9,0,8835,8833,0,0,0,2,0.00022637238,13.383333,1.7634348,0.22940281,0.53290011,1,0.15131139,0.45880561,0.65381881,0.042962116,0.053290011,0.059751509,78.083567,0.031622777,0.1,0,0,0.034333619,0.15279018,0,1,0.73333333,0.99275295,0.57110328,0,4
r-steady90-long,base,routing,round_robin,19,bc738ac0242c,0,8969,8968,0,0,0,1,0.00011149515,13.587879,1.7569934,0.22632853,0.53010738,1,0.15091165,0.45265706,0.65987017,0.042619627,0.053010738,0.058996486,77.897417,0.031622777,0.1,0,0,0.033802298,0.15205766,0,1,0.73333333,0.99335226,0.56435595,0,4
r-steady90-long,base,routing,round_robin,20,40a8c0a98618,0,8919,8913,0,0,0,6,0.022648279,13.207576,1.9627691,0.27496157,0.57456615,1,0.14784109,0.54992313,4.2031104,0.039713177,0.057456615,0.063904409,75.338956,0.031622777,0.12589254,0,0,0.1225224,0.24424084,0,37,0.73333333,0.99432239,0.54293956,0,4
r-steady90-long,base,routing,least_outstanding,1,2fbbf30dc5b6,0,8841,8841,0,0,0,0,0,13.395455,1.7134294,0.23957361,0.47385582,1,0.16389253,0.47914722,0.67135024,0.03895705,0.047385582,0.053550883,69.377703,0.031622777,0.1,0,0,0.047922633,0.21259498,0,0,0.73333333,0.99250365,0.50196027,0,4
r-steady90-long,base,routing,least_outstanding,2,927fe3396f5e,0,8847,8844,0,0,0,3,0.000339098,13.4,1.7935428,0.25724569,0.53460165,1,0.17452357,0.51449138,0.72322763,0.041527967,0.053460165,0.059863815,74.361865,0.031622777,0.1,0,0,0.053885227,0.24348012,0,0,0.73333333,0.98074459,0.56108404,0,4
r-steady90-long,base,routing,least_outstanding,3,a2e11c4236fa,0,8788,8786,0,0,0,2,0.00022758307,13.312121,1.7142815,0.23816798,0.47497556,1,0.16468215,0.47633597,0.68166178,0.039703725,0.047497556,0.053484668,70.690779,0.031622777,0.1,0,0,0.047454606,0.20891054,0,0,0.73333333,0.99431313,0.50892443,0,4
r-steady90-long,base,routing,least_outstanding,4,fed45273a8b5,0,8979,8978,0,0,0,1,0.00011137098,13.60303,1.7255891,0.24431964,0.48071262,1,0.16560261,0.48863927,0.68389807,0.039660936,0.048071262,0.05505162,69.346164,0.031622777,0.1,0,0,0.049555983,0.22615708,0,0,0.73333333,0.99355192,0.50388643,0,4
r-steady90-long,base,routing,least_outstanding,5,589c43539cf4,0,8889,8881,0,0,0,8,0.00089998875,13.456061,1.8305087,0.27084616,0.55516258,1,0.17850155,0.54169232,0.75734856,0.043404644,0.055516258,0.061765201,81.7989,0.039810717,0.1,0,0,0.057877266,0.25905765,0,0,0.73333333,0.99827544,0.59727989,0,4
r-steady90-long,base,routing,least_outstanding,6,8eb8d771adba,0,8778,8774,0,0,0,4,0.00045568467,13.293939,1.7539016,0.24729207,0.50433112,1,0.17245862,0.49458415,0.7193685,0.041521397,0.050433112,0.057180185,75.691551,0.031622777,0.1,0,0,0.051022305,0.22092393,0,0,0.73333333,0.99876817,0.55465787,0,4
r-steady90-long,base,routing,least_outstanding,7,553b40285136,0,8713,8713,0,0,0,0,0,13.201515,1.7049424,0.23525226,0.46969013,1,0.16214281,0.47050452,0.67317214,0.038293801,0.046969013,0.054242075,67.887617,0.031622777,0.1,0,0,0.046333088,0.21127119,0,0,0.73333333,0.98852131,0.49423715,0,4
r-steady90-long,base,routing,least_outstanding,8,ebba6fbdd668,0,8759,8759,0,0,0,0,0,13.271212,1.7291655,0.24500342,0.48416205,1,0.16833769,0.49000683,0.69678927,0.039961259,0.048416205,0.055426005,71.392172,0.031622777,0.1,0,0,0.050508651,0.23343617,0,0,0.73333333,0.99222898,0.52142153,0,4
r-steady90-long,base,routing,least_outstanding,9,3d01d4b391f6,0,8798,8798,0,0,0,0,0,13.330303,1.7426068,0.25560263,0.48700421,1,0.17332732,0.51120526,0.69995988,0.04090923,0.048700421,0.055072388,74.077982,0.031622777,0.1,0,0,0.054360233,0.25084588,0,0,0.73333333,0.99230714,0.52992243,0,4
r-steady90-long,base,routing,least_outstanding,10,efea7539b636,0,8759,8758,0,0,0,1,0.00011416828,13.269697,1.726393,0.24961234,0.47620984,1,0.16605704,0.49922469,0.7000222,0.039144299,0.047620984,0.053420796,68.048625,0.031622777,0.1,0,0,0.049868762,0.22986353,0,0,0.73333333,0.99443821,0.49854904,0,4
r-steady90-long,base,routing,least_outstanding,11,859e333540d7,0,8943,8943,0,0,0,0,0,13.55,1.7637874,0.25638798,0.50739945,1,0.17178795,0.51277596,0.71859854,0.041540544,0.050739945,0.056880789,74.545639,0.031622777,0.1,0,0,0.052828859,0.24111888,0,0,0.73333333,0.98972554,0.54106958,0,4
r-steady90-long,base,routing,least_outstanding,12,8661ef049ef9,0,8649,8647,0,0,0,2,0.00023124061,13.101515,1.6832628,0.23212131,0.44998525,1,0.15977146,0.46424263,0.66956662,0.037352709,0.044998525,0.05070343,65.746836,0.031622777,0.1,0,0,0.044717215,0.19758277,0,0,0.73333333,0.98730047,0.4775165,0,4
r-steady90-long,base,routing,least_outstanding,13,1b4f0c6115f6,0,8647,8646,0,0,0,1,0.00011564705,13.1,1.7109748,0.240406,0.46999055,1,0.16415474,0.480812,0.69088018,0.03885179,0.046999055,0.053175074,72.659196,0.031622777,0.1,0,0,0.048229965,0.22237533,0,0,0.73333333,0.99468931,0.5037818,0,4
r-steady90-long,base,routing,least_outstanding,14,c914a569b447,0,8840,8837,0,0,0,3,0.00033936652,13.389394,1.7659045,0.25938813,0.5048195,1,0.17009809,0.51877626,0.72753187,0.040620207,0.05048195,0.056228224,75.08111,0.031622777,0.1,0,0,0.052488513,0.24030126,0,0,0.73333333,0.99502313,0.55202811,0,4
r-steady90-long,base,routing,least_outstanding,15,c6706876805a,0,8780,8779,0,0,0,1,0.00011389522,13.301515,1.7276758,0.24398653,0.48311979,1,0.16783379,0.48797305,0.68416881,0.039506249,0.048311979,0.054353084,67.294887,0.031622777,0.1,0,0,0.049833098,0.22146855,0,0,0.73333333,0.9874853,0.50421403,0,4
r-steady90-long,base,routing,least_outstanding,16,66c4471caaf0,0,8869,8869,0,0,0,0,0,13.437879,1.7175914,0.24604781,0.47154363,1,0.16775836,0.49209563,0.68050004,0.039698459,0.047154363,0.053632556,66.258249,0.031622777,0.1,0,0,0.051316176,0.23977868,0,0,0.73333333,0.99238832,0.4982309,0,4
r-steady90-long,base,routing,least_outstanding,17,95cf9301c3ae,0,8888,8885,0,0,0,3,0.00033753375,13.462121,1.7455337,0.24861427,0.49523178,1,0.17262788,0.49722854,0.67953056,0.040416238,0.049523178,0.055005391,70.782733,0.031622777,0.1,0,0,0.050567063,0.22939662,0,0,0.73333333,0.99278836,0.52695631,0,4
r-steady90-long,base,routing,least_outstanding,18,de9d52f10cc9,0,8835,8834,0,0,0,1,0.00011318619,13.384848,1.7786764,0.26045819,0.5176523,1,0.17876695,0.52091638,0.75537586,0.042946095,0.05176523,0.059790207,78.140394,0.031622777,0.1,0,0,0.057634565,0.25925687,0,0,0.73333333,0.99321749,0.56515341,0,4
r-steady90-long,base,routing,least_outstanding,19,bc738ac0242c,0,8969,8968,0,0,0,1,0.00011149515,13.587879,1.7667386,0.25356647,0.51261462,1,0.17819573,0.50713294,0.74705507,0.043139997,0.051261462,0.057891206,76.704063,0.031622777,0.1,0,0,0.055798339,0.24999913,0,0,0.73333333,0.99313555,0.55989645,0,4
r-steady90-long,base,routing,least_outstanding,20,40a8c0a98618,0,8919,8919,0,0,0,0,0,13.513636,1.7961539,0.25080988,0.54534398,1,0.1712202,0.50161976,0.71527177,0.039252541,0.054534398,0.061477511,74.885525,0.031622777,0.1,0,0,0.053288657,0.23456671,0,0,0.73333333,0.99630131,0.53625437,0,4
r-steady90-long,base,routing,power_of_two,1,2fbbf30dc5b6,0,8841,8839,0,0,0,2,0.00022621875,13.392424,1.731054,0.26038383,0.46953908,1,0.17483433,0.52076766,0.74870689,0.03898282,0.046953908,0.052885503,69.260522,0.031622777,0.1,0,0,0.058007434,0.26100328,0,0,0.73333333,0.99154597,0.50118172,0,4
r-steady90-long,base,routing,power_of_two,2,927fe3396f5e,0,8847,8846,0,0,0,1,0.00011303267,13.40303,1.807146,0.27581088,0.53076998,1,0.18231518,0.55162176,0.78300558,0.041522248,0.053076998,0.060132972,74.207496,0.031622777,0.1,0,0,0.062765733,0.28146555,0,0,0.73333333,0.98939639,0.56139774,0,4
r-steady90-long,base,routing,power_of_two,3,a2e11c4236fa,0,8788,8786,0,0,0,2,0.00022758307,13.312121,1.7502363,0.26654588,0.48255249,1,0.1767022,0.53309176,0.76355833,0.039691376,0.048255249,0.054832848,70.699389,0.031622777,0.1,0,0,0.060344017,0.27719757,0,0,0.73333333,0.99651389,0.50947058,0,4
r-steady90-long,base,routing,power_of_two,4,fed45273a8b5,0,8979,8978,0,0,0,1,0.00011137098,13.60303,1.7594,0.272284,0.48655919,1,0.17653538,0.54456799,0.77264968,0.039582812,0.048655919,0.055974909,69.529962,0.031622777,0.1,0,0,0.061884151,0.29389026,0,0,0.73333333,0.9916497,0.5042868,0,4
r-steady90-long,base,routing,power_of_two,5,589c43539cf4,0,8889,8876,0,0,0,13,0.0014624817,13.448485,1.840271,0.28708082,0.54587775,1,0.18880592,0.57416165,0.82843557,0.043484111,0.054587775,0.060687275,80.903482,0.039810717,0.1,0,0,0.068216425,0.30939804,0,0,0.73333333,0.99893401,0.59748753,0,4
r-steady90-long,base,routing,power_of_two,6,8eb8d771adba,0,8778,8770,0,0,0,8,0.00091136933,13.287879,1.7878058,0.27615595,0.50709296,1,0.18515143,0.55231191,0.8116563,0.04157847,0.050709296,0.058097467,76.201824,0.031622777,0.1,0,0,0.064542874,0.28839438,0,0,0.73333333,0.99545757,0.55455286,0,4
r-steady90-long,base,routing,power_of_two,7,553b40285136,0,8713,8713,0,0,0,0,0,13.201515,1.7341059,0.2638087,0.47029719,1,0.1727848,0.5276174,0.74115711,0.038307024,0.047029719,0.055223096,68.341486,0.031622777,0.1,0,0,0.057577162,0.26789556,0,0,0.73333333,0.98664026,0.49439385,0,4
r-steady90-long,base,routing,power_of_two,8,ebba6fbdd668,0,8759,8759,0,0,0,0,0,13.271212,1.7509762,0.27023945,0.48073671,1,0.17953826,0.54047891,0.77455962,0.040107049,0.048073671,0.055404401,70.864778,0.031622777,0.1,0,0,0.060837367,0.27579247,0,0,0.73333333,0.99148549,0.52111045,0,4
r-steady90-long,base,routing,power_of_two,9,3d01d4b391f6,0,8798,8798,0,0,0,0,0,13.330303,1.7718806,0.28596105,0.48591955,1,0.18182504,0.57192209,0.78774897,0.040852619,0.048591955,0.056000149,74.070065,0.031622777,0.1,0,0,0.066632802,0.30991389,0,0,0.73333333,0.99196873,0.5304476,0,4
r-steady90-long,base,routing,power_of_two,10,efea7539b636,0,8759,8758,0,0,0,1,0.00011416828,13.269697,1.7561091,0.27526542,0.48027287,1,0.17789392,0.55053084,0.75619461,0.03912916,0.048027287,0.055696369,68.001378,0.031622777,0.1,0,0,0.061464913,0.28391537,0,0,0.73333333,0.99420558,0.49824241,0,4
r-steady90-long,base,routing,power_of_two,11,859e333540d7,0,8943,8943,0,0,0,0,0,13.55,1.7916421,0.27812982,0.51351232,1,0.18167822,0.55625964,0.78505559,0.041578807,0.051351232,0.057587096,74.745844,0.031622777,0.1,0,0,0.06509772,0.29023146,0,0,0.73333333,0.99066554,0.54178433,0,4
r-steady90-long,base,routing,power_of_two,12,8661ef049ef9,0,8649,8647,0,0,0,2,0.00023124061,13.101515,1.7095843,0.26038703,0.44804111,1,0.16993564,0.52077406,0.75123211,0.037457147,0.044804111,0.051104718,66.317584,0.031622777,0.1,0,0,0.057068528,0.26953841,0,0,0.73333333,0.98523906,0.4773693,0,4
r-steady90-long,base,routing,power_of_two,13,1b4f0c6115f6,0,8647,8646,0,0,0,1,0.00011564705,13.1,1.7305224,0.25930457,0.47063963,1,0.17846388,0.51860914,0.72405098,0.038940325,0.047063963,0.053420322,71.744899,0.031622777,0.1,0,0,0.057914065,0.25887048,0,0,0.73333333,0.99470045,0.5041382,0,4
r-steady90-long,base,routing,power_of_two,14,c914a569b447,0,8840,8838,0,0,0,2,0.00022624434,13.390909,1.7788758,0.27497823,0.50276634,1,0.18055906,0.54995647,0.7275576,0.040920598,0.050276634,0.05673606,75.409984,0.031622777,0.1,0,0,0.061047417,0.28260416,0,0,0.73333333,0.99635536,0.55241184,0,4
r-steady90-long,base,routing,power_of_two,15,c6706876805a,0,8780,8780,0,0,0,0,0,13.30303,1.7557097,0.27060785,0.48510184,1,0.17737053,0.54121571,0.73798702,0.039353985,0.048510184,0.055053046,67.343568,0.031622777,0.1,0,0,0.061799131,0.28500082,0,0,0.73333333,0.98341547,0.50483031,0,4
r-steady90-long,base,routing,power_of_two,16,66c4471caaf0,0,8869,8869,0,0,0,0,0,13.437879,1.7448884,0.27324446,0.47164397,1,0.17686603,0.54648893,0.74940985,0.039527901,0.047164397,0.05380928,66.486047,0.031622777,0.1,0,0,0.062314697,0.29036592,0,0,0.73333333,0.99554955,0.49839981,0,4
r-steady90-long,base,routing,power_of_two,17,95cf9301c3ae,0,8888,8887,0,0,0,1,0.00011251125,13.465152,1.7715978,0.27043306,0.50060218,1,0.18067229,0.54086612,0.78629722,0.040425299,0.050060218,0.055842377,70.938615,0.031622777,0.1,0,0,0.063781901,0.28263323,0,0,0.73333333,0.9963111,0.52684372,0,4
r-steady90-long,base,routing,power_of_two,18,de9d52f10cc9,0,8835,8835,0,0,0,0,0,13.386364,1.796086,0.27756365,0.51852231,1,0.18963007,0.5551273,0.77863873,0.042861219,0.051852231,0.05968558,77.757695,0.031622777,0.1,0,0,0.067033499,0.29893111,0,0,0.73333333,0.99645518,0.56523584,0,4
r-steady90-long,base,routing,power_of_two,19,bc738ac0242c,0,8969,8968,0,0,0,1,0.00011149515,13.587879,1.8016605,0.27792697,0.52317601,1,0.18445994,0.55585394,0.80742678,0.042824467,0.052317601,0.059918409,76.559122,0.031622777,0.1,0,0,0.06535471,0.28795255,0,0,0.73333333,0.99332183,0.56024834,0,4
r-steady90-long,base,routing,power_of_two,20,40a8c0a98618,0,8919,8918,0,0,0,1,0.00011212019,13.512121,1.8275533,0.28174844,0.54524429,1,0.17927258,0.56349687,0.82020447,0.039155793,0.054524429,0.06209769,74.807503,0.031622777,0.1,0,0,0.066067784,0.30209818,0,0,0.73333333,0.99682138,0.53625633,0,4
r-steady90-long,base,routing,latency_aware,1,2fbbf30dc5b6,0,8841,8841,0,0,0,0,0.00011310938,13.393939,1.7805279,0.27969986,0.50026251,1,0.18016596,0.55939973,0.78789783,0.040153148,0.050026251,0.058016185,70.063783,0.031622777,0.1,0,0,0.066590144,0.30608059,0,0,0.73333333,0.99605533,0.5061802,0,4
r-steady90-long,base,routing,latency_aware,2,927fe3396f5e,0,8847,8846,0,0,0,1,0.000339098,13.4,1.8847656,0.3120794,0.57099066,1,0.19311789,0.62415881,0.95955323,0.041949196,0.057099066,0.068762412,74.229592,0.031622777,0.1,0,0,0.08122243,0.3519093,0,0,0.73333333,0.99372338,0.56450586,0,4
r-steady90-long,base,routing,latency_aware,3,a2e11c4236fa,0,8788,8788,0,0,0,0,0,13.315152,1.7980275,0.27742176,0.5206057,1,0.18360863,0.55484351,0.78997092,0.040323425,0.05206057,0.060943071,71.268277,0.031622777,0.1,0,0,0.066837693,0.29441607,0,0,0.73333333,0.99783107,0.51260399,0,4
r-steady90-long,base,routing,latency_aware,4,fed45273a8b5,0,8979,8977,0,0,0,2,0.00022274195,13.601515,1.8182466,0.29378072,0.52335215,1,0.18150327,0.58756144,0.82638703,0.040417845,0.052335215,0.062697633,69.794293,0.031622777,0.1,0,0,0.070794761,0.3392342,0,0,0.73333333,0.98967737,0.50786374,0,4
r-steady90-long,base,routing,latency_aware,5,589c43539cf4,0,8889,8874,0,0,0,15,0.0047249409,13.404545,1.9865414,0.34651075,0.61640597,1,0.19805516,0.69302149,1.2502504,0.044116414,0.061640597,0.07261481,81.462261,0.039810717,0.12589254,0,0,0.10284685,0.44485461,0,8,0.73333333,0.99365707,0.60152152,0,4
r-steady90-long,base,routing,latency_aware,6,8eb8d771adba,0,8778,8771,0,0,0,7,0.0012531328,13.283333,1.8762144,0.31729624,0.55265251,1,0.19065542,0.63459249,1.0736711,0.04185739,0.055265251,0.066525843,76.010923,0.031622777,0.1,0,0,0.08422639,0.37286985,0,0,0.73333333,0.99969774,0.55796879,0,4
r-steady90-long,base,routing,latency_aware,7,553b40285136,0,8713,8713,0,0,0,0,0,13.201515,1.7801844,0.27747402,0.5027104,1,0.17891153,0.55494805,0.81610435,0.038844241,0.05027104,0.059275455,68.338967,0.031622777,0.1,0,0,0.065157395,0.29552228,0,0,0.73333333,0.98785173,0.4970558,0,4
r-steady90-long,base,routing,latency_aware,8,ebba6fbdd668,0,8759,8756,0,0,0,3,0.00034250485,13.266667,1.8400507,0.30269755,0.53564065,1,0.18494769,0.60539509,0.90908124,0.040454108,0.053564065,0.06517252,71.343699,0.031622777,0.1,0,0,0.075464053,0.35540355,0,0,0.73333333,0.99426576,0.52545324,0,4
r-steady90-long,base,routing,latency_aware,9,3d01d4b391f6,0,8798,8798,0,0,0,0,0,13.330303,1.8409622,0.31488741,0.52607479,1,0.18633242,0.62977482,0.94689119,0.041464697,0.052607479,0.0629018,73.715462,0.031622777,0.1,0,0,0.078649498,0.36843105,0,0,0.73333333,0.99288105,0.53243026,0,4
r-steady90-long,base,routing,latency_aware,10,efea7539b636,0,8759,8758,0,0,0,1,0.00011416828,13.269697,1.8042835,0.29222121,0.5114914,1,0.18300185,0.58444243,0.84950632,0.039838169,0.05114914,0.059813864,67.809378,0.031622777,0.1,0,0,0.072829565,0.33503965,0,0,0.73333333,0.99150415,0.50149679,0,4
r-steady90-long,base,routing,latency_aware,11,859e333540d7,0,8943,8941,0,0,0,2,0.0002236386,13.54697,1.8490576,0.29515974,0.55277966,1,0.18907894,0.59031948,0.91263304,0.042443553,0.055277966,0.064883406,74.669935,0.031622777,0.1,0,0,0.075500464,0.32761999,0,0,0.73333333,0.99180756,0.54605626,0,4
r-steady90-long,base,routing,latency_aware,12,8661ef049ef9,0,8649,8648,0,0,0,1,0.0001156203,13.10303,1.7544472,0.27215203,0.48171707,1,0.17469485,0.54430406,0.75613592,0.037957983,0.048171707,0.055732926,66.188779,0.031622777,0.1,0,0,0.061539034,0.27668714,0,0,0.73333333,0.98979723,0.48080674,0,4
r-steady90-long,base,routing,latency_aware,13,1b4f0c6115f6,0,8647,8645,0,0,0,2,0.00023129409,13.098485,1.7960012,0.28533584,0.50950892,1,0.18260943,0.57067168,0.87970152,0.039401526,0.050950892,0.0595463,73.015132,0.031622777,0.1,0,0,0.069947207,0.31283063,0,0,0.73333333,0.99380733,0.50681272,0,4
r-steady90-long,base,routing,latency_aware,14,c914a569b447,0,8840,8836,0,0,0,4,0.00045248869,13.387879,1.8507452,0.30338108,0.54510165,1,0.18580085,0.60676215,0.91877702,0.040971235,0.054510165,0.063440545,75.739788,0.031622777,0.1,0,0,0.076645038,0.34710134,0,0,0.73333333,0.99553653,0.55603394,0,4
r-steady90-long,base,routing,latency_aware,15,c6706876805a,0,8780,8779,0,0,0,1,0.00011389522,13.301515,1.7993406,0.28081417,0.51795695,1,0.18253954,0.56162833,0.80281444,0.040142869,0.051795695,0.061518707,68.578407,0.031622777,0.1,0,0,0.067473643,0.29805508,0,0,0.73333333,0.98613386,0.50752064,0,4
r-steady90-long,base,routing,latency_aware,16,66c4471caaf0,0,8869,8868,0,0,0,1,0.00045100913,13.431818,1.8163526,0.29626409,0.51783346,1,0.18535637,0.59252818,0.87339538,0.04004922,0.051783346,0.062117218,67.516885,0.031622777,0.1,0,0,0.07487962,0.33913043,0,0,0.73333333,0.99509411,0.50116135,0,4
r-steady90-long,base,routing,latency_aware,17,95cf9301c3ae,0,8888,8885,0,0,0,3,0.00033753375,13.462121,1.8273319,0.2893451,0.53629912,1,0.18780104,0.57869019,0.85262148,0.040914503,0.053629912,0.062293184,71.126364,0.031622777,0.1,0,0,0.072093733,0.3234199,0,0,0.73333333,0.98901083,0.52950676,0,4
r-steady90-long,base,routing,latency_aware,18,de9d52f10cc9,0,8835,8833,0,0,0,2,0.0012450481,13.369697,1.8923937,0.32331005,0.56285844,1,0.19330096,0.6466201,1.0227735,0.043942851,0.056285844,0.066934999,79.007122,0.031622777,0.1,0,0,0.08785552,0.39186767,0,0,0.73333333,0.99193333,0.57055289,0,4
r-steady90-long,base,routing,latency_aware,19,bc738ac0242c,0,8969,8968,0,0,0,1,0.00011149515,13.587879,1.8451488,0.30320356,0.54138778,1,0.19282774,0.60640711,0.92286883,0.04348252,0.054138778,0.064674161,77.186097,0.031622777,0.1,0,0,0.078674843,0.34947254,0,0,0.73333333,0.99337256,0.56244795,0,4
r-steady90-long,base,routing,latency_aware,20,40a8c0a98618,0,8919,8918,0,0,0,1,0.0022424039,13.483333,1.9535276,0.34583582,0.5964798,1,0.18922783,0.69167163,1.2271017,0.040137095,0.05964798,0.072746784,75.619397,0.031622777,0.12589254,0,0,0.096301465,0.45234656,0,7,0.73333333,0.99604328,0.54109884,0,4
r-steady90-long,base,routing,queue_aware,1,2fbbf30dc5b6,0,8841,8839,0,0,0,2,0.011763375,13.237879,2.3312928,0.74925643,0.52321945,1,0.540687,1.4985129,2.0521672,0.039366646,0.052321945,0.074844587,69.743894,0.031622777,0.1,0,0,0.44197603,1.2806732,0,0,0.73333333,0.99280271,0.50176542,0,4
r-steady90-long,base,routing,queue_aware,2,927fe3396f5e,0,8847,8845,0,0,0,2,0.014355149,13.212121,2.424286,0.78121126,0.571299,1,0.57674261,1.5624225,2.1147416,0.041970972,0.0571299,0.07995793,75.21987,0.031622777,0.1,0,0,0.46551686,1.3274725,0,0,0.73333333,0.9866338,0.56091603,0,4
r-steady90-long,base,routing,queue_aware,3,a2e11c4236fa,0,8788,8786,0,0,0,2,0.0071688666,13.219697,2.2964728,0.73840189,0.52222659,1,0.53246581,1.4768038,1.8925491,0.04021969,0.052222659,0.077361457,71.253408,0.031622777,0.1,0,0,0.43560548,1.2457165,0,0,0.73333333,0.99459641,0.50949549,0,4
r-steady90-long,base,routing,queue_aware,4,fed45273a8b5,0,8979,8979,0,0,0,0,0.014144114,13.412121,2.40149,0.7870507,0.54371876,1,0.54671868,1.5741014,2.136861,0.040091058,0.054371876,0.079823912,70.344927,0.031622777,0.1,0,0,0.45583561,1.3484934,0,0,0.73333333,0.98576077,0.50461553,0,4
r-steady90-long,base,routing,queue_aware,5,589c43539cf4,0,8889,8883,0,0,0,6,0.017662279,13.230303,2.495197,0.80972711,0.59715851,1,0.58032928,1.6194542,2.1941426,0.043817179,0.059715851,0.084398129,82.779287,0.039810717,0.1,0,0,0.48600922,1.3989365,0,0,0.73333333,0.99710382,0.59696041,0,4
r-steady90-long,base,routing,queue_aware,6,8eb8d771adba,0,8778,8771,0,0,0,7,0.016746411,13.077273,2.4518667,0.80313566,0.56499893,1,0.56104768,1.6062713,2.1684976,0.04209627,0.056499893,0.081129718,76.829062,0.031622777,0.1,0,0,0.46263188,1.3752607,0,0,0.73333333,0.99755291,0.55452284,0,4
r-steady90-long,base,routing,queue_aware,7,553b40285136,0,8713,8713,0,0,0,0,0.011706645,13.04697,2.3397639,0.74725409,0.53397654,1,0.52855522,1.4945082,2.0367069,0.038845804,0.053397654,0.080798674,68.139794,0.031622777,0.1,0,0,0.43554751,1.2742281,0,0,0.73333333,0.98580503,0.4943356,0,4
r-steady90-long,base,routing,queue_aware,8,ebba6fbdd668,0,8759,8758,0,0,0,1,0.010046809,13.137879,2.365129,0.78413929,0.53075563,1,0.52594505,1.5682786,1.9994595,0.040386915,0.053075563,0.078172504,72.601954,0.031622777,0.1,0,0,0.43979316,1.3215616,0,0,0.73333333,0.9900759,0.52102468,0,4
r-steady90-long,base,routing,queue_aware,9,3d01d4b391f6,0,8798,8798,0,0,0,0,0.014094112,13.142424,2.382292,0.77320926,0.53861219,1,0.55814436,1.5464185,2.0862744,0.041164269,0.053861219,0.075758018,74.539572,0.031622777,0.1,0,0,0.46172501,1.3231151,0,0,0.73333333,0.99088181,0.53011837,0,4
r-steady90-long,base,routing,queue_aware,10,efea7539b636,0,8759,8757,0,0,0,2,0.012444343,13.106061,2.3324789,0.72915315,0.541104,1,0.53401736,1.4583063,2.0741659,0.039595088,0.0541104,0.075938394,68.679301,0.031622777,0.1,0,0,0.43462679,1.2369535,0,0,0.73333333,0.99000256,0.49834474,0,4
r-steady90-long,base,routing,queue_aware,11,859e333540d7,0,8943,8943,0,0,0,0,0.013641955,13.365152,2.4105243,0.78339917,0.55891535,1,0.57385218,1.5667983,2.1305341,0.042040841,0.055891535,0.079369991,75.030508,0.031622777,0.1,0,0,0.47083402,1.347892,0,0,0.73333333,0.98979595,0.54113037,0,4
r-steady90-long,base,routing,queue_aware,12,8661ef049ef9,0,8649,8647,0,0,0,2,0.0062434964,13.022727,2.2588025,0.72326117,0.50432382,1,0.5177109,1.4465223,1.894325,0.037897584,0.050432382,0.073147647,66.567116,0.031622777,0.1,0,0,0.4138105,1.2205149,0,0,0.73333333,0.98031495,0.47789061,0,4
r-steady90-long,base,routing,queue_aware,13,1b4f0c6115f6,0,8647,8645,0,0,0,2,0.010639528,12.962121,2.3548931,0.76533017,0.53636532,1,0.53254129,1.5306603,2.003985,0.03925247,0.053636532,0.077803945,72.259953,0.031622777,0.1,0,0,0.4395073,1.3052761,0,0,0.73333333,0.99232063,0.50423035,0,4
r-steady90-long,base,routing,queue_aware,14,c914a569b447,0,8840,8835,0,0,0,5,0.015158371,13.190909,2.4138065,0.78451027,0.55350441,1,0.54945039,1.5690205,2.0950685,0.04120242,0.055350441,0.08127497,75.634908,0.031622777,0.1,0,0,0.45907144,1.3598991,0,0,0.73333333,0.9915793,0.55234863,0,4
r-steady90-long,base,routing,queue_aware,15,c6706876805a,0,8780,8779,0,0,0,1,0.010592255,13.162121,2.347688,0.7612899,0.53343679,1,0.54065732,1.5225798,2.008522,0.039755115,0.053343679,0.076570889,68.218202,0.031622777,0.1,0,0,0.44270471,1.289153,0,0,0.73333333,0.98765437,0.50430054,0,4
r-steady90-long,base,routing,queue_aware,16,66c4471caaf0,0,8869,8869,0,0,0,0,0.013643026,13.254545,2.3635384,0.76927631,0.52604698,1,0.54994054,1.5385526,2.1180475,0.039942881,0.052604698,0.07839987,66.845977,0.031622777,0.1,0,0,0.45493125,1.3126083,0,0,0.73333333,0.99249158,0.49835149,0,4
r-steady90-long,base,routing,queue_aware,17,95cf9301c3ae,0,8888,8883,0,0,0,5,0.014176418,13.275758,2.4027219,0.78492783,0.54691199,1,0.57174345,1.5698557,2.085536,0.040806228,0.054691199,0.078670609,70.561268,0.031622777,0.1,0,0,0.46271691,1.3388689,0,0,0.73333333,0.99101147,0.52634246,0,4
r-steady90-long,base,routing,queue_aware,18,de9d52f10cc9,0,8835,8832,0,0,0,3,0.018336163,13.140909,2.4828181,0.81857073,0.57256651,1,0.56758942,1.6371415,2.2063331,0.043352843,0.057256651,0.086354104,77.675783,0.031622777,0.1,0,0,0.47961782,1.4178985,0,0,0.73333333,0.99098751,0.56508114,0,4
r-steady90-long,base,routing,queue_aware,19,bc738ac0242c,0,8969,8968,0,0,0,1,0.023971457,13.263636,2.5244011,0.84077771,0.56376611,1,0.5809964,1.6815554,2.2800428,0.043278497,0.056376611,0.079050032,77.09272,0.031622777,0.1,0,0,0.49246647,1.4556156,0,0,0.73333333,0.99063535,0.56018221,0,4
r-steady90-long,base,routing,queue_aware,20,40a8c0a98618,0,8919,8914,0,0,0,5,0.013790784,13.327273,2.439739,0.78326641,0.58751864,1,0.56721392,1.5665328,2.0554254,0.039886292,0.058751864,0.077875692,74.876118,0.031622777,0.1,0,0,0.46969455,1.3381291,0,0,0.73333333,0.99303383,0.53616005,0,4
r-steady90-long,base,routing,queue_aware_corrected,1,2fbbf30dc5b6,0,8841,8841,0,0,0,0,0,13.395455,1.6809712,0.2159097,0.46506151,1,0.14737318,0.43181941,0.64137674,0.039120798,0.046506151,0.05194949,69.541489,0.031622777,0.1,0,0,0.033996451,0.15302085,0,0,0.73333333,0.99590989,0.50095961,0,4
r-steady90-long,base,routing,queue_aware_corrected,2,927fe3396f5e,0,8847,8847,0,0,0,0,0,13.404545,1.7625988,0.22972636,0.53287241,1,0.15413208,0.45945273,0.67151008,0.041688596,0.053287241,0.060540139,74.592936,0.031622777,0.1,0,0,0.036960122,0.16258438,0,0,0.73333333,0.98925935,0.56065755,0,4
r-steady90-long,base,routing,queue_aware_corrected,3,a2e11c4236fa,0,8788,8785,0,0,0,3,0.0003413746,13.310606,1.6864797,0.21512959,0.46964327,1,0.14790651,0.43025918,0.63993343,0.040010812,0.046964327,0.052567445,70.639008,0.031622777,0.1,0,0,0.033842691,0.15006036,0,0,0.73333333,0.99437839,0.50865574,0,4
r-steady90-long,base,routing,queue_aware_corrected,4,fed45273a8b5,0,8979,8978,0,0,0,1,0.00011137098,13.60303,1.7066417,0.2311827,0.47490214,1,0.1472041,0.46236539,0.65480912,0.039637591,0.047490214,0.053962535,69.518624,0.031622777,0.1,0,0,0.036838919,0.16578881,0,0,0.73333333,0.99320981,0.50383149,0,4
r-steady90-long,base,routing,queue_aware_corrected,5,589c43539cf4,0,8889,8882,0,0,0,7,0.00078749016,13.457576,1.7864576,0.23968109,0.54283909,1,0.15723413,0.47936218,0.68153152,0.043701117,0.054283909,0.060376458,81.790003,0.039810717,0.1,0,0,0.040413969,0.1876222,0,0,0.73333333,0.99932296,0.59646127,0,4
r-steady90-long,base,routing,queue_aware_corrected,6,8eb8d771adba,0,8778,8772,0,0,0,6,0.000683527,13.290909,1.7317605,0.22679478,0.50154813,1,0.15387891,0.45358956,0.65021856,0.041697403,0.050154813,0.056676101,76.664405,0.031622777,0.1,0,0,0.036278096,0.15974155,0,0,0.73333333,0.99976562,0.55392806,0,4
r-steady90-long,base,routing,queue_aware_corrected,7,553b40285136,0,8713,8713,0,0,0,0,0,13.201515,1.6870567,0.21968747,0.46736922,1,0.14526534,0.43937494,0.64238441,0.038281956,0.046736922,0.053679947,68.4427,0.031622777,0.1,0,0,0.033169231,0.14403338,0,0,0.73333333,0.98791718,0.49412531,0,4
r-steady90-long,base,routing,queue_aware_corrected,8,ebba6fbdd668,0,8759,8758,0,0,0,1,0.00011416828,13.269697,1.7059372,0.22733325,0.47803306,1,0.1496712,0.4546665,0.64383149,0.040246348,0.047803306,0.054037265,71.141444,0.031622777,0.1,0,0,0.034907386,0.15190193,0,0,0.73333333,0.99148761,0.52091339,0,4
r-steady90-long,base,routing,queue_aware_corrected,9,3d01d4b391f6,0,8798,8798,0,0,0,0,0,13.330303,1.7178375,0.23375466,0.48408279,1,0.1512428,0.46750932,0.65839402,0.041039416,0.048408279,0.055415725,74.337532,0.031622777,0.1,0,0,0.037008739,0.17200019,0,0,0.73333333,0.99412944,0.529758,0,4
r-steady90-long,base,routing,queue_aware_corrected,10,efea7539b636,0,8759,8759,0,0,0,0,0,13.271212,1.7087484,0.23315634,0.47559205,1,0.14795748,0.46631268,0.65375994,0.039300744,0.047559205,0.053134341,68.583303,0.031622777,0.1,0,0,0.035697958,0.16431295,0,0,0.73333333,0.99128493,0.49793416,0,4
r-steady90-long,base,routing,queue_aware_corrected,11,859e333540d7,0,8943,8941,0,0,0,2,0.0002236386,13.54697,1.7331995,0.23057269,0.50150861,1,0.15267052,0.46114539,0.66872348,0.041771604,0.050150861,0.056465734,74.075838,0.031622777,0.1,0,0,0.038016615,0.17059472,0,0,0.73333333,0.9863605,0.54098553,0,4
r-steady90-long,base,routing,queue_aware_corrected,12,8661ef049ef9,0,8649,8648,0,0,0,1,0.0001156203,13.10303,1.6697949,0.22446207,0.44475469,1,0.14349322,0.44892414,0.63839897,0.037576753,0.044475469,0.049816278,66.347985,0.031622777,0.1,0,0,0.033457275,0.14980182,0,0,0.73333333,0.99196552,0.47727119,0,4
r-steady90-long,base,routing,queue_aware_corrected,13,1b4f0c6115f6,0,8647,8647,0,0,0,0,0,13.101515,1.6900105,0.22297287,0.46703767,1,0.14914122,0.44594574,0.6436956,0.038882638,0.046703767,0.052799742,71.819285,0.031622777,0.1,0,0,0.034204431,0.15328773,0,0,0.73333333,0.99546446,0.50362893,0,4
r-steady90-long,base,routing,queue_aware_corrected,14,c914a569b447,0,8840,8838,0,0,0,2,0.00022624434,13.390909,1.7327337,0.23030923,0.50129323,1,0.15247848,0.46061845,0.66287794,0.040750724,0.050129323,0.056235618,75.214869,0.031622777,0.1,0,0,0.03737889,0.17078448,0,0,0.73333333,0.9948691,0.55148042,0,4
r-steady90-long,base,routing,queue_aware_corrected,15,c6706876805a,0,8780,8780,0,0,0,0,0,13.30303,1.7056683,0.22708055,0.47858777,1,0.14962888,0.4541611,0.65729904,0.039475743,0.047858777,0.053632421,67.838179,0.031622777,0.1,0,0,0.036177493,0.16340577,0,0,0.73333333,0.99346723,0.50375641,0,4
r-steady90-long,base,routing,queue_aware_corrected,16,66c4471caaf0,0,8869,8869,0,0,0,0,0,13.437879,1.6954205,0.22678654,0.468634,1,0.1494462,0.45357307,0.64348403,0.039779094,0.0468634,0.052603554,66.39736,0.031622777,0.1,0,0,0.036720599,0.16891255,0,0,0.73333333,0.9932466,0.49789081,0,4
r-steady90-long,base,routing,queue_aware_corrected,17,95cf9301c3ae,0,8888,8887,0,0,0,1,0.00011251125,13.465152,1.7314836,0.23176774,0.4991533,1,0.15155647,0.46353548,0.6596839,0.040450455,0.04991533,0.055627532,70.926178,0.031622777,0.1,0,0,0.037809615,0.17256381,0,0,0.73333333,0.99393861,0.52648339,0,4
r-steady90-long,base,routing,queue_aware_corrected,18,de9d52f10cc9,0,8835,8834,0,0,0,1,0.00011318619,13.384848,1.7487012,0.23876845,0.50936681,1,0.157722,0.47753689,0.67348059,0.04319856,0.050936681,0.058303002,78.078397,0.031622777,0.1,0,0,0.040668628,0.18832461,0,0,0.73333333,0.99511378,0.56466131,0,4
r-steady90-long,base,routing,queue_aware_corrected,19,bc738ac0242c,0,8969,8967,0,0,0,2,0.0002229903,13.586364,1.7463519,0.23642605,0.50881087,1,0.15808814,0.47285211,0.67688108,0.043336868,0.050881087,0.057546163,76.326723,0.031622777,0.1,0,0,0.040177443,0.18433613,0,0,0.73333333,0.99169395,0.55963345,0,4
r-steady90-long,base,routing,queue_aware_corrected,20,40a8c0a98618,0,8919,8915,0,0,0,4,0.00044848077,13.507576,1.7730601,0.22945395,0.54136377,1,0.1518311,0.45890789,0.67331846,0.03938909,0.054136377,0.060012552,74.286186,0.031622777,0.1,0,0,0.038853897,0.18286559,0,0,0.73333333,0.99409661,0.53569419,0,4
r-steady90-long,base,routing,capacity_weighted,1,2fbbf30dc5b6,0,8841,8839,0,0,0,2,0.035177016,12.924242,2.100054,0.33698143,0.58718744,1,0.14880991,0.67396286,8.1634346,0.037010832,0.058718744,0.065343977,75.1758,0.031622777,0.12589254,0,0,0.25200182,0.39193248,0,55,0.73333333,0.99459344,0.52923464,0,4
r-steady90-long,base,routing,capacity_weighted,2,927fe3396f5e,0,8847,8842,0,0,0,5,0.15022041,11.390909,7.9955257,5.6040137,0.64040987,1,0.16807119,11.208027,12.780997,0.041896803,0.064040987,0.071683516,81.227384,0.039810717,0.12589254,0,0,1.3341401,11.002673,0,154,0.73333333,0.98940009,0.58968589,0,4
r-steady90-long,base,routing,capacity_weighted,3,a2e11c4236fa,0,8788,8780,0,0,0,8,0.00091033227,13.30303,1.7352392,0.20836009,0.52232742,1,0.14373939,0.41672019,0.62182512,0.039638455,0.052232742,0.056548623,71.844888,0.031622777,0.1,0,0,0.030370809,0.12935296,0,0,0.73333333,0.98909509,0.5211724,0,4
r-steady90-long,base,routing,capacity_weighted,4,fed45273a8b5,0,8979,8974,0,0,0,5,0.022496937,13.298485,1.968372,0.29034074,0.56554659,1,0.14612522,0.58068149,3.1241401,0.03901637,0.056554659,0.06287484,72.28434,0.031622777,0.12589254,0,0,0.10871,0.28616819,0,40,0.73333333,0.98852307,0.51848052,0,4
r-steady90-long,base,routing,capacity_weighted,5,589c43539cf4,0,8889,8868,0,0,0,21,0.10608617,12.039394,10.074283,7.9188687,0.62498315,1,0.16082867,15.837737,18.273024,0.043124497,0.062498315,0.068348052,85.611796,0.039810717,0.12589254,0,0,1.4641121,15.608479,0,103,0.73333333,0.99880557,0.60600405,0,4
r-steady90-long,base,routing,capacity_weighted,6,8eb8d771adba,0,8778,8770,0,0,0,8,0.020847573,13.022727,1.9380466,0.25466118,0.57914751,1,0.15132114,0.50932235,3.8429362,0.040114197,0.057914751,0.064177336,78.39585,0.031622777,0.12589254,0,0,0.10898134,0.21308626,0,30,0.73333333,0.99905444,0.56861303,0,4
r-steady90-long,base,routing,capacity_weighted,7,553b40285136,0,8713,8710,0,0,0,3,0.0003443131,13.19697,1.7465292,0.21605588,0.5287518,1,0.14429843,0.43211176,0.61012127,0.040653199,0.05287518,0.058060321,73.165013,0.031622777,0.1,0,0,0.030470463,0.12772556,0,0,0.73333333,0.98624327,0.52140453,0,4
r-steady90-long,base,routing,capacity_weighted,8,ebba6fbdd668,0,8759,8752,0,0,0,7,0.053088252,12.566667,3.058364,1.194745,0.59817771,1,0.15050428,2.38949,6.6478303,0.039238122,0.059817771,0.065568394,73.912911,0.031622777,0.12589254,0,0,0.26507912,2.1620301,0,42,0.73333333,0.98530061,0.53623826,0,4
r-steady90-long,base,routing,capacity_weighted,9,3d01d4b391f6,0,8798,8796,0,0,0,2,0.00022732439,13.327273,1.7938244,0.231751,0.56093674,1,0.14865512,0.46350199,0.67306991,0.039845264,0.056093674,0.062280445,75.842535,0.031622777,0.1,0,0,0.035637574,0.15772664,0,0,0.73333333,0.98664869,0.54526588,0,4
r-steady90-long,base,routing,capacity_weighted,10,efea7539b636,0,8759,8756,0,0,0,3,0.00034250485,13.266667,1.7609324,0.22670126,0.53251862,1,0.14509564,0.45340252,0.65051814,0.039053897,0.053251862,0.058257521,69.015131,0.031622777,0.1,0,0,0.032784,0.14621892,0,0,0.73333333,0.98978906,0.5089393,0,4
r-steady90-long,base,routing,capacity_weighted,11,859e333540d7,0,8943,8943,0,0,0,0,0.0014536509,13.530303,1.7904472,0.23911351,0.54406544,1,0.1488559,0.47822701,0.79096791,0.04109139,0.054406544,0.060710919,75.612362,0.031622777,0.1,0,0,0.043533616,0.17831343,0,11,0.73333333,0.994006,0.55054929,0,4
r-steady90-long,base,routing,capacity_weighted,12,8661ef049ef9,0,8649,8647,0,0,0,2,0.00034686091,13.1,1.7565325,0.21862285,0.53617537,1,0.14171425,0.43724569,0.64672458,0.038572281,0.053617537,0.058924541,69.582051,0.031622777,0.1,0,0,0.032113436,0.1323429,0,2,0.73333333,0.98841739,0.50213737,0,4
r-steady90-long,base,routing,capacity_weighted,13,1b4f0c6115f6,0,8647,8645,0,0,0,2,0.00023129409,13.098485,1.7178218,0.2129079,0.50375745,1,0.14502654,0.42581579,0.60838525,0.039876854,0.050375745,0.05561148,72.760134,0.031622777,0.1,0,0,0.030070757,0.12897447,0,0,0.73333333,0.99409544,0.51587216,0,4
r-steady90-long,base,routing,capacity_weighted,14,c914a569b447,0,8840,8830,0,0,0,10,0.037895928,12.886364,2.5963196,0.7941888,0.61265121,1,0.15714123,1.5883776,3.6239404,0.041612944,0.061265121,0.067623709,81.001134,0.039810717,0.12589254,0,0,0.1850307,1.3668221,0,85,0.73333333,0.99469632,0.59231851,0,4
r-steady90-long,base,routing,capacity_weighted,15,c6706876805a,0,8780,8779,0,0,0,1,0.00011389522,13.301515,1.727936,0.2173546,0.51001195,1,0.14468395,0.4347092,0.64012308,0.039598672,0.051001195,0.05746956,68.83343,0.031622777,0.1,0,0,0.031738244,0.13759313,0,0,0.73333333,0.98870102,0.51256913,0,4
r-steady90-long,base,routing,capacity_weighted,16,66c4471caaf0,0,8869,8868,0,0,0,1,0.00011275228,13.436364,1.7851971,0.23168932,0.55294405,1,0.14659047,0.46337865,0.65903755,0.040036563,0.055294405,0.060118004,69.215644,0.031622777,0.12589254,0,0,0.03589023,0.1675236,0,4,0.73333333,0.99249901,0.51906758,0,4
r-steady90-long,base,routing,capacity_weighted,17,95cf9301c3ae,0,8888,8882,0,0,0,6,0.011363636,13.313636,1.8693583,0.24818098,0.56435911,1,0.14822999,0.49636195,2.1954977,0.0399802,0.056435911,0.061929552,72.486991,0.031622777,0.12589254,0,0,0.097721927,0.20276989,0,33,0.73333333,0.99379409,0.54080207,0,4
r-steady90-long,base,routing,capacity_weighted,18,de9d52f10cc9,0,8835,8834,0,0,0,1,0.00022637238,13.383333,1.8126946,0.2414573,0.57010544,1,0.15424169,0.48291459,0.70110655,0.043564396,0.057010544,0.06343921,77.533291,0.039810717,0.12589254,0,0,0.040017171,0.18073068,0,8,0.73333333,0.99659162,0.58011907,0,4
r-steady90-long,base,routing,capacity_weighted,19,bc738ac0242c,0,8969,8965,0,0,0,4,0.0014494369,13.569697,1.8178242,0.23890192,0.57167512,1,0.15436997,0.47780384,0.73699194,0.043022705,0.057167512,0.062996856,78.330116,0.039810717,0.12589254,0,0,0.042052286,0.18030444,0,8,0.73333333,0.98869003,0.57758276,0,4
r-steady90-long,base,routing,capacity_weighted,20,40a8c0a98618,0,8919,8912,0,0,0,7,0.02926337,13.118182,2.0416577,0.33307936,0.56226151,1,0.15012471,0.66615871,12.429855,0.0406231,0.056226151,0.062682408,74.906434,0.031622777,0.12589254,0,0,0.30239692,0.38395356,0,46,0.73333333,0.99247898,0.54337774,0,4
r-steady90-long,base,routing,oracle_jsq,1,2fbbf30dc5b6,0,8841,8841,0,0,0,0,0,13.395455,1.7247567,0.20420047,0.52055619,1,0.15282202,0.40840094,0.59098089,0.039462745,0.052055619,0.061129375,70.852126,0.031622777,0.1,0,0,0.033503708,0.12482376,0,0,0.73333333,0.99185868,0.50935223,0,4
r-steady90-long,base,routing,oracle_jsq,2,927fe3396f5e,0,8847,8847,0,0,0,0,0.0012433593,13.387879,1.8329218,0.2310724,0.59563262,1,0.16097667,0.4621448,0.7955577,0.042839672,0.059563262,0.068372076,75.221638,0.031622777,0.1,0,0,0.047851752,0.15872232,0,5,0.73333333,0.99245947,0.57016511,0,4
r-steady90-long,base,routing,oracle_jsq,3,a2e11c4236fa,0,8788,8787,0,0,0,1,0.00011379153,13.313636,1.7255464,0.20053921,0.52443827,1,0.15402705,0.40107841,0.57938504,0.039988416,0.052443827,0.060613491,70.819118,0.031622777,0.1,0,0,0.03269791,0.11461749,0,0,0.73333333,0.99664444,0.51610998,0,4
r-steady90-long,base,routing,oracle_jsq,4,fed45273a8b5,0,8979,8978,0,0,0,1,0.00011137098,13.60303,1.7339164,0.20543303,0.52792653,1,0.15495347,0.41086605,0.60448009,0.040791803,0.052792653,0.061831184,69.812461,0.031622777,0.1,0,0,0.034160604,0.13316724,0,0,0.73333333,0.99077009,0.51094634,0,4
r-steady90-long,base,routing,oracle_jsq,5,589c43539cf4,0,8889,8883,0,0,0,6,0.00078749016,13.457576,1.8191001,0.22707088,0.58809178,1,0.16579474,0.45414175,0.6725603,0.044699938,0.058809178,0.069436827,83.796117,0.039810717,0.1,0,0,0.041970122,0.16711219,0,0,0.73333333,0.9993257,0.60530205,0,4
r-steady90-long,base,routing,oracle_jsq,6,8eb8d771adba,0,8778,8771,0,0,0,7,0.00079744817,13.289394,1.7911414,0.2171791,0.56997505,1,0.16063509,0.43435819,0.62291953,0.042248969,0.056997505,0.065231842,77.239651,0.031622777,0.1,0,0,0.036414143,0.13968523,0,0,0.73333333,0.99976439,0.56352793,0,4
r-steady90-long,base,routing,oracle_jsq,7,553b40285136,0,8713,8713,0,0,0,0,0,13.201515,1.7196424,0.20088857,0.5187538,1,0.15203153,0.40177715,0.58356639,0.039109637,0.05187538,0.061283391,68.646278,0.031622777,0.1,0,0,0.032331837,0.11780276,0,0,0.73333333,0.9878962,0.50152679,0,4
r-steady90-long,base,routing,oracle_jsq,8,ebba6fbdd668,0,8759,8758,0,0,0,1,0.00011416828,13.269697,1.7279437,0.2118276,0.51554528,1,0.15407524,0.42365521,0.61337778,0.041055737,0.051554528,0.061780554,71.255099,0.031622777,0.1,0,0,0.033742926,0.12746438,0,0,0.73333333,0.99499162,0.52691566,0,4
r-steady90-long,base,routing,oracle_jsq,9,3d01d4b391f6,0,8798,8798,0,0,0,0,0,13.330303,1.7611229,0.21722338,0.54389951,1,0.15716895,0.43444676,0.62949105,0.041571134,0.054389951,0.065907125,73.523597,0.031622777,0.1,0,0,0.036030576,0.14386157,0,0,0.73333333,0.99392482,0.53733762,0,4
r-steady90-long,base,routing,oracle_jsq,10,efea7539b636,0,8759,8759,0,0,0,0,0,13.271212,1.7363386,0.21189558,0.52444298,1,0.15444765,0.42379116,0.60363963,0.040053667,0.052444298,0.061580834,68.178677,0.031622777,0.1,0,0,0.03395847,0.13451714,0,0,0.73333333,0.99271088,0.50616679,0,4
r-steady90-long,base,routing,oracle_jsq,11,859e333540d7,0,8943,8943,0,0,0,0,0,13.55,1.7953189,0.20822865,0.58709029,1,0.15786534,0.4164573,0.62631205,0.042552186,0.058709029,0.066928479,74.530959,0.031622777,0.12589254,0,0,0.035351929,0.12912984,0,2,0.73333333,0.99053793,0.55205972,0,4
r-steady90-long,base,routing,oracle_jsq,12,8661ef049ef9,0,8649,8648,0,0,0,1,0.0001156203,13.10303,1.7148142,0.20278446,0.51145163,1,0.14917375,0.40556893,0.57635696,0.038226917,0.051145163,0.060385176,66.392391,0.031622777,0.1,0,0,0.030324997,0.10704694,0,0,0.73333333,0.98893509,0.48570896,0,4
r-steady90-long,base,routing,oracle_jsq,13,1b4f0c6115f6,0,8647,8645,0,0,0,2,0.00023129409,13.098485,1.744778,0.21135135,0.53227015,1,0.15470059,0.42270271,0.5928122,0.039167061,0.053227015,0.061088902,73.186697,0.031622777,0.1,0,0,0.03432171,0.1355296,0,0,0.73333333,0.99175863,0.51043885,0,4
r-steady90-long,base,routing,oracle_jsq,14,c914a569b447,0,8840,8838,0,0,0,2,0.00022624434,13.390909,1.7626304,0.21636148,0.54513772,1,0.15809243,0.43272295,0.60118737,0.041456083,0.054513772,0.063766761,74.562101,0.031622777,0.1,0,0,0.035368687,0.13296567,0,0,0.73333333,0.99704738,0.55865794,0,4
r-steady90-long,base,routing,oracle_jsq,15,c6706876805a,0,8780,8780,0,0,0,0,0,13.30303,1.7661033,0.21267902,0.55342432,1,0.15609417,0.42535803,0.61299935,0.040520061,0.055342432,0.066230975,69.324107,0.031622777,0.1,0,0,0.034640013,0.13245218,0,0,0.73333333,0.98817145,0.51482674,0,4
r-steady90-long,base,routing,oracle_jsq,16,66c4471caaf0,0,8869,8869,0,0,0,0,0,13.437879,1.7477218,0.21337509,0.53434674,1,0.15508045,0.42675017,0.61204857,0.040581949,0.053434674,0.062939042,67.206509,0.031622777,0.1,0,0,0.034921509,0.13730193,0,0,0.73333333,0.98696351,0.50776857,0,4
r-steady90-long,base,routing,oracle_jsq,17,95cf9301c3ae,0,8888,8887,0,0,0,1,0.00011251125,13.465152,1.7673826,0.21337827,0.55344173,1,0.15709018,0.42675654,0.6245799,0.041616775,0.055344173,0.064340486,71.076618,0.031622777,0.1,0,0,0.034774294,0.12872536,0,0,0.73333333,0.99388155,0.53503097,0,4
r-steady90-long,base,routing,oracle_jsq,18,de9d52f10cc9,0,8835,8835,0,0,0,0,0,13.386364,1.8102642,0.23055876,0.57970543,1,0.1642693,0.46111752,0.66691517,0.043743779,0.057970543,0.068533188,76.649893,0.031622777,0.1,0,0,0.040953487,0.16580661,0,0,0.73333333,0.99345408,0.57277315,0,4
r-steady90-long,base,routing,oracle_jsq,19,bc738ac0242c,0,8969,8968,0,0,0,1,0.00011149515,13.587879,1.7779274,0.21798991,0.55938002,1,0.16338515,0.43597982,0.62549092,0.043616061,0.055938002,0.064877501,76.945801,0.031622777,0.1,0,0,0.03777508,0.15003178,0,0,0.73333333,0.99417074,0.56618192,0,4
r-steady90-long,base,routing,oracle_jsq,20,40a8c0a98618,0,8919,8918,0,0,0,1,0.00022424039,13.510606,1.783885,0.21047457,0.57228924,1,0.15670656,0.42094914,0.63655791,0.041209581,0.057228924,0.066457484,73.945748,0.031622777,0.1,0,0,0.035867673,0.1384908,0,2,0.73333333,0.99512362,0.54378458,0,4
r-bursty-short,base,routing,random,1,2a66888efa3c,0,32587,32587,0,0,0,0,0.41111486,29.075758,10.455658,7.0751939,0.32489013,1,0.23525647,14.150388,18.342889,0.028146159,0.032489013,0.035909704,28.83593,0.025118864,0.1,0,0,3.3803358,14.10782,0,0,0.73333333,0.93231554,0.14444666,0,4
r-bursty-short,base,routing,random,2,e291f177546d,0,25361,25361,0,0,0,0,0.070856827,35.70303,3.1067436,1.4287291,0.32373034,1,0.04868158,2.8574582,5.5368237,0.023320179,0.032373034,0.03671844,20.224385,0.019952623,0.1,0,0,0.39361553,2.8175853,0,0,0.73333333,0.94561399,0.095315285,0,4
r-bursty-short,base,routing,random,3,189a5d5b3d98,0,33165,33165,0,0,0,0,0.45418363,27.427273,17.870546,14.276026,0.32360183,1,1.2107329,28.552051,34.004257,0.028459959,0.032360183,0.036186785,39.175008,0.025118864,0.1,0,0,6.668796,28.505958,0,0,0.73333333,0.97482878,0.1487558,0,4
r-bursty-short,base,routing,random,4,d7c49f910969,0,24475,24475,0,0,0,0,0.20335036,29.542424,6.4862799,4.1511458,0.31838231,1,0.053308228,8.3022916,12.637814,0.023094757,0.031838231,0.03574595,22.891332,0.019952623,0.1,0,0,1.3012879,8.262199,0,0,0.73333333,0.93616766,0.091739892,0,4
r-bursty-short,base,routing,random,5,0cd4cb7c0d06,0,27480,27480,0,0,0,0,0.39585153,25.154545,11.978486,8.6771289,0.32209904,1,0.15344639,17.354258,25.543915,0.027615472,0.032209904,0.035531962,30.423344,0.025118864,0.1,0,0,3.8704777,17.312592,0,0,0.73333333,0.94043287,0.11590531,0,4
r-bursty-short,base,routing,random,6,807c61ed1b25,0,37079,37079,0,0,0,0,0.72181019,15.628788,27.400948,22.465157,0.32674022,1,10.867658,44.930314,61.760412,0.029408842,0.032674022,0.035858859,60.852862,0.025118864,0.1,0,0,16.286303,44.878215,0,0,0.73333333,0.93529813,0.18702796,0,4
r-bursty-short,base,routing,random,7,637db0cd68c9,0,31164,31164,0,0,0,0,0.63287768,17.334848,16.431803,11.938899,0.32851586,1,9.280202,23.877797,27.971837,0.029117093,0.032851586,0.036135626,38.077093,0.025118864,0.1,0,0,9.5832763,23.831958,0,0,0.73333333,0.96696179,0.14050613,0,4
r-bursty-short,base,routing,random,8,0d561b6a1bd5,0,23141,23141,0,0,0,0,0.206603,27.818182,6.7238025,4.3705939,0.32019359,1,0.050099907,8.7411878,13.078767,0.021089267,0.032019359,0.035880928,22.884564,0.019952623,0.1,0,0,1.4189494,8.6853916,0,0,0.73333333,0.92849268,0.086627353,0,4
r-bursty-short,base,routing,random,9,ba4a0b39ee3a,0,25864,25864,0,0,0,0,0.19428549,31.574242,9.646328,7.3538995,0.32100098,1,0.052394637,14.707799,18.686903,0.023322406,0.032100098,0.036056907,25.367173,0.019952623,0.1,0,0,2.0384758,14.666623,0,0,0.73333333,0.93556672,0.097847909,0,4
r-bursty-short,base,routing,random,10,44638295d90f,0,32431,32431,0,0,0,0,0.52875335,23.156061,20.733477,16.761878,0.32783274,1,2.825037,33.523755,38.962806,0.028821436,0.032783274,0.036264697,42.55189,0.025118864,0.1,0,0,8.1001747,33.474194,0,0,0.73333333,0.94828173,0.14353454,0,4
r-bursty-short,base,routing,random,11,d7a14143f3d7,0,27495,27495,0,0,0,0,0.23371522,31.922727,5.9863014,3.4904791,0.32724623,1,0.07283911,6.9809581,9.2167447,0.026847441,0.032724623,0.037475831,24.014166,0.025118864,0.1,0,0,1.3361849,6.9435915,0,0,0.73333333,0.93574356,0.11506722,0,4
r-bursty-short,base,routing,random,12,e359d7c7170a,0,29633,29633,0,0,0,0,0.39847467,27.007576,9.2472532,5.9314784,0.32340141,1,0.19101631,11.862957,14.799859,0.027979749,0.032340141,0.035965827,27.123499,0.025118864,0.1,0,0,2.9789632,11.805837,0,0,0.73333333,0.92972718,0.12596077,0,4
r-bursty-short,base,routing,random,13,40bb84b1e99e,0,24055,24055,0,0,0,0,0.10629807,32.572727,3.6107519,1.7590225,0.32023913,1,0.05089198,3.518045,6.1321334,0.022849108,0.032023913,0.03495181,21.305817,0.019952623,0.1,0,0,0.57178414,3.4779826,0,0,0.73333333,0.94926563,0.091602128,0,4
r-bursty-short,base,routing,random,14,f85d99038fc6,0,28023,28023,0,0,0,0,0.3046783,29.522727,8.6927958,5.8503376,0.31906667,1,0.10964101,11.700675,15.935566,0.027366966,0.031906667,0.03503166,26.035449,0.025118864,0.1,0,0,2.2683774,11.661772,0,0,0.73333333,0.9481828,0.11559278,0,4
r-bursty-short,base,routing,random,15,9708578bfd95,0,30001,30001,0,0,0,0,0.37272091,28.513636,9.2687411,6.0836336,0.321503,1,0.11112163,12.167267,14.855666,0.027533915,0.0321503,0.035764906,27.472858,0.025118864,0.1,0,0,2.9210696,12.130093,0,0,0.73333333,0.93325155,0.12781732,0,4
r-bursty-short,base,routing,random,16,5eb3b03c1367,0,31210,31210,0,0,0,0,0.32217238,32.05303,8.5763111,5.636942,0.32850721,1,0.15060539,11.273884,17.96031,0.028238977,0.032850721,0.036528349,26.720739,0.025118864,0.1,0,0,2.404222,11.230245,0,0,0.73333333,0.94963036,0.13198495,0,4
r-bursty-short,base,routing,random,17,730a49ea27de,0,28132,28132,0,0,0,0,0.42780464,24.389394,15.64153,12.176745,0.32576187,1,0.44985517,24.353489,28.747467,0.028122765,0.032576187,0.036466257,35.279021,0.025118864,0.1,0,0,6.349976,24.31564,0,0,0.73333333,0.92938722,0.11955376,0,4
r-bursty-short,base,routing,random,18,e4fae4527abd,0,35803,35803,0,0,0,0,0.55615451,24.077273,14.237249,10.128545,0.32793226,1,3.1184518,20.257089,24.235099,0.029107898,0.032793226,0.03638962,34.067758,0.025118864,0.1,0,0,6.0084814,20.208003,0,0,0.73333333,0.95181429,0.16820659,0,4
r-bursty-short,base,routing,random,19,e90e2da9908f,0,25802,25802,0,0,0,0,0.16626618,32.593939,4.978002,2.8232514,0.32341966,1,0.054783703,5.6465029,8.2340905,0.0238967,0.032341966,0.035896033,21.925268,0.019952623,0.1,0,0,0.89521357,5.6003006,0,0,0.73333333,0.94120505,0.099161392,0,4
r-bursty-short,base,routing,random,20,9b3cb3b29268,0,27360,27360,0,0,0,0,0.21030702,32.736364,6.1774717,3.802333,0.32360363,1,0.061977669,7.604666,10.566311,0.026168921,0.032360363,0.036240862,24.046955,0.025118864,0.1,0,0,1.2486945,7.5627243,0,0,0.73333333,0.94644077,0.11212895,0,4
r-bursty-short,base,routing,round_robin,1,2a66888efa3c,0,32587,32587,0,0,0,0,0.38880535,30.177273,10.201077,6.9337469,0.32330344,1,0.20741223,13.867494,17.754426,0.028179868,0.032330344,0.035603055,28.768905,0.025118864,0.1,0,0,3.2232681,13.819952,0,0,0.73333333,0.93508787,0.14427506,0,4
r-bursty-short,base,routing,round_robin,2,e291f177546d,0,25361,25361,0,0,0,0,0.076968574,35.468182,3.1126837,1.4072643,0.32057646,1,0.042271324,2.8145287,4.4234219,0.02334071,0.032057646,0.035561463,19.988208,0.019952623,0.1,0,0,0.3606698,2.7728545,0,0,0.73333333,0.94594094,0.094933878,0,4
r-bursty-short,base,routing,round_robin,3,189a5d5b3d98,0,33165,33165,0,0,0,0,0.4511081,27.581818,17.424043,13.846226,0.32227681,1,0.99685317,27.692451,32.318466,0.028435598,0.032227681,0.035507169,38.400208,0.025118864,0.1,0,0,6.5908643,27.64786,0,0,0.73333333,0.97373896,0.14883297,0,4
r-bursty-short,base,routing,round_robin,4,d7c49f910969,0,24475,24475,0,0,0,0,0.18827375,30.101515,6.4813562,4.2244409,0.31554649,1,0.044927531,8.4488818,12.27958,0.023307994,0.031554649,0.034490269,22.700246,0.019952623,0.1,0,0,1.2512864,8.4104411,0,0,0.73333333,0.93550107,0.091522797,0,4
r-bursty-short,base,routing,round_robin,5,0cd4cb7c0d06,0,27480,27480,0,0,0,0,0.38780932,25.489394,11.838702,8.5782378,0.32141784,1,0.13950264,17.156476,22.086477,0.027679829,0.032141784,0.03495538,29.738302,0.025118864,0.1,0,0,3.7850441,17.106084,0,0,0.73333333,0.93979461,0.11593423,0,4
r-bursty-short,base,routing,round_robin,6,807c61ed1b25,0,37079,37079,0,0,0,0,0.71444753,16.042424,28.096927,23.197954,0.32673548,1,10.494407,46.395907,52.33931,0.029384709,0.032673548,0.035810327,56.509684,0.025118864,0.1,0,0,16.111768,46.362842,0,0,0.73333333,0.93416373,0.18664242,0,4
r-bursty-short,base,routing,round_robin,7,637db0cd68c9,0,31164,31164,0,0,0,0,0.6432422,16.845455,15.923716,11.380628,0.32687672,1,9.8592287,22.761256,25.710895,0.029186351,0.032687672,0.035772039,37.406317,0.025118864,0.1,0,0,9.4966476,22.718938,0,0,0.73333333,0.96690772,0.1403805,0,4
r-bursty-short,base,routing,round_robin,8,0d561b6a1bd5,0,23141,23141,0,0,0,0,0.20115812,28.009091,6.5937267,4.2697527,0.31818334,1,0.042745274,8.5395054,13.779222,0.021085781,0.031818334,0.035234416,22.715663,0.019952623,0.1,0,0,1.3809013,8.499059,0,0,0.73333333,0.92647862,0.086401484,0,4
r-bursty-short,base,routing,round_robin,9,ba4a0b39ee3a,0,25864,25864,0,0,0,0,0.18864058,31.795455,9.4530205,7.1907271,0.31909051,1,0.044383218,14.381454,19.057156,0.023305546,0.031909051,0.035195356,25.644778,0.019952623,0.1,0,0,2.0234654,14.330251,0,0,0.73333333,0.934739,0.097579019,0,4
r-bursty-short,base,routing,round_robin,10,44638295d90f,0,32431,32431,0,0,0,0,0.52344979,23.416667,20.788581,16.842804,0.32852807,1,2.5857272,33.685609,40.416727,0.028781428,0.032852807,0.036374582,43.231635,0.025118864,0.1,0,0,8.0786704,33.609987,0,0,0.73333333,0.94848973,0.14338889,0,4
r-bursty-short,base,routing,round_robin,11,d7a14143f3d7,0,27495,27495,0,0,0,0,0.23084197,32.042424,5.7852403,3.3053776,0.3256529,1,0.059235594,6.6107551,8.2039514,0.026892547,0.03256529,0.036125476,24.006666,0.025118864,0.1,0,0,1.2756476,6.5660902,0,0,0.73333333,0.93723025,0.11505514,0,4
r-bursty-short,base,routing,round_robin,12,e359d7c7170a,0,29633,29633,0,0,0,0,0.38990315,27.392424,8.9076029,5.6344666,0.32362047,1,0.13924286,11.268933,15.17943,0.028016279,0.032362047,0.035610592,27.07632,0.025118864,0.1,0,0,2.8846598,11.2188,0,0,0.73333333,0.93108551,0.12595869,0,4
r-bursty-short,base,routing,round_robin,13,40bb84b1e99e,0,24055,24055,0,0,0,0,0.10022864,32.793939,3.4097236,1.5879767,0.32060361,1,0.043483483,3.1759535,6.0019484,0.022928392,0.032060361,0.035294768,21.25816,0.019952623,0.1,0,0,0.53404194,3.1195692,0,0,0.73333333,0.95019799,0.091484457,0,4
r-bursty-short,base,routing,round_robin,14,f85d99038fc6,0,28023,28023,0,0,0,0,0.3025372,29.613636,8.839793,6.0085391,0.31856791,1,0.080966384,12.017078,16.25043,0.027391555,0.031856791,0.034825565,26.106798,0.025118864,0.1,0,0,2.2013781,11.984128,0,0,0.73333333,0.94881046,0.11572409,0,4
r-bursty-short,base,routing,round_robin,15,9708578bfd95,0,30001,30001,0,0,0,0,0.3680544,28.725758,9.0894358,5.9291552,0.32000856,1,0.094856488,11.85831,13.635829,0.027496069,0.032000856,0.035086873,27.323147,0.025118864,0.1,0,0,2.8388891,11.808905,0,0,0.73333333,0.93353741,0.12773466,0,4
r-bursty-short,base,routing,round_robin,16,5eb3b03c1367,0,31210,31210,0,0,0,0,0.32636975,31.854545,8.9428635,5.9827492,0.32826558,1,0.12670327,11.965498,16.498262,0.028134069,0.032826558,0.036340367,26.544187,0.025118864,0.1,0,0,2.3887078,11.914479,0,0,0.73333333,0.94962993,0.13208313,0,4
r-bursty-short,base,routing,round_robin,17,730a49ea27de,0,28132,28132,0,0,0,0,0.41920233,24.756061,15.818472,12.398154,0.32430605,1,0.52861911,24.796308,30.332205,0.028172839,0.032430605,0.035952858,35.988659,0.025118864,0.1,0,0,6.3241461,24.759815,0,0,0.73333333,0.92810402,0.11945256,0,4
r-bursty-short,base,routing,round_robin,18,e4fae4527abd,0,35803,35803,0,0,0,0,0.55816552,23.968182,14.303321,10.184075,0.32841818,1,2.9984655,20.36815,24.721938,0.029101075,0.032841818,0.036222381,34.174381,0.025118864,0.1,0,0,5.9828282,20.325373,0,0,0.73333333,0.95104043,0.1680479,0,4
r-bursty-short,base,routing,round_robin,19,e90e2da9908f,0,25802,25802,0,0,0,0,0.16638245,32.589394,4.8667256,2.7104811,0.32433225,1,0.045648736,5.4209622,8.2606418,0.023737213,0.032433225,0.036058407,21.978745,0.019952623,0.1,0,0,0.86981846,5.3819579,0,0,0.73333333,0.94023447,0.099090045,0,4
r-bursty-short,base,routing,round_robin,20,9b3cb3b29268,0,27360,27360,0,0,0,0,0.20168129,33.093939,5.913653,3.5829212,0.32232536,1,0.051267227,7.1658425,9.9248932,0.026099041,0.032232536,0.035472875,23.75379,0.025118864,0.1,0,0,1.1814833,7.1212331,0,0,0.73333333,0.94620986,0.11173885,0,4
r-bursty-short,base,routing,least_outstanding,1,2a66888efa3c,0,32587,32587,0,0,0,0,0.40657317,29.3,9.8289101,6.4743265,0.32171776,1,0.26567615,12.948653,17.220859,0.028179538,0.032171776,0.035282059,28.411793,0.025118864,0.1,0,0,3.1739627,12.908018,0,0,0.73333333,0.93182578,0.14386973,0,4
r-bursty-short,base,routing,least_outstanding,2,e291f177546d,0,25361,25361,0,0,0,0,0.070580813,35.713636,3.0482762,1.373163,0.32220916,1,0.046445751,2.746326,4.1430724,0.023363718,0.032220916,0.035536042,19.943936,0.019952623,0.1,0,0,0.33470528,2.7086463,0,0,0.73333333,0.94555968,0.094563998,0,4
r-bursty-short,base,routing,least_outstanding,3,189a5d5b3d98,0,33165,33165,0,0,0,0,0.44568069,27.854545,17.049497,13.498282,0.32281175,1,0.97103798,26.996564,30.489525,0.028443122,0.032281175,0.035663748,37.888334,0.025118864,0.1,0,0,6.5284111,26.949905,0,0,0.73333333,0.9750667,0.14856079,0,4
r-bursty-short,base,routing,least_outstanding,4,d7c49f910969,0,24475,24475,0,0,0,0,0.18958121,30.05303,6.4309101,4.1666061,0.31639805,1,0.050444809,8.3332121,11.760085,0.023235538,0.031639805,0.034508853,22.709981,0.019952623,0.1,0,0,1.2274211,8.2988689,0,0,0.73333333,0.93474176,0.091219041,0,4
r-bursty-short,base,routing,least_outstanding,5,0cd4cb7c0d06,0,27480,27480,0,0,0,0,0.38806405,25.478788,11.89978,8.639393,0.32006726,1,0.14054596,17.278786,20.888814,0.027704393,0.032006726,0.034866293,29.454008,0.025118864,0.1,0,0,3.7434832,17.241607,0,0,0.73333333,0.94083096,0.11555829,0,4
r-bursty-short,base,routing,least_outstanding,6,807c61ed1b25,0,37079,37079,0,0,0,0,0.71717144,15.889394,27.659134,22.744806,0.32847096,1,10.967892,45.489611,50.792459,0.029381091,0.032847096,0.036233692,55.532701,0.025118864,0.1,0,0,15.888219,45.445147,0,0,0.73333333,0.93351968,0.18641594,0,4
r-bursty-short,base,routing,least_outstanding,7,637db0cd68c9,0,31164,31164,0,0,0,0,0.64295341,16.859091,15.531284,10.989783,0.32673378,1,10.167067,21.979567,23.327477,0.029102686,0.032673378,0.035842745,37.060238,0.025118864,0.1,0,0,9.453344,21.936734,0,0,0.73333333,0.96576964,0.14019406,0,4
r-bursty-short,base,routing,least_outstanding,8,0d561b6a1bd5,0,23141,23141,0,0,0,0,0.19320686,28.287879,6.5276328,4.2423153,0.31928314,1,0.047321763,8.4846307,12.408336,0.021197707,0.031928314,0.035177336,22.600092,0.019952623,0.1,0,0,1.3420669,8.4361171,0,0,0.73333333,0.9300373,0.085992465,0,4
r-bursty-short,base,routing,least_outstanding,9,ba4a0b39ee3a,0,25864,25864,0,0,0,0,0.18670739,31.871212,9.5261277,7.2742064,0.31838438,1,0.049876693,14.548413,18.394309,0.023397564,0.031838438,0.035700377,25.328155,0.019952623,0.1,0,0,1.9962415,14.508048,0,0,0.73333333,0.93595094,0.097173973,0,4
r-bursty-short,base,routing,least_outstanding,10,44638295d90f,0,32431,32431,0,0,0,0,0.52665659,23.259091,20.476843,16.519246,0.32431376,1,2.7763626,33.038492,37.757156,0.028864273,0.032431376,0.035498517,41.646836,0.025118864,0.1,0,0,7.9807825,32.991337,0,0,0.73333333,0.94763519,0.14307751,0,4
r-bursty-short,base,routing,least_outstanding,11,d7a14143f3d7,0,27495,27495,0,0,0,0,0.22447718,32.307576,5.60001,3.1523735,0.32525065,1,0.068100185,6.304747,7.7894574,0.026859916,0.032525065,0.036404057,23.794903,0.025118864,0.1,0,0,1.2250804,6.2525882,0,0,0.73333333,0.93714825,0.11464837,0,4
r-bursty-short,base,routing,least_outstanding,12,e359d7c7170a,0,29633,29633,0,0,0,0,0.39945331,26.963636,8.5029546,5.182126,0.323562,1,0.14488258,10.364252,13.897009,0.028013173,0.0323562,0.035575737,26.872479,0.025118864,0.1,0,0,2.8414043,10.314192,0,0,0.73333333,0.93095135,0.12557764,0,4
r-bursty-short,base,routing,least_outstanding,13,40bb84b1e99e,0,24055,24055,0,0,0,0,0.088713365,33.213636,3.2948023,1.5318933,0.31934224,1,0.048259568,3.0637865,6.1764273,0.023021952,0.031934224,0.035050207,21.131564,0.019952623,0.1,0,0,0.5058987,3.028211,0,0,0.73333333,0.94972952,0.091164118,0,4
r-bursty-short,base,routing,least_outstanding,14,f85d99038fc6,0,28023,28023,0,0,0,0,0.3003961,29.704545,8.6908175,5.8710012,0.31783584,1,0.10124911,11.742002,15.162336,0.027445897,0.031783584,0.034618199,25.946498,0.025118864,0.1,0,0,2.1689051,11.69019,0,0,0.73333333,0.94812509,0.11537031,0,4
r-bursty-short,base,routing,least_outstanding,15,9708578bfd95,0,30001,30001,0,0,0,0,0.36552115,28.840909,9.0048575,5.857707,0.31954478,1,0.10624375,11.715414,13.42996,0.027514341,0.031954478,0.034845317,27.180968,0.025118864,0.1,0,0,2.7959058,11.670624,0,0,0.73333333,0.93382171,0.1273067,0,4
r-bursty-short,base,routing,least_outstanding,16,5eb3b03c1367,0,31210,31210,0,0,0,0,0.32034604,32.139394,9.0200891,6.0912466,0.32711231,1,0.13047831,12.182493,15.234118,0.028163977,0.032711231,0.036068426,26.434207,0.025118864,0.1,0,0,2.3075988,12.143039,0,0,0.73333333,0.94944537,0.13159914,0,4
r-bursty-short,base,routing,least_outstanding,17,730a49ea27de,0,28132,28132,0,0,0,0,0.41436798,24.962121,15.275868,11.879372,0.32465618,1,0.40952285,23.758744,27.860714,0.028157597,0.032465618,0.035204681,34.879548,0.025118864,0.1,0,0,6.2686177,23.711111,0,0,0.73333333,0.9287085,0.11916626,0,4
r-bursty-short,base,routing,least_outstanding,18,e4fae4527abd,0,35803,35803,0,0,0,0,0.54964668,24.430303,14.072048,9.9942446,0.32957032,1,2.9438662,19.988489,22.993053,0.029053234,0.032957032,0.036767017,33.907068,0.025118864,0.1,0,0,5.8932802,19.95042,0,0,0.73333333,0.9499654,0.16787933,0,4
r-bursty-short,base,routing,least_outstanding,19,e90e2da9908f,0,25802,25802,0,0,0,0,0.16661499,32.580303,4.732251,2.5770338,0.3221422,1,0.05110602,5.1540677,7.5434442,0.023917073,0.03221422,0.035373088,21.880391,0.019952623,0.1,0,0,0.84244815,5.1071783,0,0,0.73333333,0.94087985,0.098693044,0,4
r-bursty-short,base,routing,least_outstanding,20,9b3cb3b29268,0,27360,27360,0,0,0,0,0.19926901,33.193939,5.8333925,3.5132296,0.32381788,1,0.058011736,7.0264591,9.1107412,0.026145283,0.032381788,0.035779426,23.710329,0.025118864,0.1,0,0,1.132889,6.9794684,0,0,0.73333333,0.94504767,0.11155177,0,4
r-bursty-short,base,routing,power_of_two,1,2a66888efa3c,0,32587,32587,0,0,0,0,0.40755516,29.251515,9.8262468,6.4665441,0.32192691,1,0.25039122,12.933088,17.090447,0.028145363,0.032192691,0.035329484,28.319719,0.025118864,0.1,0,0,3.1763635,12.891008,0,0,0.73333333,0.93306648,0.14390074,0,4
r-bursty-short,base,routing,power_of_two,2,e291f177546d,0,25361,25361,0,0,0,0,0.069595048,35.751515,3.0309089,1.3607133,0.32222035,1,0.046617345,2.7214265,4.2252036,0.023396255,0.032222035,0.035930468,19.888593,0.019952623,0.1,0,0,0.33522082,2.6650166,0,0,0.73333333,0.94523944,0.094570086,0,4
r-bursty-short,base,routing,power_of_two,3,189a5d5b3d98,0,33165,33165,0,0,0,0,0.44492688,27.892424,17.156754,13.609175,0.32294496,1,0.93302406,27.218349,30.500571,0.028461656,0.032294496,0.035764339,37.863791,0.025118864,0.1,0,0,6.5330439,27.16697,0,0,0.73333333,0.9735669,0.14851766,0,4
r-bursty-short,base,routing,power_of_two,4,d7c49f910969,0,24475,24475,0,0,0,0,0.18982635,30.043939,6.436886,4.1717418,0.31601242,1,0.05166397,8.3434835,11.801467,0.023216869,0.031601242,0.034705798,22.63897,0.019952623,0.1,0,0,1.2260904,8.2785725,0,0,0.73333333,0.93641038,0.091241743,0,4
r-bursty-short,base,routing,power_of_two,5,0cd4cb7c0d06,0,27480,27480,0,0,0,0,0.38609898,25.560606,12.121478,8.8708351,0.3201479,1,0.14514505,17.74167,20.567177,0.027680057,0.03201479,0.035030454,29.259658,0.025118864,0.1,0,0,3.7562255,17.698775,0,0,0.73333333,0.94009566,0.11560128,0,4
r-bursty-short,base,routing,power_of_two,6,807c61ed1b25,0,37079,37079,0,0,0,0,0.71900537,15.786364,27.698003,22.774288,0.32868829,1,10.858181,45.548575,49.833628,0.02935144,0.032868829,0.036144134,55.288915,0.025118864,0.1,0,0,15.902991,45.503513,0,0,0.73333333,0.93243838,0.18639796,0,4
r-bursty-short,base,routing,power_of_two,7,637db0cd68c9,0,31164,31164,0,0,0,0,0.64227955,16.890909,15.553927,11.014323,0.32820662,1,10.162748,22.028645,24.156503,0.029106908,0.032820662,0.03610543,37.114289,0.025118864,0.1,0,0,9.4679078,21.987846,0,0,0.73333333,0.96575807,0.14014881,0,4
r-bursty-short,base,routing,power_of_two,8,0d561b6a1bd5,0,23141,23141,0,0,0,0,0.19407113,28.257576,6.4310301,4.1423065,0.31836798,1,0.04840982,8.2846129,12.677589,0.021099206,0.031836798,0.034875153,22.698968,0.019952623,0.1,0,0,1.3367088,8.2306848,0,0,0.73333333,0.92644192,0.086004555,0,4
r-bursty-short,base,routing,power_of_two,9,ba4a0b39ee3a,0,25864,25864,0,0,0,0,0.18647541,31.880303,9.568191,7.315886,0.31992796,1,0.051271889,14.631772,18.234187,0.023414966,0.031992796,0.035822191,25.229838,0.019952623,0.1,0,0,1.9953758,14.566352,0,0,0.73333333,0.93706574,0.097176296,0,4
r-bursty-short,base,routing,power_of_two,10,44638295d90f,0,32431,32431,0,0,0,0,0.52946255,23.121212,20.520008,16.547121,0.32557486,1,2.7007248,33.094242,38.243882,0.028860451,0.032557486,0.035791478,41.938808,0.025118864,0.1,0,0,7.9804656,33.06375,0,0,0.73333333,0.94821527,0.14307395,0,4
r-bursty-short,base,routing,power_of_two,11,d7a14143f3d7,0,27495,27495,0,0,0,0,0.22411348,32.322727,5.6126202,3.1685077,0.32354516,1,0.070608011,6.3370154,7.7928552,0.02692194,0.032354516,0.035600999,23.760902,0.025118864,0.1,0,0,1.2232552,6.2930018,0,0,0.73333333,0.9384727,0.11467148,0,4
r-bursty-short,base,routing,power_of_two,12,e359d7c7170a,0,29633,29633,0,0,0,0,0.39948706,26.962121,8.5447337,5.223169,0.32412941,1,0.14951471,10.446338,13.853846,0.027969887,0.032412941,0.035751548,26.777574,0.025118864,0.1,0,0,2.8435746,10.403323,0,0,0.73333333,0.93167827,0.12560698,0,4
r-bursty-short,base,routing,power_of_two,13,40bb84b1e99e,0,24055,24055,0,0,0,0,0.088921222,33.206061,3.3026863,1.5386543,0.31942591,1,0.049135085,3.0773086,6.0005237,0.02291844,0.031942591,0.034738035,21.154716,0.019952623,0.1,0,0,0.50642596,3.04604,0,0,0.73333333,0.9498488,0.091205336,0,4
r-bursty-short,base,routing,power_of_two,14,f85d99038fc6,0,28023,28023,0,0,0,0,0.3013596,29.663636,8.5482862,5.7229777,0.31851055,1,0.10875792,11.445955,15.578651,0.02736928,0.031851055,0.034761148,25.999964,0.025118864,0.1,0,0,2.1650816,11.404267,0,0,0.73333333,0.94932868,0.11536815,0,4
r-bursty-short,base,routing,power_of_two,15,9708578bfd95,0,30001,30001,0,0,0,0,0.36678777,28.783333,9.0253469,5.8703394,0.32106866,1,0.11489942,11.740679,13.373126,0.027442209,0.032106866,0.035258183,27.262285,0.025118864,0.1,0,0,2.8002786,11.702769,0,0,0.73333333,0.93314794,0.12734397,0,4
r-bursty-short,base,routing,power_of_two,16,5eb3b03c1367,0,31210,31210,0,0,0,0,0.31775072,32.262121,9.0236097,6.1094591,0.32539704,1,0.136209,12.218918,15.333109,0.028224245,0.032539704,0.036058435,26.414441,0.025118864,0.1,0,0,2.3074084,12.181476,0,0,0.73333333,0.94984416,0.1316,0,4
r-bursty-short,base,routing,power_of_two,17,730a49ea27de,0,28132,28132,0,0,0,0,0.41376369,24.987879,15.496288,12.103599,0.32387027,1,0.4116478,24.207198,26.57373,0.028144397,0.032387027,0.035543155,34.749497,0.025118864,0.1,0,0,6.2758342,24.153956,0,0,0.73333333,0.92888112,0.11914067,0,4
r-bursty-short,base,routing,power_of_two,18,e4fae4527abd,0,35803,35803,0,0,0,0,0.5524956,24.275758,14.19472,10.102601,0.32964144,1,3.0600863,20.205202,23.185698,0.02905866,0.032964144,0.036441342,33.761716,0.025118864,0.1,0,0,5.8895234,20.160486,0,0,0.73333333,0.95141989,0.16788829,0,4
r-bursty-short,base,routing,power_of_two,19,e90e2da9908f,0,25802,25802,0,0,0,0,0.16762266,32.540909,4.7913929,2.6303556,0.32292394,1,0.0524244,5.2607113,7.3629675,0.023791263,0.032292394,0.035629121,21.835294,0.019952623,0.1,0,0,0.84313476,5.2102558,0,0,0.73333333,0.94184209,0.09873945,0,4
r-bursty-short,base,routing,power_of_two,20,9b3cb3b29268,0,27360,27360,0,0,0,0,0.1999269,33.166667,5.8757708,3.5541003,0.32203595,1,0.059594069,7.1082006,9.075468,0.026060692,0.032203595,0.035953337,23.779415,0.025118864,0.1,0,0,1.133884,7.0560226,0,0,0.73333333,0.94646098,0.11153948,0,4
r-bursty-short,base,routing,latency_aware,1,2a66888efa3c,0,32587,32587,0,0,0,0,0.41025562,29.118182,10.209339,6.8367693,0.32129174,1,0.35812113,13.673539,18.5273,0.02818847,0.032129174,0.035362115,28.821302,0.025118864,0.1,0,0,3.3484619,13.615569,0,0,0.73333333,0.93456617,0.14403825,0,4
r-bursty-short,base,routing,latency_aware,2,e291f177546d,0,25361,25361,0,0,0,0,0.087141674,35.077273,3.2803873,1.5200716,0.32460734,1,0.048498593,3.0401432,5.559846,0.023459511,0.032460734,0.036853757,20.173896,0.019952623,0.1,0,0,0.42503967,2.9924487,0,0,0.73333333,0.94523934,0.09501809,0,4
r-bursty-short,base,routing,latency_aware,3,189a5d5b3d98,0,33165,33165,0,0,0,0,0.44537916,27.869697,17.55601,14.004323,0.32479052,1,0.87523157,28.008647,33.545862,0.028361444,0.032479052,0.036902867,38.74563,0.025118864,0.1,0,0,6.6312457,27.975278,0,0,0.73333333,0.97424056,0.14853502,0,4
r-bursty-short,base,routing,latency_aware,4,d7c49f910969,0,24475,24475,0,0,0,0,0.19713994,29.772727,6.4657976,4.1635114,0.31658643,1,0.051635375,8.3270229,13.260653,0.023274049,0.031658643,0.035706297,22.702765,0.019952623,0.1,0,0,1.3073818,8.2754713,0,0,0.73333333,0.93466823,0.09137723,0,4
r-bursty-short,base,routing,latency_aware,5,0cd4cb7c0d06,0,27480,27480,0,0,0,0,0.3808952,25.777273,12.07218,8.8438714,0.32383282,1,0.1450887,17.687743,21.65897,0.027662703,0.032383282,0.035797252,29.589537,0.025118864,0.1,0,0,3.8141057,17.641492,0,0,0.73333333,0.93918372,0.11566925,0,4
r-bursty-short,base,routing,latency_aware,6,807c61ed1b25,0,37079,37079,0,0,0,0,0.71922112,15.774242,28.022919,23.097166,0.32964811,1,10.771059,46.194332,51.607512,0.029384907,0.032964811,0.036449167,56.50345,0.025118864,0.1,0,0,16.009064,46.142299,0,0,0.73333333,0.93529071,0.18637978,0,4
r-bursty-short,base,routing,latency_aware,7,637db0cd68c9,0,31164,31164,0,0,0,0,0.64176614,16.915152,15.626125,11.089481,0.32781394,1,10.320432,22.178961,25.065968,0.029139832,0.032781394,0.036082565,37.294019,0.025118864,0.1,0,0,9.5401052,22.135938,0,0,0.73333333,0.96679004,0.14028742,0,4
r-bursty-short,base,routing,latency_aware,8,0d561b6a1bd5,0,23141,23141,0,0,0,0,0.20668943,27.815152,6.6392829,4.2841839,0.32165188,1,0.049261359,8.5683678,12.683533,0.021466772,0.032165188,0.036546832,22.78457,0.019952623,0.1,0,0,1.3893316,8.5236788,0,0,0.73333333,0.92557073,0.086226279,0,4
r-bursty-short,base,routing,latency_aware,9,ba4a0b39ee3a,0,25864,25864,0,0,0,0,0.18759666,31.836364,9.3975646,7.1347493,0.32483204,1,0.051703197,14.269499,19.286695,0.023491227,0.032483204,0.037135205,25.583452,0.019952623,0.1,0,0,2.0339263,14.232711,0,0,0.73333333,0.93544232,0.097527391,0,4
r-bursty-short,base,routing,latency_aware,10,44638295d90f,0,32431,32431,0,0,0,0,0.52258641,23.459091,21.035348,17.096099,0.32631656,1,2.6920409,34.192198,37.939595,0.028861236,0.032631656,0.036076935,42.610388,0.025118864,0.1,0,0,8.0523294,34.14296,0,0,0.73333333,0.94750334,0.14304558,0,4
r-bursty-short,base,routing,latency_aware,11,d7a14143f3d7,0,27495,27495,0,0,0,0,0.23436989,31.895455,5.9419546,3.4446886,0.32541652,1,0.070498572,6.8893772,9.1265208,0.027017903,0.032541652,0.036347801,24.007535,0.025118864,0.1,0,0,1.3047571,6.8470039,0,0,0.73333333,0.9358217,0.11486932,0,4
r-bursty-short,base,routing,latency_aware,12,e359d7c7170a,0,29633,29633,0,0,0,0,0.39891337,26.987879,8.9339097,5.6136646,0.32567818,1,0.16204627,11.227329,14.509399,0.027966872,0.032567818,0.036111405,27.046276,0.025118864,0.1,0,0,2.9009707,11.18518,0,0,0.73333333,0.92958291,0.12569483,0,4
r-bursty-short,base,routing,latency_aware,13,40bb84b1e99e,0,24055,24055,0,0,0,0,0.11814592,32.140909,3.6960465,1.7869952,0.31832177,1,0.049284546,3.5739904,6.4484759,0.02307874,0.031832177,0.03548972,21.288685,0.019952623,0.1,0,0,0.59464829,3.5328889,0,0,0.73333333,0.94982855,0.091232636,0,4
r-bursty-short,base,routing,latency_aware,14,f85d99038fc6,0,28023,28023,0,0,0,0,0.30863933,29.354545,8.7845706,5.921743,0.31963094,1,0.10512842,11.843486,16.565005,0.027465621,0.031963094,0.035729754,26.36496,0.025118864,0.1,0,0,2.26568,11.797529,0,0,0.73333333,0.95114557,0.11540689,0,4
r-bursty-short,base,routing,latency_aware,15,9708578bfd95,0,30001,30001,0,0,0,0,0.36768774,28.742424,9.2184485,6.0590003,0.32100944,1,0.1081122,12.118001,14.583613,0.027632653,0.032100944,0.035610933,27.407586,0.025118864,0.1,0,0,2.8557438,12.080533,0,0,0.73333333,0.93532633,0.127554,0,4
r-bursty-short,base,routing,latency_aware,16,5eb3b03c1367,0,31210,31210,0,0,0,0,0.32143544,32.087879,8.8688641,5.9349848,0.32670206,1,0.13658012,11.86997,16.642355,0.028211155,0.032670206,0.035877738,26.55805,0.025118864,0.1,0,0,2.3765731,11.831254,0,0,0.73333333,0.94914142,0.13165159,0,4
r-bursty-short,base,routing,latency_aware,17,730a49ea27de,0,28132,28132,0,0,0,0,0.42993744,24.298485,15.720341,12.245216,0.32543798,1,0.38192695,24.490433,27.71794,0.02817644,0.032543798,0.035926697,35.191057,0.025118864,0.1,0,0,6.3608851,24.450837,0,0,0.73333333,0.92802209,0.11927481,0,4
r-bursty-short,base,routing,latency_aware,18,e4fae4527abd,0,35803,35803,0,0,0,0,0.56403095,23.65,14.460836,10.312912,0.32776914,1,3.0277867,20.625825,23.008988,0.02908552,0.032776914,0.036125238,34.179726,0.025118864,0.1,0,0,5.964311,20.589244,0,0,0.73333333,0.95204859,0.16780619,0,4
r-bursty-short,base,routing,latency_aware,19,e90e2da9908f,0,25802,25802,0,0,0,0,0.16897915,32.487879,4.9519733,2.7832124,0.32386519,1,0.051955106,5.5664248,9.0665894,0.023924566,0.032386519,0.036363744,22.050314,0.019952623,0.1,0,0,0.90530399,5.52741,0,0,0.73333333,0.94080233,0.098825018,0,4
r-bursty-short,base,routing,latency_aware,20,9b3cb3b29268,0,27360,27360,0,0,0,0,0.21070906,32.719697,5.9800705,3.600227,0.32629815,1,0.060821375,7.200454,10.349635,0.026248497,0.032629815,0.036193854,23.915491,0.025118864,0.1,0,0,1.2201699,7.1608903,0,0,0.73333333,0.94600983,0.11171406,0,4
r-bursty-short,base,routing,queue_aware,1,2a66888efa3c,0,32587,32587,0,0,0,0,0.44057446,27.621212,10.465547,6.9084051,0.35426939,1,1.0849064,13.81681,17.982764,0.028455201,0.035426939,0.057312157,29.019412,0.025118864,0.1,0,0,3.6118516,13.779431,0,0,0.73333333,0.9334006,0.14421778,0,4
r-bursty-short,base,routing,queue_aware,2,e291f177546d,0,25361,25361,0,0,0,0,0.11257443,34.1,3.6616373,1.7123242,0.38644097,1,0.20043605,3.4246483,5.4991581,0.024014327,0.038644097,0.065619041,20.21811,0.019952623,0.1,0,0,0.63303327,3.3840548,0,0,0.73333333,0.9449245,0.094943205,0,4
r-bursty-short,base,routing,queue_aware,3,189a5d5b3d98,0,33165,33165,0,0,0,0,0.47758179,26.251515,17.600123,13.864234,0.34797937,1,1.6320201,27.728469,31.2221,0.02865916,0.034797937,0.053994694,38.383585,0.025118864,0.1,0,0,6.9510957,27.675425,0,0,0.73333333,0.97319226,0.14877369,0,4
r-bursty-short,base,routing,queue_aware,4,d7c49f910969,0,24475,24475,0,0,0,0,0.23117467,28.510606,6.9500649,4.4446716,0.34951993,1,0.21462856,8.8893433,12.671788,0.02418293,0.034951993,0.057997202,23.088591,0.019952623,0.1,0,0,1.5226221,8.8359413,0,0,0.73333333,0.93473229,0.091647926,0,4
r-bursty-short,base,routing,queue_aware,5,0cd4cb7c0d06,0,27480,27480,0,0,0,0,0.41790393,24.236364,12.505879,9.0755573,0.34080239,1,0.72914073,18.151115,21.832326,0.028021121,0.034080239,0.052583995,29.964315,0.025118864,0.1,0,0,4.1359793,18.102379,0,0,0.73333333,0.93812171,0.11587717,0,4
r-bursty-short,base,routing,queue_aware,6,807c61ed1b25,0,37079,37079,0,0,0,0,0.7390976,14.657576,28.283345,23.251671,0.33618644,1,11.315004,46.503342,50.852576,0.0294373,0.033618644,0.046068149,56.158974,0.025118864,0.1,0,0,16.424285,46.457633,0,0,0.73333333,0.92955027,0.18645727,0,4
r-bursty-short,base,routing,queue_aware,7,637db0cd68c9,0,31164,31164,0,0,0,0,0.64770248,16.634848,15.97806,11.40023,0.33931792,1,10.526542,22.80046,24.79842,0.029306047,0.033931792,0.047852125,37.58714,0.025118864,0.1,0,0,9.8364271,22.760006,0,0,0.73333333,0.96542517,0.1404559,0,4
r-bursty-short,base,routing,queue_aware,8,0d561b6a1bd5,0,23141,23141,0,0,0,0,0.22937643,27.019697,6.9319542,4.4395327,0.34553934,1,0.16447013,8.8790655,13.1212,0.022517147,0.034553934,0.054508854,23.14256,0.019952623,0.1,0,0,1.6157448,8.8434465,0,0,0.73333333,0.92793132,0.086294331,0,4
r-bursty-short,base,routing,queue_aware,9,ba4a0b39ee3a,0,25864,25864,0,0,0,0,0.21508661,30.759091,9.919369,7.4699229,0.3740131,1,0.26194627,14.939846,19.363343,0.024338572,0.03740131,0.064260689,25.814463,0.019952623,0.1,0,0,2.2959751,14.905016,0,0,0.73333333,0.93484339,0.097661884,0,4
r-bursty-short,base,routing,queue_aware,10,44638295d90f,0,32431,32431,0,0,0,0,0.54845672,22.187879,20.888432,16.801941,0.34420726,1,3.222361,33.603883,38.367632,0.029053269,0.034420726,0.05253183,42.371623,0.025118864,0.1,0,0,8.3623823,33.553948,0,0,0.73333333,0.94412405,0.14335266,0,4
r-bursty-short,base,routing,queue_aware,11,d7a14143f3d7,0,27495,27495,0,0,0,0,0.28212402,29.906061,6.2904217,3.5174931,0.36230852,1,0.41842802,7.0349861,9.2049623,0.02735113,0.036230852,0.060251371,24.339346,0.025118864,0.1,0,0,1.593692,6.9867803,0,0,0.73333333,0.93424373,0.11503726,0,4
r-bursty-short,base,routing,queue_aware,12,e359d7c7170a,0,29633,29633,0,0,0,0,0.43198461,25.50303,9.1869801,5.6803535,0.34670359,1,0.8592192,11.360707,14.591616,0.028330156,0.034670359,0.056274579,27.407837,0.025118864,0.1,0,0,3.2370612,11.318372,0,0,0.73333333,0.9262484,0.1260467,0,4
r-bursty-short,base,routing,queue_aware,13,40bb84b1e99e,0,24055,24055,0,0,0,0,0.14928289,31.006061,4.1737316,2.0727112,0.35460587,1,0.18154106,4.1454225,6.956064,0.024084628,0.035460587,0.060788773,21.465522,0.019952623,0.1,0,0,0.8127737,4.1008086,0,0,0.73333333,0.94830218,0.091597499,0,4
r-bursty-short,base,routing,queue_aware,14,f85d99038fc6,0,28023,28023,0,0,0,0,0.34767869,27.69697,9.1450278,6.0641491,0.34248527,1,0.56643104,12.128298,16.044727,0.027730297,0.034248527,0.055776603,26.363686,0.025118864,0.1,0,0,2.5249385,12.086143,0,0,0.73333333,0.94878105,0.11550401,0,4
r-bursty-short,base,routing,queue_aware,15,9708578bfd95,0,30001,30001,0,0,0,0,0.39438685,27.528788,9.45811,6.1314079,0.35476786,1,0.63197186,12.262816,14.437782,0.028015825,0.035476786,0.059029256,27.672617,0.025118864,0.1,0,0,3.1361978,12.219744,0,0,0.73333333,0.93242501,0.12762435,0,4
r-bursty-short,base,routing,queue_aware,16,5eb3b03c1367,0,31210,31210,0,0,0,0,0.37321371,29.639394,9.6190946,6.3947603,0.35826568,1,0.71216537,12.789521,16.2482,0.028427038,0.035826568,0.058500173,27.05635,0.025118864,0.1,0,0,2.7336794,12.736565,0,0,0.73333333,0.94891094,0.13190027,0,4
r-bursty-short,base,routing,queue_aware,17,730a49ea27de,0,28132,28132,0,0,0,0,0.45023461,23.433333,16.06507,12.470823,0.34307417,1,1.0640865,24.941646,27.836681,0.028306913,0.034307417,0.052214418,35.627753,0.025118864,0.1,0,0,6.6589302,24.899906,0,0,0.73333333,0.92744419,0.11941179,0,4
r-bursty-short,base,routing,queue_aware,18,e4fae4527abd,0,35803,35803,0,0,0,0,0.5919895,22.133333,14.747578,10.442791,0.34484003,1,3.5476962,20.885582,24.067856,0.029238054,0.034484003,0.049949923,34.464552,0.025118864,0.1,0,0,6.3721952,20.83056,0,0,0.73333333,0.94939165,0.16802906,0,4
r-bursty-short,base,routing,queue_aware,19,e90e2da9908f,0,25802,25802,0,0,0,0,0.20645686,31.022727,5.3731786,2.9714889,0.36940541,1,0.27081174,5.9429778,8.4397117,0.024986241,0.036940541,0.064893557,22.300185,0.019952623,0.1,0,0,1.1539275,5.899537,0,0,0.73333333,0.94013665,0.099122438,0,4
r-bursty-short,base,routing,queue_aware,20,9b3cb3b29268,0,27360,27360,0,0,0,0,0.24195906,31.424242,6.3913513,3.81612,0.36543595,1,0.35735586,7.63224,10.498245,0.026786331,0.036543595,0.063781233,24.309004,0.025118864,0.1,0,0,1.4923652,7.5908782,0,0,0.73333333,0.94161611,0.11183359,0,4
r-bursty-short,base,routing,queue_aware_corrected,1,2a66888efa3c,0,32587,32587,0,0,0,0,0.40991807,29.134848,9.8553822,6.4834563,0.32233564,1,0.27087959,12.966913,17.027026,0.028148599,0.032233564,0.035253624,28.454733,0.025118864,0.1,0,0,3.1847303,12.909144,0,0,0.73333333,0.93539199,0.1440794,0,4
r-bursty-short,base,routing,queue_aware_corrected,2,e291f177546d,0,25361,25361,0,0,0,0,0.075075904,35.540909,3.014173,1.3185868,0.32020664,1,0.042201746,2.6371737,4.3780361,0.023371888,0.032020664,0.036236721,20.00138,0.019952623,0.1,0,0,0.34018264,2.5971521,0,0,0.73333333,0.94571526,0.094798886,0,4
r-bursty-short,base,routing,queue_aware_corrected,3,189a5d5b3d98,0,33165,33165,0,0,0,0,0.44721845,27.777273,17.076989,13.51892,0.32197726,1,0.88216195,27.037839,30.845172,0.028463563,0.032197726,0.035511887,37.886634,0.025118864,0.1,0,0,6.5306292,26.995566,0,0,0.73333333,0.97371403,0.14871142,0,4
r-bursty-short,base,routing,queue_aware_corrected,4,d7c49f910969,0,24475,24475,0,0,0,0,0.19240041,29.948485,6.5281341,4.2496635,0.31646863,1,0.045713074,8.4993269,11.651597,0.023204136,0.031646863,0.034707156,22.703512,0.019952623,0.1,0,0,1.2385635,8.4403156,0,0,0.73333333,0.93609332,0.091451721,0,4
r-bursty-short,base,routing,queue_aware_corrected,5,0cd4cb7c0d06,0,27480,27480,0,0,0,0,0.39053857,25.375758,12.049771,8.7727143,0.3243641,1,0.13006158,17.545429,21.083703,0.027626493,0.03243641,0.035479047,29.426132,0.025118864,0.1,0,0,3.761749,17.494228,0,0,0.73333333,0.93990584,0.11568725,0,4
r-bursty-short,base,routing,queue_aware_corrected,6,807c61ed1b25,0,37079,37079,0,0,0,0,0.71787265,15.85,27.869114,22.951176,0.32857425,1,10.855207,45.902352,50.147272,0.029374021,0.032857425,0.036118265,55.511819,0.025118864,0.1,0,0,15.93787,45.853276,0,0,0.73333333,0.9350762,0.18649707,0,4
r-bursty-short,base,routing,queue_aware_corrected,7,637db0cd68c9,0,31164,31164,0,0,0,0,0.64314594,16.85,15.618464,11.074985,0.32774919,1,10.12465,22.149971,23.714144,0.02913468,0.032774919,0.036127252,36.947906,0.025118864,0.1,0,0,9.4717316,22.106154,0,0,0.73333333,0.96659184,0.14032709,0,4
r-bursty-short,base,routing,queue_aware_corrected,8,0d561b6a1bd5,0,23141,23141,0,0,0,0,0.19968886,28.060606,6.4840674,4.1671945,0.31842862,1,0.042984798,8.3343889,12.567385,0.021094082,0.031842862,0.034868909,22.567272,0.019952623,0.1,0,0,1.3401069,8.292474,0,0,0.73333333,0.93007433,0.086146947,0,4
r-bursty-short,base,routing,queue_aware_corrected,9,ba4a0b39ee3a,0,25864,25864,0,0,0,0,0.18817662,31.813636,9.6058845,7.3472134,0.31778797,1,0.044942083,14.694427,18.664311,0.023419682,0.031778797,0.035236963,25.332912,0.019952623,0.1,0,0,1.9991787,14.649261,0,0,0.73333333,0.9335183,0.097407746,0,4
r-bursty-short,base,routing,queue_aware_corrected,10,44638295d90f,0,32431,32431,0,0,0,0,0.52822916,23.181818,20.43991,16.472608,0.32615618,1,2.7516864,32.945216,38.592642,0.028845136,0.032615618,0.035813277,41.911535,0.025118864,0.1,0,0,7.9851555,32.889606,0,0,0.73333333,0.94722393,0.14323491,0,4
r-bursty-short,base,routing,queue_aware_corrected,11,d7a14143f3d7,0,27495,27495,0,0,0,0,0.22902346,32.118182,5.6080498,3.1363583,0.3265742,1,0.06035899,6.2727166,8.1369162,0.026837292,0.03265742,0.036213107,23.859698,0.025118864,0.1,0,0,1.2286625,6.2307386,0,0,0.73333333,0.93849944,0.11489966,0,4
r-bursty-short,base,routing,queue_aware_corrected,12,e359d7c7170a,0,29633,29633,0,0,0,0,0.40218675,26.840909,8.6321291,5.2979588,0.32323653,1,0.13695846,10.595918,13.816675,0.027953861,0.032323653,0.035213975,26.854214,0.025118864,0.1,0,0,2.8503873,10.547713,0,0,0.73333333,0.92751529,0.12578657,0,4
r-bursty-short,base,routing,queue_aware_corrected,13,40bb84b1e99e,0,24055,24055,0,0,0,0,0.095156932,32.978788,3.4023024,1.608933,0.31758476,1,0.044127666,3.217866,6.088176,0.022952777,0.031758476,0.035276093,21.211572,0.019952623,0.1,0,0,0.51053446,3.170732,0,0,0.73333333,0.94979497,0.091393082,0,4
r-bursty-short,base,routing,queue_aware_corrected,14,f85d99038fc6,0,28023,28023,0,0,0,0,0.2999322,29.724242,8.56749,5.7491565,0.31867249,1,0.091285038,11.498313,15.309501,0.027405096,0.031867249,0.035214293,25.997053,0.025118864,0.1,0,0,2.1727515,11.469892,0,0,0.73333333,0.94839989,0.1154739,0,4
r-bursty-short,base,routing,queue_aware_corrected,15,9708578bfd95,0,30001,30001,0,0,0,0,0.37005433,28.634848,9.0443253,5.8744578,0.31959581,1,0.097680946,11.748916,13.670647,0.02752589,0.031959581,0.035169765,27.365554,0.025118864,0.1,0,0,2.8114234,11.702739,0,0,0.73333333,0.93650035,0.12746796,0,4
r-bursty-short,base,routing,queue_aware_corrected,16,5eb3b03c1367,0,31210,31210,0,0,0,0,0.31925665,32.190909,9.0400406,6.1166808,0.32707652,1,0.12085893,12.233362,15.391132,0.028227199,0.032707652,0.036166235,26.365404,0.025118864,0.1,0,0,2.3196656,12.192535,0,0,0.73333333,0.95002803,0.13174046,0,4
r-bursty-short,base,routing,queue_aware_corrected,17,730a49ea27de,0,28132,28132,0,0,0,0,0.41419025,24.969697,15.572397,12.177127,0.32431863,1,0.32518918,24.354254,26.996151,0.028208722,0.032431863,0.035613609,34.928813,0.025118864,0.1,0,0,6.2791618,24.308576,0,0,0.73333333,0.92886458,0.11930733,0,4
r-bursty-short,base,routing,queue_aware_corrected,18,e4fae4527abd,0,35803,35803,0,0,0,0,0.55143424,24.333333,14.018828,9.9332535,0.32840383,1,3.0150882,19.866507,23.314145,0.029132573,0.032840383,0.036595171,33.934429,0.025118864,0.1,0,0,5.8999499,19.811849,0,0,0.73333333,0.94997714,0.16793039,0,4
r-bursty-short,base,routing,queue_aware_corrected,19,e90e2da9908f,0,25802,25802,0,0,0,0,0.16789396,32.530303,4.8552738,2.6944186,0.32138545,1,0.045891387,5.3888371,7.3993572,0.023738815,0.032138545,0.035835619,21.96161,0.019952623,0.1,0,0,0.84614547,5.3513784,0,0,0.73333333,0.94158227,0.098921749,0,4
r-bursty-short,base,routing,queue_aware_corrected,20,9b3cb3b29268,0,27360,27360,0,0,0,0,0.20109649,33.118182,5.9024699,3.5733941,0.32359336,1,0.052260239,7.1467881,9.268201,0.026097601,0.032359336,0.035530513,23.812666,0.025118864,0.1,0,0,1.1405863,7.1038768,0,0,0.73333333,0.94304986,0.11176707,0,4
r-bursty-short,base,routing,capacity_weighted,1,2a66888efa3c,0,32587,32587,0,0,0,0,0.40829165,29.215152,10.450492,7.0854856,0.32354775,1,0.44507393,14.170971,17.116763,0.028133538,0.032354775,0.035873055,28.790206,0.025118864,0.1,0,0,3.3335241,14.11996,0,0,0.73333333,0.93540805,0.1451903,0,4
r-bursty-short,base,routing,capacity_weighted,2,e291f177546d,0,25361,25361,0,0,0,0,0.092267655,34.880303,3.5326564,1.7497351,0.32158305,1,0.042655162,3.4994702,5.183801,0.023341044,0.032158305,0.035953981,20.485613,0.019952623,0.1,0,0,0.44440934,3.4603422,0,0,0.73333333,0.94675478,0.095527291,0,4
r-bursty-short,base,routing,capacity_weighted,3,189a5d5b3d98,0,33165,33165,0,0,0,0,0.45463591,27.404545,17.403258,13.807316,0.32276161,1,1.0162762,27.614633,31.113692,0.028511196,0.032276161,0.035590524,38.204235,0.025118864,0.1,0,0,6.6592475,27.575314,0,0,0.73333333,0.97410849,0.14886976,0,4
r-bursty-short,base,routing,capacity_weighted,4,d7c49f910969,0,24475,24475,0,0,0,0,0.1974668,29.760606,6.6772694,4.3737906,0.31614485,1,0.046581077,8.7475811,12.041684,0.023498153,0.031614485,0.034831654,23.051358,0.019952623,0.1,0,0,1.3397994,8.7129718,0,0,0.73333333,0.93584675,0.0923904,0,4
r-bursty-short,base,routing,capacity_weighted,5,0cd4cb7c0d06,0,27480,27480,0,0,0,0,0.39497817,25.190909,12.122717,8.8255308,0.32229492,1,0.13307762,17.651062,21.185865,0.027648776,0.032229492,0.035371457,29.659307,0.025118864,0.1,0,0,3.8912848,17.606712,0,0,0.73333333,0.94037073,0.11614643,0,4
r-bursty-short,base,routing,capacity_weighted,6,807c61ed1b25,0,37079,37079,0,0,0,0,0.74573209,14.284848,30.646436,25.59126,0.32651595,1,13.033374,51.18252,58.709517,0.029494868,0.032651595,0.036040767,61.243885,0.025118864,0.1,0,0,17.658823,51.13865,0,0,0.73333333,0.93645266,0.18915153,0,4
r-bursty-short,base,routing,capacity_weighted,7,637db0cd68c9,0,31164,31164,0,0,0,0,0.63929534,17.031818,16.366368,11.841599,0.32829224,1,9.5584464,23.683199,28.111077,0.029132407,0.032829224,0.036063029,37.782632,0.025118864,0.1,0,0,9.5933883,23.620201,0,0,0.73333333,0.96714642,0.14053108,0,4
r-bursty-short,base,routing,capacity_weighted,8,0d561b6a1bd5,0,23141,23141,0,0,0,0,0.20504732,27.872727,7.099782,4.7531524,0.321393,1,0.043490593,9.5063048,13.019928,0.021281026,0.0321393,0.036116111,22.895183,0.019952623,0.1,0,0,1.4685402,9.4757683,0,0,0.73333333,0.92730865,0.08688904,0,4
r-bursty-short,base,routing,capacity_weighted,9,ba4a0b39ee3a,0,25864,25864,0,0,0,0,0.19335756,31.610606,9.6189758,7.3336003,0.31858767,1,0.045062384,14.667201,18.547591,0.02351487,0.031858767,0.035357498,25.462872,0.019952623,0.1,0,0,2.0501387,14.621034,0,0,0.73333333,0.9352653,0.097898325,0,4
r-bursty-short,base,routing,capacity_weighted,10,44638295d90f,0,32431,32431,0,0,0,0,0.52344979,23.416667,20.740887,16.796173,0.32746509,1,2.6856712,33.592346,41.394433,0.028795744,0.032746509,0.035965436,43.608275,0.025118864,0.1,0,0,8.1997582,33.566127,0,0,0.73333333,0.94841949,0.14351502,0,4
r-bursty-short,base,routing,capacity_weighted,11,d7a14143f3d7,0,27495,27495,0,0,0,0,0.28652482,29.722727,7.0084335,4.251698,0.32411135,1,0.066070477,8.503396,11.917489,0.027118309,0.032411135,0.03562532,25.280121,0.025118864,0.1,0,0,1.7408915,8.4492222,0,0,0.73333333,0.93502781,0.11595352,0,4
r-bursty-short,base,routing,capacity_weighted,12,e359d7c7170a,0,29633,29633,0,0,0,0,0.3995208,26.960606,8.9661134,5.6438557,0.32465368,1,0.16299667,11.287711,14.31277,0.027992931,0.032465368,0.035790686,27.156587,0.025118864,0.1,0,0,2.9349606,11.244667,0,0,0.73333333,0.93164104,0.12654477,0,4
r-bursty-short,base,routing,capacity_weighted,13,40bb84b1e99e,0,24055,24055,0,0,0,0,0.12039077,32.059091,3.8872586,1.9699447,0.31535997,1,0.043693396,3.9398895,8.0246293,0.023105177,0.031535997,0.034696646,21.521601,0.019952623,0.1,0,0,0.64641139,3.8977616,0,0,0.73333333,0.95024335,0.092006272,0,4
r-bursty-short,base,routing,capacity_weighted,14,f85d99038fc6,0,28023,28023,0,0,0,0,0.30881776,29.34697,8.9363585,6.0734696,0.31880003,1,0.080818681,12.146939,16.731054,0.027413621,0.031880003,0.034911741,26.312899,0.025118864,0.1,0,0,2.3075342,12.097348,0,0,0.73333333,0.95046261,0.11603259,0,4
r-bursty-short,base,routing,capacity_weighted,15,9708578bfd95,0,30001,30001,0,0,0,0,0.37735409,28.30303,9.3771464,6.1692056,0.32117033,1,0.10855089,12.338411,17.725051,0.027631957,0.032117033,0.03521174,27.728142,0.025118864,0.1,0,0,2.9270494,12.272686,0,0,0.73333333,0.93239966,0.12845609,0,4
r-bursty-short,base,routing,capacity_weighted,16,5eb3b03c1367,0,31210,31210,0,0,0,0,0.3418776,31.121212,8.7760888,5.7395646,0.32713616,1,0.18711319,11.479129,18.958319,0.028281789,0.032713616,0.036253677,26.94288,0.025118864,0.1,0,0,2.5223178,11.43377,0,0,0.73333333,0.95067389,0.13299879,0,4
r-bursty-short,base,routing,capacity_weighted,17,730a49ea27de,0,28132,28132,0,0,0,0,0.42961752,24.312121,16.011934,12.539558,0.32428851,1,0.43362591,25.079116,31.454981,0.028208043,0.032428851,0.035849916,36.279641,0.025118864,0.1,0,0,6.3984158,25.041381,0,0,0.73333333,0.92764792,0.11996983,0,4
r-bursty-short,base,routing,capacity_weighted,18,e4fae4527abd,0,35803,35803,0,0,0,0,0.56660056,23.510606,15.570874,11.41129,0.32658049,1,3.5008497,22.822581,26.597338,0.029139191,0.032658049,0.036043153,35.534278,0.025118864,0.1,0,0,6.619095,22.7871,0,0,0.73333333,0.95625932,0.16909179,0,4
r-bursty-short,base,routing,capacity_weighted,19,e90e2da9908f,0,25802,25802,0,0,0,0,0.17343617,32.313636,4.9103963,2.7206291,0.32258636,1,0.046106642,5.4412583,8.944669,0.023827896,0.032258636,0.035797869,22.039993,0.019952623,0.1,0,0,0.92542025,5.4006335,0,0,0.73333333,0.94109278,0.09938723,0,4
r-bursty-short,base,routing,capacity_weighted,20,9b3cb3b29268,0,27360,27360,0,0,0,0,0.22964181,31.934848,6.5053102,4.0349546,0.32214654,1,0.052681558,8.0699092,10.289781,0.025983002,0.032214654,0.03564419,24.243696,0.025118864,0.1,0,0,1.4059729,8.0189199,0,0,0.73333333,0.94530617,0.11239167,0,4
r-bursty-short,base,routing,oracle_jsq,1,2a66888efa3c,0,32587,32587,0,0,0,0,0.41295609,28.984848,9.9272381,6.5380209,0.3244367,1,0.39036603,13.076042,17.184205,0.028253024,0.03244367,0.036179362,28.439791,0.025118864,0.1,0,0,3.2212295,13.031977,0,0,0.73333333,0.93558512,0.14424919,0,4
r-bursty-short,base,routing,oracle_jsq,2,e291f177546d,0,25361,25361,0,0,0,0,0.077638894,35.442424,3.1593924,1.4451467,0.32605126,1,0.048007883,2.8902933,4.3167368,0.023382639,0.032605126,0.036258077,20.002165,0.019952623,0.1,0,0,0.37539295,2.8471128,0,0,0.73333333,0.94612211,0.095054496,0,4
r-bursty-short,base,routing,oracle_jsq,3,189a5d5b3d98,0,33165,33165,0,0,0,0,0.45011307,27.631818,17.170166,13.596231,0.32336899,1,1.0610257,27.192462,30.475722,0.028574308,0.032336899,0.035750929,37.721304,0.025118864,0.1,0,0,6.5665686,27.15227,0,0,0.73333333,0.97403467,0.14879783,0,4
r-bursty-short,base,routing,oracle_jsq,4,d7c49f910969,0,24475,24475,0,0,0,0,0.19726251,29.768182,6.5216921,4.2171312,0.3182483,1,0.052303089,8.4342624,11.76239,0.023497815,0.03182483,0.035409057,22.612062,0.019952623,0.1,0,0,1.2549443,8.3853368,0,0,0.73333333,0.93606045,0.091680265,0,4
r-bursty-short,base,routing,oracle_jsq,5,0cd4cb7c0d06,0,27480,27480,0,0,0,0,0.39428675,25.219697,12.144392,8.8511768,0.32178102,1,0.16369301,17.702354,20.435632,0.027801864,0.032178102,0.035167854,29.379237,0.025118864,0.1,0,0,3.7863926,17.66026,0,0,0.73333333,0.94050228,0.11580222,0,4
r-bursty-short,base,routing,oracle_jsq,6,807c61ed1b25,0,37079,37079,0,0,0,0,0.72367108,15.524242,27.824166,22.87691,0.32890108,1,10.974174,45.753819,49.420722,0.029411596,0.032890108,0.036660286,55.46755,0.025118864,0.1,0,0,16.018537,45.71223,0,0,0.73333333,0.93489612,0.18651575,0,4
r-bursty-short,base,routing,oracle_jsq,7,637db0cd68c9,0,31164,31164,0,0,0,0,0.64478244,16.772727,15.464853,10.912057,0.32888381,1,10.152727,21.824113,23.055906,0.029105109,0.032888381,0.035913704,37.143122,0.025118864,0.1,0,0,9.4824444,21.77863,0,0,0.73333333,0.96734404,0.14034792,0,4
r-bursty-short,base,routing,oracle_jsq,8,0d561b6a1bd5,0,23141,23141,0,0,0,0,0.19951601,28.066667,6.5218239,4.2010774,0.32316646,1,0.048743282,8.4021548,12.449847,0.021441622,0.032316646,0.035789782,22.680248,0.019952623,0.1,0,0,1.3710728,8.3661403,0,0,0.73333333,0.9283769,0.086394482,0,4
r-bursty-short,base,routing,oracle_jsq,9,ba4a0b39ee3a,0,25864,25864,0,0,0,0,0.1915017,31.683333,9.5763151,7.2982387,0.3205679,1,0.051526352,14.596477,18.28982,0.023694582,0.03205679,0.03608022,25.159598,0.019952623,0.1,0,0,2.0244807,14.550877,0,0,0.73333333,0.93523583,0.097496241,0,4
r-bursty-short,base,routing,oracle_jsq,10,44638295d90f,0,32431,32431,0,0,0,0,0.53078844,23.056061,20.517009,16.5345,0.32856671,1,2.7459582,33.069,37.822491,0.028886272,0.032856671,0.036058915,41.670007,0.025118864,0.1,0,0,8.0285478,33.024744,0,0,0.73333333,0.94818222,0.14334361,0,4
r-bursty-short,base,routing,oracle_jsq,11,d7a14143f3d7,0,27495,27495,0,0,0,0,0.24044372,31.642424,5.7206952,3.191052,0.32742456,1,0.068788314,6.3821041,7.8687884,0.027127342,0.032742456,0.036765343,23.872951,0.025118864,0.1,0,0,1.2741351,6.3344014,0,0,0.73333333,0.93882097,0.11489152,0,4
r-bursty-short,base,routing,oracle_jsq,12,e359d7c7170a,0,29633,29633,0,0,0,0,0.40427901,26.74697,8.6131513,5.2640891,0.32766712,1,0.17111148,10.528178,13.831066,0.028064197,0.032766712,0.036333221,26.905258,0.025118864,0.1,0,0,2.8795173,10.482577,0,0,0.73333333,0.93400424,0.12590935,0,4
r-bursty-short,base,routing,oracle_jsq,13,40bb84b1e99e,0,24055,24055,0,0,0,0,0.096778217,32.919697,3.391905,1.587102,0.32091185,1,0.05004091,3.1742041,6.2500066,0.023135555,0.032091185,0.03566022,21.177961,0.019952623,0.1,0,0,0.53958127,3.1232788,0,0,0.73333333,0.95019736,0.091557855,0,4
r-bursty-short,base,routing,oracle_jsq,14,f85d99038fc6,0,28023,28023,0,0,0,0,0.3065696,29.442424,8.6598593,5.8051312,0.32188007,1,0.096957454,11.610262,15.272251,0.027565556,0.032188007,0.036190397,25.953359,0.025118864,0.1,0,0,2.2083199,11.563393,0,0,0.73333333,0.95074229,0.1156866,0,4
r-bursty-short,base,routing,oracle_jsq,15,9708578bfd95,0,30001,30001,0,0,0,0,0.37598747,28.365152,9.1125069,5.9107984,0.3217711,1,0.10609725,11.821597,13.415334,0.02771253,0.03217711,0.035550918,27.181295,0.025118864,0.1,0,0,2.8502544,11.777483,0,0,0.73333333,0.93576945,0.12763573,0,4
r-bursty-short,base,routing,oracle_jsq,16,5eb3b03c1367,0,31210,31210,0,0,0,0,0.32608138,31.868182,9.0909791,6.1313956,0.32917658,1,0.15697132,12.262791,15.230691,0.028297957,0.032917658,0.0364285,26.454126,0.025118864,0.1,0,0,2.352852,12.220671,0,0,0.73333333,0.94981896,0.13194761,0,4
r-bursty-short,base,routing,oracle_jsq,17,730a49ea27de,0,28132,28132,0,0,0,0,0.41731836,24.836364,15.566436,12.156126,0.32371753,1,0.50297778,24.312253,26.552371,0.028213693,0.032371753,0.035834126,34.880508,0.025118864,0.1,0,0,6.2922156,24.272751,0,0,0.73333333,0.92923432,0.11952671,0,4
r-bursty-short,base,routing,oracle_jsq,18,e4fae4527abd,0,35803,35803,0,0,0,0,0.55372455,24.209091,14.152174,10.053801,0.32975004,1,3.0888781,20.107603,23.090317,0.029111323,0.032975004,0.036529693,33.90494,0.025118864,0.1,0,0,5.9236193,20.070472,0,0,0.73333333,0.95257419,0.16801887,0,4
r-bursty-short,base,routing,oracle_jsq,19,e90e2da9908f,0,25802,25802,0,0,0,0,0.1698318,32.454545,4.8139738,2.6404891,0.32432568,1,0.052745004,5.2809782,7.4053535,0.024110316,0.032432568,0.03661885,21.881961,0.019952623,0.1,0,0,0.86996144,5.2420543,0,0,0.73333333,0.94156652,0.099089516,0,4
r-bursty-short,base,routing,oracle_jsq,20,9b3cb3b29268,0,27360,27360,0,0,0,0,0.20241228,33.063636,5.9722329,3.6320374,0.32813405,1,0.062623544,7.2640749,9.1976231,0.026413707,0.032813405,0.037015547,23.714082,0.025118864,0.1,0,0,1.1829841,7.2167734,0,0,0.73333333,0.9430011,0.11187425,0,4
r-bursty-long,base,routing,random,1,5ec69dfe4582,0,7707,7707,0,0,0,0,0.283768,8.3636364,10.780392,7.6668098,0.69474174,1,0.32457869,15.33362,26.487142,0.049066771,0.069474174,0.08203785,82.733777,0.039810717,0.12589254,0,0,3.006325,15.0948,0,114,0.73333333,0.96978223,0.49037911,0,4
r-bursty-long,base,routing,random,2,3d2ced743a74,0,6621,6621,0,0,0,0,0.00075517293,10.024242,2.026917,0.37686654,0.64627456,1,0.18646915,0.75373309,1.3716352,0.032965062,0.064627456,0.07875287,57.703094,0.025118864,0.1,0,0,0.11339825,0.54644133,0,0,0.73333333,0.95998533,0.32663699,0,4
r-bursty-long,base,routing,random,3,c64ba9d9f5ba,0,6109,6103,0,0,0,6,0.0021280079,9.2363636,1.8895315,0.35855262,0.52033888,1,0.16293301,0.71710524,1.1251156,0.026624377,0.052033888,0.073955258,44.264516,0.019952623,0.1,0,0,0.096018158,0.50083002,0,0,0.73333333,0.9992714,0.23368725,0,4
r-bursty-long,base,routing,random,4,efebe3781a19,0,5815,5815,0,0,0,0,0.0091143594,8.730303,2.0646659,0.37453076,0.64456335,1,0.16545526,0.74906152,1.7445954,0.027483643,0.064456335,0.079723617,50.116247,0.019952623,0.1,0,0,0.11853693,0.54297277,0,4,0.73333333,0.95728868,0.23249385,0,4
r-bursty-long,base,routing,random,5,9e25ec47fb43,0,7765,7681,0,0,0,84,0.26632325,8.6318182,20.279184,17.27176,0.67580728,1,0.31119139,34.543521,42.614581,0.044076193,0.067580728,0.074762669,81.127014,0.031622777,0.12589254,0,0,5.4288976,34.361664,0,83,0.73333333,0.99805776,0.47635242,0,4
r-bursty-long,base,routing,random,6,7b16337b348a,0,7940,7927,0,0,0,13,0.10125945,10.812121,4.3227933,2.083056,0.73344007,1,0.27209615,4.1661121,11.239074,0.046262848,0.073344007,0.089689237,71.084987,0.031622777,0.12589254,0,0,0.74218116,4.028738,0,28,0.73333333,0.99501183,0.48689675,0,4
r-bursty-long,base,routing,random,7,18f7a4255e78,0,5364,5364,0,0,0,0,0,8.1272727,1.8833237,0.32898333,0.55434037,1,0.15246304,0.65796665,0.99421211,0.023008065,0.055434037,0.069978163,44.838358,0.019952623,0.1,0,0,0.081749185,0.43933745,0,0,0.73333333,0.95496637,0.19834163,0,4
r-bursty-long,base,routing,random,8,31d02607e209,0,7273,7273,0,0,0,0,0.032998763,10.656061,2.5168491,0.67066285,0.68119244,1,0.21504767,1.3413257,4.6665783,0.039127106,0.068119244,0.084392893,65.766867,0.031622777,0.12589254,0,0,0.26164223,1.1106115,0,7,0.73333333,0.97307735,0.39570784,0,4
r-bursty-long,base,routing,random,9,97712edce107,0,7905,7905,0,0,0,0,0.058444023,11.277273,3.2286679,1.2247759,0.71167189,1,0.24753854,2.4495517,6.2941457,0.043974946,0.071167189,0.082091447,71.151566,0.031622777,0.12589254,0,0,0.4082504,2.2492575,0,15,0.73333333,0.97298889,0.46598117,0,4
r-bursty-long,base,routing,random,10,1635ae9551a5,0,7485,7485,0,0,0,0,0.071342685,10.531818,3.4526789,1.380294,0.71567144,1,0.23347572,2.760588,10.067672,0.041177789,0.071567144,0.086544053,66.317641,0.031622777,0.12589254,0,0,0.54407696,2.5569228,0,34,0.73333333,0.94759999,0.42274932,0,4
r-bursty-long,base,routing,random,11,789b5d0ac98a,0,7296,7288,0,0,0,8,0.012609649,10.915152,2.1791782,0.45943566,0.65669428,1,0.20067001,0.91887133,2.2351411,0.03507393,0.065669428,0.08228801,57.809831,0.025118864,0.12589254,0,0,0.1701164,0.6824614,0,6,0.73333333,0.99839779,0.35258302,0,4
r-bursty-long,base,routing,random,12,f9e0c024eebd,0,7413,7413,0,0,0,0,0.0059355187,11.165152,2.1429949,0.44666639,0.6666509,1,0.19808767,0.89333278,1.5228107,0.035682638,0.06666509,0.081802144,57.275906,0.025118864,0.1,0,0,0.14285033,0.66313494,0,4,0.73333333,0.97595569,0.36430591,0,4
r-bursty-long,base,routing,random,13,08c3f8f5b773,0,6802,6802,0,0,0,0,0.011467216,10.187879,2.1508196,0.41935496,0.67412854,1,0.1955026,0.83870993,2.0517147,0.035323309,0.067412854,0.079458903,57.875099,0.025118864,0.1,0,0,0.14326936,0.61303733,0,0,0.73333333,0.97512351,0.33320313,0,4
r-bursty-long,base,routing,random,14,4c5d5314cdf0,0,6166,6166,0,0,0,0,0,9.3424242,1.8780172,0.32679369,0.55122351,1,0.16148369,0.65358737,1.1155675,0.027600472,0.055122351,0.073124274,49.926011,0.019952623,0.1,0,0,0.086889075,0.44158565,0,0,0.73333333,0.99486402,0.25265375,0,4
r-bursty-long,base,routing,random,15,bcaf96f43ecf,0,7071,7071,0,0,0,0,0.044689577,10.234848,2.7929125,0.87804321,0.69142142,1,0.20929473,1.7560864,4.6386722,0.036236245,0.069142142,0.081913139,61.265593,0.025118864,0.12589254,0,0,0.29488956,1.5203459,0,8,0.73333333,0.97004229,0.35164403,0,4
r-bursty-long,base,routing,random,16,2659687de305,0,7550,7548,0,0,0,2,0.051523179,10.85,3.0134392,1.0188447,0.73697866,1,0.22429058,2.0376893,5.664048,0.039171737,0.073697866,0.090499736,61.079899,0.031622777,0.12589254,0,0,0.35414626,1.8352076,0,12,0.73333333,0.98725691,0.399556,0,4
r-bursty-long,base,routing,random,17,a4efe24ae3ad,0,6819,6816,0,0,0,3,0.091509019,9.3863636,4.8704278,2.7322254,0.68065729,1,0.20262309,5.4644508,10.801629,0.031830782,0.068065729,0.08456761,57.777579,0.025118864,0.12589254,0,0,0.67111621,5.2818985,0,9,0.73333333,0.99711433,0.31959614,0,4
r-bursty-long,base,routing,random,18,5c05348352de,0,6988,6984,0,0,0,4,0.011448197,10.466667,2.207919,0.48498423,0.6656938,1,0.19767328,0.96996847,2.118791,0.034025051,0.06656938,0.082833791,54.900961,0.025118864,0.1,0,0,0.17904074,0.75632756,0,1,0.73333333,0.99736663,0.33545096,0,4
r-bursty-long,base,routing,random,19,ed75fb2c68f9,0,6833,6833,0,0,0,0,0.015512952,10.192424,2.2723906,0.51577334,0.6790525,1,0.19245614,1.0315467,2.5882322,0.032187535,0.06790525,0.079452987,59.408187,0.025118864,0.12589254,0,0,0.17728796,0.79589692,0,8,0.73333333,0.97542168,0.31759578,0,4
r-bursty-long,base,routing,random,20,d013000980fe,0,6089,6089,0,0,0,0,0,9.2257576,1.8366816,0.31267069,0.52401089,1,0.16136748,0.62534139,0.88878236,0.026188995,0.052401089,0.067692951,47.182681,0.019952623,0.1,0,0,0.077240028,0.39207755,0,0,0.73333333,0.9614123,0.23923423,0,4
r-bursty-long,base,routing,round_robin,1,5ec69dfe4582,0,7707,7707,0,0,0,0,0.23147788,8.9742424,8.4152845,5.5729802,0.68491496,1,0.2247166,11.14596,17.071321,0.050084736,0.068491496,0.076764402,80.261027,0.039810717,0.12589254,0,0,1.8214119,10.978102,0,83,0.73333333,0.97183158,0.48868159,0,4
r-bursty-long,base,routing,round_robin,2,3d2ced743a74,0,6621,6621,0,0,0,0,0,10.031818,1.8778422,0.26011257,0.61772963,1,0.14523579,0.52022514,0.73723699,0.032918944,0.061772963,0.073603202,57.657536,0.025118864,0.1,0,0,0.050347522,0.26730855,0,1,0.73333333,0.96397846,0.32504571,0,4
r-bursty-long,base,routing,round_robin,3,c64ba9d9f5ba,0,6109,6104,0,0,0,5,0.00081846456,9.2484848,1.7225234,0.23820646,0.48022464,1,0.12870833,0.47641291,0.7829669,0.026470987,0.048022464,0.062837436,44.097402,0.019952623,0.1,0,0,0.043066826,0.22908447,0,0,0.73333333,0.99873605,0.23111586,0,4
r-bursty-long,base,routing,round_robin,4,efebe3781a19,0,5815,5815,0,0,0,0,0,8.8106061,1.8324452,0.24939923,0.58304602,1,0.12903274,0.49879846,0.83460162,0.027289634,0.058304602,0.071122186,49.13772,0.019952623,0.1,0,0,0.045137592,0.22923508,0,0,0.73333333,0.95024119,0.22954076,0,4
r-bursty-long,base,routing,round_robin,5,9e25ec47fb43,0,7765,7692,0,0,0,73,0.25396008,8.7772727,18.833889,15.890756,0.67333354,1,0.20710052,31.781511,40.313442,0.044255223,0.067333354,0.074782183,80.457757,0.031622777,0.12589254,0,0,5.2581737,31.568162,0,83,0.73333333,0.99904048,0.47640606,0,4
r-bursty-long,base,routing,round_robin,6,7b16337b348a,0,7940,7930,0,0,0,10,0.084005038,11.019697,4.3743317,2.2423024,0.71200404,1,0.19376596,4.4846049,7.850617,0.046330528,0.071200404,0.085016442,70.728299,0.031622777,0.12589254,0,0,0.53551984,4.3045932,0,25,0.73333333,0.99918893,0.48525751,0,4
r-bursty-long,base,routing,round_robin,7,18f7a4255e78,0,5364,5364,0,0,0,0,0,8.1272727,1.7507795,0.22500057,0.52577895,1,0.1237455,0.45000113,0.68254315,0.022656696,0.052577895,0.061710088,44.181649,0.019952623,0.1,0,0,0.036440046,0.1975845,0,0,0.73333333,0.94978608,0.19605148,0,4
r-bursty-long,base,routing,round_robin,8,31d02607e209,0,7273,7273,0,0,0,0,0.015674412,10.84697,2.1019295,0.36803754,0.65551985,1,0.16191571,0.73607508,2.6823652,0.039279318,0.065551985,0.076510583,64.158112,0.031622777,0.12589254,0,0,0.12356198,0.4879871,0,0,0.73333333,0.97233825,0.39159711,0,4
r-bursty-long,base,routing,round_robin,9,97712edce107,0,7905,7905,0,0,0,0,0.040354206,11.493939,2.7412386,0.8391956,0.700272,1,0.1770061,1.6783912,5.2043888,0.043442866,0.0700272,0.0801988,70.429705,0.031622777,0.12589254,0,0,0.25742687,1.4930963,0,21,0.73333333,0.97678695,0.4610616,0,4
r-bursty-long,base,routing,round_robin,10,1635ae9551a5,0,7485,7485,0,0,0,0,0.059185037,10.669697,3.3824449,1.4108523,0.67566741,1,0.17093753,2.8217047,12.336532,0.041341329,0.067566741,0.078262223,65.632914,0.031622777,0.12589254,0,0,0.46956653,2.5930795,0,51,0.73333333,0.94698687,0.42336342,0,4
r-bursty-long,base,routing,round_robin,11,789b5d0ac98a,0,7296,7286,0,0,0,10,0.01658443,10.871212,2.0266534,0.31858071,0.62515049,1,0.15219763,0.63716143,3.7876887,0.034729169,0.062515049,0.070957239,56.722748,0.025118864,0.12589254,0,0,0.13545486,0.39814184,0,6,0.73333333,0.99853885,0.35074783,0,4
r-bursty-long,base,routing,round_robin,12,f9e0c024eebd,0,7413,7413,0,0,0,0,0.00013489815,11.230303,1.9049324,0.27212649,0.63213138,1,0.14729011,0.54425298,0.88635308,0.035852934,0.063213138,0.074966509,57.145168,0.025118864,0.1,0,0,0.057217441,0.29374512,0,3,0.73333333,0.97205907,0.3623479,0,4
r-bursty-long,base,routing,round_robin,13,08c3f8f5b773,0,6802,6802,0,0,0,0,0.008820935,10.215152,1.9969225,0.30145211,0.65136572,1,0.14860466,0.60290422,1.3136514,0.035013114,0.065136572,0.077034171,56.784511,0.025118864,0.1,0,0,0.0863529,0.35323384,0,6,0.73333333,0.97677502,0.32923322,0,4
r-bursty-long,base,routing,round_robin,14,4c5d5314cdf0,0,6166,6163,0,0,0,3,0.00048653909,9.3378788,1.7497816,0.2236049,0.52374403,1,0.12863555,0.44720981,0.68388114,0.027375523,0.052374403,0.064888325,49.09631,0.019952623,0.1,0,0,0.03660091,0.19283854,0,0,0.73333333,0.9943293,0.24981342,0,4
r-bursty-long,base,routing,round_robin,15,bcaf96f43ecf,0,7071,7071,0,0,0,0,0.032385801,10.366667,2.2974303,0.47197363,0.66352766,1,0.1557854,0.94394725,3.9634778,0.035670916,0.066352766,0.077068517,60.997137,0.025118864,0.12589254,0,0,0.17511271,0.67703782,0,8,0.73333333,0.97560129,0.35122624,0,4
r-bursty-long,base,routing,round_robin,16,2659687de305,0,7550,7549,0,0,0,1,0.04013245,10.980303,2.5415396,0.62992576,0.71095156,1,0.16755975,1.2598515,5.8729428,0.040062125,0.071095156,0.079657545,61.999428,0.031622777,0.12589254,0,0,0.24538145,1.0556843,0,14,0.73333333,0.98812656,0.40109962,0,4
r-bursty-long,base,routing,round_robin,17,a4efe24ae3ad,0,6819,6817,0,0,0,2,0.090189177,9.4,4.4116006,2.2937806,0.66687409,1,0.15400493,4.5875613,8.5249762,0.032279333,0.066687409,0.081698677,57.845204,0.025118864,0.12589254,0,0,0.52977352,4.3774856,0,23,0.73333333,0.99587807,0.31767456,0,4
r-bursty-long,base,routing,round_robin,18,5c05348352de,0,6988,6985,0,0,0,3,0.0017172295,10.569697,1.9461907,0.31015155,0.627453,1,0.15284611,0.6203031,1.0760129,0.033570949,0.0627453,0.074928584,54.386658,0.025118864,0.1,0,0,0.074917717,0.38390588,0,0,0.73333333,0.99747736,0.33163652,0,4
r-bursty-long,base,routing,round_robin,19,ed75fb2c68f9,0,6833,6833,0,0,0,0,0.0002926972,10.35,1.9255729,0.30161778,0.62249163,1,0.14565944,0.60323555,1.1675202,0.031615751,0.062249163,0.073746135,58.439926,0.025118864,0.1,0,0,0.068629655,0.34943512,0,0,0.73333333,0.97956795,0.31344527,0,4
r-bursty-long,base,routing,round_robin,20,d013000980fe,0,6089,6089,0,0,0,0,0,9.2257576,1.7284802,0.22317709,0.5053031,1,0.12668369,0.44635418,0.63841565,0.025757846,0.05053031,0.062062096,47.628355,0.019952623,0.1,0,0,0.033843805,0.18520951,0,0,0.73333333,0.96606243,0.23698878,0,4
r-bursty-long,base,routing,least_outstanding,1,5ec69dfe4582,0,7707,7707,0,0,0,0,0.22823407,9.0121212,8.2205476,5.4022964,0.67708084,1,0.25621152,10.804593,14.54678,0.050853051,0.067708084,0.076683115,79.477757,0.039810717,0.12589254,0,0,1.7837086,10.618355,0,79,0.73333333,0.97115151,0.48654091,0,4
r-bursty-long,base,routing,least_outstanding,2,3d2ced743a74,0,6621,6621,0,0,0,0,0,10.031818,1.8755035,0.26774252,0.60776098,1,0.16387617,0.53548505,0.79237562,0.032549236,0.060776098,0.071224651,56.676212,0.025118864,0.1,0,0,0.059628353,0.27694577,0,0,0.73333333,0.95606887,0.32170904,0,4
r-bursty-long,base,routing,least_outstanding,3,c64ba9d9f5ba,0,6109,6105,0,0,0,4,0.00065477165,9.25,1.7328495,0.24422288,0.48535275,1,0.14205516,0.48844576,0.74443059,0.026641966,0.048535275,0.060108336,43.615934,0.019952623,0.1,0,0,0.051509144,0.25210052,0,0,0.73333333,0.99925252,0.22828762,0,4
r-bursty-long,base,routing,least_outstanding,4,efebe3781a19,0,5815,5815,0,0,0,0,0,8.8106061,1.8550533,0.27749364,0.57755962,1,0.1436992,0.55498728,0.82421588,0.027121058,0.057755962,0.070593128,48.460375,0.019952623,0.1,0,0,0.057234064,0.31068667,0,0,0.73333333,0.96035413,0.22691323,0,4
r-bursty-long,base,routing,least_outstanding,5,9e25ec47fb43,0,7765,7690,0,0,0,75,0.25125563,8.8090909,17.899029,14.967978,0.67477289,1,0.23652118,29.935957,35.621177,0.043495716,0.067477289,0.075045411,80.360033,0.031622777,0.12589254,0,0,5.0079969,29.674612,0,71,0.73333333,0.99903497,0.47278525,0,4
r-bursty-long,base,routing,least_outstanding,6,7b16337b348a,0,7940,7930,0,0,0,10,0.094080605,10.898485,4.3146931,2.1413513,0.70293878,1,0.21549817,4.2827025,7.3479313,0.046410399,0.070293878,0.080958565,70.904696,0.031622777,0.12589254,0,0,0.54134858,4.0907125,0,36,0.73333333,0.9993247,0.48282061,0,4
r-bursty-long,base,routing,least_outstanding,7,18f7a4255e78,0,5364,5364,0,0,0,0,0,8.1272727,1.7713125,0.24864145,0.52267108,1,0.13335852,0.49728289,0.74304468,0.022567574,0.052267108,0.061243894,44.11243,0.019952623,0.1,0,0,0.047753304,0.24278832,0,0,0.73333333,0.94871596,0.19391858,0,4
r-bursty-long,base,routing,least_outstanding,8,31d02607e209,0,7273,7273,0,0,0,0,0.0065997525,10.94697,2.0580891,0.37136826,0.65372212,1,0.18649003,0.74273652,1.7209123,0.039164445,0.065372212,0.075023174,63.922546,0.031622777,0.1,0,0,0.11795702,0.49730026,0,0,0.73333333,0.96948154,0.38652954,0,4
r-bursty-long,base,routing,least_outstanding,9,97712edce107,0,7905,7905,0,0,0,0,0.022896901,11.70303,2.2911013,0.47839978,0.69821699,1,0.20255651,0.95679955,2.5326572,0.043066407,0.069821699,0.081419966,70.038869,0.031622777,0.12589254,0,0,0.16658756,0.71793961,0,5,0.73333333,0.97919637,0.45311305,0,4
r-bursty-long,base,routing,least_outstanding,10,1635ae9551a5,0,7485,7485,0,0,0,0,0.035270541,10.940909,2.4075306,0.56698008,0.66419781,1,0.18904673,1.1339602,5.491153,0.040921885,0.066419781,0.075726504,65.08598,0.031622777,0.12589254,0,0,0.24629694,0.93122577,0,16,0.73333333,0.94784178,0.41581998,0,4
r-bursty-long,base,routing,least_outstanding,11,789b5d0ac98a,0,7296,7288,0,0,0,8,0.012883772,10.912121,2.0458,0.37116428,0.61021681,1,0.17191812,0.74232857,2.1583995,0.034308102,0.061021681,0.073089023,56.427245,0.025118864,0.12589254,0,0,0.12038929,0.50969314,0,8,0.73333333,0.99951804,0.34542073,0,4
r-bursty-long,base,routing,least_outstanding,12,f9e0c024eebd,0,7413,7413,0,0,0,0,0,11.231818,1.8839395,0.27742469,0.60651483,1,0.16828753,0.55484939,0.83764737,0.035833752,0.060651483,0.070966462,56.062824,0.025118864,0.1,0,0,0.067217914,0.31578125,0,0,0.73333333,0.97386199,0.3577403,0,4
r-bursty-long,base,routing,least_outstanding,13,08c3f8f5b773,0,6802,6802,0,0,0,0,0,10.306061,1.9374857,0.30170781,0.63577785,1,0.17044857,0.60341562,0.90743034,0.035111176,0.063577785,0.07423678,55.672183,0.025118864,0.1,0,0,0.072579043,0.34719501,0,0,0.73333333,0.9783698,0.32608432,0,4
r-bursty-long,base,routing,least_outstanding,14,4c5d5314cdf0,0,6166,6164,0,0,0,2,0.00032435939,9.3393939,1.7660039,0.25056178,0.51382031,1,0.14477113,0.50112356,0.74415795,0.027375011,0.051382031,0.06430973,48.760548,0.019952623,0.1,0,0,0.05133061,0.25948595,0,0,0.73333333,0.99562639,0.24696767,0,4
r-bursty-long,base,routing,least_outstanding,15,bcaf96f43ecf,0,7071,7071,0,0,0,0,0.0072125583,10.636364,2.0867026,0.37844119,0.67219862,1,0.17509037,0.75688238,1.8467343,0.03596207,0.067219862,0.076817178,60.276094,0.025118864,0.12589254,0,0,0.11683394,0.5167391,0,2,0.73333333,0.9795503,0.34667037,0,4
r-bursty-long,base,routing,least_outstanding,16,2659687de305,0,7550,7549,0,0,0,1,0.031390728,11.080303,2.35833,0.49430072,0.70707563,1,0.18742713,0.98860143,4.0356357,0.039688319,0.070707563,0.078813856,60.46602,0.031622777,0.12589254,0,0,0.1971507,0.7235598,0,8,0.73333333,0.99334505,0.39474886,0,4
r-bursty-long,base,routing,least_outstanding,17,a4efe24ae3ad,0,6819,6815,0,0,0,4,0.090189177,9.4,4.4625799,2.3395222,0.67211184,1,0.17487415,4.6790444,7.3360843,0.032335678,0.067211184,0.07937102,57.227984,0.025118864,0.12589254,0,0,0.5093668,4.4625649,0,6,0.73333333,0.99342924,0.3152476,0,4
r-bursty-long,base,routing,least_outstanding,18,5c05348352de,0,6988,6983,0,0,0,5,0.00071551231,10.580303,1.9744893,0.3472792,0.62363259,1,0.17440768,0.69455839,1.0973133,0.033386024,0.062363259,0.076159906,54.012108,0.025118864,0.1,0,0,0.089451947,0.4567776,0,0,0.73333333,0.99677067,0.32815211,0,4
r-bursty-long,base,routing,least_outstanding,19,ed75fb2c68f9,0,6833,6833,0,0,0,0,0,10.35303,1.9084244,0.28214775,0.62627663,1,0.16690085,0.56429549,0.79992732,0.031650287,0.062627663,0.073546504,58.315946,0.025118864,0.1,0,0,0.066074957,0.31309283,0,0,0.73333333,0.97488582,0.31035846,0,4
r-bursty-long,base,routing,least_outstanding,20,d013000980fe,0,6089,6089,0,0,0,0,0,9.2257576,1.7324345,0.23425072,0.49818377,1,0.1414313,0.46850144,0.66759953,0.025673104,0.049818377,0.05993467,46.105613,0.019952623,0.1,0,0,0.044071887,0.22875011,0,0,0.73333333,0.95974434,0.23393481,0,4
r-bursty-long,base,routing,power_of_two,1,5ec69dfe4582,0,7707,7707,0,0,0,0,0.24017127,8.8727273,8.622575,5.7356875,0.6860311,1,0.28080979,11.471375,15.561354,0.050848446,0.06860311,0.078615559,80.515643,0.039810717,0.12589254,0,0,1.9583132,11.331778,0,128,0.73333333,0.97070493,0.48967496,0,4
r-bursty-long,base,routing,power_of_two,2,3d2ced743a74,0,6621,6621,0,0,0,0,0,10.031818,1.9156342,0.30370054,0.61193362,1,0.17495515,0.60740109,0.8598582,0.032670691,0.061193362,0.072190388,57.143671,0.025118864,0.1,0,0,0.076464058,0.368877,0,0,0.73333333,0.96046,0.32168356,0,4
r-bursty-long,base,routing,power_of_two,3,c64ba9d9f5ba,0,6109,6101,0,0,0,8,0.0013095433,9.2439394,1.7469993,0.26662245,0.47382911,1,0.15616928,0.5332449,0.78878049,0.026543731,0.047382911,0.061551489,43.101938,0.019952623,0.1,0,0,0.061728754,0.3058287,0,0,0.73333333,0.99435012,0.22838211,0,4
r-bursty-long,base,routing,power_of_two,4,efebe3781a19,0,5815,5815,0,0,0,0,0,8.8106061,1.8747275,0.28805691,0.58667059,1,0.15216473,0.57611383,0.85144524,0.027577055,0.058667059,0.070045368,48.782365,0.019952623,0.1,0,0,0.066919241,0.34171874,0,0,0.73333333,0.95703594,0.22707281,0,4
r-bursty-long,base,routing,power_of_two,5,9e25ec47fb43,0,7765,7691,0,0,0,74,0.25370251,8.780303,17.476862,14.543454,0.66489557,1,0.26111744,29.086908,39.430334,0.043810847,0.066489557,0.074292673,80.180778,0.031622777,0.12589254,0,0,5.0632644,28.853188,0,89,0.73333333,0.99871403,0.47299833,0,4
r-bursty-long,base,routing,power_of_two,6,7b16337b348a,0,7940,7929,0,0,0,11,0.093576826,10.904545,4.4084481,2.2263939,0.71417007,1,0.2409936,4.4527878,7.6924485,0.046374161,0.071417007,0.082928094,71.410241,0.031622777,0.12589254,0,0,0.58050839,4.2379273,0,38,0.73333333,0.99925649,0.48284703,0,4
r-bursty-long,base,routing,power_of_two,7,18f7a4255e78,0,5364,5364,0,0,0,0,0,8.1272727,1.7823762,0.26760986,0.51476638,1,0.14136494,0.53521972,0.78597262,0.02259791,0.051476638,0.061597534,44.180421,0.019952623,0.1,0,0,0.058253562,0.31097209,0,0,0.73333333,0.95358745,0.19353399,0,4
r-bursty-long,base,routing,power_of_two,8,31d02607e209,0,7273,7273,0,0,0,0,0.0093496494,10.916667,2.0946397,0.39748253,0.65040888,1,0.19714913,0.79496506,1.9471918,0.039096879,0.065040888,0.075134595,63.492577,0.031622777,0.1,0,0,0.13593114,0.56223334,0,2,0.73333333,0.96885268,0.38682147,0,4
r-bursty-long,base,routing,power_of_two,9,97712edce107,0,7905,7905,0,0,0,0,0.021758381,11.716667,2.3439655,0.53226237,0.70291121,1,0.21298387,1.0645247,2.5154854,0.043059632,0.070291121,0.082097529,69.216827,0.031622777,0.12589254,0,0,0.1858069,0.83394818,0,3,0.73333333,0.97126877,0.45330603,0,4
r-bursty-long,base,routing,power_of_two,10,1635ae9551a5,0,7485,7485,0,0,0,0,0.033533734,10.960606,2.4194794,0.58154358,0.67026712,1,0.20393755,1.1630872,5.7799295,0.041072749,0.067026712,0.079914851,65.240749,0.031622777,0.12589254,0,0,0.26210678,0.96205951,0,29,0.73333333,0.94669865,0.41706327,0,4
r-bursty-long,base,routing,power_of_two,11,789b5d0ac98a,0,7296,7287,0,0,0,9,0.014528509,10.893939,2.1094689,0.42263467,0.61419167,1,0.18913466,0.84526934,2.2611481,0.034418868,0.061419167,0.074798019,56.233425,0.025118864,0.1,0,0,0.14933481,0.60882877,0,8,0.73333333,0.99889845,0.34536986,0,4
r-bursty-long,base,routing,power_of_two,12,f9e0c024eebd,0,7413,7413,0,0,0,0,0.00040469446,11.227273,1.9234219,0.31388583,0.60751265,1,0.17977192,0.62777165,0.98156934,0.0358197,0.060751265,0.07071613,56.352235,0.025118864,0.1,0,0,0.084882314,0.38472388,0,0,0.73333333,0.97726607,0.35756381,0,4
r-bursty-long,base,routing,power_of_two,13,08c3f8f5b773,0,6802,6802,0,0,0,0,0,10.306061,1.9667811,0.32892536,0.63785573,1,0.18299152,0.65785073,1.0000779,0.034900219,0.063785573,0.074518172,55.254144,0.025118864,0.1,0,0,0.089022573,0.41376697,0,0,0.73333333,0.97688987,0.32643655,0,4
r-bursty-long,base,routing,power_of_two,14,4c5d5314cdf0,0,6166,6162,0,0,0,4,0.00064871878,9.3363636,1.7764292,0.26409147,0.50909411,1,0.15281721,0.52818293,0.75606124,0.027489895,0.050909411,0.064310726,48.101303,0.019952623,0.1,0,0,0.059266058,0.29132176,0,0,0.73333333,0.99210072,0.24699579,0,4
r-bursty-long,base,routing,power_of_two,15,bcaf96f43ecf,0,7071,7071,0,0,0,0,0.009333899,10.613636,2.153345,0.43724653,0.66942899,1,0.19196204,0.87449306,1.9811872,0.035845717,0.066942899,0.077691052,60.177931,0.025118864,0.12589254,0,0,0.13733197,0.65276709,0,3,0.73333333,0.97691715,0.34724363,0,4
r-bursty-long,base,routing,power_of_two,16,2659687de305,0,7550,7549,0,0,0,1,0.029801325,11.098485,2.3462816,0.49263085,0.70464415,1,0.20270327,0.9852617,3.8564243,0.039878436,0.070464415,0.077826097,60.523892,0.031622777,0.12589254,0,0,0.20912667,0.75397839,0,3,0.73333333,0.9889532,0.39465973,0,4
r-bursty-long,base,routing,power_of_two,17,a4efe24ae3ad,0,6819,6816,0,0,0,3,0.096788385,9.3318182,4.5774429,2.4154246,0.67807638,1,0.18666523,4.8308491,7.3224011,0.032142254,0.067807638,0.080180436,56.931524,0.025118864,0.12589254,0,0,0.56060966,4.6777217,0,21,0.73333333,0.99673169,0.31510709,0,4
r-bursty-long,base,routing,power_of_two,18,5c05348352de,0,6988,6986,0,0,0,2,0.00071551231,10.580303,2.0014648,0.36619621,0.63169102,1,0.18544129,0.73239242,1.1368808,0.033465671,0.063169102,0.07765409,54.053659,0.025118864,0.1,0,0,0.10688917,0.50258414,0,0,0.73333333,0.99816266,0.32855856,0,4
r-bursty-long,base,routing,power_of_two,19,ed75fb2c68f9,0,6833,6833,0,0,0,0,0,10.35303,1.941853,0.31701565,0.62483735,1,0.1778901,0.63403131,0.90666091,0.031621142,0.062483735,0.074268978,57.54817,0.025118864,0.1,0,0,0.082662837,0.38818564,0,0,0.73333333,0.97619621,0.31005025,0,4
r-bursty-long,base,routing,power_of_two,20,d013000980fe,0,6089,6089,0,0,0,0,0,9.2257576,1.7525174,0.25430992,0.49820751,1,0.15204319,0.50861983,0.75065473,0.025474929,0.049820751,0.062079452,45.88424,0.019952623,0.1,0,0,0.055668531,0.26699605,0,0,0.73333333,0.96262588,0.23432524,0,4
r-bursty-long,base,routing,latency_aware,1,5ec69dfe4582,0,7707,7707,0,0,0,0,0.25781757,8.6666667,10.906444,7.8973261,0.72003039,1,0.33829129,15.794652,23.286976,0.049990232,0.072003039,0.085081963,81.833816,0.039810717,0.12589254,0,0,2.6346329,15.609466,0,68,0.73333333,0.96942468,0.48594457,0,4
r-bursty-long,base,routing,latency_aware,2,3d2ced743a74,0,6621,6621,0,0,0,0,0.0036248301,9.9954545,2.0678439,0.41389032,0.6358294,1,0.18547763,0.82778065,1.5587227,0.03296145,0.06358294,0.076332605,56.683099,0.025118864,0.1,0,0,0.12500822,0.59748263,0,0,0.73333333,0.96494176,0.32405929,0,4
r-bursty-long,base,routing,latency_aware,3,c64ba9d9f5ba,0,6109,6103,0,0,0,6,0.0052381732,9.2075758,1.896769,0.38107742,0.48950076,1,0.15999766,0.76215483,1.5908408,0.026984609,0.048950076,0.061729423,44.054441,0.019952623,0.1,0,0,0.10806211,0.5503042,0,0,0.73333333,0.99851341,0.2301844,0,4
r-bursty-long,base,routing,latency_aware,4,efebe3781a19,0,5815,5815,0,0,0,0,0.0089423904,8.7318182,2.0258203,0.39959656,0.58151178,1,0.15791776,0.79919312,1.944009,0.027548761,0.058151178,0.075101897,48.444003,0.019952623,0.1,0,0,0.11159955,0.55889553,0,0,0.73333333,0.95729267,0.22803295,0,4
r-bursty-long,base,routing,latency_aware,5,9e25ec47fb43,0,7765,7691,0,0,0,74,0.25589182,8.7545455,20.363364,17.395301,0.68860379,1,0.30582181,34.790603,48.272336,0.043962885,0.068860379,0.084009644,80.923492,0.031622777,0.12589254,0,0,5.5168703,34.649799,0,101,0.73333333,0.99889479,0.4722597,0,4
r-bursty-long,base,routing,latency_aware,6,7b16337b348a,0,7940,7929,0,0,0,11,0.12632242,10.510606,5.0812974,2.721711,0.72797428,1,0.2838536,5.443422,11.40547,0.046530077,0.072797428,0.092196688,71.367807,0.031622777,0.12589254,0,0,0.88989562,5.2262593,0,20,0.73333333,0.99937245,0.4820048,0,4
r-bursty-long,base,routing,latency_aware,7,18f7a4255e78,0,5364,5364,0,0,0,0,0,8.1272727,1.823159,0.28635325,0.53680578,1,0.14787538,0.5727065,0.88939263,0.022830596,0.053680578,0.064213429,44.109379,0.019952623,0.1,0,0,0.067507337,0.34961936,0,0,0.73333333,0.9477803,0.1945138,0,4
r-bursty-long,base,routing,latency_aware,8,31d02607e209,0,7273,7273,0,0,0,0,0.051148082,10.456061,2.9348574,1.0126905,0.66642649,1,0.2132187,2.0253809,4.9100146,0.039484313,0.066642649,0.085658809,64.556908,0.031622777,0.1,0,0,0.32246605,1.7973238,0,0,0.73333333,0.97023525,0.39043922,0,4
r-bursty-long,base,routing,latency_aware,9,97712edce107,0,7905,7905,0,0,0,0,0.066034156,11.186364,3.2544333,1.2030675,0.72119511,1,0.24794142,2.4061349,6.279206,0.044007793,0.072119511,0.09005488,70.273312,0.031622777,0.12589254,0,0,0.41190232,2.2067941,0,6,0.73333333,0.97952374,0.45721165,0,4
r-bursty-long,base,routing,latency_aware,10,1635ae9551a5,0,7485,7485,0,0,0,0,0.056112224,10.704545,3.0850316,1.0861615,0.71830899,1,0.23078861,2.172323,8.030595,0.041420598,0.071830899,0.091042003,65.212803,0.031622777,0.12589254,0,0,0.45994241,1.9884417,0,5,0.73333333,0.94276527,0.4194144,0,4
r-bursty-long,base,routing,latency_aware,11,789b5d0ac98a,0,7296,7288,0,0,0,8,0.020010965,10.833333,2.2246619,0.48449434,0.64011276,1,0.19737037,0.96898869,4.1196116,0.034676192,0.064011276,0.076100253,56.759111,0.025118864,0.1,0,0,0.21366077,0.74465359,0,2,0.73333333,0.99522384,0.34655184,0,4
r-bursty-long,base,routing,latency_aware,12,f9e0c024eebd,0,7413,7413,0,0,0,0,0.0075542965,11.14697,2.1123068,0.43569349,0.63884183,1,0.18984014,0.87138697,1.8472509,0.035981677,0.063884183,0.07630003,56.073957,0.025118864,0.1,0,0,0.13509898,0.66183375,0,0,0.73333333,0.97441726,0.35824853,0,4
r-bursty-long,base,routing,latency_aware,13,08c3f8f5b773,0,6802,6802,0,0,0,0,0.014407527,10.157576,2.2662596,0.54120257,0.6530194,1,0.19525152,1.0824051,2.1813528,0.035401165,0.06530194,0.080106074,55.974521,0.025118864,0.1,0,0,0.16913802,0.8686476,0,3,0.73333333,0.97468486,0.32757491,0,4
r-bursty-long,base,routing,latency_aware,14,4c5d5314cdf0,0,6166,6162,0,0,0,4,0.0051897502,9.2939394,1.9388003,0.37574215,0.5371094,1,0.15936144,0.7514843,1.6181778,0.027381067,0.05371094,0.071405777,48.380591,0.019952623,0.1,0,0,0.10587467,0.52945698,0,0,0.73333333,0.98921001,0.24747871,0,4
r-bursty-long,base,routing,latency_aware,15,bcaf96f43ecf,0,7071,7071,0,0,0,0,0.028708811,10.406061,2.4731629,0.64513044,0.68448843,1,0.2019504,1.2902609,3.6097909,0.037340792,0.068448843,0.08323666,61.736383,0.025118864,0.12589254,0,0,0.23443978,1.0493921,0,0,0.73333333,0.97296164,0.34998355,0,4
r-bursty-long,base,routing,latency_aware,16,2659687de305,0,7550,7549,0,0,0,1,0.053774834,10.824242,3.0590573,1.0737509,0.71643226,1,0.23141426,2.1475018,6.7483278,0.040724668,0.071643226,0.087308878,61.433117,0.031622777,0.12589254,0,0,0.41487422,1.8906395,0,6,0.73333333,0.9895403,0.40017639,0,4
r-bursty-long,base,routing,latency_aware,17,a4efe24ae3ad,0,6819,6817,0,0,0,2,0.08974923,9.4045455,4.6397622,2.5303929,0.66062311,1,0.19873356,5.0607858,13.100372,0.032315775,0.066062311,0.079170103,57.076175,0.025118864,0.12589254,0,0,0.73128615,4.8625566,0,10,0.73333333,0.99744455,0.31376819,0,4
r-bursty-long,base,routing,latency_aware,18,5c05348352de,0,6988,6987,0,0,0,1,0.012306812,10.457576,2.2392697,0.53544385,0.64229175,1,0.20115058,1.0708877,2.2336151,0.033700807,0.064229175,0.079109525,54.927833,0.025118864,0.1,0,0,0.18088221,0.84035923,0,0,0.73333333,0.99658193,0.32884528,0,4
r-bursty-long,base,routing,latency_aware,19,ed75fb2c68f9,0,6833,6833,0,0,0,0,0.011268842,10.236364,2.220327,0.50974248,0.65424028,1,0.19642013,1.019485,2.0912339,0.032407485,0.065424028,0.081396715,57.813908,0.025118864,0.1,0,0,0.17881325,0.79243154,0,6,0.73333333,0.97534668,0.31245142,0,4
r-bursty-long,base,routing,latency_aware,20,d013000980fe,0,6089,6089,0,0,0,0,0.0045984562,9.1833333,1.8410088,0.29335595,0.52466054,1,0.15422105,0.58671189,1.1203811,0.025763475,0.052466054,0.064761881,47.399639,0.019952623,0.1,0,0,0.08019294,0.33502316,0,0,0.73333333,0.96637479,0.2355761,0,4
r-bursty-long,base,routing,queue_aware,1,5ec69dfe4582,0,7707,7707,0,0,0,0,0.29739198,8.2045455,8.9836306,5.8000646,0.69660607,1,0.98175348,11.600129,15.912124,0.050997445,0.069660607,0.08583093,80.392482,0.039810717,0.12589254,0,0,2.3865141,11.362348,0,84,0.73333333,0.96982318,0.48649729,0,4
r-bursty-long,base,routing,queue_aware,2,3d2ced743a74,0,6621,6621,0,0,0,0,0.061622111,9.4136364,2.9977424,1.0452692,0.64436266,1,0.51231188,2.0905384,2.9023074,0.033068166,0.064436266,0.085313361,57.50529,0.025118864,0.1,0,0,0.57026368,1.8840969,0,0,0.73333333,0.95749791,0.32156959,0,4
r-bursty-long,base,routing,queue_aware,3,c64ba9d9f5ba,0,6109,6102,0,0,0,7,0.05843837,8.7151515,2.8386119,1.0327343,0.51368575,1,0.39155882,2.0654687,2.7657665,0.02678573,0.051368575,0.081366672,43.974774,0.019952623,0.1,0,0,0.48669532,1.8712805,0,0,0.73333333,0.9967468,0.22840336,0,4
r-bursty-long,base,routing,queue_aware,4,efebe3781a19,0,5815,5815,0,0,0,0,0.054342218,8.3318182,2.9029423,1.0216776,0.60955362,1,0.39872376,2.0433552,2.8018476,0.027501917,0.060955362,0.080383664,49.466612,0.019952623,0.1,0,0,0.49263825,1.8292406,0,0,0.73333333,0.95920491,0.22739853,0,4
r-bursty-long,base,routing,queue_aware,5,9e25ec47fb43,0,7765,7685,0,0,0,80,0.30676111,8.1560606,18.701497,15.47722,0.6904709,1,0.9363219,30.95444,37.681245,0.04439537,0.06904709,0.080964908,80.563139,0.031622777,0.12589254,0,0,5.6077679,30.757902,0,88,0.73333333,0.99699734,0.47137308,0,4
r-bursty-long,base,routing,queue_aware,6,7b16337b348a,0,7940,7928,0,0,0,12,0.19244332,9.7151515,5.0447948,2.3612095,0.7213687,1,0.81484803,4.7224189,8.1244065,0.046261135,0.07213687,0.090091623,71.423839,0.031622777,0.12589254,0,0,1.1329869,4.5403135,0,22,0.73333333,0.99714125,0.48035571,0,4
r-bursty-long,base,routing,queue_aware,7,18f7a4255e78,0,5364,5364,0,0,0,0,0.050708427,7.7151515,2.8125261,1.0007533,0.55823066,1,0.33197849,2.0015067,2.6773528,0.023595519,0.055823066,0.082134515,43.63533,0.019952623,0.1,0,0,0.42463741,1.7801873,0,0,0.73333333,0.94955292,0.19374572,0,4
r-bursty-long,base,routing,queue_aware,8,31d02607e209,0,7273,7273,0,0,0,0,0.092396535,10.001515,3.3539873,1.2154848,0.67651979,1,0.63157844,2.4309697,3.7622103,0.039444999,0.067651979,0.087239178,64.560936,0.031622777,0.1,0,0,0.69593351,2.2062436,0,0,0.73333333,0.97141968,0.38624016,0,4
r-bursty-long,base,routing,queue_aware,9,97712edce107,0,7905,7905,0,0,0,0,0.1258697,10.469697,3.7155755,1.3631361,0.72309089,1,0.72950605,2.7262722,4.0357271,0.04319012,0.072309089,0.08840958,69.978458,0.031622777,0.12589254,0,0,0.79610054,2.5153138,0,6,0.73333333,0.97160776,0.45266497,0,4
r-bursty-long,base,routing,queue_aware,10,1635ae9551a5,0,7485,7485,0,0,0,0,0.1245157,9.9287879,3.7673454,1.440933,0.703834,1,0.68918523,2.8818659,6.2150247,0.04153949,0.0703834,0.088493521,65.318216,0.031622777,0.12589254,0,0,0.84047315,2.676138,0,22,0.73333333,0.95085334,0.41619224,0,4
r-bursty-long,base,routing,queue_aware,11,789b5d0ac98a,0,7296,7286,0,0,0,10,0.097450658,9.9772727,3.3558811,1.2144076,0.65422014,1,0.61673102,2.4288153,3.5170373,0.034544088,0.065422014,0.086303,57.228224,0.025118864,0.12589254,0,0,0.68859318,2.2187717,0,3,0.73333333,0.99740465,0.34465779,0,4
r-bursty-long,base,routing,queue_aware,12,f9e0c024eebd,0,7413,7413,0,0,0,0,0.060839067,10.548485,3.0052867,1.0591543,0.64193707,1,0.59735168,2.1183086,2.8818042,0.0360664,0.064193707,0.085670412,56.824281,0.025118864,0.1,0,0,0.60464139,1.8742246,0,0,0.73333333,0.9751593,0.3575118,0,4
r-bursty-long,base,routing,queue_aware,13,08c3f8f5b773,0,6802,6802,0,0,0,0,0.071008527,9.5742424,3.1195339,1.0959001,0.66859114,1,0.52277149,2.1918002,2.8409335,0.035469234,0.066859114,0.086382003,55.631849,0.025118864,0.1,0,0,0.5821285,1.9610483,0,0,0.73333333,0.97607373,0.3252009,0,4
r-bursty-long,base,routing,queue_aware,14,4c5d5314cdf0,0,6166,6162,0,0,0,4,0.045896854,8.9136364,2.7565086,0.97119112,0.55583317,1,0.41357072,1.9423822,2.6041266,0.027817018,0.055583317,0.085309144,48.858531,0.019952623,0.1,0,0,0.47423565,1.7325092,0,0,0.73333333,0.99002185,0.24663601,0,4
r-bursty-long,base,routing,queue_aware,15,bcaf96f43ecf,0,7071,7071,0,0,0,0,0.088530618,9.7651515,3.328574,1.1872845,0.6986364,1,0.60144724,2.374569,3.6735666,0.036483447,0.06986364,0.088057694,60.792343,0.025118864,0.12589254,0,0,0.66845226,2.1641769,0,1,0.73333333,0.97793374,0.34610419,0,4
r-bursty-long,base,routing,queue_aware,16,2659687de305,0,7550,7549,0,0,0,1,0.11907285,10.077273,3.7052429,1.3867888,0.7230899,1,0.6879191,2.7735775,5.1154662,0.039816231,0.07230899,0.087497244,61.873343,0.031622777,0.12589254,0,0,0.80301361,2.5488231,0,2,0.73333333,0.99000641,0.39372049,0,4
r-bursty-long,base,routing,queue_aware,17,a4efe24ae3ad,0,6819,6816,0,0,0,3,0.15618126,8.7181818,5.1805669,2.7159078,0.68375277,1,0.57530644,5.4318156,8.4594178,0.032617477,0.068375277,0.087158802,56.947107,0.025118864,0.12589254,0,0,1.0403641,5.2576885,0,5,0.73333333,0.99182405,0.31431111,0,4
r-bursty-long,base,routing,queue_aware,18,5c05348352de,0,6988,6984,0,0,0,4,0.091442473,9.619697,3.2958518,1.1739722,0.66466722,1,0.60460648,2.3479445,3.4604836,0.033700483,0.066466722,0.086411099,54.815822,0.025118864,0.1,0,0,0.66777112,2.13626,0,0,0.73333333,0.99537764,0.32795833,0,4
r-bursty-long,base,routing,queue_aware,19,ed75fb2c68f9,0,6833,6833,0,0,0,0,0.077711108,9.5484848,3.1630668,1.1262228,0.64828844,1,0.52670404,2.2524455,2.9323012,0.032094968,0.064828844,0.084251408,58.684099,0.025118864,0.1,0,0,0.60026899,2.0330112,0,0,0.73333333,0.97513613,0.31002572,0,4
r-bursty-long,base,routing,queue_aware,20,d013000980fe,0,6089,6089,0,0,0,0,0.040236492,8.8545455,2.6944846,0.95172962,0.54157251,1,0.36975419,1.9034592,2.500714,0.026379683,0.054157251,0.078545827,46.302891,0.019952623,0.1,0,0,0.44764737,1.6950821,0,0,0.73333333,0.96388996,0.2342245,0,4
r-bursty-long,base,routing,queue_aware_corrected,1,5ec69dfe4582,0,7707,7707,0,0,0,0,0.23069936,8.9833333,8.0878397,5.2522191,0.68212379,1,0.23753337,10.504438,14.016546,0.05097706,0.068212379,0.077162366,79.208733,0.039810717,0.12589254,0,0,1.7486319,10.26487,0,80,0.73333333,0.96893199,0.48708627,0,4
r-bursty-long,base,routing,queue_aware_corrected,2,3d2ced743a74,0,6621,6621,0,0,0,0,0,10.031818,1.8751674,0.27025844,0.60490893,1,0.1524517,0.54051689,0.77991954,0.032678322,0.060490893,0.070620091,57.227579,0.025118864,0.1,0,0,0.057558285,0.29857171,0,0,0.73333333,0.95660235,0.3213079,0,4
r-bursty-long,base,routing,queue_aware_corrected,3,c64ba9d9f5ba,0,6109,6104,0,0,0,5,0.00081846456,9.2484848,1.72156,0.24380752,0.47366021,1,0.13217048,0.48761503,0.77749156,0.026595828,0.047366021,0.060569068,43.573503,0.019952623,0.1,0,0,0.046516151,0.23590461,0,0,0.73333333,0.99854706,0.2281136,0,4
r-bursty-long,base,routing,queue_aware_corrected,4,efebe3781a19,0,5815,5815,0,0,0,0,0,8.8106061,1.8270133,0.24771181,0.57930151,1,0.13385981,0.49542362,0.76053865,0.027402567,0.057930151,0.068662685,48.46873,0.019952623,0.1,0,0,0.045967189,0.23615288,0,0,0.73333333,0.94826739,0.22689311,0,4
r-bursty-long,base,routing,queue_aware_corrected,5,9e25ec47fb43,0,7765,7698,0,0,0,67,0.25267225,8.7924242,17.929036,14.999046,0.66662804,1,0.22126782,29.998093,35.312282,0.043762018,0.066662804,0.07271805,80.423361,0.031622777,0.12589254,0,0,4.9600392,29.810294,0,71,0.73333333,0.99903799,0.47310476,0,4
r-bursty-long,base,routing,queue_aware_corrected,6,7b16337b348a,0,7940,7929,0,0,0,11,0.081989924,11.043939,3.9379431,1.8375369,0.69045659,1,0.20733497,3.6750737,7.009621,0.04660263,0.069045659,0.08061277,70.257238,0.031622777,0.12589254,0,0,0.47856167,3.5384809,0,15,0.73333333,0.9988578,0.48139017,0,4
r-bursty-long,base,routing,queue_aware_corrected,7,18f7a4255e78,0,5364,5364,0,0,0,0,0,8.1272727,1.7529734,0.23097025,0.52200313,1,0.1270962,0.4619405,0.64908506,0.022553377,0.052200313,0.061384017,43.675432,0.019952623,0.1,0,0,0.039834543,0.22201206,0,0,0.73333333,0.94700421,0.19367801,0,4
r-bursty-long,base,routing,queue_aware_corrected,8,31d02607e209,0,7273,7273,0,0,0,0,0.00879967,10.922727,2.0558744,0.36084069,0.65103537,1,0.17271794,0.72168138,1.8794961,0.039314456,0.065103537,0.074885939,63.60019,0.031622777,0.1,0,0,0.11288992,0.4806576,0,0,0.73333333,0.96981791,0.38639635,0,4
r-bursty-long,base,routing,queue_aware_corrected,9,97712edce107,0,7905,7905,0,0,0,0,0.018342821,11.757576,2.2396113,0.45876898,0.68912825,1,0.1863655,0.91753796,2.5378667,0.043231399,0.068912825,0.078882297,69.685587,0.031622777,0.12589254,0,0,0.15454058,0.70430823,0,3,0.73333333,0.97414374,0.45278757,0,4
r-bursty-long,base,routing,queue_aware_corrected,10,1635ae9551a5,0,7485,7485,0,0,0,0,0.03500334,10.943939,2.3970222,0.55227585,0.66972967,1,0.18242409,1.1045517,5.9076796,0.041475027,0.066972967,0.077023145,64.888745,0.031622777,0.12589254,0,0,0.24615596,0.86655367,0,25,0.73333333,0.95051331,0.41662287,0,4
r-bursty-long,base,routing,queue_aware_corrected,11,789b5d0ac98a,0,7296,7287,0,0,0,9,0.012746711,10.913636,2.0259344,0.34999086,0.61221003,1,0.16254049,0.69998172,2.1026279,0.034684837,0.061221003,0.071324863,56.073443,0.025118864,0.12589254,0,0,0.11316521,0.47725788,0,6,0.73333333,0.99951279,0.34511408,0,4
r-bursty-long,base,routing,queue_aware_corrected,12,f9e0c024eebd,0,7413,7413,0,0,0,0,0,11.231818,1.8770766,0.27582872,0.60124787,1,0.15640816,0.55165743,0.83012598,0.036039592,0.060124787,0.06816624,56.716925,0.025118864,0.1,0,0,0.061875901,0.31455333,0,0,0.73333333,0.97401848,0.35748079,0,4
r-bursty-long,base,routing,queue_aware_corrected,13,08c3f8f5b773,0,6802,6802,0,0,0,0,0,10.306061,1.9397877,0.30387875,0.63590896,1,0.15646769,0.6077575,0.94507858,0.03510534,0.063590896,0.072797021,55.480657,0.025118864,0.1,0,0,0.0680756,0.35876813,0,0,0.73333333,0.97677734,0.32567902,0,4
r-bursty-long,base,routing,queue_aware_corrected,14,4c5d5314cdf0,0,6166,6162,0,0,0,4,0.00064871878,9.3363636,1.751952,0.23590222,0.51280615,1,0.13366376,0.47180444,0.69189442,0.027588164,0.051280615,0.063733987,48.204254,0.019952623,0.1,0,0,0.041876847,0.22463185,0,0,0.73333333,0.98909174,0.24693131,0,4
r-bursty-long,base,routing,queue_aware_corrected,15,bcaf96f43ecf,0,7071,7071,0,0,0,0,0.012445199,10.580303,2.1219684,0.39202915,0.66771324,1,0.16461033,0.7840583,2.1066095,0.035965254,0.066771324,0.074701718,60.455415,0.025118864,0.12589254,0,0,0.12180881,0.57185884,0,5,0.73333333,0.98056407,0.34662976,0,4
r-bursty-long,base,routing,queue_aware_corrected,16,2659687de305,0,7550,7549,0,0,0,1,0.031655629,11.077273,2.3307569,0.47590359,0.69657513,1,0.17827219,0.95180718,4.1021254,0.039808445,0.069657513,0.077806931,60.787975,0.031622777,0.12589254,0,0,0.1991766,0.70532763,0,6,0.73333333,0.99234291,0.39389523,0,4
r-bursty-long,base,routing,queue_aware_corrected,17,a4efe24ae3ad,0,6819,6817,0,0,0,2,0.092388913,9.3772727,4.4226031,2.2878383,0.67282023,1,0.16167956,4.5756767,7.7467292,0.032440132,0.067282023,0.079198681,57.505107,0.025118864,0.12589254,0,0,0.51850626,4.4226859,0,11,0.73333333,0.99770972,0.31474818,0,4
r-bursty-long,base,routing,queue_aware_corrected,18,5c05348352de,0,6988,6985,0,0,0,3,0.0015741271,10.571212,1.9736786,0.34331819,0.6224898,1,0.16164065,0.68663639,1.1057412,0.033512718,0.06224898,0.075684934,54.069365,0.025118864,0.1,0,0,0.088145751,0.45068582,0,0,0.73333333,0.99688085,0.32816684,0,4
r-bursty-long,base,routing,queue_aware_corrected,19,ed75fb2c68f9,0,6833,6833,0,0,0,0,0.0001463486,10.351515,1.899832,0.27604344,0.62305677,1,0.15369454,0.55208689,0.88750909,0.031729878,0.062305677,0.072944787,58.073105,0.025118864,0.1,0,0,0.062666995,0.31330418,0,0,0.73333333,0.97882175,0.30979805,0,4
r-bursty-long,base,routing,queue_aware_corrected,20,d013000980fe,0,6089,6089,0,0,0,0,0,9.2257576,1.7225597,0.23088247,0.49167721,1,0.13232279,0.46176494,0.65471514,0.025669354,0.049167721,0.059831478,45.666261,0.019952623,0.1,0,0,0.038526161,0.20285209,0,0,0.73333333,0.96391093,0.23399997,0,4
r-bursty-long,base,routing,capacity_weighted,1,5ec69dfe4582,0,7707,7707,0,0,0,0,0.26819774,8.5454545,9.8305589,6.81207,0.67750019,1,0.24168221,13.62414,21.596404,0.050020714,0.067750019,0.076393998,82.30491,0.039810717,0.12589254,0,0,2.3781942,13.350273,0,104,0.73333333,0.96954046,0.49249231,0,4
r-bursty-long,base,routing,capacity_weighted,2,3d2ced743a74,0,6621,6621,0,0,0,0,0.0040779338,9.9909091,1.9045641,0.27602669,0.60814774,1,0.14805391,0.55205337,1.0996086,0.033102742,0.060814774,0.071288187,58.214688,0.025118864,0.1,0,0,0.066729099,0.30636106,0,0,0.73333333,0.96292944,0.32840435,0,4
r-bursty-long,base,routing,capacity_weighted,3,c64ba9d9f5ba,0,6109,6101,0,0,0,8,0.0013095433,9.2439394,1.7210103,0.23155803,0.48290453,1,0.13021703,0.46311605,0.77169712,0.02683685,0.048290453,0.059669092,44.390246,0.019952623,0.1,0,0,0.04334889,0.21374924,0,0,0.73333333,0.99578251,0.23254812,0,4
r-bursty-long,base,routing,capacity_weighted,4,efebe3781a19,0,5815,5815,0,0,0,0,0,8.8106061,1.8241012,0.24712206,0.57697918,1,0.13114493,0.49424412,0.89990092,0.027538572,0.057697918,0.068272208,48.710729,0.019952623,0.1,0,0,0.046762222,0.23435364,0,0,0.73333333,0.94828102,0.23052897,0,4
r-bursty-long,base,routing,capacity_weighted,5,9e25ec47fb43,0,7765,7690,0,0,0,75,0.24867997,8.8393939,19.079198,16.164287,0.67151086,1,0.2097102,32.328574,41.451427,0.044005305,0.067151086,0.073515244,81.492784,0.031622777,0.12589254,0,0,5.3879109,32.120302,0,96,0.73333333,0.99903773,0.47664858,0,4
r-bursty-long,base,routing,capacity_weighted,6,7b16337b348a,0,7940,7928,0,0,0,12,0.10062972,10.819697,4.5432447,2.3468135,0.69328251,1,0.19608157,4.6936271,12.798148,0.046688572,0.069328251,0.080718642,71.188839,0.031622777,0.12589254,0,0,0.70354688,4.5260349,0,38,0.73333333,0.99735803,0.48392199,0,4
r-bursty-long,base,routing,capacity_weighted,7,18f7a4255e78,0,5364,5364,0,0,0,0,0,8.1272727,1.7891928,0.24175823,0.54743455,1,0.12529226,0.48351646,0.72096521,0.023273245,0.054743455,0.069332142,45.312739,0.019952623,0.1,0,0,0.039916429,0.22959499,0,0,0.73333333,0.95523427,0.20099181,0,4
r-bursty-long,base,routing,capacity_weighted,8,31d02607e209,0,7273,7273,0,0,0,0,0.046473257,10.507576,2.7757005,0.88426962,0.65906464,1,0.16746711,1.7685392,6.6729198,0.039155802,0.065906464,0.077313472,66.261268,0.031622777,0.12589254,0,0,0.29576995,1.5694476,0,9,0.73333333,0.97549334,0.39819617,0,4
r-bursty-long,base,routing,capacity_weighted,9,97712edce107,0,7905,7905,0,0,0,0,0.062745098,11.225758,3.3576713,1.3450496,0.69889617,1,0.18252535,2.6900992,5.1352317,0.044135624,0.069889617,0.077788687,71.426391,0.031622777,0.12589254,0,0,0.31930266,2.5185819,0,21,0.73333333,0.97968458,0.46856894,0,4
r-bursty-long,base,routing,capacity_weighted,10,1635ae9551a5,0,7485,7485,0,0,0,0,0.061857047,10.639394,3.569649,1.5798044,0.68055937,1,0.17428365,3.1596088,11.578258,0.042410256,0.068055937,0.077373849,68.909152,0.031622777,0.12589254,0,0,0.49331323,2.9796794,0,32,0.73333333,0.95394099,0.43333316,0,4
r-bursty-long,base,routing,capacity_weighted,11,789b5d0ac98a,0,7296,7286,0,0,0,10,0.01370614,10.90303,2.0124336,0.321528,0.62237488,1,0.1542175,0.643056,3.3158613,0.03458701,0.062237488,0.074102113,57.111946,0.025118864,0.1,0,0,0.1456051,0.40270017,0,14,0.73333333,0.99715551,0.35063754,0,4
r-bursty-long,base,routing,capacity_weighted,12,f9e0c024eebd,0,7413,7413,0,0,0,0,0.0016187778,11.213636,1.9006974,0.27061585,0.6219877,1,0.14890466,0.5412317,0.84320168,0.036240222,0.06219877,0.070677011,57.731433,0.025118864,0.1,0,0,0.060445538,0.28406423,0,0,0.73333333,0.97762039,0.36441147,0,4
r-bursty-long,base,routing,capacity_weighted,13,08c3f8f5b773,0,6802,6802,0,0,0,0,0.0069097324,10.234848,1.9814524,0.30789393,0.63900977,1,0.15095472,0.61578786,1.2842713,0.035225765,0.063900977,0.075569987,57.043274,0.025118864,0.1,0,0,0.087708576,0.36626458,0,0,0.73333333,0.97494738,0.33222168,0,4
r-bursty-long,base,routing,capacity_weighted,14,4c5d5314cdf0,0,6166,6166,0,0,0,0,0.0060006487,9.2863636,1.8182175,0.24690103,0.54131326,1,0.13272047,0.49380205,0.94561346,0.027941491,0.054131326,0.065543713,51.525275,0.019952623,0.1,0,0,0.06205564,0.24316868,0,0,0.73333333,0.99306094,0.25597533,0,4
r-bursty-long,base,routing,capacity_weighted,15,bcaf96f43ecf,0,7071,7071,0,0,0,0,0.01668788,10.534848,2.2053956,0.45211021,0.66984603,1,0.15750938,0.90422042,2.4302627,0.036326824,0.066984603,0.075245959,61.302013,0.025118864,0.12589254,0,0,0.13288705,0.66300956,0,4,0.73333333,0.97989935,0.35301837,0,4
r-bursty-long,base,routing,capacity_weighted,16,2659687de305,0,7550,7548,0,0,0,2,0.043576159,10.940909,2.5257071,0.61324074,0.6945856,1,0.16916231,1.2264815,6.9860774,0.040731058,0.06945856,0.080647869,61.912702,0.031622777,0.12589254,0,0,0.30428527,1.0383471,0,18,0.73333333,0.99207013,0.40006799,0,4
r-bursty-long,base,routing,capacity_weighted,17,a4efe24ae3ad,0,6819,6816,0,0,0,3,0.086376302,9.4393939,4.4089267,2.3139524,0.66309286,1,0.15515498,4.6279047,9.0261554,0.032258165,0.066309286,0.076934349,57.359641,0.025118864,0.12589254,0,0,0.54372722,4.4264927,0,13,0.73333333,0.9945405,0.31724305,0,4
r-bursty-long,base,routing,capacity_weighted,18,5c05348352de,0,6988,6985,0,0,0,3,0.0025758443,10.560606,1.958424,0.31341794,0.63212684,1,0.15504252,0.62683589,1.1392367,0.03412175,0.063212684,0.07572691,55.561109,0.025118864,0.1,0,0,0.078813228,0.39085819,0,0,0.73333333,0.99742753,0.3352911,0,4
r-bursty-long,base,routing,capacity_weighted,19,ed75fb2c68f9,0,6833,6832,0,0,0,1,0.029855115,10.043939,2.2118724,0.42743828,0.63515858,1,0.15188635,0.85487655,6.0619593,0.031865555,0.063515858,0.074598444,60.749611,0.025118864,0.12589254,0,0,0.23073816,0.62741088,0,1,0.73333333,0.97906494,0.3181122,0,4
r-bursty-long,base,routing,capacity_weighted,20,d013000980fe,0,6089,6089,0,0,0,0,0,9.2257576,1.7334943,0.23070692,0.50278742,1,0.12743243,0.46141385,0.666643,0.026027317,0.050278742,0.06065052,46.738976,0.019952623,0.1,0,0,0.036673596,0.20899344,0,0,0.73333333,0.96129736,0.23793697,0,4
r-bursty-long,base,routing,oracle_jsq,1,5ec69dfe4582,0,7707,7707,0,0,0,0,0.22550928,9.0439394,8.2856751,5.4562322,0.70189659,1,0.24647326,10.912464,14.469291,0.051246221,0.070189659,0.082141836,79.244503,0.039810717,0.12589254,0,0,1.7375914,10.659757,0,73,0.73333333,0.97001746,0.48975165,0,4
r-bursty-long,base,routing,oracle_jsq,2,3d2ced743a74,0,6621,6621,0,0,0,0,0.00015103459,10.030303,1.9394971,0.27150952,0.66723239,1,0.1611547,0.54301904,0.90949065,0.033144698,0.066723239,0.080982658,57.970794,0.025118864,0.1,0,0,0.065055042,0.29014693,0,6,0.73333333,0.96181754,0.32669141,0,4
r-bursty-long,base,routing,oracle_jsq,3,c64ba9d9f5ba,0,6109,6104,0,0,0,5,0.00081846456,9.2484848,1.7738806,0.25149418,0.51829412,1,0.1406886,0.50298836,0.78808005,0.027218277,0.051829412,0.074185824,43.652582,0.019952623,0.1,0,0,0.051416642,0.25413594,0,0,0.73333333,0.99910365,0.23351573,0,4
r-bursty-long,base,routing,oracle_jsq,4,efebe3781a19,0,5815,5815,0,0,0,0,0,8.8106061,1.8696096,0.25413925,0.61547038,1,0.14254638,0.5082785,0.75414872,0.028338053,0.061547038,0.07648835,48.496153,0.019952623,0.1,0,0,0.052053577,0.256254,0,0,0.73333333,0.96031131,0.23161557,0,4
r-bursty-long,base,routing,oracle_jsq,5,9e25ec47fb43,0,7765,7692,0,0,0,73,0.26117193,8.6924242,18.42589,15.427437,0.69259316,1,0.23652391,30.854874,35.412476,0.045010742,0.069259316,0.077694654,80.309875,0.031622777,0.12589254,0,0,5.1327251,30.638225,0,88,0.73333333,0.99904075,0.47697817,0,4
r-bursty-long,base,routing,oracle_jsq,6,7b16337b348a,0,7940,7928,0,0,0,12,0.098488665,10.845455,4.2697514,2.0368322,0.74047588,1,0.22852382,4.0736643,7.6244299,0.047687557,0.074047588,0.089020322,71.210849,0.031622777,0.12589254,0,0,0.55629854,3.8707242,0,22,0.73333333,0.99964648,0.48762543,0,4
r-bursty-long,base,routing,oracle_jsq,7,18f7a4255e78,0,5364,5364,0,0,0,0,0,8.1272727,1.8058021,0.23557214,0.57023,1,0.13338607,0.47114428,0.66810613,0.023723054,0.057023,0.071766706,43.749681,0.019952623,0.1,0,0,0.04171264,0.21180992,0,0,0.73333333,0.9565175,0.19740867,0,4
r-bursty-long,base,routing,oracle_jsq,8,31d02607e209,0,7273,7273,0,0,0,0,0.017461845,10.827273,2.1451293,0.38010795,0.67771212,1,0.1857535,0.76021589,3.2881657,0.039782268,0.067771212,0.079449589,64.022564,0.031622777,0.1,0,0,0.15515164,0.52506577,0,3,0.73333333,0.96917736,0.39137939,0,4
r-bursty-long,base,routing,oracle_jsq,9,97712edce107,0,7905,7905,0,0,0,0,0.047691335,11.406061,2.9107526,0.9443481,0.72794783,1,0.20221274,1.8886962,3.9699457,0.044546913,0.072794783,0.085077006,70.193842,0.031622777,0.12589254,0,0,0.25582418,1.7031087,0,11,0.73333333,0.9761626,0.46066525,0,4
r-bursty-long,base,routing,oracle_jsq,10,1635ae9551a5,0,7485,7485,0,0,0,0,0.054375418,10.724242,3.0564591,1.0798798,0.70470219,1,0.19003464,2.1597597,7.6042373,0.042482264,0.070470219,0.083390656,65.22118,0.031622777,0.12589254,0,0,0.34527438,1.9764319,0,29,0.73333333,0.94788266,0.42230324,0,4
r-bursty-long,base,routing,oracle_jsq,11,789b5d0ac98a,0,7296,7290,0,0,0,6,0.019325658,10.840909,2.1034277,0.34042959,0.66636984,1,0.17634449,0.68085917,3.374966,0.03553577,0.066636984,0.080750132,56.472043,0.025118864,0.12589254,0,0,0.14498569,0.42657608,0,3,0.73333333,0.99904329,0.35070581,0,4
r-bursty-long,base,routing,oracle_jsq,12,f9e0c024eebd,0,7413,7413,0,0,0,0,0.0040469446,11.186364,1.974871,0.2862783,0.66835801,1,0.16455262,0.57255661,1.150781,0.036733647,0.066835801,0.085362718,57.101201,0.025118864,0.1,0,0,0.076783737,0.32553875,0,0,0.73333333,0.97672777,0.3637534,0,4
r-bursty-long,base,routing,oracle_jsq,13,08c3f8f5b773,0,6802,6802,0,0,0,0,0.0045574831,10.259091,2.0238884,0.31763698,0.68346401,1,0.16413921,0.63527396,1.2334357,0.035256532,0.068346401,0.083278122,56.377839,0.025118864,0.1,0,0,0.084983221,0.39281464,0,1,0.73333333,0.97832526,0.33055963,0,4
r-bursty-long,base,routing,oracle_jsq,14,4c5d5314cdf0,0,6166,6166,0,0,0,0,0,9.3424242,1.7859691,0.22595524,0.56001389,1,0.14250463,0.45191048,0.66092001,0.028114633,0.056001389,0.071904194,48.885337,0.019952623,0.1,0,0,0.045146321,0.21976415,0,0,0.73333333,0.995474,0.25063935,0,4
r-bursty-long,base,routing,oracle_jsq,15,bcaf96f43ecf,0,7071,7071,0,0,0,0,0.017819262,10.522727,2.2729254,0.4754711,0.70835798,1,0.17569281,0.95094219,2.470327,0.037028451,0.070835798,0.08169886,61.316592,0.025118864,0.12589254,0,0,0.15056486,0.71809951,0,1,0.73333333,0.98084702,0.35267957,0,4
r-bursty-long,base,routing,oracle_jsq,16,2659687de305,0,7550,7550,0,0,0,0,0.034039735,11.05,2.5185853,0.61944069,0.72894598,1,0.18722787,1.2388814,4.6300267,0.041028722,0.072894598,0.087036873,60.96938,0.031622777,0.12589254,0,0,0.22411788,1.0366111,0,8,0.73333333,0.99118499,0.40193765,0,4
r-bursty-long,base,routing,oracle_jsq,17,a4efe24ae3ad,0,6819,6816,0,0,0,3,0.094735298,9.3530303,4.7126548,2.538411,0.70056724,1,0.17911515,5.076822,8.0827513,0.032489932,0.070056724,0.088678876,56.914505,0.025118864,0.12589254,0,0,0.56021,4.9042027,0,7,0.73333333,0.99827425,0.31991541,0,4
r-bursty-long,base,routing,oracle_jsq,18,5c05348352de,0,6988,6987,0,0,0,1,0.0015741271,10.571212,2.0507855,0.35388487,0.68903004,1,0.17052664,0.70776975,1.3707658,0.03417699,0.068903004,0.087260964,54.70997,0.025118864,0.1,0,0,0.097642284,0.46691886,0,0,0.73333333,0.99831055,0.33313034,0,4
r-bursty-long,base,routing,oracle_jsq,19,ed75fb2c68f9,0,6833,6833,0,0,0,0,0.00058539441,10.34697,1.9972457,0.33066299,0.66365578,1,0.16674344,0.66132597,1.2611145,0.032937991,0.066365578,0.081888604,59.225675,0.025118864,0.1,0,0,0.090596877,0.4366114,0,1,0.73333333,0.97606967,0.31489662,0,4
r-bursty-long,base,routing,oracle_jsq,20,d013000980fe,0,6089,6089,0,0,0,0,0,9.2257576,1.7803165,0.22437276,0.55594375,1,0.13874086,0.44874552,0.67881847,0.027068287,0.055594375,0.068464416,46.573004,0.019952623,0.1,0,0,0.04090731,0.19039036,0,0,0.73333333,0.96551458,0.238593,0,4
r-hetero,base,routing,random,1,19d9c449691a,0,27455,22361,0,0,0,5094,0.33509379,27.659091,129.54769,125.34486,1.5273661,1,0.07684679,250.68971,344.9882,0.042023179,0.15273661,0.18378046,283.38597,0.031622777,0.50118723,0,0,29.193413,250.11218,0,1270,1.1,0.96526509,0.17721419,0,6
r-hetero,base,routing,random,2,b007e17f282a,0,27243,22412,0,0,0,4831,0.33344345,27.513636,127.13317,122.96569,1.5002686,1,0.080934732,245.93138,331.29442,0.043692592,0.15002686,0.18848769,276.51725,0.039810717,0.50118723,0,0,29.287714,245.48721,0,1223,1.1,0.96942322,0.18777289,0,6
r-hetero,base,routing,random,3,32e474b2d372,0,27104,22082,0,0,0,5022,0.33017267,27.507576,130.15256,126.00851,1.4931828,1,0.077859166,252.01703,348.49079,0.041861119,0.14931828,0.1789315,283.02504,0.031622777,0.50118723,0,0,28.929436,251.69321,0,1415,1.1,0.96424437,0.1798672,0,6
r-hetero,base,routing,random,4,c4701fc0496e,0,27425,22401,0,0,0,5024,0.33538742,27.616667,133.5403,129.29716,1.5662021,1,0.078093602,258.59432,341.01781,0.041670971,0.15662021,0.18447459,287.97075,0.031622777,0.50118723,0,0,30.505299,257.98227,0,1330,1.1,0.96359411,0.17932633,0,6
r-hetero,base,routing,random,5,22ca81f4690c,0,27468,22331,0,0,0,5137,0.32976555,27.893939,132.2426,128.09381,1.4999595,1,0.078910958,256.18763,347.58853,0.044071458,0.14999595,0.18143206,290.00482,0.039810717,0.50118723,0,0,28.460714,255.64859,0,1267,1.1,0.96571447,0.18494474,0,6
r-hetero,base,routing,random,6,128bb4893f5c,0,27202,22094,0,0,0,5108,0.33192412,27.534848,125.74328,121.57057,1.5130878,1,0.076676329,243.14114,351.29969,0.041388398,0.15130878,0.18487177,277.02991,0.031622777,0.50118723,0,0,27.990769,242.75797,0,1154,1.1,0.9672964,0.18059206,0,6
r-hetero,base,routing,random,7,057a821ae138,0,27220,22052,0,0,0,5168,0.33706833,27.340909,122.17613,117.97858,1.5122081,1,0.077216319,235.95716,333.89946,0.041392226,0.15122081,0.18783296,272.20233,0.031622777,0.50118723,0,0,27.886739,235.73107,0,1368,1.1,0.96667698,0.1759835,0,6
r-hetero,base,routing,random,8,5a8fe0f8cf94,0,27437,22152,0,0,0,5285,0.33906768,27.475758,129.89894,125.69077,1.5128323,1,0.075980577,251.38154,343.8423,0.040454424,0.15128323,0.18893593,282.7867,0.031622777,0.50118723,0,0,28.361484,250.91483,0,1214,1.1,0.96950726,0.17790798,0,6
r-hetero,base,routing,random,9,75c886432a8d,0,27516,22461,0,0,0,5055,0.33525949,27.713636,127.65971,123.47811,1.5052964,1,0.077988076,246.95623,341.99204,0.041217729,0.15052964,0.19227157,278.27463,0.031622777,0.50118723,0,0,28.926203,246.58756,0,1111,1.1,0.97018338,0.18201021,0,6
r-hetero,base,routing,random,10,ebfc16d83960,0,27334,22585,0,0,0,4749,0.32852857,27.809091,114.53434,110.35881,1.5328863,1,0.078067416,220.71763,320.84382,0.041359483,0.15328863,0.18334809,257.89596,0.031622777,0.50118723,0,0,27.308826,220.14054,0,1217,1.1,0.9697917,0.17714961,0,6
r-hetero,base,routing,random,11,9460ad1ead46,0,27331,22302,0,0,0,5029,0.35512788,26.704545,124.42679,120.11654,1.5346108,1,0.078231403,240.23308,343.97807,0.040808132,0.15346108,0.18980271,274.65589,0.031622777,0.50118723,0,0,28.807125,240.01696,0,1221,1.1,0.96817103,0.18024663,0,6
r-hetero,base,routing,random,12,2422066ce115,0,27339,22289,0,0,0,5050,0.33545484,27.527273,122.13217,117.9105,1.5443974,1,0.079931502,235.821,340.49663,0.041641663,0.15443974,0.18510309,271.12387,0.031622777,0.63095734,0,0,27.658639,235.49398,0,1282,1.1,0.96829031,0.18349178,0,6
r-hetero,base,routing,random,13,076f2bcfb10d,0,27173,21893,0,0,0,5280,0.35432231,26.583333,124.10457,119.78183,1.5511207,1,0.077995768,239.56367,351.48689,0.04135953,0.15511207,0.19713411,276.36737,0.031622777,0.50118723,0,0,28.633841,238.99286,0,1265,1.1,0.9708719,0.18154282,0,6
r-hetero,base,routing,random,14,9dcb51e083c2,0,27165,22190,0,0,0,4975,0.33517394,27.363636,126.24501,122.07734,1.4918073,1,0.076728948,244.15467,335.73792,0.041083213,0.14918073,0.19125081,277.69675,0.031622777,0.50118723,0,0,28.134952,243.61769,0,1234,1.1,0.96303194,0.17701563,0,6
r-hetero,base,routing,random,15,889306105217,0,27202,22147,0,0,0,5055,0.33133593,27.559091,134.94637,130.75644,1.533251,1,0.073951979,261.51287,344.12259,0.039584625,0.1533251,0.18565396,294.87406,0.031622777,0.50118723,0,0,29.83448,261.29727,0,1325,1.1,0.96860507,0.17516723,0,6
r-hetero,base,routing,random,16,9acd8b1c26d2,0,27410,22595,0,0,0,4815,0.33447647,27.639394,126.63957,122.42192,1.5452608,1,0.077065534,244.84384,325.79305,0.04022418,0.15452608,0.17921294,278.75448,0.031622777,0.50118723,0,0,29.075252,244.52898,0,1089,1.1,0.96748203,0.17303149,0,6
r-hetero,base,routing,random,17,d275c759a950,0,27227,22302,0,0,0,4925,0.33191317,27.560606,126.74773,122.57174,1.5164311,1,0.078340713,245.14347,332.26776,0.04281941,0.15164311,0.18184304,278.33892,0.039810717,0.50118723,0,0,28.371595,244.73424,0,1261,1.1,0.96629536,0.18018326,0,6
r-hetero,base,routing,random,18,2e879fe15b38,0,27438,22097,0,0,0,5341,0.36493185,26.401515,131.38412,127.0042,1.5552539,1,0.082997113,254.00841,354.34686,0.044385667,0.15552539,0.19825638,287.61635,0.039810717,0.50118723,0,0,29.962608,253.57058,0,1322,1.1,0.96495951,0.18844777,0,6
r-hetero,base,routing,random,19,9f142966f967,0,27337,22172,0,0,0,5165,0.33979588,27.345455,120.89278,116.62249,1.5713122,1,0.079270613,233.24498,337.91446,0.041843305,0.15713122,0.18260646,270.08847,0.031622777,0.50118723,0,0,28.073534,232.84089,0,1234,1.1,0.96756895,0.18187617,0,6
r-hetero,base,routing,random,20,2e518ba0cb21,0,27298,22265,0,0,0,5033,0.35258993,26.777273,120.95297,116.69317,1.4968573,1,0.080355046,233.38634,341.56992,0.042369101,0.14968573,0.18311266,270.09699,0.039810717,0.50118723,0,0,26.837422,232.84413,0,1155,1.1,0.96584346,0.18221771,0,6
r-hetero,base,routing,round_robin,1,19d9c449691a,0,27455,22384,0,0,0,5071,0.33370971,27.716667,129.82275,125.63581,1.5183929,1,0.067529792,251.27163,340.68552,0.042759292,0.15183929,0.19059367,279.31965,0.039810717,0.50118723,0,0,28.543816,250.85173,0,1205,1.1,0.96698014,0.18232305,0,6
r-hetero,base,routing,round_robin,2,b007e17f282a,0,27243,22321,0,0,0,4922,0.33355357,27.509091,126.04963,121.84134,1.5405175,1,0.067000115,243.68268,340.77612,0.042912548,0.15405175,0.19551709,277.63209,0.039810717,0.50118723,0,0,29.730231,243.39277,0,1232,1.1,0.96809155,0.17885776,0,6
r-hetero,base,routing,round_robin,3,32e474b2d372,0,27104,22101,0,0,0,5003,0.33338253,27.375758,123.8877,119.71094,1.509847,1,0.066804617,239.42188,330.62216,0.042737367,0.1509847,0.18272936,274.35897,0.039810717,0.50118723,0,0,27.93121,238.88329,0,1253,1.1,0.96577586,0.1796148,0,6
r-hetero,base,routing,round_robin,4,c4701fc0496e,0,27425,22546,0,0,0,4879,0.33290793,27.719697,132.40336,128.16832,1.5705016,1,0.068003501,256.33664,335.25249,0.043343437,0.15705016,0.18576203,291.38115,0.039810717,0.50118723,0,0,30.189293,255.92673,0,1205,1.1,0.96551891,0.18212709,0,6
r-hetero,base,routing,round_robin,5,22ca81f4690c,0,27468,22461,0,0,0,5007,0.33391583,27.721212,125.4912,121.32728,1.494344,1,0.069707616,242.65456,339.31309,0.045098846,0.1494344,0.18892884,276.51603,0.039810717,0.50118723,0,0,28.67371,242.32342,0,1152,1.1,0.96783034,0.1879822,0,6
r-hetero,base,routing,round_robin,6,128bb4893f5c,0,27202,22224,0,0,0,4978,0.33372546,27.460606,128.7286,124.4974,1.5625783,1,0.068282815,248.99479,335.83804,0.043158477,0.15625783,0.19745227,286.8389,0.039810717,0.50118723,0,0,28.744119,248.80604,0,1152,1.1,0.96829587,0.18475369,0,6
r-hetero,base,routing,round_robin,7,057a821ae138,0,27220,22164,0,0,0,5056,0.33339456,27.492424,122.04473,117.89129,1.4864652,1,0.065521986,235.78259,331.00026,0.04117135,0.14864652,0.18969566,270.89554,0.031622777,0.50118723,0,0,27.116673,235.23038,0,1239,1.1,0.96569094,0.17441071,0,6
r-hetero,base,routing,round_robin,8,5a8fe0f8cf94,0,27437,22446,0,0,0,4991,0.33305391,27.725758,126.21503,122.02708,1.5226775,1,0.067403158,244.05417,330.02409,0.042583505,0.15226775,0.18456711,277.88892,0.031622777,0.50118723,0,0,28.092672,243.592,0,1110,1.1,0.96529939,0.1798241,0,6
r-hetero,base,routing,round_robin,9,75c886432a8d,0,27516,22472,0,0,0,5044,0.33300625,27.807576,125.06869,120.86568,1.5379754,1,0.067167311,241.73137,339.42999,0.043463351,0.15379754,0.19384408,278.29429,0.039810717,0.50118723,0,0,28.823449,241.4527,0,1225,1.1,0.96675461,0.17956589,0,6
r-hetero,base,routing,round_robin,10,ebfc16d83960,0,27334,22446,0,0,0,4888,0.33346748,27.604545,124.51745,120.32363,1.5264838,1,0.066162016,240.64726,327.22808,0.041647235,0.15264838,0.1815965,275.86779,0.031622777,0.50118723,0,0,28.928967,240.38623,0,1054,1.1,0.96821601,0.17468175,0,6
r-hetero,base,routing,round_robin,11,9460ad1ead46,0,27331,22385,0,0,0,4946,0.33580915,27.504545,130.09716,125.90114,1.5169771,1,0.069228523,251.80228,332.70222,0.043602563,0.15169771,0.18527316,283.24201,0.039810717,0.50118723,0,0,29.417491,251.46014,0,1099,1.1,0.97023938,0.18577908,0,6
r-hetero,base,routing,round_robin,12,2422066ce115,0,27339,22246,0,0,0,5093,0.33336991,27.613636,121.8141,117.64256,1.5046953,1,0.066291405,235.28512,339.54886,0.042297609,0.15046953,0.18142767,268.44352,0.031622777,0.50118723,0,0,27.808898,234.86046,0,1304,1.1,0.96852671,0.17699445,0,6
r-hetero,base,routing,round_robin,13,076f2bcfb10d,0,27173,21950,0,0,0,5223,0.33352961,27.439394,121.19671,116.99542,1.5336351,1,0.065269401,233.99084,352.20019,0.040342095,0.15336351,0.19234737,270.54527,0.031622777,0.50118723,0,0,27.098669,233.42454,0,1258,1.1,0.96906092,0.17735771,0,6
r-hetero,base,routing,round_robin,14,9dcb51e083c2,0,27165,22148,0,0,0,5017,0.33340696,27.436364,129.40438,125.22773,1.5096139,1,0.066534005,250.45546,341.67584,0.041553282,0.15096139,0.19115909,283.02678,0.031622777,0.50118723,0,0,28.690696,249.8789,0,1300,1.1,0.9673639,0.17918344,0,6
r-hetero,base,routing,round_robin,15,889306105217,0,27202,22381,0,0,0,4821,0.33324756,27.480303,122.63654,118.44092,1.5293817,1,0.066860664,236.88184,326.50374,0.041703997,0.15293817,0.18708382,271.58708,0.031622777,0.50118723,0,0,28.223,236.41845,0,1206,1.1,0.96708968,0.1773207,0,6
r-hetero,base,routing,round_robin,16,9acd8b1c26d2,0,27410,22374,0,0,0,5036,0.33360088,27.675758,127.21969,123.05668,1.4950102,1,0.066247536,246.11336,341.82708,0.042141138,0.14950102,0.19208631,276.37489,0.031622777,0.50118723,0,0,27.581898,245.63334,0,1074,1.1,0.9662822,0.17572362,0,6
r-hetero,base,routing,round_robin,17,d275c759a950,0,27227,22103,0,0,0,5124,0.33294157,27.518182,132.10536,127.92114,1.5195101,1,0.066059998,255.84227,349.58522,0.041897423,0.15195101,0.19024721,288.7196,0.031622777,0.50118723,0,0,29.185224,255.28967,0,1343,1.1,0.96788491,0.17721465,0,6
r-hetero,base,routing,round_robin,18,2e879fe15b38,0,27438,22550,0,0,0,4888,0.33377068,27.69697,127.04065,122.81425,1.5575466,1,0.066934997,245.62851,328.71314,0.042843241,0.15575466,0.18978893,279.38006,0.031622777,0.50118723,0,0,30.154769,245.21989,0,1119,1.1,0.9683711,0.17956124,0,6
r-hetero,base,routing,round_robin,19,9f142966f967,0,27337,22255,0,0,0,5082,0.3335772,27.60303,131.68533,127.47698,1.5404688,1,0.066819151,254.95395,341.34344,0.043391958,0.15404688,0.19132319,290.73952,0.039810717,0.50118723,0,0,29.659441,254.7307,0,1205,1.1,0.9665456,0.1801639,0,6
r-hetero,base,routing,round_robin,20,2e518ba0cb21,0,27298,22340,0,0,0,4958,0.33372408,27.557576,124.70895,120.51318,1.5271528,1,0.069350938,241.02635,337.14073,0.042528566,0.15271528,0.18848742,277.66543,0.039810717,0.63095734,0,0,28.734298,240.62305,0,1208,1.1,0.9649866,0.18463122,0,6
r-hetero,base,routing,least_outstanding,1,19d9c449691a,0,27455,27451,0,0,0,4,0.021526134,40.70303,2.1884436,0.15803702,0.92277587,1,0.057992862,0.31607405,0.62629224,0.02259535,0.092277587,0.10722164,34.534349,0.031622777,0.25118864,0,0,0.027958036,0.10057253,0,0,1.1,0.96587887,0.15429355,0,6
r-hetero,base,routing,least_outstanding,2,b007e17f282a,0,27243,27238,0,0,0,5,0.020922806,40.413636,2.1810723,0.16419716,0.91226116,1,0.058010092,0.32839432,0.63361627,0.022641989,0.091226116,0.10792169,34.496986,0.025118864,0.25118864,0,0,0.028672519,0.10240582,0,0,1.1,0.9677263,0.15646294,0,6
r-hetero,base,routing,least_outstanding,3,32e474b2d372,0,27104,27094,0,0,0,10,0.01431523,40.478788,2.124564,0.15619552,0.89679234,1,0.057100391,0.31239105,0.58845357,0.022348071,0.089679234,0.10282679,34.242626,0.025118864,0.25118864,0,0,0.027754194,0.096529213,0,0,1.1,0.96544912,0.15614968,0,6
r-hetero,base,routing,least_outstanding,4,c4701fc0496e,0,27425,27415,0,0,0,10,0.019799453,40.730303,2.1687277,0.16058045,0.90914997,1,0.057602924,0.3211609,0.64546676,0.022632495,0.090914997,0.10609958,34.149734,0.025118864,0.25118864,0,0,0.028808821,0.10060517,0,0,1.1,0.9658494,0.15822848,0,6
r-hetero,base,routing,least_outstanding,5,22ca81f4690c,0,27468,27460,0,0,0,8,0.029816514,40.377273,2.2550051,0.16377035,0.94215222,1,0.057586593,0.32754069,0.67410529,0.02265839,0.094215222,0.11033906,34.608988,0.031622777,0.25118864,0,0,0.029481081,0.10139049,0,10,1.1,0.96868409,0.16159496,0,6
r-hetero,base,routing,least_outstanding,6,128bb4893f5c,0,27202,27196,0,0,0,6,0.02808617,40.057576,2.2413774,0.16591844,0.93502813,1,0.05774791,0.33183687,0.6501072,0.02261089,0.093502813,0.11101925,34.770972,0.025118864,0.25118864,0,0,0.029175252,0.10197062,0,0,1.1,0.96854475,0.16087405,0,6
r-hetero,base,routing,least_outstanding,7,057a821ae138,0,27220,27217,0,0,0,3,0.022483468,40.315152,2.1927315,0.16154749,0.91876664,1,0.057851123,0.32309498,0.62836685,0.022526504,0.091876664,0.10791096,33.824856,0.025118864,0.25118864,0,0,0.028839695,0.10152262,0,0,1.1,0.96892221,0.15332997,0,6
r-hetero,base,routing,least_outstanding,8,5a8fe0f8cf94,0,27437,27433,0,0,0,4,0.016437657,40.887879,2.156853,0.15981926,0.91484546,1,0.057512364,0.31963852,0.63839989,0.022556181,0.091484546,0.10413095,34.117242,0.031622777,0.25118864,0,0,0.028590917,0.10147434,0,0,1.1,0.96616019,0.15722564,0,6
r-hetero,base,routing,least_outstanding,9,75c886432a8d,0,27516,27509,0,0,0,7,0.021042303,40.813636,2.1912177,0.16536834,0.92063789,1,0.058140387,0.33073669,0.62516696,0.022360662,0.092063789,0.10794745,34.610312,0.031622777,0.25118864,0,0,0.028946631,0.1042241,0,0,1.1,0.96877478,0.15604308,0,6
r-hetero,base,routing,least_outstanding,10,ebfc16d83960,0,27334,27329,0,0,0,5,0.01701178,40.710606,2.1623285,0.16606276,0.91120687,1,0.056911083,0.33212552,0.69726151,0.022153676,0.091120687,0.10532142,33.027888,0.025118864,0.25118864,0,0,0.029669753,0.10688679,0,0,1.1,0.96909187,0.14961575,0,6
r-hetero,base,routing,least_outstanding,11,9460ad1ead46,0,27331,27327,0,0,0,4,0.029234203,40.2,2.2471479,0.16604989,0.93492698,1,0.058399588,0.33209978,0.73533209,0.02276515,0.093492698,0.11424926,34.762645,0.031622777,0.25118864,0,0,0.030019204,0.10696512,0,0,1.1,0.96801079,0.16106032,0,6
r-hetero,base,routing,least_outstanding,12,2422066ce115,0,27339,27333,0,0,0,6,0.020885914,40.557576,2.1952291,0.16696401,0.92383555,1,0.05719766,0.33392801,0.66540924,0.022260572,0.092383555,0.10731073,33.231724,0.025118864,0.25118864,0,0,0.029259133,0.10678145,0,0,1.1,0.96936514,0.15301752,0,6
r-hetero,base,routing,least_outstanding,13,076f2bcfb10d,0,27173,27167,0,0,0,6,0.023736798,40.193939,2.211384,0.16100569,0.93169434,1,0.057618823,0.32201138,0.65449835,0.022559049,0.093169434,0.10887056,35.034433,0.031622777,0.25118864,0,0,0.028718907,0.098720926,0,0,1.1,0.9667597,0.1600488,0,6
r-hetero,base,routing,least_outstanding,14,9dcb51e083c2,0,27165,27156,0,0,0,9,0.016786306,40.468182,2.149192,0.15893953,0.90632092,1,0.056909992,0.31787907,0.62263964,0.022436045,0.090632092,0.10568618,34.474934,0.025118864,0.25118864,0,0,0.028332006,0.098143456,0,0,1.1,0.96500249,0.15661927,0,6
r-hetero,base,routing,least_outstanding,15,889306105217,0,27202,27199,0,0,0,3,0.017829571,40.480303,2.1626242,0.15951814,0.91395821,1,0.057854131,0.31903628,0.63716586,0.022345232,0.091395821,0.10591687,34.015383,0.031622777,0.25118864,0,0,0.028746946,0.099475776,0,0,1.1,0.96779462,0.15219561,0,6
r-hetero,base,routing,least_outstanding,16,9acd8b1c26d2,0,27410,27407,0,0,0,3,0.021160161,40.651515,2.1844803,0.16324248,0.91543703,1,0.057647457,0.32648496,0.63448085,0.022408136,0.091543703,0.10711862,33.426885,0.025118864,0.25118864,0,0,0.028996881,0.10624953,0,0,1.1,0.96658034,0.14959516,0,6
r-hetero,base,routing,least_outstanding,17,d275c759a950,0,27227,27225,0,0,0,2,0.020898373,40.390909,2.1847202,0.15680844,0.92341993,1,0.057705869,0.31361689,0.63571923,0.022513039,0.092341993,0.10790134,34.161438,0.031622777,0.25118864,0,0,0.028088903,0.095545249,0,0,1.1,0.96503109,0.15426031,0,6
r-hetero,base,routing,least_outstanding,18,2e879fe15b38,0,27438,27432,0,0,0,6,0.02762592,40.424242,2.2473633,0.16808278,0.94115093,1,0.058381576,0.33616557,0.70164935,0.022455021,0.094115093,0.11085605,33.535411,0.025118864,0.25118864,0,0,0.030142612,0.11016911,0,0,1.1,0.96724761,0.15634809,0,6
r-hetero,base,routing,least_outstanding,19,9f142966f967,0,27337,27333,0,0,0,4,0.021875114,40.513636,2.1995263,0.16179508,0.92835568,1,0.058286109,0.32359016,0.66222229,0.022612748,0.092835568,0.10677046,33.962396,0.025118864,0.25118864,0,0,0.028869525,0.10190607,0,0,1.1,0.96774589,0.15861314,0,6
r-hetero,base,routing,least_outstanding,20,2e518ba0cb21,0,27298,27292,0,0,0,6,0.017437175,40.639394,2.1603837,0.15926315,0.91393466,1,0.057917042,0.3185263,0.62225312,0.022898246,0.091393466,0.10515874,34.547143,0.031622777,0.25118864,0,0,0.028689204,0.10186836,0,0,1.1,0.96734924,0.15893824,0,6
r-hetero,base,routing,power_of_two,1,19d9c449691a,0,27455,27448,0,0,0,7,0.038098707,40.013636,2.3468731,0.18025394,0.9761256,1,0.059771531,0.36050789,0.73545688,0.022534628,0.09761256,0.11514362,35.536257,0.031622777,0.25118864,0,0,0.031214551,0.118523,0,0,1.1,0.96415023,0.16017473,0,6
r-hetero,base,routing,power_of_two,2,b007e17f282a,0,27243,27235,0,0,0,8,0.03733069,39.736364,2.3440132,0.18644188,0.9709179,1,0.059877791,0.37288377,0.73191659,0.022446479,0.09709179,0.1138323,35.780661,0.031622777,0.25118864,0,0,0.031095126,0.11862163,0,0,1.1,0.9671548,0.16203714,0,6
r-hetero,base,routing,power_of_two,3,32e474b2d372,0,27104,27100,0,0,0,4,0.041617473,39.357576,2.3698079,0.17813949,0.98358101,1,0.059410065,0.35627898,0.70096811,0.022317292,0.098358101,0.11301822,36.545284,0.031622777,0.25118864,0,0,0.030181895,0.11386245,0,0,1.1,0.96635889,0.16146941,0,6
r-hetero,base,routing,power_of_two,4,c4701fc0496e,0,27425,27417,0,0,0,8,0.032014585,40.222727,2.2923687,0.17381016,0.95848565,1,0.059709085,0.34762031,0.71677344,0.022851851,0.095848565,0.11067537,35.082343,0.031622777,0.25118864,0,0,0.029990592,0.11323529,0,0,1.1,0.96766195,0.16029643,0,6
r-hetero,base,routing,power_of_two,5,22ca81f4690c,0,27468,27458,0,0,0,10,0.047437018,39.643939,2.41915,0.18882077,0.99314409,1,0.060508484,0.37764155,0.78668297,0.022786019,0.099314409,0.11510245,36.185692,0.031622777,0.25118864,0,0,0.032143815,0.12168145,0,0,1.1,0.96684524,0.16503831,0,6
r-hetero,base,routing,power_of_two,6,128bb4893f5c,0,27202,27198,0,0,0,4,0.046209838,39.310606,2.4000275,0.17884984,0.99012843,1,0.060958096,0.35769967,0.72849288,0.022822802,0.099012843,0.11432027,36.547576,0.031622777,0.25118864,0,0,0.031221299,0.11890956,0,0,1.1,0.96784283,0.16468077,0,6
r-hetero,base,routing,power_of_two,7,057a821ae138,0,27220,27213,0,0,0,7,0.036443791,39.739394,2.336913,0.18435512,0.9703389,1,0.060116564,0.36871024,0.72606881,0.022671215,0.09703389,0.11201272,35.361485,0.031622777,0.25118864,0,0,0.031158433,0.11898678,0,0,1.1,0.96781449,0.15852333,0,6
r-hetero,base,routing,power_of_two,8,5a8fe0f8cf94,0,27437,27434,0,0,0,3,0.039399351,39.933333,2.3604909,0.18405481,0.97943931,1,0.060841702,0.36810961,0.77428254,0.022514598,0.097943931,0.11280767,34.992339,0.031622777,0.25118864,0,0,0.031942443,0.11907907,0,0,1.1,0.96543005,0.16276086,0,6
r-hetero,base,routing,power_of_two,9,75c886432a8d,0,27516,27508,0,0,0,8,0.051206571,39.556061,2.4403631,0.1830636,1.0012666,1,0.060110083,0.3661272,0.78121682,0.022384003,0.10012666,0.11619363,35.905526,0.031622777,0.25118864,0,0,0.031042782,0.11602382,0,0,1.1,0.97067695,0.16204843,0,6
r-hetero,base,routing,power_of_two,10,ebfc16d83960,0,27334,27327,0,0,0,7,0.035633277,39.939394,2.3263133,0.18079837,0.96734857,1,0.059315339,0.36159673,0.74218855,0.022197096,0.096734857,0.11188069,35.040521,0.031622777,0.25118864,0,0,0.030778165,0.11633014,0,0,1.1,0.96885863,0.15535856,0,6
r-hetero,base,routing,power_of_two,11,9460ad1ead46,0,27331,27327,0,0,0,4,0.054443672,39.156061,2.4705175,0.19103486,1.0072642,1,0.060946707,0.38206972,0.78279801,0.022614611,0.10072642,0.1175785,36.447634,0.031622777,0.25118864,0,0,0.032267713,0.12354782,0,0,1.1,0.96882912,0.16776573,0,6
r-hetero,base,routing,power_of_two,12,2422066ce115,0,27339,27327,0,0,0,12,0.036504627,39.910606,2.3422153,0.18519918,0.97449303,1,0.060303921,0.37039836,0.74064027,0.022321733,0.097449303,0.11043347,34.343134,0.031622777,0.25118864,0,0,0.031151323,0.12004731,0,0,1.1,0.96831111,0.1575462,0,6
r-hetero,base,routing,power_of_two,13,076f2bcfb10d,0,27173,27165,0,0,0,8,0.045559931,39.295455,2.3979854,0.18243821,0.98774749,1,0.060521402,0.36487642,0.79492051,0.02253272,0.098774749,0.11762178,36.732307,0.031622777,0.25118864,0,0,0.031542925,0.11581105,0,0,1.1,0.96831202,0.16511695,0,6
r-hetero,base,routing,power_of_two,14,9dcb51e083c2,0,27165,27160,0,0,0,5,0.038431806,39.577273,2.3359399,0.17401127,0.96976959,1,0.059575813,0.34802253,0.69218451,0.022594003,0.096976959,0.11335369,35.416807,0.031622777,0.25118864,0,0,0.030156346,0.11606798,0,0,1.1,0.96710765,0.15984293,0,6
r-hetero,base,routing,power_of_two,15,889306105217,0,27202,27197,0,0,0,5,0.034115139,39.809091,2.3128512,0.17951973,0.96275575,1,0.059575295,0.35903947,0.70365437,0.022099068,0.096275575,0.11282465,34.842452,0.031622777,0.25118864,0,0,0.030437312,0.11331438,0,0,1.1,0.96579671,0.1595011,0,6
r-hetero,base,routing,power_of_two,16,9acd8b1c26d2,0,27410,27400,0,0,0,10,0.035206129,40.068182,2.3207031,0.17759751,0.96707495,1,0.059702763,0.35519502,0.74722645,0.02220865,0.096707495,0.11358466,34.396378,0.031622777,0.25118864,0,0,0.030921921,0.11571637,0,0,1.1,0.96693311,0.15632831,0,6
r-hetero,base,routing,power_of_two,17,d275c759a950,0,27227,27219,0,0,0,8,0.040070518,39.6,2.3542751,0.18060017,0.97332235,1,0.059666583,0.36120035,0.73902963,0.022279661,0.097332235,0.11481438,34.649027,0.031622777,0.25118864,0,0,0.030926581,0.11665609,0,0,1.1,0.96427072,0.16140581,0,6
r-hetero,base,routing,power_of_two,18,2e879fe15b38,0,27438,27432,0,0,0,6,0.033785261,40.168182,2.3165826,0.17686564,0.97079067,1,0.059832632,0.35373127,0.72651396,0.022426125,0.097079067,0.11174319,35.667004,0.031622777,0.25118864,0,0,0.030869107,0.1157487,0,0,1.1,0.96485022,0.16255428,0,6
r-hetero,base,routing,power_of_two,19,9f142966f967,0,27337,27336,0,0,0,1,0.044993964,39.556061,2.388448,0.17605665,0.98742157,1,0.060813929,0.3521133,0.72280825,0.022667359,0.098742157,0.11521168,35.640976,0.031622777,0.25118864,0,0,0.030343008,0.11296024,0,0,1.1,0.96702242,0.16150675,0,6
r-hetero,base,routing,power_of_two,20,2e518ba0cb21,0,27298,27294,0,0,0,4,0.049380907,39.318182,2.427082,0.18200995,0.99816754,1,0.060246646,0.36401989,0.77007315,0.022916887,0.099816754,0.11571906,36.554045,0.031622777,0.25118864,0,0,0.031893835,0.1187413,0,0,1.1,0.96597098,0.16374167,0,6
r-hetero,base,routing,latency_aware,1,19d9c449691a,0,27455,27455,0,0,0,0,0.0002913859,41.586364,1.6479767,0.1061793,0.54034049,1,0.055478656,0.21235861,0.43737335,0.02598843,0.054034049,0.06535351,27.141738,0.025118864,0.12589254,0,0,0.021796969,0.06383439,0,0,1.1,0.95482724,0.1279527,0,6
r-hetero,base,routing,latency_aware,2,b007e17f282a,0,27243,27242,0,0,0,1,0.00051389348,41.256061,1.6525004,0.10851108,0.54141981,1,0.055932108,0.21702215,0.45241596,0.026101982,0.054141981,0.066328203,26.851736,0.025118864,0.12589254,0,0,0.022512819,0.067129684,0,0,1.1,0.96182015,0.12875657,0,6
r-hetero,base,routing,latency_aware,3,32e474b2d372,0,27104,27103,0,0,0,1,0.00055342385,41.043939,1.6383884,0.10690431,0.52871701,1,0.055585801,0.21380863,0.46554183,0.026238641,0.052871701,0.064042395,27.178864,0.025118864,0.12589254,0,0,0.02249287,0.066867913,0,0,1.1,0.96243818,0.1282018,0,6
r-hetero,base,routing,latency_aware,4,c4701fc0496e,0,27425,27423,0,0,0,2,0.0011303555,41.506061,1.6660176,0.11072413,0.54964167,1,0.055694578,0.22144827,0.48800735,0.026308163,0.054964167,0.06900971,26.92708,0.025118864,0.12589254,0,0,0.023105082,0.069506888,0,0,1.1,0.96358481,0.12959585,0,6
r-hetero,base,routing,latency_aware,5,22ca81f4690c,0,27468,27468,0,0,0,0,0.00065530799,41.590909,1.6670004,0.11083904,0.55288477,1,0.056602158,0.22167808,0.46005322,0.026488835,0.055288477,0.067808586,27.907334,0.025118864,0.12589254,0,0,0.022988798,0.070248362,0,0,1.1,0.95981714,0.1322694,0,6
r-hetero,base,routing,latency_aware,6,128bb4893f5c,0,27202,27201,0,0,0,1,0.00036762003,41.2,1.6752759,0.11156306,0.56187472,1,0.056567695,0.22312612,0.46135695,0.026175276,0.056187472,0.066870323,28.076614,0.025118864,0.12589254,0,0,0.022711124,0.06859963,0,0,1.1,0.96553432,0.13194016,0,6
r-hetero,base,routing,latency_aware,7,057a821ae138,0,27220,27220,0,0,0,0,0.00058780309,41.218182,1.6522099,0.11029322,0.53897764,1,0.055994183,0.22058644,0.46340086,0.025986833,0.053897764,0.06531635,26.679971,0.025118864,0.12589254,0,0,0.022769697,0.06923728,0,0,1.1,0.96371967,0.12580814,0,6
r-hetero,base,routing,latency_aware,8,5a8fe0f8cf94,0,27437,27437,0,0,0,0,0.000546707,41.548485,1.6522623,0.10885383,0.54067496,1,0.056092349,0.21770766,0.47603882,0.026229171,0.054067496,0.064443024,26.948123,0.025118864,0.12589254,0,0,0.022938931,0.066205882,0,0,1.1,0.95998939,0.12911548,0,6
r-hetero,base,routing,latency_aware,9,75c886432a8d,0,27516,27516,0,0,0,0,0.00021805495,41.681818,1.6552748,0.10827431,0.54591025,1,0.056185537,0.21654862,0.44700947,0.02614023,0.054591025,0.065949698,27.141682,0.025118864,0.12589254,0,0,0.022121516,0.065281938,0,0,1.1,0.96061102,0.12879804,0,6
r-hetero,base,routing,latency_aware,10,ebfc16d83960,0,27334,27332,0,0,0,2,0.00058535158,41.390909,1.6574329,0.11116689,0.54333924,1,0.055510549,0.22233379,0.47198773,0.02565177,0.054333924,0.066179857,26.29642,0.025118864,0.12589254,0,0,0.022905463,0.06987267,0,0,1.1,0.96742978,0.12363012,0,6
r-hetero,base,routing,latency_aware,11,9460ad1ead46,0,27331,27331,0,0,0,0,0.00098788921,41.369697,1.6767211,0.11269414,0.55908755,1,0.057152492,0.22538828,0.46024747,0.026571381,0.055908755,0.066432788,28.007208,0.025118864,0.12589254,0,0,0.023106434,0.071146082,0,0,1.1,0.96210873,0.13249337,0,6
r-hetero,base,routing,latency_aware,12,2422066ce115,0,27339,27338,0,0,0,1,0.00062182231,41.39697,1.6652314,0.10950632,0.55261597,1,0.055448437,0.21901263,0.46278279,0.0255744,0.055261597,0.066834763,26.187793,0.025118864,0.12589254,0,0,0.022278032,0.066916686,0,0,1.1,0.96715793,0.12569597,0,6
r-hetero,base,routing,latency_aware,13,076f2bcfb10d,0,27173,27170,0,0,0,3,0.00069922349,41.142424,1.6785165,0.11498618,0.56003424,1,0.056900606,0.22997235,0.47329656,0.026345457,0.056003424,0.067842305,28.295907,0.025118864,0.12589254,0,0,0.023406779,0.072384975,0,0,1.1,0.96182092,0.13199687,0,6
r-hetero,base,routing,latency_aware,14,9dcb51e083c2,0,27165,27163,0,0,0,2,0.00092030186,41.121212,1.6386182,0.10519806,0.52881862,1,0.055366738,0.21039613,0.43609286,0.026048002,0.052881862,0.064025153,27.154574,0.025118864,0.12589254,0,0,0.022034906,0.064228771,0,0,1.1,0.96420487,0.12758775,0,6
r-hetero,base,routing,latency_aware,15,889306105217,0,27202,27200,0,0,0,2,0.00051466804,41.193939,1.6368538,0.10797156,0.52630894,1,0.055374227,0.21594313,0.4479047,0.025810709,0.052630894,0.065782304,26.928949,0.025118864,0.12589254,0,0,0.022147633,0.063850827,0,0,1.1,0.96187114,0.12603722,0,6
r-hetero,base,routing,latency_aware,16,9acd8b1c26d2,0,27410,27410,0,0,0,0,0.00076614374,41.498485,1.6600631,0.11064589,0.54558654,1,0.055757602,0.22129178,0.45549595,0.025949373,0.054558654,0.065439486,25.866591,0.025118864,0.12589254,0,0,0.022657185,0.068801797,0,0,1.1,0.96084815,0.12370467,0,6
r-hetero,base,routing,latency_aware,17,d275c759a950,0,27227,27227,0,0,0,0,0.00062438021,41.227273,1.6594662,0.10856642,0.54777792,1,0.056111292,0.21713283,0.44641849,0.026226379,0.054777792,0.065473314,26.560898,0.025118864,0.12589254,0,0,0.022024896,0.065941033,0,0,1.1,0.9570971,0.12631769,0,6
r-hetero,base,routing,latency_aware,18,2e879fe15b38,0,27438,27438,0,0,0,0,0.00051024127,41.551515,1.6518891,0.10913331,0.54020456,1,0.056087716,0.21826662,0.45375354,0.026267737,0.054020456,0.065491109,26.865521,0.025118864,0.12589254,0,0,0.022381339,0.06649137,0,0,1.1,0.95738556,0.12799193,0,6
r-hetero,base,routing,latency_aware,19,9f142966f967,0,27337,27334,0,0,0,3,0.00095109193,41.380303,1.6768441,0.11370983,0.55837883,1,0.056244804,0.22741966,0.48829667,0.026295302,0.055837883,0.070430136,27.350681,0.025118864,0.12589254,0,0,0.02325318,0.070624194,0,0,1.1,0.96397225,0.13003071,0,6
r-hetero,base,routing,latency_aware,20,2e518ba0cb21,0,27298,27297,0,0,0,1,0.00051285808,41.339394,1.6507555,0.11081678,0.5373744,1,0.056213093,0.22163357,0.45186515,0.026235413,0.05373744,0.067642834,27.205425,0.025118864,0.12589254,0,0,0.022861243,0.070251914,0,0,1.1,0.96677586,0.13080945,0,6
r-hetero,base,routing,queue_aware,1,19d9c449691a,0,27455,27455,0,0,0,0,0.0852668,38.051515,3.4051506,1.1729559,0.80586068,1,0.17121839,2.3459118,4.5560743,0.027045655,0.080586068,0.17644413,30.794062,0.025118864,0.25118864,0,0,0.393317,1.8067423,0,0,1.1,0.94511607,0.14070566,0,6
r-hetero,base,routing,queue_aware,2,b007e17f282a,0,27243,27239,0,0,0,4,0.086737878,37.69697,3.4423137,1.2182074,0.79041687,1,0.17248373,2.4364148,4.7043078,0.0267483,0.079041687,0.16421328,30.989319,0.025118864,0.25118864,0,0,0.39237013,1.9045491,0,0,1.1,0.96528757,0.14219045,0,6
r-hetero,base,routing,queue_aware,3,32e474b2d372,0,27104,27101,0,0,0,3,0.08640791,37.518182,3.3841197,1.1577284,0.79435177,1,0.17179665,2.3154568,4.4561152,0.026846655,0.079435177,0.16427673,31.279597,0.025118864,0.25118864,0,0,0.37938749,1.8229989,0,0,1.1,0.96404675,0.14061439,0,6
r-hetero,base,routing,queue_aware,4,c4701fc0496e,0,27425,27421,0,0,0,4,0.086417502,37.962121,3.3748455,1.1337021,0.80905587,1,0.16947073,2.2674041,4.6011372,0.026915515,0.080905587,0.17131026,31.368195,0.025118864,0.25118864,0,0,0.39352991,1.7678951,0,0,1.1,0.9632697,0.14262029,0,6
r-hetero,base,routing,queue_aware,5,22ca81f4690c,0,27468,27464,0,0,0,4,0.091124217,37.825758,3.4850629,1.2195742,0.80986754,1,0.17085598,2.4391485,4.5860683,0.027555495,0.080986754,0.1662449,31.56495,0.025118864,0.25118864,0,0,0.40803776,1.9367266,0,0,1.1,0.96394712,0.14522629,0,6
r-hetero,base,routing,queue_aware,6,128bb4893f5c,0,27202,27200,0,0,0,2,0.086096611,37.666667,3.422805,1.1782634,0.81405854,1,0.17915823,2.3565269,4.4554439,0.027504158,0.081405854,0.16217034,31.424561,0.025118864,0.25118864,0,0,0.38976233,1.8233065,0,0,1.1,0.96628107,0.1446792,0,6
r-hetero,base,routing,queue_aware,7,057a821ae138,0,27220,27218,0,0,0,2,0.086554004,37.672727,3.3929004,1.1443609,0.81576946,1,0.18767328,2.2887218,4.3901271,0.027520969,0.081576946,0.17714458,30.76258,0.025118864,0.25118864,0,0,0.3940962,1.7911715,0,0,1.1,0.96614612,0.13903109,0,6
r-hetero,base,routing,queue_aware,8,5a8fe0f8cf94,0,27437,27435,0,0,0,2,0.090607574,37.804545,3.4870157,1.2244297,0.80954818,1,0.17668684,2.4488594,4.5861235,0.027578141,0.080954818,0.1726676,30.798704,0.025118864,0.25118864,0,0,0.39707453,1.9060505,0,0,1.1,0.96304295,0.14298182,0,6
r-hetero,base,routing,queue_aware,9,75c886432a8d,0,27516,27514,0,0,0,2,0.08911179,37.975758,3.448445,1.1790977,0.82378844,1,0.17637307,2.3581953,4.566591,0.027367663,0.082378844,0.18196161,31.039811,0.025118864,0.25118864,0,0,0.39782937,1.8780116,0,0,1.1,0.96724208,0.142348,0,6
r-hetero,base,routing,queue_aware,10,ebfc16d83960,0,27334,27332,0,0,0,2,0.087839321,37.777273,3.3998492,1.1707019,0.78995075,1,0.17715078,2.3414037,4.4581401,0.02700273,0.078995075,0.16638495,29.975937,0.025118864,0.25118864,0,0,0.39252725,1.8259897,0,0,1.1,0.96120382,0.13655856,0,6
r-hetero,base,routing,queue_aware,11,9460ad1ead46,0,27331,27330,0,0,0,1,0.088434379,37.748485,3.4246349,1.1605446,0.82191839,1,0.17460054,2.3210892,4.474036,0.027446422,0.082191839,0.17259694,31.324347,0.025118864,0.25118864,0,0,0.4009773,1.8391647,0,0,1.1,0.95573112,0.14528272,0,6
r-hetero,base,routing,queue_aware,12,2422066ce115,0,27339,27337,0,0,0,2,0.087750101,37.787879,3.4754139,1.2210483,0.81561509,1,0.17942746,2.4420966,4.6144375,0.027222261,0.081561509,0.16880656,30.466638,0.025118864,0.25118864,0,0,0.40317118,1.9166433,0,0,1.1,0.96396417,0.13865588,0,6
r-hetero,base,routing,queue_aware,13,076f2bcfb10d,0,27173,27170,0,0,0,3,0.087182129,37.581818,3.4068324,1.1619981,0.80892369,1,0.17167961,2.3239962,4.7125272,0.027236687,0.080892369,0.17727008,31.298998,0.025118864,0.25118864,0,0,0.39033336,1.8311156,0,0,1.1,0.96235083,0.14495996,0,6
r-hetero,base,routing,queue_aware,14,9dcb51e083c2,0,27165,27164,0,0,0,1,0.089711025,37.466667,3.4681831,1.197436,0.82219207,1,0.16332582,2.3948719,4.3421146,0.027002775,0.082219207,0.16945113,30.987434,0.025118864,0.25118864,0,0,0.38528139,1.8856967,0,0,1.1,0.96299875,0.14078774,0,6
r-hetero,base,routing,queue_aware,15,889306105217,0,27202,27202,0,0,0,0,0.081280788,37.865152,3.3332101,1.1407216,0.78608462,1,0.1699831,2.2814431,4.7072209,0.026753851,0.078608462,0.16834409,30.374363,0.025118864,0.25118864,0,0,0.38636962,1.7611901,0,0,1.1,0.96269628,0.13918154,0,6
r-hetero,base,routing,queue_aware,16,9acd8b1c26d2,0,27410,27410,0,0,0,0,0.089128055,37.828788,3.4630475,1.2299406,0.78746663,1,0.17774842,2.4598812,4.8688866,0.027353366,0.078746663,0.16304679,29.985364,0.025118864,0.25118864,0,0,0.40667909,1.907817,0,0,1.1,0.96044697,0.13686192,0,6
r-hetero,base,routing,queue_aware,17,d275c759a950,0,27227,27227,0,0,0,0,0.091416609,37.481818,3.4780514,1.207192,0.81377642,1,0.16633148,2.414384,4.5277332,0.026877204,0.081377642,0.17279911,31.547107,0.025118864,0.25118864,0,0,0.40473598,1.9158591,0,0,1.1,0.9646035,0.13978898,0,6
r-hetero,base,routing,queue_aware,18,2e879fe15b38,0,27438,27437,0,0,0,1,0.089911801,37.834848,3.4249552,1.1562952,0.81910099,1,0.16950567,2.3125904,4.6077612,0.027117688,0.081910099,0.18601959,30.545652,0.025118864,0.25118864,0,0,0.39024065,1.8468227,0,0,1.1,0.95465006,0.14215546,0,6
r-hetero,base,routing,queue_aware,19,9f142966f967,0,27337,27336,0,0,0,1,0.086549365,37.834848,3.4427632,1.1993327,0.81068365,1,0.17218662,2.3986655,4.7375039,0.027276795,0.081068365,0.17636534,30.836904,0.025118864,0.25118864,0,0,0.41041193,1.8767035,0,0,1.1,0.96551247,0.14386212,0,6
r-hetero,base,routing,queue_aware,20,2e518ba0cb21,0,27298,27297,0,0,0,1,0.090153125,37.631818,3.4495624,1.1908294,0.80796738,1,0.16799855,2.3816588,4.880353,0.026973707,0.080796738,0.1729196,30.9173,0.025118864,0.25118864,0,0,0.40219262,1.8989756,0,0,1.1,0.96117558,0.14479451,0,6
r-hetero,base,routing,queue_aware_corrected,1,19d9c449691a,0,27455,27451,0,0,0,4,0.0089965398,41.224242,2.0891256,0.18259366,0.86154925,1,0.059623494,0.36518732,0.7656299,0.022061431,0.086154925,0.098905032,38.019211,0.031622777,0.25118864,0,0,0.031560957,0.1242229,0,0,1.1,0.96736462,0.17055411,0,6
r-hetero,base,routing,queue_aware_corrected,2,b007e17f282a,0,27243,27239,0,0,0,4,0.0099475095,40.866667,2.0851044,0.17767035,0.85769654,1,0.059989814,0.35534069,0.70507275,0.021979182,0.085769654,0.099643601,38.354649,0.031622777,0.25118864,0,0,0.030688759,0.12019244,0,0,1.1,0.97079855,0.1712207,0,6
r-hetero,base,routing,queue_aware_corrected,3,32e474b2d372,0,27104,27100,0,0,0,4,0.0088178867,40.704545,2.0717464,0.17167313,0.85598388,1,0.060167508,0.34334625,0.72708118,0.022801023,0.085598388,0.098613634,37.606185,0.031622777,0.25118864,0,0,0.030514431,0.11905412,0,0,1.1,0.96686759,0.1674083,0,6
r-hetero,base,routing,queue_aware_corrected,4,c4701fc0496e,0,27425,27421,0,0,0,4,0.0101732,41.130303,2.0728891,0.17487272,0.84715039,1,0.059961867,0.34974544,0.72688885,0.022257734,0.084715039,0.099817583,37.887168,0.031622777,0.25118864,0,0,0.031047877,0.11908341,0,0,1.1,0.97098461,0.17049468,0,6
r-hetero,base,routing,queue_aware_corrected,5,22ca81f4690c,0,27468,27467,0,0,0,1,0.012086792,41.115152,2.1139245,0.1837444,0.86974619,1,0.060477717,0.36748879,0.77988243,0.022518029,0.086974619,0.10210425,37.639538,0.031622777,0.25118864,0,0,0.032297917,0.12545448,0,0,1.1,0.96869836,0.17351153,0,6
r-hetero,base,routing,queue_aware_corrected,6,128bb4893f5c,0,27202,27200,0,0,0,2,0.010256599,40.792424,2.0908417,0.18057408,0.8589846,1,0.061115908,0.36114817,0.7428572,0.022871209,0.08589846,0.10013235,38.408176,0.031622777,0.25118864,0,0,0.031926613,0.12410335,0,0,1.1,0.96997041,0.17316844,0,6
r-hetero,base,routing,queue_aware_corrected,7,057a821ae138,0,27220,27212,0,0,0,8,0.010617193,40.804545,2.1106081,0.19123225,0.86628988,1,0.059613288,0.3824645,0.7941135,0.022373702,0.086628988,0.10020495,37.489731,0.031622777,0.25118864,0,0,0.032637242,0.13264005,0,0,1.1,0.96921581,0.16690416,0,6
r-hetero,base,routing,queue_aware_corrected,8,5a8fe0f8cf94,0,27437,27437,0,0,0,0,0.0096220432,41.171212,2.1021869,0.1849718,0.86910493,1,0.060249904,0.36994361,0.73978628,0.022376336,0.086910493,0.099380259,37.713837,0.031622777,0.25118864,0,0,0.031589901,0.12468032,0,0,1.1,0.96897045,0.17184744,0,6
r-hetero,base,routing,queue_aware_corrected,9,75c886432a8d,0,27516,27510,0,0,0,6,0.010902747,41.236364,2.1127543,0.18448707,0.8737535,1,0.060363032,0.36897414,0.74484237,0.022275432,0.08737535,0.10056536,37.644138,0.031622777,0.25118864,0,0,0.032340233,0.1277474,0,0,1.1,0.97108807,0.16951134,0,6
r-hetero,base,routing,queue_aware_corrected,10,ebfc16d83960,0,27334,27330,0,0,0,4,0.01079242,40.968182,2.0894496,0.18268038,0.85280708,1,0.05913478,0.36536076,0.76479377,0.021927121,0.085280708,0.10039493,37.439089,0.031622777,0.25118864,0,0,0.03231771,0.12573422,0,0,1.1,0.97087816,0.165269,0,6
r-hetero,base,routing,queue_aware_corrected,11,9460ad1ead46,0,27331,27329,0,0,0,2,0.01284256,40.878788,2.1124058,0.18625683,0.86193613,1,0.060513676,0.37251365,0.76035842,0.022418431,0.086193613,0.10236567,38.056099,0.031622777,0.25118864,0,0,0.032213529,0.12684253,0,0,1.1,0.96866567,0.17611538,0,6
r-hetero,base,routing,queue_aware_corrected,12,2422066ce115,0,27339,27332,0,0,0,7,0.008924979,41.05303,2.0732893,0.18317365,0.8454908,1,0.059492057,0.3663473,0.7499752,0.022063555,0.08454908,0.098287698,37.84971,0.031622777,0.25118864,0,0,0.032108715,0.12658846,0,0,1.1,0.97027769,0.16742582,0,6
r-hetero,base,routing,queue_aware_corrected,13,076f2bcfb10d,0,27173,27166,0,0,0,7,0.012328414,40.663636,2.1166091,0.19068145,0.86428558,1,0.060201626,0.38136289,0.74083995,0.022516412,0.086428558,0.10236799,38.28284,0.031622777,0.25118864,0,0,0.03199041,0.12885628,0,0,1.1,0.97028983,0.17357007,0,6
r-hetero,base,routing,queue_aware_corrected,14,9dcb51e083c2,0,27165,27154,0,0,0,11,0.0076200994,40.845455,2.0552501,0.17718996,0.83995969,1,0.059348284,0.35437993,0.71376549,0.022099284,0.083995969,0.097094077,37.417089,0.031622777,0.25118864,0,0,0.030731533,0.12392547,0,0,1.1,0.96646733,0.16870997,0,6
r-hetero,base,routing,queue_aware_corrected,15,889306105217,0,27202,27201,0,0,0,1,0.0075729726,40.90303,2.0767642,0.181872,0.85702737,1,0.059537943,0.36374401,0.74172037,0.022202548,0.085702737,0.097505943,36.729251,0.031622777,0.25118864,0,0,0.031721295,0.12377702,0,0,1.1,0.96827974,0.16748144,0,6
r-hetero,base,routing,queue_aware_corrected,16,9acd8b1c26d2,0,27410,27406,0,0,0,4,0.0095950383,41.131818,2.0850658,0.18301027,0.8540803,1,0.059237014,0.36602053,0.72972357,0.021968084,0.08540803,0.099129182,36.521273,0.031622777,0.25118864,0,0,0.031513022,0.12546995,0,0,1.1,0.96694804,0.16507232,0,6
r-hetero,base,routing,queue_aware_corrected,17,d275c759a950,0,27227,27225,0,0,0,2,0.0098064421,40.848485,2.084817,0.17681104,0.85897375,1,0.06008466,0.35362208,0.71930079,0.022186802,0.085897375,0.099791497,36.744215,0.031622777,0.25118864,0,0,0.030684113,0.11861238,0,0,1.1,0.96828962,0.16699127,0,6
r-hetero,base,routing,queue_aware_corrected,18,2e879fe15b38,0,27438,27436,0,0,0,2,0.012027116,41.072727,2.1160679,0.18786684,0.86806545,1,0.059674271,0.37573368,0.79248673,0.021873879,0.086806545,0.10161128,37.694275,0.031622777,0.25118864,0,0,0.032475801,0.12742545,0,0,1.1,0.96965036,0.17198869,0,6
r-hetero,base,routing,queue_aware_corrected,19,9f142966f967,0,27337,27333,0,0,0,4,0.011230201,40.954545,2.1033735,0.18713024,0.86009227,1,0.060559272,0.37426049,0.73242875,0.022000699,0.086009227,0.10121187,37.897011,0.031622777,0.25118864,0,0,0.032066831,0.12932986,0,0,1.1,0.96857163,0.17323575,0,6
r-hetero,base,routing,queue_aware_corrected,20,2e518ba0cb21,0,27298,27296,0,0,0,2,0.0084621584,41.010606,2.0818152,0.18667583,0.85282853,1,0.060162962,0.37335166,0.75374626,0.022393459,0.085282853,0.098246135,37.957393,0.031622777,0.25118864,0,0,0.032237138,0.12729251,0,0,1.1,0.96689723,0.17348702,0,6
r-hetero,base,routing,capacity_weighted,1,19d9c449691a,0,27455,27452,0,0,0,3,0.088472045,37.918182,2.7711673,0.2012606,1.1275465,1,0.053680536,0.40252121,2.2251713,0.027361506,0.11275465,0.13756054,38.227312,0.025118864,0.25118864,0,0,0.077606486,0.13691824,0,172,1.1,0.96328764,0.16983485,0,6
r-hetero,base,routing,capacity_weighted,2,b007e17f282a,0,27243,27236,0,0,0,7,0.028484381,40.101515,2.1770231,0.13254074,0.90206042,1,0.055015099,0.26508149,0.57077841,0.024444568,0.090206042,0.11684701,37.227249,0.031622777,0.25118864,0,0,0.024420366,0.067670665,0,8,1.1,0.97015573,0.16828379,0,6
r-hetero,base,routing,capacity_weighted,3,32e474b2d372,0,27104,27091,0,0,0,13,0.05036157,38.998485,2.4427833,0.20217543,0.98879997,1,0.05173737,0.40435086,13.50376,0.024328304,0.098879997,0.14537314,38.920562,0.025118864,0.25118864,0,0,0.37780059,0.14241547,0,183,1.1,0.96636659,0.16658981,0,6
r-hetero,base,routing,capacity_weighted,4,c4701fc0496e,0,27425,27418,0,0,0,7,0.055314494,39.254545,2.4297072,0.13277197,1.0203627,1,0.052790708,0.26554394,0.55489349,0.024077893,0.10203627,0.11894019,35.824695,0.025118864,0.25118864,0,0,0.02384008,0.066920966,0,14,1.1,0.96616042,0.16445355,0,6
r-hetero,base,routing,capacity_weighted,5,22ca81f4690c,0,27468,27449,0,0,0,19,0.073285277,38.568182,2.6541163,0.21658483,1.0711051,1,0.054658529,0.43316966,23.803844,0.024468334,0.10711051,0.1494417,41.121155,0.031622777,0.25118864,0,0,0.55039652,0.15933258,0,322,1.1,0.96863017,0.17868341,0,6
r-hetero,base,routing,capacity_weighted,6,128bb4893f5c,0,27202,27200,0,0,0,2,0.041651349,39.498485,2.3432732,0.19634566,0.93867083,1,0.053191569,0.39269133,2.0491863,0.024681067,0.093867083,0.10964957,35.765506,0.025118864,0.25118864,0,0,0.071858417,0.11856253,0,0,1.1,0.96873684,0.16343806,0,6
r-hetero,base,routing,capacity_weighted,7,057a821ae138,0,27220,27214,0,0,0,6,0.01943424,40.440909,2.1031292,0.13166889,0.87428913,1,0.051682416,0.26333777,0.58040826,0.025106191,0.087428913,0.10735185,32.712834,0.025118864,0.25118864,0,0,0.025061011,0.062020388,0,4,1.1,0.96637023,0.149302,0,6
r-hetero,base,routing,capacity_weighted,8,5a8fe0f8cf94,0,27437,27429,0,0,0,8,0.082042497,38.160606,2.7669246,0.34610559,1.0106065,1,0.05401056,0.69221119,5.6784827,0.023205974,0.10106065,0.12646348,36.870621,0.031622777,0.25118864,0,0,0.22697129,0.36187515,0,94,1.1,0.96976326,0.17168674,0,6
r-hetero,base,routing,capacity_weighted,9,75c886432a8d,0,27516,27514,0,0,0,2,0.028056404,40.521212,2.1916674,0.12983821,0.9215472,1,0.053504237,0.25967641,0.55111809,0.023247163,0.09215472,0.10979184,35.082835,0.031622777,0.25118864,0,0,0.021675837,0.063695226,0,0,1.1,0.97234495,0.16115554,0,6
r-hetero,base,routing,capacity_weighted,10,ebfc16d83960,0,27334,27317,0,0,0,17,0.05732787,39.040909,2.4415361,0.13235781,1.0225389,1,0.052571544,0.26471562,0.60040636,0.023592922,0.10225389,0.1192082,36.167424,0.025118864,0.25118864,0,0,0.039074019,0.067395866,0,45,1.1,0.96917581,0.15952718,0,6
r-hetero,base,routing,capacity_weighted,11,9460ad1ead46,0,27331,27326,0,0,0,5,0.040503458,39.733333,2.6474888,0.56578065,0.87919086,1,0.057943076,1.1315613,3.7594224,0.024104697,0.087919086,0.10461017,38.897507,0.031622777,0.25118864,0,0,0.14871164,0.97711265,0,1,1.1,0.97052928,0.17577855,0,6
r-hetero,base,routing,capacity_weighted,12,2422066ce115,0,27339,27330,0,0,0,9,0.049197118,39.384848,2.3774203,0.13349281,0.99794188,1,0.05114413,0.26698561,0.59036916,0.024529432,0.099794188,0.11939511,34.215573,0.025118864,0.25118864,0,0,0.023061593,0.062922354,0,5,1.1,0.96786019,0.15754445,0,6
r-hetero,base,routing,capacity_weighted,13,076f2bcfb10d,0,27173,27161,0,0,0,12,0.12994517,35.821212,4.5915806,1.889225,1.0526297,1,0.054815655,3.7784501,8.2908941,0.023682038,0.10526297,0.14722626,39.734692,0.031622777,0.25118864,0,0,0.50441484,3.5830895,0,351,1.1,0.97069727,0.18010242,0,6
r-hetero,base,routing,capacity_weighted,14,9dcb51e083c2,0,27165,27159,0,0,0,6,0.037474692,39.616667,2.3011794,0.14821833,0.96558763,1,0.052669407,0.29643666,0.94499756,0.024247754,0.096558763,0.11005549,34.618227,0.025118864,0.25118864,0,0,0.032751658,0.072407056,0,0,1.1,0.96650045,0.15901539,0,6
r-hetero,base,routing,capacity_weighted,15,889306105217,0,27202,27196,0,0,0,6,0.023380634,40.251515,2.1514475,0.12357908,0.9109653,1,0.0521145,0.24715815,0.53395688,0.023629904,0.09109653,0.10985703,33.764063,0.025118864,0.25118864,0,0,0.020995033,0.0600169,0,0,1.1,0.96368394,0.15524319,0,6
r-hetero,base,routing,capacity_weighted,16,9acd8b1c26d2,0,27410,27405,0,0,0,5,0.0063845312,41.265152,1.9624307,0.13017246,0.80033561,1,0.05434008,0.26034491,0.53878396,0.023943079,0.080033561,0.095970516,33.61127,0.031622777,0.25118864,0,0,0.023640754,0.068461561,0,0,1.1,0.96667038,0.15190569,0,6
r-hetero,base,routing,capacity_weighted,17,d275c759a950,0,27227,27217,0,0,0,10,0.065743563,38.540909,2.5284634,0.15290709,1.0468385,1,0.051534519,0.30581419,3.1396359,0.024264504,0.10468385,0.14065271,35.793219,0.025118864,0.25118864,0,0,0.087618436,0.076737341,0,103,1.1,0.96165389,0.16296986,0,6
r-hetero,base,routing,capacity_weighted,18,2e879fe15b38,0,27438,27430,0,0,0,8,0.054049129,39.325758,2.4581673,0.16938509,1.0185365,1,0.055877419,0.33877019,1.2770541,0.025366519,0.10185365,0.13143499,38.191411,0.031622777,0.25118864,0,0,0.062925653,0.10239553,0,83,1.1,0.96708385,0.17324737,0,6
r-hetero,base,routing,capacity_weighted,19,9f142966f967,0,27337,27334,0,0,0,3,0.082013388,38.022727,2.700597,0.32845458,0.96207546,1,0.053272356,0.65690916,6.4318665,0.02366994,0.096207546,0.11717501,36.690423,0.025118864,0.25118864,0,0,0.2352713,0.24870709,0,7,1.1,0.96806038,0.16644695,0,6
r-hetero,base,routing,capacity_weighted,20,2e518ba0cb21,0,27298,27280,0,0,0,18,0.07311891,38.336364,3.1755599,0.80344339,1.006522,1,0.056267319,1.6068868,12.500143,0.023507014,0.1006522,0.14441749,40.330566,0.031622777,0.25118864,0,0,0.36536504,1.4863671,0,239,1.1,0.96870751,0.17834982,0,6
r-hetero,base,routing,oracle_jsq,1,19d9c449691a,0,27455,27455,0,0,0,0,0,41.598485,1.5294839,0.069813677,0.45967021,1,0.058795222,0.13962735,0.19829648,0.028036954,0.045967021,0.055742809,27.170405,0.025118864,0.1,0,0,0.018242471,0.046743439,0,0,1.1,0.95912199,0.12466219,0,6
r-hetero,base,routing,oracle_jsq,2,b007e17f282a,0,27243,27243,0,0,0,0,0.00018353338,41.269697,1.5313561,0.070114485,0.46032399,1,0.059198786,0.14022897,0.19936811,0.028047621,0.046032399,0.052670152,27.081216,0.025118864,0.1,0,0,0.017821588,0.045265318,0,0,1.1,0.96320749,0.12534985,0,6
r-hetero,base,routing,oracle_jsq,3,32e474b2d372,0,27104,27104,0,0,0,0,0,41.066667,1.5228559,0.068473636,0.45438223,1,0.05856758,0.13694727,0.19018533,0.027992443,0.045438223,0.051618396,27.052118,0.025118864,0.1,0,0,0.017667575,0.044726301,0,0,1.1,0.96413805,0.12464999,0,6
r-hetero,base,routing,oracle_jsq,4,c4701fc0496e,0,27425,27424,0,0,0,1,7.2926162e-05,41.55,1.5205974,0.069125846,0.45110694,1,0.058736316,0.13825169,0.19409663,0.028266069,0.045110694,0.051215603,26.637608,0.025118864,0.1,0,0,0.017535279,0.044398551,0,0,1.1,0.9667219,0.12560348,0,6
r-hetero,base,routing,oracle_jsq,5,22ca81f4690c,0,27468,27465,0,0,0,3,0.00018203,41.610606,1.5388225,0.069785108,0.46812721,1,0.059384471,0.13957022,0.19578642,0.028218465,0.046812721,0.051625734,27.660775,0.025118864,0.1,0,0,0.017958285,0.044141498,0,0,1.1,0.96709096,0.12802949,0,6
r-hetero,base,routing,oracle_jsq,6,128bb4893f5c,0,27202,27201,0,0,0,1,0.00011028601,41.210606,1.540376,0.070900038,0.46892454,1,0.059536286,0.14180008,0.20259426,0.028364657,0.046892454,0.052112371,27.964261,0.025118864,0.1,0,0,0.018209287,0.046474321,0,0,1.1,0.96072457,0.12824573,0,6
r-hetero,base,routing,oracle_jsq,7,057a821ae138,0,27220,27220,0,0,0,0,3.6737693e-05,41.240909,1.5214472,0.069153695,0.4521098,1,0.059046446,0.13830739,0.19935569,0.028007076,0.04521098,0.050445815,26.330697,0.025118864,0.1,0,0,0.017855435,0.045270814,0,0,1.1,0.9607124,0.12255541,0,6
r-hetero,base,routing,oracle_jsq,8,5a8fe0f8cf94,0,27437,27437,0,0,0,0,3.6447133e-05,41.569697,1.5381805,0.070241742,0.46775654,1,0.05891852,0.14048348,0.19518522,0.028107038,0.046775654,0.052497657,26.674963,0.025118864,0.1,0,0,0.017704651,0.044553634,0,0,1.1,0.9599548,0.12603195,0,6
r-hetero,base,routing,oracle_jsq,9,75c886432a8d,0,27516,27514,0,0,0,2,0.00010902747,41.686364,1.526736,0.068978319,0.45721257,1,0.058939789,0.13795664,0.19100627,0.028199725,0.045721257,0.051639137,27.095234,0.025118864,0.1,0,0,0.017626318,0.044687844,0,0,1.1,0.96391992,0.12549865,0,6
r-hetero,base,routing,oracle_jsq,10,ebfc16d83960,0,27334,27332,0,0,0,2,7.3168947e-05,41.412121,1.5290844,0.069344907,0.45937362,1,0.058024487,0.13868981,0.19760021,0.027479862,0.045937362,0.051640068,25.933392,0.025118864,0.1,0,0,0.017486714,0.045035865,0,0,1.1,0.96077669,0.11994832,0,6
r-hetero,base,routing,oracle_jsq,11,9460ad1ead46,0,27331,27330,0,0,0,1,0.00010976547,41.406061,1.5313991,0.070721634,0.46012865,1,0.059833082,0.14144327,0.20085013,0.028504636,0.046012865,0.052337219,27.474636,0.025118864,0.1,0,0,0.017860977,0.045880083,0,0,1.1,0.96440363,0.12847815,0,6
r-hetero,base,routing,oracle_jsq,12,2422066ce115,0,27339,27337,0,0,0,2,0.00010973335,41.418182,1.5257788,0.068648046,0.45658212,1,0.058230831,0.13729609,0.19257066,0.027777806,0.045658212,0.051204713,26.002346,0.025118864,0.1,0,0,0.017402146,0.043584264,0,0,1.1,0.96764638,0.12184328,0,6
r-hetero,base,routing,oracle_jsq,13,076f2bcfb10d,0,27173,27172,0,0,0,1,3.6801237e-05,41.169697,1.5221188,0.069615061,0.45231978,1,0.059391593,0.13923012,0.20160883,0.028361675,0.045231978,0.05164948,27.594455,0.025118864,0.1,0,0,0.018002077,0.045367995,0,0,1.1,0.96366215,0.12800526,0,6
r-hetero,base,routing,oracle_jsq,14,9dcb51e083c2,0,27165,27165,0,0,0,0,3.6812074e-05,41.157576,1.5295777,0.07050186,0.45889177,1,0.058703109,0.14100372,0.21385409,0.027791662,0.045889177,0.052997747,26.986664,0.025118864,0.1,0,0,0.019624343,0.046719478,0,0,1.1,0.95929226,0.12432485,0,6
r-hetero,base,routing,oracle_jsq,15,889306105217,0,27202,27201,0,0,0,1,3.6762003e-05,41.213636,1.5070908,0.06755215,0.43935483,1,0.058145759,0.1351043,0.1919576,0.027937239,0.043935483,0.050345594,26.512505,0.025118864,0.1,0,0,0.017409664,0.044342409,0,0,1.1,0.96688749,0.12298377,0,6
r-hetero,base,routing,oracle_jsq,16,9acd8b1c26d2,0,27410,27409,0,0,0,1,7.2966071e-05,41.527273,1.5206257,0.069763785,0.45049704,1,0.05858613,0.13952757,0.19933709,0.027707444,0.045049704,0.051674005,25.578405,0.025118864,0.1,0,0,0.018448041,0.045510233,0,0,1.1,0.96537387,0.12031868,0,6
r-hetero,base,routing,oracle_jsq,17,d275c759a950,0,27227,27226,0,0,0,1,3.6728248e-05,41.251515,1.5310408,0.069169025,0.46168815,1,0.058835293,0.13833805,0.19598278,0.027833757,0.046168815,0.050932102,26.877735,0.025118864,0.1,0,0,0.017574847,0.044274622,0,0,1.1,0.96293101,0.12297862,0,6
r-hetero,base,routing,oracle_jsq,18,2e879fe15b38,0,27438,27438,0,0,0,0,0,41.572727,1.5370999,0.069201665,0.46789819,1,0.059443372,0.13840333,0.19634176,0.028269917,0.046789819,0.052474386,26.999851,0.025118864,0.1,0,0,0.017757892,0.045334542,0,0,1.1,0.96216426,0.12518594,0,6
r-hetero,base,routing,oracle_jsq,19,9f142966f967,0,27337,27336,0,0,0,1,0.00010974138,41.415152,1.5375448,0.069863658,0.46713241,1,0.058725738,0.13972732,0.20159693,0.028082617,0.046713241,0.053751745,27.034922,0.025118864,0.1,0,0,0.017946925,0.045281436,0,0,1.1,0.95967492,0.12649896,0,6
r-hetero,base,routing,oracle_jsq,20,2e518ba0cb21,0,27298,27298,0,0,0,0,7.3265441e-05,41.357576,1.5299575,0.070335798,0.45925536,1,0.05945753,0.1406716,0.20081164,0.028326778,0.045925536,0.052189624,27.320905,0.025118864,0.1,0,0,0.018189987,0.046285973,0,0,1.1,0.9643713,0.12724138,0,6
r-crash,base,routing,random,1,5e4873cb546e,2,28727,28660,0,67,0,0,0.0064051241,43.24697,1.3679619,0.06189526,0.27404103,1,0.040229422,0.12379052,0.94222555,0.019951276,0.027404103,0.031044069,18.987165,0.019952623,0.079432823,0,0,0.033058811,0.047905286,11,0,0.73333333,0.93966616,0.10846847,1,4
r-crash,base,routing,random,2,6dc6874ce547,2,28495,28441,0,54,0,0,0.0018950693,43.092424,1.3350024,0.054918437,0.27060859,1,0.040096884,0.10983687,0.18554428,0.020058034,0.027060859,0.030039289,19.185254,0.019952623,0.079432823,0,0,0.013554753,0.039091844,14,0,0.73333333,0.94079517,0.11018778,1,4
r-crash,base,routing,random,3,f311391dcf19,2,28315,28252,0,63,0,0,0.0022249691,42.806061,1.3349386,0.055053727,0.26876002,1,0.039992595,0.11010745,0.2039452,0.019934677,0.026876002,0.029758412,19.237213,0.019952623,0.079432823,0,0,0.014646783,0.040268441,16,0,0.73333333,0.93644143,0.1077307,1,4
r-crash,base,routing,random,4,9b7d60435af8,2,28673,28628,0,45,0,0,0.0015694207,43.375758,1.352721,0.059365572,0.28550835,1,0.040378931,0.11873114,0.23169335,0.019938872,0.028550835,0.031558842,19.023226,0.019952623,0.079432823,0,0,0.016716167,0.04545917,15,0,0.73333333,0.93687334,0.10995429,1,4
r-crash,base,routing,random,5,b9dd0b88205b,2,28786,28730,0,56,0,0,0.0019453901,43.530303,1.3289114,0.05683605,0.26234839,1,0.040484448,0.1136721,0.20312192,0.020320694,0.026234839,0.029780724,19.216802,0.019952623,0.079432823,0,0,0.0154493,0.042340189,13,0,0.73333333,0.9394666,0.11110835,1,4
r-crash,base,routing,random,6,8413c0fdee4d,2,28438,28355,0,83,0,0,0.00291863,42.962121,1.337805,0.054174513,0.26903738,1,0.040327198,0.10834903,0.18924864,0.020194045,0.026903738,0.030712744,19.445785,0.019952623,0.079432823,0,0,0.013714835,0.039785483,12,0,0.73333333,0.94020854,0.11067213,1,4
r-crash,base,routing,random,7,17324038ea43,2,28508,28444,0,64,0,0,0.0022449839,43.09697,1.3361152,0.055392614,0.26949766,1,0.040194099,0.11078523,0.18519499,0.020019091,0.026949766,0.030258287,18.627647,0.019952623,0.079432823,0,0,0.013542275,0.039839302,17,0,0.73333333,0.93801957,0.107236,1,4
r-crash,base,routing,random,8,0dab74842fd5,2,28666,28602,0,64,0,0,0.0022326101,43.336364,1.3461812,0.054859283,0.28015885,1,0.040493748,0.10971857,0.18098425,0.020021311,0.028015885,0.030832912,19.046026,0.019952623,0.079432823,0,0,0.013630876,0.040120815,13,0,0.73333333,0.93857175,0.11005207,1,4
r-crash,base,routing,random,9,b6a82526ffbe,2,28756,28694,0,62,0,0,0.0021560718,43.475758,1.346345,0.059044677,0.27652,1,0.040543462,0.11808935,0.24458627,0.020032155,0.027652,0.030219918,19.166018,0.019952623,0.079432823,0,0,0.017943584,0.044275851,14,0,0.73333333,0.94148258,0.10959126,1,4
r-crash,base,routing,random,10,92ca36d86d1e,2,28573,28501,0,72,0,0,0.0025198614,43.183333,1.3295408,0.054009662,0.26293185,1,0.039826401,0.10801932,0.18318106,0.0198113,0.026293185,0.029373843,18.27115,0.019952623,0.079432823,0,0,0.013410969,0.039469023,15,0,0.73333333,0.93411311,0.10509258,1,4
r-crash,base,routing,random,11,5ba76d274281,2,28611,28549,0,62,0,0,0.0021669987,43.256061,1.3444189,0.059987549,0.27359631,1,0.04063979,0.1199751,0.215926,0.020207909,0.027359631,0.03125469,19.399951,0.019952623,0.079432823,0,0,0.01653824,0.043317299,17,0,0.73333333,0.94300252,0.11188235,1,4
r-crash,base,routing,random,12,219cd5b52d77,2,28589,28541,0,48,0,0,0.0016789674,43.243939,1.3312671,0.053790061,0.26908222,1,0.040118534,0.10758012,0.1803875,0.019825035,0.026908222,0.02972575,18.538259,0.019952623,0.079432823,0,0,0.013552778,0.040317286,15,0,0.73333333,0.94199728,0.10629209,1,4
r-crash,base,routing,random,13,11d05ae3380d,2,28470,28405,0,65,0,0,0.002283105,43.037879,1.336346,0.057463213,0.26746728,1,0.040675945,0.11492643,0.23269498,0.020207984,0.026746728,0.030068047,19.507909,0.019952623,0.079432823,0,0,0.01890928,0.042984801,12,0,0.73333333,0.9407767,0.11053308,1,4
r-crash,base,routing,random,14,32385beb1583,2,28468,28416,0,52,0,0,0.0018266123,43.054545,1.3441029,0.057746319,0.27722352,1,0.040092029,0.11549264,0.21295871,0.019887901,0.027722352,0.030928342,19.184924,0.019952623,0.079432823,0,0,0.015483929,0.043914428,7,0,0.73333333,0.93811699,0.10888464,1,4
r-crash,base,routing,random,15,4f68585b1a03,2,28476,28421,0,55,0,0,0.0026689142,43.030303,1.3581768,0.069366232,0.27546595,1,0.040472991,0.13873246,1.3795169,0.019936085,0.027546595,0.030773567,18.889766,0.019952623,0.079432823,0,0,0.044678861,0.054937826,18,0,0.73333333,0.94223103,0.1078564,1,4
r-crash,base,routing,random,16,3fcfac62ad79,2,28596,28545,0,51,0,0,0.0017834662,43.25,1.3294483,0.057778099,0.26275285,1,0.040021235,0.1155562,0.22070741,0.019835375,0.026275285,0.03082684,18.153938,0.019952623,0.079432823,0,0,0.017308137,0.043057791,11,0,0.73333333,0.94057093,0.1051275,1,4
r-crash,base,routing,random,17,a447c863ba16,2,28482,28434,0,48,0,0,0.0016852749,43.081818,1.3393752,0.056222969,0.27472583,1,0.040117596,0.11244594,0.19608026,0.019931482,0.027472583,0.031015412,18.925554,0.019952623,0.079432823,0,0,0.014074529,0.041557,17,0,0.73333333,0.94128509,0.10779205,1,4
r-crash,base,routing,random,18,9616a66f2350,2,28714,28640,0,74,0,0,0.0025771401,43.393939,1.342626,0.054882365,0.27485792,1,0.040268754,0.10976473,0.185891,0.01998383,0.027485792,0.030548663,18.894263,0.019952623,0.079432823,0,0,0.013616632,0.040444641,20,0,0.73333333,0.93967651,0.10860428,1,4
r-crash,base,routing,random,19,12a8c6dcbb31,2,28660,28595,0,65,0,0,0.0022679693,43.325758,1.3388271,0.055476883,0.27201033,1,0.040522103,0.11095377,0.18792281,0.020200405,0.027201033,0.030292327,19.311005,0.019952623,0.079432823,0,0,0.013829508,0.040916348,12,0,0.73333333,0.93753812,0.11041584,1,4
r-crash,base,routing,random,20,12f2a0589125,2,28462,28407,0,55,0,0,0.0019324011,43.040909,1.3292787,0.054556856,0.26505985,1,0.04039679,0.10911371,0.18214495,0.020138928,0.026505985,0.029916517,19.184405,0.019952623,0.079432823,0,0,0.013605699,0.039319564,13,0,0.73333333,0.94141953,0.10987298,1,4
r-crash,base,routing,round_robin,1,5e4873cb546e,2,28727,28677,0,50,0,0,0.0017405229,43.45,1.3241543,0.043028321,0.27242335,1,0.036047698,0.086056641,0.2144913,0.01977033,0.027242335,0.02976158,19.056369,0.019952623,0.079432823,0,0,0.013900557,0.025506928,12,0,0.73333333,0.94257627,0.10888126,1,4
r-crash,base,routing,round_robin,2,6dc6874ce547,2,28495,28444,0,51,0,0,0.0017897877,43.09697,1.3141145,0.040291392,0.26487417,1,0.036028025,0.080582783,0.15440128,0.01988866,0.026487417,0.029180349,18.947756,0.019952623,0.079432823,0,0,0.010343949,0.022258524,14,0,0.73333333,0.94276852,0.10924002,1,4
r-crash,base,routing,round_robin,3,f311391dcf19,2,28315,28258,0,57,0,0,0.0020130673,42.815152,1.3148907,0.039607864,0.26521749,1,0.035911417,0.079215729,0.15566714,0.019832378,0.026521749,0.029030534,19.242855,0.019952623,0.079432823,0,0,0.01035786,0.021826725,13,0,0.73333333,0.93488003,0.10744498,1,4
r-crash,base,routing,round_robin,4,9b7d60435af8,2,28673,28621,0,52,0,0,0.0018135528,43.365152,1.3369155,0.045505811,0.28234194,1,0.0361216,0.091011623,0.28180787,0.019835689,0.028234194,0.031067401,18.905866,0.019952623,0.079432823,0,0,0.01571694,0.02759165,15,0,0.73333333,0.93511802,0.10961783,1,4
r-crash,base,routing,round_robin,5,b9dd0b88205b,2,28786,28728,0,58,0,0,0.0020148683,43.527273,1.3092655,0.040314657,0.25887652,1,0.036210232,0.080629313,0.15241532,0.020175662,0.025887652,0.02904159,19.130818,0.019952623,0.079432823,0,0,0.010381727,0.022453571,12,0,0.73333333,0.94238922,0.11062397,1,4
r-crash,base,routing,round_robin,6,8413c0fdee4d,2,28438,28359,0,79,0,0,0.0027779731,42.968182,1.3188578,0.040219547,0.26474841,1,0.036194637,0.080439094,0.15895325,0.019966608,0.026474841,0.028868829,19.446244,0.019952623,0.079432823,0,0,0.011038268,0.022521571,10,0,0.73333333,0.94133119,0.11028632,1,4
r-crash,base,routing,round_robin,7,17324038ea43,2,28508,28438,0,70,0,0,0.0024554511,43.087879,1.3163313,0.040647964,0.26340611,1,0.036014253,0.081295927,0.15678878,0.019854029,0.026340611,0.028933154,18.617763,0.019952623,0.079432823,0,0,0.01045774,0.023292168,13,0,0.73333333,0.93535234,0.10658868,1,4
r-crash,base,routing,round_robin,8,0dab74842fd5,2,28666,28611,0,55,0,0,0.0019186493,43.35,1.3246606,0.041198166,0.27386916,1,0.036093786,0.082396331,0.16216162,0.019718566,0.027386916,0.030112928,18.913885,0.019952623,0.079432823,0,0,0.010601709,0.023516846,14,0,0.73333333,0.93729587,0.10947921,1,4
r-crash,base,routing,round_robin,9,b6a82526ffbe,2,28756,28681,0,75,0,0,0.0026081513,43.456061,1.328302,0.042763149,0.27249811,1,0.036105886,0.085526297,0.1801995,0.019848373,0.027249811,0.02971066,19.044902,0.019952623,0.079432823,0,0,0.012090721,0.024957129,16,0,0.73333333,0.942721,0.10867875,1,4
r-crash,base,routing,round_robin,10,92ca36d86d1e,2,28573,28520,0,53,0,0,0.001854898,43.212121,1.3090557,0.040334493,0.2594467,1,0.035809866,0.080668987,0.1587527,0.019699736,0.02594467,0.028607749,18.226607,0.019952623,0.079432823,0,0,0.010378202,0.02264332,14,0,0.73333333,0.93446552,0.10520251,1,4
r-crash,base,routing,round_robin,11,5ba76d274281,2,28611,28555,0,56,0,0,0.0019572892,43.265152,1.3249055,0.041949422,0.27316964,1,0.036386646,0.083898843,0.16335,0.020038528,0.027316964,0.029990309,19.361759,0.019952623,0.079432823,0,0,0.010698389,0.024343534,13,0,0.73333333,0.9435025,0.11210862,1,4
r-crash,base,routing,round_robin,12,219cd5b52d77,2,28589,28531,0,58,0,0,0.0020287523,43.228788,1.3219705,0.040645443,0.27118129,1,0.03602779,0.081290886,0.15922926,0.019688347,0.027118129,0.029877823,18.618167,0.019952623,0.079432823,0,0,0.01058396,0.022861218,12,0,0.73333333,0.93915235,0.1063919,1,4
r-crash,base,routing,round_robin,13,11d05ae3380d,2,28470,28408,0,62,0,0,0.0021777309,43.042424,1.3172258,0.040384651,0.26595251,1,0.036414407,0.080769301,0.15573558,0.020036413,0.026595251,0.028916431,19.431498,0.019952623,0.079432823,0,0,0.010503256,0.022883305,14,0,0.73333333,0.93945845,0.11070534,1,4
r-crash,base,routing,round_robin,14,32385beb1583,2,28468,28407,0,61,0,0,0.0021427568,43.040909,1.3221245,0.040840288,0.27057038,1,0.035924843,0.081680575,0.16820859,0.019792258,0.027057038,0.02939999,19.096744,0.019952623,0.079432823,0,0,0.011641025,0.023393001,9,0,0.73333333,0.93921923,0.10849822,1,4
r-crash,base,routing,round_robin,15,4f68585b1a03,2,28476,28410,0,66,0,0,0.0023177413,43.045455,1.3236611,0.040084477,0.27198788,1,0.035844688,0.080168953,0.15441285,0.019699121,0.027198788,0.029432016,18.845391,0.019952623,0.079432823,0,0,0.01034491,0.022736499,16,0,0.73333333,0.94164795,0.10723141,1,4
r-crash,base,routing,round_robin,16,3fcfac62ad79,2,28596,28537,0,59,0,0,0.0020632256,43.237879,1.3104339,0.040336813,0.25978096,1,0.035901064,0.080673627,0.15553946,0.019725847,0.025978096,0.028481022,18.048032,0.019952623,0.079432823,0,0,0.010359324,0.022654794,13,0,0.73333333,0.94047517,0.10480666,1,4
r-crash,base,routing,round_robin,17,a447c863ba16,2,28482,28417,0,65,0,0,0.0022821431,43.056061,1.3249501,0.042465347,0.27107404,1,0.036077811,0.084930694,0.2586155,0.019697259,0.027107404,0.030701523,18.93296,0.019952623,0.079432823,0,0,0.015457144,0.025759282,15,0,0.73333333,0.94268504,0.10729976,1,4
r-crash,base,routing,round_robin,18,9616a66f2350,2,28714,28652,0,62,0,0,0.0021592255,43.412121,1.3273029,0.04221717,0.27428959,1,0.036097803,0.084434341,0.17549709,0.019821261,0.027428959,0.030657341,19.005116,0.019952623,0.079432823,0,0,0.011548083,0.025215908,16,0,0.73333333,0.93919529,0.10864655,1,4
r-crash,base,routing,round_robin,19,12a8c6dcbb31,2,28660,28608,0,52,0,0,0.0018143754,43.345455,1.3143001,0.040349754,0.26487843,1,0.03633242,0.080699508,0.15831978,0.020004609,0.026487843,0.029469022,19.07601,0.019952623,0.079432823,0,0,0.010488296,0.023040912,13,0,0.73333333,0.93787263,0.10992221,1,4
r-crash,base,routing,round_robin,20,12f2a0589125,2,28462,28386,0,76,0,0,0.002670227,43.009091,1.3151407,0.040889007,0.26090052,1,0.036033374,0.081778014,0.15841127,0.019905538,0.026090052,0.028624665,19.161358,0.019952623,0.079432823,0,0,0.010434468,0.0225369,11,0,0.73333333,0.93841993,0.10941195,1,4
r-crash,base,routing,least_outstanding,1,5e4873cb546e,2,28727,28663,0,64,0,0,0.0022278693,43.428788,1.3275853,0.048538956,0.26790697,1,0.039299277,0.097077911,0.1745805,0.019622304,0.026790697,0.029216497,18.752408,0.019952623,0.079432823,0,0,0.013120605,0.03611755,49,0,0.73333333,0.94254503,0.10747932,1,4
r-crash,base,routing,least_outstanding,2,6dc6874ce547,2,28495,28446,0,49,0,0,0.0017195999,43.1,1.3191661,0.048518338,0.26204979,1,0.039416575,0.097036675,0.17357575,0.019762716,0.026204979,0.028999941,18.927758,0.019952623,0.079432823,0,0,0.013083636,0.035621784,49,0,0.73333333,0.93984809,0.1082733,1,4
r-crash,base,routing,least_outstanding,3,f311391dcf19,2,28315,28253,0,62,0,0,0.0021896521,42.807576,1.321765,0.047847015,0.26296976,1,0.039356759,0.09569403,0.17185441,0.019684192,0.026296976,0.028890931,18.967458,0.019952623,0.079432823,0,0,0.013044108,0.035668147,48,0,0.73333333,0.93694727,0.10662977,1,4
r-crash,base,routing,least_outstanding,4,9b7d60435af8,2,28673,28619,0,54,0,0,0.0018833049,43.362121,1.3384386,0.04838507,0.28063697,1,0.039735268,0.096770139,0.17044471,0.01969057,0.028063697,0.0307368,18.740293,0.019952623,0.079432823,0,0,0.013185004,0.036329955,51,0,0.73333333,0.93567345,0.10849489,1,4
r-crash,base,routing,least_outstanding,5,b9dd0b88205b,2,28786,28731,0,55,0,0,0.001910651,43.531818,1.3139282,0.048324701,0.25605024,1,0.039544675,0.096649402,0.1688363,0.02000023,0.025605024,0.02791236,18.97011,0.019952623,0.079432823,0,0,0.013083133,0.0355993,48,0,0.73333333,0.9427724,0.10988745,1,4
r-crash,base,routing,least_outstanding,6,8413c0fdee4d,2,28438,28371,0,67,0,0,0.0023560025,42.986364,1.3226445,0.047316873,0.26354765,1,0.039698743,0.094633745,0.17002425,0.019863773,0.026354765,0.028740483,19.306578,0.019952623,0.079432823,0,0,0.013095882,0.035464466,39,0,0.73333333,0.94248392,0.10980154,1,4
r-crash,base,routing,least_outstanding,7,17324038ea43,2,28508,28445,0,63,0,0,0.002209906,43.098485,1.3194001,0.048490034,0.25986054,1,0.039488763,0.096980068,0.17396761,0.019726927,0.025986054,0.02851431,18.39584,0.019952623,0.079432823,0,0,0.013153568,0.035888005,45,0,0.73333333,0.93812874,0.10576389,1,4
r-crash,base,routing,least_outstanding,8,0dab74842fd5,2,28666,28614,0,52,0,0,0.0018139957,43.354545,1.3296151,0.04991231,0.27063281,1,0.03968087,0.09982462,0.18555878,0.019661445,0.027063281,0.0295192,18.711863,0.019952623,0.079432823,0,0,0.013531164,0.037032269,59,0,0.73333333,0.93646313,0.10830955,1,4
r-crash,base,routing,least_outstanding,9,b6a82526ffbe,2,28756,28692,0,64,0,0,0.0022256225,43.472727,1.3273705,0.04810557,0.26813681,1,0.039778647,0.09621114,0.17174163,0.01973043,0.026813681,0.028880388,18.838066,0.019952623,0.079432823,0,0,0.013089067,0.035599783,59,0,0.73333333,0.94232478,0.10807537,1,4
r-crash,base,routing,least_outstanding,10,92ca36d86d1e,2,28573,28516,0,57,0,0,0.0019948903,43.206061,1.31051,0.048724894,0.25181065,1,0.039123985,0.097449788,0.18158516,0.019607808,0.025181065,0.027866898,17.975512,0.019952623,0.079432823,0,0,0.013287165,0.035655208,55,0,0.73333333,0.93390226,0.10354061,1,4
r-crash,base,routing,least_outstanding,11,5ba76d274281,2,28611,28548,0,63,0,0,0.0022019503,43.254545,1.3276908,0.050027993,0.2666531,1,0.039816916,0.10005599,0.18062287,0.019892528,0.02666531,0.029294587,18.974653,0.019952623,0.079432823,0,0,0.013276911,0.03662716,52,0,0.73333333,0.94182529,0.11056034,1,4
r-crash,base,routing,least_outstanding,12,219cd5b52d77,2,28589,28533,0,56,0,0,0.0019587953,43.231818,1.323219,0.047345664,0.26607932,1,0.039414229,0.094691329,0.16838727,0.019571099,0.026607932,0.029526812,18.444137,0.019952623,0.079432823,0,0,0.0129297,0.035123177,48,0,0.73333333,0.94116254,0.10561664,1,4
r-crash,base,routing,least_outstanding,13,11d05ae3380d,2,28470,28404,0,66,0,0,0.0023182297,43.036364,1.3185718,0.048305023,0.25867563,1,0.039916994,0.096610047,0.17387616,0.019932822,0.025867563,0.028306413,19.317939,0.019952623,0.079432823,0,0,0.013290462,0.036557867,54,0,0.73333333,0.93947037,0.10967985,1,4
r-crash,base,routing,least_outstanding,14,32385beb1583,2,28468,28420,0,48,0,0,0.0016861037,43.060606,1.3220766,0.047359732,0.26628634,1,0.039307831,0.094719464,0.17419424,0.019625912,0.026628634,0.028858972,18.861707,0.019952623,0.079432823,0,0,0.01309837,0.035648183,35,0,0.73333333,0.93783674,0.10741791,1,4
r-crash,base,routing,least_outstanding,15,4f68585b1a03,2,28476,28423,0,53,0,0,0.0018612165,43.065152,1.3238845,0.047560948,0.26701749,1,0.039344897,0.095121897,0.17241253,0.019572226,0.026701749,0.029028014,18.559098,0.019952623,0.079432823,0,0,0.013109532,0.03598149,53,0,0.73333333,0.94026383,0.10642326,1,4
r-crash,base,routing,least_outstanding,16,3fcfac62ad79,2,28596,28544,0,52,0,0,0.0018184361,43.248485,1.3158346,0.047675982,0.25906643,1,0.039168865,0.095351965,0.17340611,0.019617028,0.025906643,0.028718262,17.959152,0.019952623,0.079432823,0,0,0.013039235,0.035375571,49,0,0.73333333,0.93958289,0.10396604,1,4
r-crash,base,routing,least_outstanding,17,a447c863ba16,2,28482,28428,0,54,0,0,0.0018959343,43.072727,1.3248852,0.047462637,0.26794291,1,0.039471324,0.094925274,0.17534521,0.019601381,0.026794291,0.029277047,18.757753,0.019952623,0.079432823,0,0,0.013059034,0.035428892,53,0,0.73333333,0.94245406,0.10657678,1,4
r-crash,base,routing,least_outstanding,18,9616a66f2350,2,28714,28657,0,57,0,0,0.0019850944,43.419697,1.3278394,0.048708734,0.26920523,1,0.039648965,0.097417468,0.18651373,0.019719756,0.026920523,0.029420044,18.815358,0.019952623,0.079432823,0,0,0.013557428,0.036969749,54,0,0.73333333,0.93890296,0.1075342,1,4
r-crash,base,routing,least_outstanding,19,12a8c6dcbb31,2,28660,28603,0,57,0,0,0.0019888346,43.337879,1.3228341,0.048763996,0.26412598,1,0.039693622,0.097527992,0.17306172,0.019937993,0.026412598,0.029453908,18.88977,0.019952623,0.079432823,0,0,0.013155453,0.036171555,52,0,0.73333333,0.93619022,0.10904106,1,4
r-crash,base,routing,least_outstanding,20,12f2a0589125,2,28462,28395,0,67,0,0,0.0023540159,43.022727,1.3179775,0.048517011,0.25769038,1,0.039533485,0.097034022,0.17251145,0.019864672,0.025769038,0.028459673,18.996672,0.019952623,0.079432823,0,0,0.013061643,0.03578228,40,0,0.73333333,0.94071145,0.10831056,1,4
r-crash,base,routing,power_of_two,1,5e4873cb546e,2,28727,28663,0,64,0,0,0.0022278693,43.428788,1.3291699,0.049893707,0.26813689,1,0.039769717,0.099787414,0.16900236,0.019632075,0.026813689,0.029381112,18.819689,0.019952623,0.079432823,0,0,0.012931418,0.036765498,23,0,0.73333333,0.93935145,0.10763427,1,4
r-crash,base,routing,power_of_two,2,6dc6874ce547,2,28495,28447,0,48,0,0,0.0016845061,43.101515,1.3220629,0.05121826,0.26242215,1,0.039714968,0.10243652,0.17279746,0.019734467,0.026242215,0.02879047,19.002689,0.019952623,0.079432823,0,0,0.013033815,0.037436786,21,0,0.73333333,0.94032092,0.10862806,1,4
r-crash,base,routing,power_of_two,3,f311391dcf19,2,28315,28252,0,63,0,0,0.0022249691,42.806061,1.3237356,0.049373515,0.26323728,1,0.039558368,0.098747031,0.17060292,0.019705974,0.026323728,0.028671917,19.150788,0.019952623,0.079432823,0,0,0.012885592,0.036689898,21,0,0.73333333,0.93817194,0.10668114,1,4
r-crash,base,routing,power_of_two,4,9b7d60435af8,2,28673,28618,0,55,0,0,0.0019181809,43.360606,1.3417978,0.051147054,0.28105985,1,0.039767016,0.10229411,0.17683506,0.019656084,0.028105985,0.030886779,18.851249,0.019952623,0.079432823,0,0,0.013179469,0.037322368,32,0,0.73333333,0.93558349,0.10859155,1,4
r-crash,base,routing,power_of_two,5,b9dd0b88205b,2,28786,28733,0,53,0,0,0.0018411728,43.534848,1.3150061,0.050962503,0.25483773,1,0.040218483,0.10192501,0.17155473,0.019995984,0.025483773,0.027851368,18.950406,0.019952623,0.079432823,0,0,0.013085292,0.037245054,29,0,0.73333333,0.94222669,0.10986358,1,4
r-crash,base,routing,power_of_two,6,8413c0fdee4d,2,28438,28374,0,64,0,0,0.0022505099,42.990909,1.3224776,0.04891855,0.26230652,1,0.039886422,0.0978371,0.17247941,0.019845167,0.026230652,0.028835828,19.275865,0.019952623,0.079432823,0,0,0.012939801,0.036451585,15,0,0.73333333,0.94165268,0.1096193,1,4
r-crash,base,routing,power_of_two,7,17324038ea43,2,28508,28445,0,63,0,0,0.002209906,43.098485,1.3223466,0.051743656,0.25955342,1,0.039605002,0.10348731,0.17896501,0.019712848,0.025955342,0.028666264,18.298547,0.019952623,0.079432823,0,0,0.013147784,0.037900643,19,0,0.73333333,0.93722683,0.10557843,1,4
r-crash,base,routing,power_of_two,8,0dab74842fd5,2,28666,28613,0,53,0,0,0.0018488802,43.35303,1.33113,0.052209838,0.26967575,1,0.039960623,0.10441968,0.17654426,0.019628049,0.026967575,0.029369475,18.656812,0.019952623,0.079432823,0,0,0.013267572,0.038467626,37,0,0.73333333,0.93779949,0.10806858,1,4
r-crash,base,routing,power_of_two,9,b6a82526ffbe,2,28756,28693,0,63,0,0,0.0021908471,43.474242,1.3293733,0.051352053,0.26706703,1,0.039963785,0.10270411,0.17583772,0.01970964,0.026706703,0.029107432,18.809816,0.019952623,0.079432823,0,0,0.01319488,0.037371073,33,0,0.73333333,0.94319416,0.10778748,1,4
r-crash,base,routing,power_of_two,10,92ca36d86d1e,2,28573,28514,0,59,0,0,0.0020648864,43.20303,1.3141327,0.050745501,0.25306279,1,0.03940113,0.101491,0.17526184,0.019585625,0.025306279,0.027757037,18.107249,0.019952623,0.079432823,0,0,0.012948823,0.037159287,17,0,0.73333333,0.93206638,0.10406479,1,4
r-crash,base,routing,power_of_two,11,5ba76d274281,2,28611,28550,0,61,0,0,0.0021320471,43.257576,1.3320462,0.053099083,0.26828685,1,0.040060929,0.10619817,0.18107501,0.01989267,0.026828685,0.02954155,19.101641,0.019952623,0.079432823,0,0,0.013191031,0.037651426,33,0,0.73333333,0.94299545,0.11071015,1,4
r-crash,base,routing,power_of_two,12,219cd5b52d77,2,28589,28532,0,57,0,0,0.0019937738,43.230303,1.3239695,0.049748598,0.26425208,1,0.039809295,0.099497197,0.17203461,0.019566788,0.026425208,0.028663371,18.316127,0.019952623,0.079432823,0,0,0.012923041,0.036876976,23,0,0.73333333,0.94191461,0.10547299,1,4
r-crash,base,routing,power_of_two,13,11d05ae3380d,2,28470,28403,0,67,0,0,0.0023533544,43.034848,1.3226907,0.052055356,0.25886857,1,0.040048869,0.10411071,0.17541528,0.019900217,0.025886857,0.027944093,19.291343,0.019952623,0.079432823,0,0,0.013255087,0.038207007,22,0,0.73333333,0.93877281,0.10970762,1,4
r-crash,base,routing,power_of_two,14,32385beb1583,2,28468,28420,0,48,0,0,0.0016861037,43.060606,1.3229811,0.048491624,0.26605893,1,0.039624724,0.096983248,0.16449062,0.019637489,0.026605893,0.028768315,18.92281,0.019952623,0.079432823,0,0,0.012740081,0.035640684,16,0,0.73333333,0.93760676,0.10743204,1,4
r-crash,base,routing,power_of_two,15,4f68585b1a03,2,28476,28424,0,52,0,0,0.0018260992,43.066667,1.3265292,0.050664682,0.26673406,1,0.039768147,0.10132936,0.17256962,0.019607885,0.026673406,0.028943169,18.663113,0.019952623,0.079432823,0,0,0.013126472,0.037766838,21,0,0.73333333,0.93906712,0.10660305,1,4
r-crash,base,routing,power_of_two,16,3fcfac62ad79,2,28596,28545,0,51,0,0,0.0017834662,43.25,1.3163668,0.050434922,0.25701457,1,0.039480477,0.10086984,0.17194752,0.019609733,0.025701457,0.028545665,17.813907,0.019952623,0.079432823,0,0,0.013031389,0.037631335,24,0,0.73333333,0.94047032,0.10347289,1,4
r-crash,base,routing,power_of_two,17,a447c863ba16,2,28482,28427,0,55,0,0,0.0019310442,43.071212,1.3252019,0.049845738,0.26570095,1,0.039678014,0.099691475,0.17794916,0.019554421,0.026570095,0.029420067,18.748528,0.019952623,0.079432823,0,0,0.012977053,0.036915758,35,0,0.73333333,0.9402854,0.10624821,1,4
r-crash,base,routing,power_of_two,18,9616a66f2350,2,28714,28657,0,57,0,0,0.0019850944,43.419697,1.3313022,0.051403749,0.26997301,1,0.039961877,0.1028075,0.18226982,0.019733634,0.026997301,0.029538125,18.862763,0.019952623,0.079432823,0,0,0.013337272,0.037816952,33,0,0.73333333,0.93877744,0.10782603,1,4
r-crash,base,routing,power_of_two,19,12a8c6dcbb31,2,28660,28604,0,56,0,0,0.0019539428,43.339394,1.3242613,0.051239857,0.26325172,1,0.039996886,0.10247971,0.17714403,0.019914009,0.026325172,0.029391067,18.916707,0.019952623,0.079432823,0,0,0.013166709,0.037195445,29,0,0.73333333,0.93650516,0.10899356,1,4
r-crash,base,routing,power_of_two,20,12f2a0589125,2,28462,28396,0,66,0,0,0.0023188813,43.024242,1.3214836,0.050756949,0.25913222,1,0.03978213,0.1015139,0.1709863,0.01985371,0.025913222,0.028250455,19.038284,0.019952623,0.079432823,0,0,0.013088546,0.037585576,17,0,0.73333333,0.94151257,0.1088058,1,4
r-crash,base,routing,latency_aware,1,5e4873cb546e,2,28727,28664,0,63,0,0,0.0021930588,43.430303,1.3347077,0.05018017,0.27356221,1,0.03992987,0.10036034,0.17732924,0.019962628,0.027356221,0.029822646,18.893209,0.019952623,0.079432823,0,0,0.013526831,0.037120677,50,0,0.73333333,0.94240892,0.10803446,1,4
r-crash,base,routing,latency_aware,2,6dc6874ce547,2,28495,28446,0,49,0,0,0.0017195999,43.1,1.3285976,0.05232892,0.26767071,1,0.040162455,0.10465784,0.18008315,0.020004956,0.026767071,0.029837087,19.09809,0.019952623,0.079432823,0,0,0.013672362,0.038403496,49,0,0.73333333,0.94197921,0.1088781,1,4
r-crash,base,routing,latency_aware,3,f311391dcf19,2,28315,28254,0,61,0,0,0.0021543352,42.809091,1.3295693,0.049800452,0.26899713,1,0.039885758,0.099600904,0.18557427,0.019933413,0.026899713,0.030440514,19.183212,0.019952623,0.079432823,0,0,0.013555374,0.037339629,48,0,0.73333333,0.93625081,0.10702413,1,4
r-crash,base,routing,latency_aware,4,9b7d60435af8,2,28673,28615,0,58,0,0,0.0020228089,43.356061,1.3527632,0.057614154,0.28503502,1,0.040223992,0.11522831,0.25533299,0.019932108,0.028503502,0.032179502,18.931874,0.019952623,0.079432823,0,0,0.016738025,0.043745961,57,0,0.73333333,0.93673109,0.10870961,1,4
r-crash,base,routing,latency_aware,5,b9dd0b88205b,2,28786,28743,0,43,0,0,0.0014937817,43.55,1.3199911,0.05036566,0.26215649,1,0.040150153,0.10073132,0.17333151,0.020209137,0.026215649,0.028938665,19.185328,0.019952623,0.079432823,0,0,0.01334974,0.037101087,46,0,0.73333333,0.94247353,0.11034315,1,4
r-crash,base,routing,latency_aware,6,8413c0fdee4d,2,28438,28383,0,55,0,0,0.0019340319,43.004545,1.3374279,0.054190829,0.27356688,1,0.040478672,0.10838166,0.21795393,0.020104013,0.027356688,0.030859015,19.479489,0.019952623,0.079432823,0,0,0.015642553,0.040555707,40,0,0.73333333,0.94171498,0.11025317,1,4
r-crash,base,routing,latency_aware,7,17324038ea43,2,28508,28465,0,43,0,0,0.0015083485,43.128788,1.325253,0.050737095,0.26697419,1,0.040021249,0.10147419,0.17813772,0.019958914,0.026697419,0.030242896,18.624013,0.019952623,0.079432823,0,0,0.013623113,0.038221251,46,0,0.73333333,0.93812383,0.10633268,1,4
r-crash,base,routing,latency_aware,8,0dab74842fd5,2,28666,28617,0,49,0,0,0.0017093421,43.359091,1.3367096,0.052198543,0.27596439,1,0.040292169,0.10439709,0.18547566,0.020023567,0.027596439,0.030390539,18.893185,0.019952623,0.079432823,0,0,0.013831261,0.038586547,57,0,0.73333333,0.93843358,0.1090723,1,4
r-crash,base,routing,latency_aware,9,b6a82526ffbe,2,28756,28680,0,76,0,0,0.0026429267,43.454545,1.3373317,0.053029438,0.27108766,1,0.040371077,0.10605888,0.19287583,0.020022691,0.027108766,0.029998798,18.861323,0.019952623,0.079432823,0,0,0.014292585,0.03978579,59,0,0.73333333,0.94293279,0.10811706,1,4
r-crash,base,routing,latency_aware,10,92ca36d86d1e,2,28573,28510,0,63,0,0,0.0022048787,43.19697,1.3231306,0.051482053,0.26062415,1,0.039856877,0.10296411,0.18631226,0.019916557,0.026062415,0.029086126,18.262623,0.019952623,0.079432823,0,0,0.013611273,0.038278418,57,0,0.73333333,0.93377398,0.10443743,1,4
r-crash,base,routing,latency_aware,11,5ba76d274281,2,28611,28538,0,73,0,0,0.0025514662,43.239394,1.3433022,0.057075961,0.27346886,1,0.040474826,0.11415192,0.20863609,0.020112067,0.027346886,0.031114308,19.456756,0.019952623,0.079432823,0,0,0.015192941,0.042278878,53,0,0.73333333,0.94150117,0.1110035,1,4
r-crash,base,routing,latency_aware,12,219cd5b52d77,2,28589,28539,0,50,0,0,0.0017489244,43.240909,1.3321653,0.051180582,0.27224012,1,0.040120292,0.10236116,0.17619493,0.019870077,0.027224012,0.030090866,18.428006,0.019952623,0.079432823,0,0,0.013597481,0.038230551,48,0,0.73333333,0.9388783,0.10567891,1,4
r-crash,base,routing,latency_aware,13,11d05ae3380d,2,28470,28395,0,75,0,0,0.0026343519,43.022727,1.3268243,0.051466495,0.26218609,1,0.040329744,0.10293299,0.18673805,0.020165009,0.026218609,0.029385383,19.371064,0.019952623,0.079432823,0,0,0.013780237,0.038755147,54,0,0.73333333,0.93864391,0.1096522,1,4
r-crash,base,routing,latency_aware,14,32385beb1583,2,28468,28422,0,46,0,0,0.0016158494,43.063636,1.3298466,0.050182245,0.27158506,1,0.040135656,0.10036449,0.18300855,0.019971719,0.027158506,0.029908109,19.089606,0.019952623,0.079432823,0,0,0.01386504,0.038306077,37,0,0.73333333,0.93818376,0.1084115,1,4
r-crash,base,routing,latency_aware,15,4f68585b1a03,2,28476,28428,0,48,0,0,0.00168563,43.072727,1.3288811,0.050395236,0.27005775,1,0.040056354,0.10079047,0.18349788,0.0198991,0.027005775,0.030179627,18.661984,0.019952623,0.079432823,0,0,0.013619227,0.037874442,53,0,0.73333333,0.94096194,0.10705381,1,4
r-crash,base,routing,latency_aware,16,3fcfac62ad79,2,28596,28542,0,54,0,0,0.001888376,43.245455,1.3263593,0.050932058,0.26598541,1,0.040044262,0.10186412,0.17831102,0.019819139,0.026598541,0.030374184,18.068862,0.019952623,0.079432823,0,0,0.013642893,0.037976204,49,0,0.73333333,0.93904949,0.10430419,1,4
r-crash,base,routing,latency_aware,17,a447c863ba16,2,28482,28421,0,61,0,0,0.0021417035,43.062121,1.3394587,0.054617547,0.27413263,1,0.040253046,0.10923509,0.22337223,0.01984362,0.027413263,0.03116153,18.819927,0.019952623,0.079432823,0,0,0.016226855,0.041342265,53,0,0.73333333,0.93954853,0.10686246,1,4
r-crash,base,routing,latency_aware,18,9616a66f2350,2,28714,28658,0,56,0,0,0.0019502682,43.421212,1.3355004,0.052514147,0.27323489,1,0.040112938,0.10502829,0.20221741,0.019939211,0.027323489,0.030398144,19.024241,0.019952623,0.079432823,0,0,0.01414615,0.039371926,62,0,0.73333333,0.93970395,0.10821652,1,4
r-crash,base,routing,latency_aware,19,12a8c6dcbb31,2,28660,28597,0,63,0,0,0.0021981856,43.328788,1.3327389,0.051314441,0.27043353,1,0.040428127,0.10262888,0.184331,0.020172537,0.027043353,0.030370494,19.028773,0.019952623,0.079432823,0,0,0.013670738,0.038607959,53,0,0.73333333,0.93647569,0.10953726,1,4
r-crash,base,routing,latency_aware,20,12f2a0589125,2,28462,28398,0,64,0,0,0.0022486122,43.027273,1.3281904,0.052303277,0.26464403,1,0.040267108,0.10460655,0.18198624,0.020251699,0.026464403,0.029766111,19.153874,0.019952623,0.079432823,0,0,0.013758475,0.038616556,41,0,0.73333333,0.94046353,0.1091709,1,4
r-crash,base,routing,queue_aware,1,5e4873cb546e,2,28727,28649,0,78,0,0,0.0027152157,43.407576,1.5182802,0.14883622,0.35586791,1,0.089779788,0.29767245,0.42606936,0.020861534,0.035586791,0.053221402,18.886264,0.019952623,0.1,0,0,0.055317627,0.19981845,0,0,0.73333333,0.94058518,0.10814107,1,4
r-crash,base,routing,queue_aware,2,6dc6874ce547,2,28495,28430,0,65,0,0,0.0022811019,43.075758,1.5192001,0.14678815,0.36100641,1,0.090663392,0.29357629,0.45021421,0.020919492,0.036100641,0.054157723,19.155026,0.019952623,0.1,0,0,0.055658446,0.1958856,52,0,0.73333333,0.93788298,0.10958031,1,4
r-crash,base,routing,queue_aware,3,f311391dcf19,2,28315,28226,0,89,0,0,0.0036023309,42.74697,1.5160203,0.14902453,0.34898416,1,0.088558581,0.29804905,0.4824485,0.02081865,0.034898416,0.053311374,19.195044,0.019952623,0.1,0,0,0.05602413,0.19746788,50,0,0.73333333,0.93267522,0.10752916,1,4
r-crash,base,routing,queue_aware,4,9b7d60435af8,2,28673,28632,0,41,0,0,0.0019879329,43.357576,1.5389694,0.17235084,0.3566789,1,0.089968328,0.34470167,0.80269207,0.021032428,0.03566789,0.053166731,18.965182,0.019952623,0.1,0,0,0.068495592,0.25177684,0,0,0.73333333,0.93272957,0.10963022,1,4
r-crash,base,routing,queue_aware,5,b9dd0b88205b,2,28786,28743,0,43,0,0,0.0014937817,43.55,1.5157163,0.14962162,0.35862575,1,0.093383935,0.29924324,0.47584339,0.021126757,0.035862575,0.053349293,19.14363,0.019952623,0.1,0,0,0.055957344,0.19829674,48,0,0.73333333,0.94027943,0.11079415,1,4
r-crash,base,routing,queue_aware,6,8413c0fdee4d,2,28438,28373,0,65,0,0,0.0022856741,42.989394,1.514478,0.14357154,0.3594781,1,0.090724106,0.28714309,0.44486715,0.020948918,0.03594781,0.054094555,19.424733,0.019952623,0.1,0,0,0.054573697,0.18841317,0,0,0.73333333,0.93974491,0.11044724,1,4
r-crash,base,routing,queue_aware,7,17324038ea43,2,28508,28470,0,38,0,0,0.0015434264,43.127273,1.5268922,0.15601386,0.36316121,1,0.090446962,0.31202771,0.47170712,0.02094345,0.036316121,0.054946726,18.583236,0.019952623,0.1,0,0,0.056899655,0.21153849,40,0,0.73333333,0.93532341,0.10721607,1,4
r-crash,base,routing,queue_aware,8,0dab74842fd5,2,28666,28633,0,33,0,0,0.0018837647,43.351515,1.529021,0.15540173,0.36420045,1,0.092504769,0.31080346,0.5397223,0.020972563,0.036420045,0.053827001,18.918076,0.019952623,0.1,0,0,0.061344651,0.21361842,57,0,0.73333333,0.93441414,0.10967886,1,4
r-crash,base,routing,queue_aware,9,b6a82526ffbe,2,28756,28668,0,88,0,0,0.0030602309,43.436364,1.5253682,0.14695046,0.36311654,1,0.092172368,0.29390093,0.52818022,0.020993804,0.036311654,0.054377924,18.880605,0.019952623,0.1,0,0,0.057250705,0.19543334,61,0,0.73333333,0.93814689,0.10861531,1,4
r-crash,base,routing,queue_aware,10,92ca36d86d1e,2,28573,28527,0,46,0,0,0.0017149057,43.218182,1.5158873,0.15336095,0.35395183,1,0.089350545,0.30672191,0.46650465,0.020789034,0.035395183,0.053202362,18.196278,0.019952623,0.1,0,0,0.054807215,0.206291,55,0,0.73333333,0.93154726,0.10501451,1,4
r-crash,base,routing,queue_aware,11,5ba76d274281,2,28611,28551,0,60,0,0,0.0020970955,43.259091,1.5290665,0.15158816,0.36699288,1,0.094230233,0.30317632,0.48839468,0.021159856,0.036699288,0.055339582,19.361392,0.019952623,0.1,0,0,0.058284373,0.20452044,0,0,0.73333333,0.94050738,0.11201616,1,4
r-crash,base,routing,queue_aware,12,219cd5b52d77,2,28589,28510,0,79,0,0,0.0028332575,43.193939,1.5267979,0.15339081,0.35924078,1,0.09098422,0.30678162,0.48623893,0.020758898,0.035924078,0.052418927,18.451842,0.019952623,0.1,0,0,0.057933045,0.2079794,48,0,0.73333333,0.93741717,0.10612468,1,4
r-crash,base,routing,queue_aware,13,11d05ae3380d,2,28470,28409,0,61,0,0,0.0021426063,43.043939,1.5251425,0.14875715,0.36567231,1,0.09302645,0.2975143,0.43516771,0.021195454,0.036567231,0.054696706,19.442495,0.019952623,0.1,0,0,0.055495767,0.19915584,0,0,0.73333333,0.93643729,0.11059054,1,4
r-crash,base,routing,queue_aware,14,32385beb1583,2,28468,28410,0,58,0,0,0.0020373753,43.045455,1.5056553,0.14164397,0.35382447,1,0.08809829,0.28328793,0.43588204,0.020910272,0.035382447,0.05257613,19.14252,0.019952623,0.1,0,0,0.052037191,0.18506072,0,0,0.73333333,0.93752565,0.1084594,1,4
r-crash,base,routing,queue_aware,15,4f68585b1a03,2,28476,28406,0,70,0,0,0.0024582104,43.039394,1.5157427,0.14283636,0.36061524,1,0.090343727,0.28567272,0.46830486,0.02080698,0.036061524,0.053525794,18.659584,0.019952623,0.1,0,0,0.055224653,0.18871065,0,0,0.73333333,0.94027445,0.10754545,1,4
r-crash,base,routing,queue_aware,16,3fcfac62ad79,2,28596,28540,0,56,0,0,0.0019583158,43.242424,1.5125031,0.14598752,0.35672404,1,0.090480077,0.29197503,0.42616587,0.020805034,0.035672404,0.052418959,18.040536,0.019952623,0.1,0,0,0.053036563,0.19182652,0,0,0.73333333,0.93676351,0.10491254,1,4
r-crash,base,routing,queue_aware,17,a447c863ba16,2,28482,28430,0,52,0,0,0.0018257145,43.075758,1.5163038,0.1492979,0.35787731,1,0.089369454,0.29859579,0.4463101,0.020851376,0.035787731,0.053832573,18.976081,0.019952623,0.1,0,0,0.05374663,0.19913075,0,0,0.73333333,0.9402296,0.10762715,1,4
r-crash,base,routing,queue_aware,18,9616a66f2350,2,28714,28639,0,75,0,0,0.0031343595,43.369697,1.5359819,0.15639575,0.36391431,1,0.091372878,0.31279149,0.51847606,0.020950357,0.036391431,0.054564146,19.073373,0.019952623,0.1,0,0,0.059068654,0.21459475,63,0,0.73333333,0.93696961,0.10915337,1,4
r-crash,base,routing,queue_aware,19,12a8c6dcbb31,2,28660,28618,0,42,0,0,0.0014654571,43.360606,1.5221213,0.1504738,0.36432026,1,0.091515387,0.3009476,0.50719778,0.021191204,0.036432026,0.05378757,19.077041,0.019952623,0.1,0,0,0.055548084,0.1990096,51,0,0.73333333,0.93694653,0.11009241,1,4
r-crash,base,routing,queue_aware,20,12f2a0589125,2,28462,28375,0,87,0,0,0.0030567072,42.992424,1.5246668,0.14824741,0.36113582,1,0.090645616,0.29649483,0.45339803,0.021099703,0.036113582,0.056012782,19.146275,0.019952623,0.1,0,0,0.055156487,0.19727575,0,0,0.73333333,0.93940296,0.10970784,1,4
r-crash,base,routing,queue_aware_corrected,1,5e4873cb546e,2,28727,28665,0,62,0,0,0.0021582483,43.431818,1.3187604,0.040328795,0.26764038,1,0.03609575,0.080657589,0.15103787,0.01967924,0.026764038,0.028923925,18.71019,0.019952623,0.079432823,0,0,0.010486006,0.023560932,3,0,0.73333333,0.94265872,0.10778965,1,4
r-crash,base,routing,queue_aware_corrected,2,6dc6874ce547,2,28495,28447,0,48,0,0,0.0016845061,43.101515,1.3138541,0.040864849,0.26456672,1,0.036174118,0.081729699,0.15648041,0.019795451,0.026456672,0.029034069,19.171925,0.019952623,0.079432823,0,0,0.010500733,0.023398206,7,0,0.73333333,0.93914674,0.10950897,1,4
r-crash,base,routing,queue_aware_corrected,3,f311391dcf19,2,28315,28248,0,67,0,0,0.002366237,42.8,1.3148373,0.040009379,0.26299671,1,0.035948312,0.080018759,0.15442259,0.019746762,0.026299671,0.028859317,19.054109,0.019952623,0.079432823,0,0,0.010466234,0.023497878,5,0,0.73333333,0.93716178,0.10665966,1,4
r-crash,base,routing,queue_aware_corrected,4,9b7d60435af8,2,28673,28622,0,51,0,0,0.0017786768,43.366667,1.3321778,0.041887633,0.28139677,1,0.036260126,0.083775265,0.15838979,0.019718155,0.028139677,0.030977017,18.855574,0.019952623,0.079432823,0,0,0.011034659,0.025054871,5,0,0.73333333,0.93561969,0.10885637,1,4
r-crash,base,routing,queue_aware_corrected,5,b9dd0b88205b,2,28786,28726,0,60,0,0,0.0020843466,43.524242,1.3072265,0.040877826,0.25592697,1,0.036243361,0.081755653,0.1531664,0.02005186,0.025592697,0.028008916,19.063745,0.019952623,0.079432823,0,0,0.010534783,0.023884398,4,0,0.73333333,0.94220015,0.11019035,1,4
r-crash,base,routing,queue_aware_corrected,6,8413c0fdee4d,2,28438,28384,0,54,0,0,0.0018988677,43.006061,1.3139352,0.040412183,0.26402866,1,0.036295324,0.080824366,0.15556733,0.019952595,0.026402866,0.029103906,19.41015,0.019952623,0.079432823,0,0,0.010653247,0.023528298,3,0,0.73333333,0.94297481,0.11020859,1,4
r-crash,base,routing,queue_aware_corrected,7,17324038ea43,2,28508,28443,0,65,0,0,0.0022800617,43.095455,1.3118049,0.041186799,0.25921776,1,0.036040121,0.082373597,0.15874849,0.019801839,0.025921776,0.028571845,18.499011,0.019952623,0.079432823,0,0,0.010615677,0.024582779,1,0,0.73333333,0.93942028,0.10599512,1,4
r-crash,base,routing,queue_aware_corrected,8,0dab74842fd5,2,28666,28617,0,49,0,0,0.0017093421,43.359091,1.3211773,0.041409875,0.27122067,1,0.03620025,0.08281975,0.15959579,0.019690584,0.027122067,0.029378324,18.814588,0.019952623,0.079432823,0,0,0.010685578,0.024359954,7,0,0.73333333,0.93837579,0.10878089,1,4
r-crash,base,routing,queue_aware_corrected,9,b6a82526ffbe,2,28756,28689,0,67,0,0,0.0023299485,43.468182,1.3206447,0.041206329,0.26778858,1,0.036179545,0.082412659,0.15607107,0.019765958,0.026778858,0.028943703,18.889387,0.019952623,0.079432823,0,0,0.010644711,0.024181508,7,0,0.73333333,0.94297401,0.10831265,1,4
r-crash,base,routing,queue_aware_corrected,10,92ca36d86d1e,2,28573,28520,0,53,0,0,0.001854898,43.212121,1.3047375,0.04072248,0.25474057,1,0.035959958,0.081444961,0.16074387,0.01963855,0.025474057,0.027825081,18.139332,0.019952623,0.079432823,0,0,0.010543929,0.024034,5,0,0.73333333,0.93333738,0.10438563,1,4
r-crash,base,routing,queue_aware_corrected,11,5ba76d274281,2,28611,28545,0,66,0,0,0.0023068051,43.25,1.321455,0.041987988,0.26793295,1,0.036508155,0.083975977,0.15906837,0.019948376,0.026793295,0.029392008,19.087136,0.019952623,0.079432823,0,0,0.010757508,0.02499802,4,0,0.73333333,0.94149027,0.11099522,1,4
r-crash,base,routing,queue_aware_corrected,12,219cd5b52d77,2,28589,28527,0,62,0,0,0.0021686663,43.222727,1.3175866,0.040638376,0.26610485,1,0.035920259,0.081276752,0.15254147,0.019602583,0.026610485,0.029059833,18.4084,0.019952623,0.079432823,0,0,0.010477876,0.023749566,3,0,0.73333333,0.94205017,0.10593278,1,4
r-crash,base,routing,queue_aware_corrected,13,11d05ae3380d,2,28470,28401,0,69,0,0,0.0024236038,43.031818,1.3132092,0.040650905,0.26044026,1,0.03646813,0.08130181,0.15535799,0.019924923,0.026044026,0.028118638,19.369187,0.019952623,0.079432823,0,0,0.010628138,0.023573849,5,0,0.73333333,0.93714751,0.11024953,1,4
r-crash,base,routing,queue_aware_corrected,14,32385beb1583,2,28468,28418,0,50,0,0,0.001756358,43.057576,1.3159642,0.039607103,0.26757533,1,0.036034514,0.079214206,0.14984408,0.019723931,0.026757533,0.028759617,18.992584,0.019952623,0.079432823,0,0,0.010353628,0.022761495,3,0,0.73333333,0.93972926,0.10804698,1,4
r-crash,base,routing,queue_aware_corrected,15,4f68585b1a03,2,28476,28421,0,55,0,0,0.001931451,43.062121,1.318255,0.040695137,0.26790258,1,0.036005089,0.081390275,0.15475893,0.019612618,0.026790258,0.028854348,18.720581,0.019952623,0.079432823,0,0,0.010489326,0.023469881,7,0,0.73333333,0.94289262,0.10687844,1,4
r-crash,base,routing,queue_aware_corrected,16,3fcfac62ad79,2,28596,28550,0,46,0,0,0.0016086166,43.257576,1.3086914,0.040824131,0.25982417,1,0.035832866,0.081648262,0.1567658,0.019628723,0.025982417,0.028778729,18.004729,0.019952623,0.079432823,0,0,0.010462937,0.024086729,4,0,0.73333333,0.93724545,0.10427912,1,4
r-crash,base,routing,queue_aware_corrected,17,a447c863ba16,2,28482,28418,0,64,0,0,0.0022470332,43.057576,1.3185057,0.040006406,0.2672641,1,0.035947597,0.080012811,0.15453969,0.019592188,0.02672641,0.029416084,18.751847,0.019952623,0.079432823,0,0,0.010487857,0.023576243,5,0,0.73333333,0.94361157,0.10671332,1,4
r-crash,base,routing,queue_aware_corrected,18,9616a66f2350,2,28714,28659,0,55,0,0,0.0019154419,43.422727,1.3224826,0.041373495,0.27153187,1,0.036272089,0.082746989,0.16180993,0.019751167,0.027153187,0.029845862,18.990467,0.019952623,0.079432823,0,0,0.010868801,0.024914427,7,0,0.73333333,0.9378843,0.10847888,1,4
r-crash,base,routing,queue_aware_corrected,19,12a8c6dcbb31,2,28660,28603,0,57,0,0,0.0019888346,43.337879,1.3145205,0.040899819,0.26367652,1,0.036405628,0.081799639,0.15765597,0.019967928,0.026367652,0.029092743,19.032507,0.019952623,0.079432823,0,0,0.010638061,0.024005315,5,0,0.73333333,0.93805622,0.10942218,1,4
r-crash,base,routing,queue_aware_corrected,20,12f2a0589125,2,28462,28397,0,65,0,0,0.0022837468,43.025758,1.3115223,0.041149078,0.25895447,1,0.036271239,0.082298157,0.15832424,0.0198836,0.025895447,0.02832721,19.144235,0.019952623,0.079432823,0,0,0.010692541,0.024143591,6,0,0.73333333,0.94039315,0.10919266,1,4
r-crash,base,routing,capacity_weighted,1,5e4873cb546e,2,28727,28668,0,59,0,0,0.002053817,43.436364,1.3470813,0.051742613,0.28506957,1,0.036700117,0.10348523,0.55614243,0.019790656,0.028506957,0.031215632,19.39129,0.019952623,0.079432823,0,0,0.024106943,0.033810654,10,0,0.73333333,0.9426491,0.11060912,1,4
r-crash,base,routing,capacity_weighted,2,6dc6874ce547,2,28495,28433,0,62,0,0,0.024670995,42.109091,1.970688,0.54593856,0.30139447,1,0.038093672,1.0918771,3.5107424,0.02022984,0.030139447,0.032065442,20.580912,0.019952623,0.079432823,0,0,0.15683792,1.0417167,15,0,0.73333333,0.94223402,0.11440293,1,4
r-crash,base,routing,capacity_weighted,3,f311391dcf19,2,28315,28231,0,84,0,0,0.015751369,42.225758,1.4655484,0.092803842,0.29398774,1,0.037093514,0.18560768,2.1239286,0.020182953,0.029398774,0.031719288,19.906913,0.019952623,0.079432823,0,0,0.073882926,0.089351247,15,0,0.73333333,0.93838849,0.11083414,1,4
r-crash,base,routing,capacity_weighted,4,9b7d60435af8,2,28673,28630,0,43,0,0,0.011404457,42.948485,1.4900603,0.13300857,0.30002949,1,0.037131912,0.26601713,1.9980646,0.01992012,0.030002949,0.032231783,19.566791,0.019952623,0.079432823,0,0,0.065474927,0.20585956,17,0,0.73333333,0.93716541,0.1122206,1,4
r-crash,base,routing,capacity_weighted,5,b9dd0b88205b,2,28786,28738,0,48,0,0,0.0016674772,43.542424,1.3468943,0.050873894,0.28768298,1,0.037261913,0.10174779,0.73770591,0.020517347,0.028768298,0.031001762,19.916557,0.019952623,0.079432823,0,0,0.023389161,0.032793561,13,0,0.73333333,0.93945822,0.11390072,1,4
r-crash,base,routing,capacity_weighted,6,8413c0fdee4d,2,28438,28366,0,72,0,0,0.0080526057,42.740909,1.4267803,0.094426394,0.29209091,1,0.037346324,0.18885279,1.6630258,0.020201415,0.029209091,0.031346642,20.025571,0.019952623,0.079432823,0,0,0.058702906,0.079392391,11,0,0.73333333,0.94010095,0.11372713,1,4
r-crash,base,routing,capacity_weighted,7,17324038ea43,2,28508,28427,0,81,0,0,0.030763295,41.865152,1.5399743,0.088091941,0.29806589,1,0.037350392,0.17618388,2.8201017,0.020198445,0.029806589,0.032304693,19.311903,0.019952623,0.079432823,0,0,0.10476441,0.070003216,14,0,0.73333333,0.93872831,0.11106367,1,4
r-crash,base,routing,capacity_weighted,8,0dab74842fd5,2,28666,28612,0,54,0,0,0.0018837647,43.351515,1.3969486,0.089828071,0.29770172,1,0.037539857,0.17965614,0.94727115,0.020395554,0.029770172,0.032107286,19.661645,0.019952623,0.079432823,0,0,0.038560552,0.097276326,14,0,0.73333333,0.94026039,0.11353655,1,4
r-crash,base,routing,capacity_weighted,9,b6a82526ffbe,2,28756,28670,0,86,0,0,0.0029906802,43.439394,1.3575953,0.055875171,0.28676677,1,0.037364752,0.11175034,0.4305615,0.020522495,0.028676677,0.031091846,19.685859,0.019952623,0.079432823,0,0,0.020873331,0.037187823,17,0,0.73333333,0.94084429,0.11232981,1,4
r-crash,base,routing,capacity_weighted,10,92ca36d86d1e,2,28573,28516,0,57,0,0,0.0345431,41.79697,1.8197542,0.34679037,0.30024836,1,0.036938866,0.69358074,4.1096833,0.019723492,0.030024836,0.032658873,19.32304,0.019952623,0.079432823,0,0,0.15566915,0.59718447,14,0,0.73333333,0.93471652,0.1087499,1,4
r-crash,base,routing,capacity_weighted,11,5ba76d274281,2,28611,28574,0,37,0,0,0.0017825312,43.272727,1.6209569,0.31041707,0.30162719,1,0.037746523,0.62083414,1.4815624,0.020310277,0.030162719,0.032156207,20.027873,0.019952623,0.079432823,0,0,0.072469316,0.57356677,9,0,0.73333333,0.94328,0.11536139,1,4
r-crash,base,routing,capacity_weighted,12,219cd5b52d77,2,28589,28555,0,34,0,0,0.0011892686,43.265152,1.3351512,0.044161447,0.28504345,1,0.037015155,0.088322895,0.18204405,0.020193174,0.028504345,0.03096128,19.092251,0.019952623,0.079432823,0,0,0.012011749,0.028464086,9,0,0.73333333,0.93921794,0.11008863,1,4
r-crash,base,routing,capacity_weighted,13,11d05ae3380d,2,28470,28411,0,59,0,0,0.029329118,41.871212,2.0753903,0.62672377,0.30202092,1,0.038004333,1.2534475,3.5687468,0.020230023,0.030202092,0.032258356,20.432631,0.019952623,0.079432823,0,0,0.15994909,1.2124319,13,0,0.73333333,0.93974893,0.11502203,1,4
r-crash,base,routing,capacity_weighted,14,32385beb1583,2,28468,28409,0,59,0,0,0.0020725025,43.043939,1.342388,0.047360997,0.28466449,1,0.037221781,0.094721993,0.28020659,0.020625601,0.028466449,0.030679205,19.867649,0.019952623,0.079432823,0,0,0.015751396,0.030425216,10,0,0.73333333,0.93955782,0.11232593,1,4
r-crash,base,routing,capacity_weighted,15,4f68585b1a03,2,28476,28434,0,42,0,0,0.0083227981,42.786364,1.4867107,0.14917791,0.29591883,1,0.03724211,0.29835583,1.7712717,0.020087815,0.029591883,0.031760352,19.61947,0.019952623,0.079432823,0,0,0.0674788,0.23677125,12,0,0.73333333,0.94351781,0.11109832,1,4
r-crash,base,routing,capacity_weighted,16,3fcfac62ad79,2,28596,28551,0,45,0,0,0.067002378,40.424242,3.1409239,1.5068403,0.29907172,1,0.037392917,3.0136806,5.5692817,0.020043454,0.029907172,0.032738268,19.443586,0.019952623,0.079432823,0,0,0.30788973,2.9728936,12,0,0.73333333,0.93929754,0.10899398,1,4
r-crash,base,routing,capacity_weighted,17,a447c863ba16,2,28482,28427,0,55,0,0,0.002984341,43.025758,1.3567016,0.054131732,0.2876482,1,0.037046507,0.10826346,0.97448662,0.020248057,0.02876482,0.031285393,19.533631,0.019952623,0.079432823,0,0,0.029837113,0.034810645,13,0,0.73333333,0.9437193,0.11059703,1,4
r-crash,base,routing,capacity_weighted,18,9616a66f2350,2,28714,28646,0,68,0,0,0.036463049,41.919697,1.8691109,0.38836255,0.29843312,1,0.037945433,0.77672509,4.5042493,0.020419535,0.029843312,0.031891675,20.105496,0.019952623,0.079432823,0,0,0.16857554,0.70959069,16,0,0.73333333,0.93726682,0.11325416,1,4
r-crash,base,routing,capacity_weighted,19,12a8c6dcbb31,2,28660,28599,0,61,0,0,0.049755757,41.263636,2.5293396,0.97723641,0.30332439,1,0.037884364,1.9544728,3.113418,0.02024571,0.030332439,0.033004678,20.22925,0.019952623,0.079432823,0,0,0.17794428,1.9046428,14,0,0.73333333,0.93859219,0.11509121,1,4
r-crash,base,routing,capacity_weighted,20,12f2a0589125,2,28462,28350,0,112,0,0,0.0041810133,42.943939,1.3719073,0.063260632,0.28774162,1,0.037396374,0.12652126,0.93504188,0.020426911,0.028774162,0.03121197,19.80379,0.019952623,0.079432823,0,0,0.032226167,0.042396776,14,0,0.73333333,0.93824074,0.11291598,1,4
r-crash,base,routing,oracle_jsq,1,5e4873cb546e,2,28727,28665,0,62,0,0,0.0021582483,43.431818,1.3319539,0.045625643,0.27553704,1,0.040008359,0.091251286,0.16802007,0.020253634,0.027553704,0.031012316,18.931526,0.019952623,0.079432823,0,0,0.014437995,0.032069576,0,0,0.73333333,0.94142119,0.10829038,1,4
r-crash,base,routing,oracle_jsq,2,6dc6874ce547,2,28495,28446,0,49,0,0,0.0017195999,43.1,1.3255997,0.043474024,0.27352763,1,0.040018966,0.086948049,0.14955006,0.020271313,0.027352763,0.030485925,18.988809,0.019952623,0.079432823,0,0,0.012214986,0.029791082,1,0,0.73333333,0.94196154,0.10921769,1,4
r-crash,base,routing,oracle_jsq,3,f311391dcf19,2,28315,28251,0,64,0,0,0.0022602861,42.804545,1.3302493,0.044229007,0.27471891,1,0.039701241,0.088458013,0.15486483,0.02021309,0.027471891,0.031432459,19.142629,0.019952623,0.079432823,0,0,0.012570071,0.030331481,0,0,0.73333333,0.93670818,0.10737814,1,4
r-crash,base,routing,oracle_jsq,4,9b7d60435af8,2,28673,28613,0,60,0,0,0.0020925609,43.35303,1.3449935,0.047187527,0.28734318,1,0.040004998,0.094375053,0.20300193,0.020247436,0.028734318,0.03202809,18.935239,0.019952623,0.079432823,0,0,0.01480796,0.033071921,2,0,0.73333333,0.93220819,0.10915492,1,4
r-crash,base,routing,oracle_jsq,5,b9dd0b88205b,2,28786,28739,0,47,0,0,0.0016327381,43.543939,1.3196958,0.044484927,0.26704716,1,0.040277793,0.088969854,0.14618413,0.020501127,0.026704716,0.030231602,19.256457,0.019952623,0.079432823,0,0,0.012388167,0.030692685,0,0,0.73333333,0.94219507,0.11059141,1,4
r-crash,base,routing,oracle_jsq,6,8413c0fdee4d,2,28438,28371,0,67,0,0,0.0023560025,42.986364,1.3309082,0.043991606,0.27513659,1,0.040208801,0.087983212,0.15488619,0.020327403,0.027513659,0.031124878,19.398812,0.019952623,0.079432823,0,0,0.012921453,0.030765814,0,0,0.73333333,0.94227669,0.1106007,1,4
r-crash,base,routing,oracle_jsq,7,17324038ea43,2,28508,28438,0,70,0,0,0.0024554511,43.087879,1.3256928,0.044114688,0.26930085,1,0.039702936,0.088229376,0.14478979,0.020192416,0.026930085,0.03024865,18.302155,0.019952623,0.079432823,0,0,0.01210204,0.029820902,0,0,0.73333333,0.93785056,0.10660503,1,4
r-crash,base,routing,oracle_jsq,8,0dab74842fd5,2,28666,28602,0,64,0,0,0.0022326101,43.336364,1.3333018,0.045632921,0.27650582,1,0.040129188,0.091265841,0.16754356,0.020210276,0.027650582,0.031660507,18.778553,0.019952623,0.079432823,0,0,0.013292926,0.031529045,2,0,0.73333333,0.93848564,0.10928571,1,4
r-crash,base,routing,oracle_jsq,9,b6a82526ffbe,2,28756,28697,0,59,0,0,0.0020517457,43.480303,1.3317433,0.045373667,0.27611093,1,0.040081198,0.090747334,0.16065008,0.020242241,0.027611093,0.030540823,18.871919,0.019952623,0.079432823,0,0,0.013276282,0.031603502,1,0,0.73333333,0.94270493,0.10860969,1,4
r-crash,base,routing,oracle_jsq,10,92ca36d86d1e,2,28573,28526,0,47,0,0,0.0016449095,43.221212,1.3161692,0.044257785,0.26368688,1,0.039686463,0.08851557,0.15763401,0.020124399,0.026368688,0.030175953,18.064963,0.019952623,0.079432823,0,0,0.012661969,0.029921243,0,0,0.73333333,0.93410267,0.10450178,1,4
r-crash,base,routing,oracle_jsq,11,5ba76d274281,2,28611,28546,0,65,0,0,0.0022718535,43.251515,1.3343655,0.045150407,0.27785579,1,0.040346253,0.090300814,0.15344926,0.020414559,0.027785579,0.031137749,19.113431,0.019952623,0.079432823,0,0,0.012536602,0.030623477,0,0,0.73333333,0.94348397,0.1114547,1,4
r-crash,base,routing,oracle_jsq,12,219cd5b52d77,2,28589,28532,0,57,0,0,0.0019937738,43.230303,1.3311144,0.045449066,0.27569645,1,0.039832687,0.090898132,0.16804549,0.020109635,0.027569645,0.031432117,18.53161,0.019952623,0.079432823,0,0,0.0137071,0.031575368,0,0,0.73333333,0.94191438,0.10615686,1,4
r-crash,base,routing,oracle_jsq,13,11d05ae3380d,2,28470,28393,0,77,0,0,0.0027046013,43.019697,1.330771,0.044612152,0.27263583,1,0.040513418,0.089224304,0.15010989,0.020462701,0.027263583,0.030130186,19.351249,0.019952623,0.079432823,0,0,0.012648697,0.031659052,0,0,0.73333333,0.93996024,0.11036112,1,4
r-crash,base,routing,oracle_jsq,14,32385beb1583,2,28468,28416,0,52,0,0,0.0018266123,43.054545,1.3292949,0.043741038,0.27642082,1,0.039813002,0.087482075,0.14524588,0.020117103,0.027642082,0.030889917,19.032513,0.019952623,0.079432823,0,0,0.012334229,0.029904286,1,0,0.73333333,0.93830115,0.10827995,1,4
r-crash,base,routing,oracle_jsq,15,4f68585b1a03,2,28476,28418,0,58,0,0,0.0020368029,43.057576,1.3326896,0.045183708,0.27732186,1,0.03992852,0.090367416,0.16471873,0.020067173,0.027732186,0.030934599,18.705542,0.019952623,0.079432823,0,0,0.013317551,0.0314056,2,0,0.73333333,0.94283768,0.10743675,1,4
r-crash,base,routing,oracle_jsq,16,3fcfac62ad79,2,28596,28545,0,51,0,0,0.0017834662,43.25,1.3246816,0.044983919,0.27078037,1,0.039733208,0.089967838,0.15825972,0.020127766,0.027078037,0.03095685,18.095892,0.019952623,0.079432823,0,0,0.012935123,0.031222139,0,0,0.73333333,0.94010475,0.10460607,1,4
r-crash,base,routing,oracle_jsq,17,a447c863ba16,2,28482,28436,0,46,0,0,0.0016150551,43.084848,1.3273739,0.045220217,0.27407843,1,0.039971721,0.090440433,0.16135608,0.020119876,0.027407843,0.031597833,18.750814,0.019952623,0.079432823,0,0,0.012941231,0.031970122,1,0,0.73333333,0.94365205,0.10720932,1,4
r-crash,base,routing,oracle_jsq,18,9616a66f2350,2,28714,28668,0,46,0,0,0.001602006,43.436364,1.3303872,0.045088256,0.27728893,1,0.040060987,0.090176512,0.15952967,0.020220224,0.027728893,0.031092584,18.923221,0.019952623,0.079432823,0,0,0.012875015,0.031519275,0,0,0.73333333,0.94002599,0.10843632,1,4
r-crash,base,routing,oracle_jsq,19,12a8c6dcbb31,2,28660,28589,0,71,0,0,0.0024773203,43.316667,1.329851,0.04508482,0.27237953,1,0.040340476,0.09016964,0.15859336,0.020465805,0.027237953,0.031750464,19.015163,0.019952623,0.079432823,0,0,0.01271141,0.030586284,1,0,0.73333333,0.93754186,0.10980667,1,4
r-crash,base,routing,oracle_jsq,20,12f2a0589125,2,28462,28408,0,54,0,0,0.0018972665,43.042424,1.3202869,0.044422899,0.26637768,1,0.040020588,0.088845797,0.15179599,0.020405828,0.026637768,0.03049435,19.043079,0.019952623,0.079432823,0,0,0.012393942,0.030020748,0,0,0.73333333,0.94070785,0.10932381,1,4
s-diurnal-short,base,scaling,static_min,1,22dc04ac1799,0,128418,31570,0,0,0,96848,0.98436356,1.0795699,579.41842,574.1043,0.32845622,0.063848411,474.17693,1148.2086,1213.1924,0.029671886,0.032845622,0.035727827,1155.5769,0.025118864,0.1,0,0,512.12623,1148.1268,0,0,0.52781353,0.99926798,0.22934208,4,5
s-diurnal-short,base,scaling,static_min,2,c75ec4315dcc,0,128638,31316,0,0,0,97322,0.98627933,0.94892473,583.34814,578.02503,0.32738299,0.064329473,478.09457,1156.0501,1214.0501,0.029797375,0.032738299,0.03592654,1162.7396,0.025118864,0.1,0,0,514.39538,1156.0145,0,0,0.53179031,0.99951701,0.22959989,4,5
s-diurnal-short,base,scaling,static_min,3,1f462fe9f193,0,128453,31360,0,0,0,97093,0.98323901,1.1575269,578.10113,572.79376,0.32635443,0.064824376,491.31886,1145.5875,1208.2787,0.029703122,0.032635443,0.035924679,1152.7558,0.025118864,0.1,0,0,517.96504,1145.5398,0,0,0.5358815,0.99917607,0.22598583,4,5
s-diurnal-short,base,scaling,static_min,4,ae4c6bc23dea,0,129154,31672,0,0,0,97482,0.98319061,1.1672043,579.6386,574.32835,0.33001978,0.064277525,466.81956,1148.6567,1209.6679,0.029803279,0.033001978,0.036204032,1155.3929,0.025118864,0.1,0,0,510.36206,1148.6025,0,0,0.53136087,0.99946407,0.22811812,4,5
s-diurnal-short,base,scaling,static_min,5,af9fc13b15cf,0,128491,31566,0,0,0,96925,0.9873532,0.87365591,579.17732,573.84526,0.33078427,0.064509536,486.22508,1147.6905,1209.2802,0.029885926,0.033078427,0.036118519,1155.6983,0.025118864,0.1,0,0,516.28256,1147.6506,0,0,0.53327883,0.99959679,0.23228474,4,5
s-diurnal-short,base,scaling,static_min,6,cd98289e98cd,0,128346,31146,0,0,0,97200,0.98436258,1.0790323,582.33439,577.02124,0.32737917,0.06396059,488.03533,1154.0425,1213.9768,0.029711514,0.032737917,0.035797316,1160.7619,0.025118864,0.1,0,0,520.52727,1153.9909,0,0,0.52874088,0.99960248,0.23115016,4,5
s-diurnal-short,base,scaling,static_min,7,c9bbc3ebbeac,0,128776,31666,0,0,0,97110,0.98305585,1.1731183,579.74498,574.43325,0.33250906,0.063938002,486.0495,1148.8665,1211.7507,0.029838124,0.033250906,0.036413684,1154.9954,0.025118864,0.1,0,0,515.62243,1148.8323,0,0,0.52855415,0.99944387,0.23013023,4,5
s-diurnal-short,base,scaling,static_min,8,bca4cc587a4e,0,128207,31643,0,0,0,96564,0.9861786,0.95268817,577.50061,572.17559,0.32995502,0.064175892,478.05565,1144.3512,1206.0968,0.029800093,0.032995502,0.036396464,1150.1677,0.025118864,0.1,0,0,512.48407,1144.3119,0,0,0.53052071,0.99819165,0.23105693,4,5
s-diurnal-short,base,scaling,static_min,9,198efd7b99d7,0,129114,31557,0,0,0,97557,0.98518364,1.0284946,580.71759,575.39767,0.32966995,0.064332276,484.58411,1150.7953,1211.9162,0.02980904,0.032966995,0.036219203,1157.3637,0.025118864,0.1,0,0,517.29023,1150.7572,0,0,0.53181348,0.999291,0.22896847,4,5
s-diurnal-short,base,scaling,static_min,10,97092a8a0b0f,0,128328,31993,0,0,0,96335,0.98093168,1.3155914,580.47511,575.17585,0.33028142,0.06432594,480.51499,1150.3517,1209.7292,0.029925447,0.033028142,0.036104815,1157.3223,0.025118864,0.1,0,0,512.97327,1150.3262,0,0,0.5317611,0.99959064,0.2278173,4,5
s-diurnal-short,base,scaling,static_min,11,1dbb95f94020,0,129003,31191,0,0,0,97812,0.98758168,0.86129032,580.9157,575.58182,0.33191463,0.064052273,480.91228,1151.1636,1213.2596,0.029956249,0.033191463,0.036552141,1159.2558,0.025118864,0.1,0,0,510.52351,1151.138,0,0,0.52949879,0.9992416,0.23378007,4,5
s-diurnal-short,base,scaling,static_min,12,ac5a7b9f073c,0,129157,31682,0,0,0,97475,0.98066694,1.3424731,578.52604,573.23026,0.32850475,0.063932983,475.7479,1146.4605,1209.0043,0.029829264,0.032850475,0.035750168,1153.0314,0.025118864,0.1,0,0,508.24482,1146.4354,0,0,0.52851266,0.99969457,0.22978931,4,5
s-diurnal-short,base,scaling,static_min,13,7526b57baf3c,0,129552,31380,0,0,0,98172,0.98766518,0.85913978,584.57916,579.2466,0.32961051,0.064615806,490.57425,1158.4932,1215.9197,0.0299041,0.032961051,0.036100198,1166.0523,0.025118864,0.1,0,0,520.37915,1158.4507,0,0,0.53415733,0.99927801,0.23062257,4,5
s-diurnal-short,base,scaling,static_min,14,f01f824f0c84,0,128386,31487,0,0,0,96899,0.98749864,0.86290323,578.18867,572.85948,0.3275552,0.064136729,485.8378,1145.719,1208.6319,0.029633786,0.03275552,0.035865977,1153.4532,0.025118864,0.1,0,0,515.83036,1145.6916,0,0,0.53019696,0.99904596,0.2302813,4,5
s-diurnal-short,base,scaling,static_min,15,14a986bbadcc,0,128884,31516,0,0,0,97368,0.98234071,1.2236559,581.74159,576.4361,0.32996703,0.063813648,481.18204,1152.8722,1211.8213,0.029691,0.032996703,0.036123143,1159.5927,0.025118864,0.1,0,0,512.27632,1152.8374,0,0,0.52752616,0.99972778,0.22942551,4,5
s-diurnal-short,base,scaling,static_min,16,54a77b34526a,0,128738,31959,0,0,0,96779,0.98695801,0.90268817,576.44025,571.11143,0.33027336,0.063760461,476.88872,1142.2229,1207.1336,0.029852248,0.033027336,0.036371563,1149.5056,0.025118864,0.1,0,0,508.05026,1142.191,0,0,0.52708648,0.99947661,0.22948264,4,5
s-diurnal-short,base,scaling,static_min,17,44d1c7739236,0,128820,31559,0,0,0,97261,0.98372923,1.1268817,579.75458,574.44193,0.32968931,0.064322508,480.45963,1148.8839,1211.9907,0.029778547,0.032968931,0.035886483,1156.7447,0.025118864,0.1,0,0,512.95049,1148.8478,0,0,0.53173274,0.99983437,0.22830824,4,5
s-diurnal-short,base,scaling,static_min,18,7861693bbf37,0,128624,31641,0,0,0,96983,0.98593575,0.97258065,578.53924,573.21562,0.32947673,0.064470403,497.05259,1146.4312,1210.4549,0.029808712,0.032947673,0.03643238,1153.8658,0.025118864,0.1,0,0,520.159,1146.3933,0,0,0.53295533,0.9996786,0.22920622,4,5
s-diurnal-short,base,scaling,static_min,19,026c63462702,0,128365,31476,0,0,0,96889,0.98519846,1.0215054,581.28819,575.96748,0.3298381,0.064878148,481.11027,1151.935,1210.1432,0.029828377,0.03298381,0.036121543,1159.3788,0.025118864,0.1,0,0,516.67521,1151.9038,0,0,0.53632602,0.99942688,0.2273596,4,5
s-diurnal-short,base,scaling,static_min,20,38b7eee8c9ce,0,129059,31413,0,0,0,97646,0.98373612,1.1284946,581.08294,575.7707,0.32908787,0.064469003,488.20598,1151.5414,1211.103,0.029896559,0.032908787,0.036143151,1159.0738,0.025118864,0.1,0,0,514.5601,1151.3411,0,0,0.53294376,0.9993398,0.2313428,4,5
s-diurnal-short,base,scaling,static_tuned,1,22dc04ac1799,0,128418,128418,0,0,0,0,0,69.041935,0.92142146,0.033939478,0.20099005,0.68649194,0.031216015,0.067878955,0.13053235,0.016784865,0.020099005,0.021748311,15.276902,0.015848932,0.063095734,0,0,0.0076070942,0.014617618,0,0,5.675,0.96988172,0.050457563,6,11
s-diurnal-short,base,scaling,static_tuned,2,c75ec4315dcc,0,128638,128638,0,0,0,0,0,69.160215,0.92277016,0.034256058,0.20202217,0.68649194,0.031222772,0.068512116,0.13184256,0.01666197,0.020202217,0.021811016,15.30808,0.015848932,0.063095734,0,0,0.007645539,0.014636817,0,0,5.675,0.97090948,0.050492361,6,11
s-diurnal-short,base,scaling,static_tuned,3,1f462fe9f193,0,128453,128453,0,0,0,0,0,69.060753,0.92025043,0.034078851,0.19967964,0.68649194,0.031092305,0.068157701,0.13132195,0.016558992,0.019967964,0.02161493,14.936566,0.015848932,0.063095734,0,0,0.007624954,0.014516471,0,0,5.675,0.97076502,0.049349013,6,11
s-diurnal-short,base,scaling,static_tuned,4,ae4c6bc23dea,0,129154,129154,0,0,0,0,0,69.437634,0.92349106,0.03421075,0.20278837,0.68649194,0.031218469,0.0684215,0.12983747,0.016635855,0.020278837,0.021894603,15.097733,0.015848932,0.063095734,0,0,0.007623074,0.014614189,0,0,5.675,0.97047953,0.050219304,6,11
s-diurnal-short,base,scaling,static_tuned,5,af9fc13b15cf,0,128491,128491,0,0,0,0,0,69.081183,0.92216266,0.034183443,0.20148728,0.68649194,0.031230866,0.068366886,0.13073252,0.016777492,0.020148728,0.021753838,15.367212,0.015848932,0.063095734,0,0,0.0076156243,0.014606345,0,0,5.675,0.97197206,0.050779531,6,11
s-diurnal-short,base,scaling,static_tuned,6,cd98289e98cd,0,128346,128346,0,0,0,0,0,69.003226,0.92093475,0.033979865,0.20046295,0.68649194,0.03112481,0.067959731,0.12885052,0.01665605,0.020046295,0.02168082,15.298457,0.015848932,0.063095734,0,0,0.0076059704,0.014601188,0,0,5.675,0.96965854,0.049994294,6,11
s-diurnal-short,base,scaling,static_tuned,7,c9bbc3ebbeac,0,128776,128776,0,0,0,0,0,69.234409,0.92177947,0.03415923,0.2011283,0.68649194,0.03116725,0.06831846,0.13198039,0.016610745,0.02011283,0.021719013,15.186448,0.015848932,0.063095734,0,0,0.0076384652,0.014604065,0,0,5.675,0.97172853,0.050359332,6,11
s-diurnal-short,base,scaling,static_tuned,8,bca4cc587a4e,0,128207,128207,0,0,0,0,0,68.928495,0.9233869,0.034199619,0.20269535,0.68649194,0.031245875,0.068399238,0.1308877,0.016762578,0.020269535,0.021895485,15.483115,0.015848932,0.063095734,0,0,0.0076379696,0.014708066,0,0,5.675,0.97296041,0.051097472,6,11
s-diurnal-short,base,scaling,static_tuned,9,198efd7b99d7,0,129114,129114,0,0,0,0,0,69.416129,0.92245805,0.033942915,0.2020232,0.68649194,0.031138367,0.067885831,0.13007413,0.016658368,0.02020232,0.021819903,15.104437,0.015848932,0.063095734,0,0,0.0075909223,0.014569819,0,0,5.675,0.9704749,0.05012207,6,11
s-diurnal-short,base,scaling,static_tuned,10,97092a8a0b0f,0,128328,128328,0,0,0,0,0,68.993548,0.92185747,0.034086553,0.20127898,0.68649194,0.031085202,0.068173106,0.13267853,0.016468493,0.020127898,0.02179438,15.146713,0.015848932,0.063095734,0,0,0.0076156607,0.014559746,0,0,5.675,0.97121841,0.049653075,6,11
s-diurnal-short,base,scaling,static_tuned,11,1dbb95f94020,0,129003,129003,0,0,0,0,0,69.356452,0.92112508,0.034078292,0.20055485,0.68649194,0.031158541,0.068156583,0.1303543,0.016720907,0.020055485,0.021668421,15.068287,0.015848932,0.063095734,0,0,0.0076042312,0.014593062,0,0,5.675,0.97101245,0.050456379,6,11
s-diurnal-short,base,scaling,static_tuned,12,ac5a7b9f073c,0,129157,129157,0,0,0,0,0,69.439247,0.92273063,0.034019088,0.20221961,0.68649194,0.031245943,0.068038175,0.13184909,0.016760489,0.020221961,0.021807965,15.395431,0.015848932,0.063095734,0,0,0.0076399208,0.014672747,0,0,5.675,0.97000023,0.050877974,6,11
s-diurnal-short,base,scaling,static_tuned,13,7526b57baf3c,0,129552,129552,0,0,0,0,0,69.651613,0.9219469,0.033862928,0.20159204,0.68649194,0.031229866,0.067725855,0.12814859,0.016676596,0.020159204,0.021727043,15.367152,0.015848932,0.063095734,0,0,0.0076187603,0.014582243,0,0,5.675,0.9707818,0.050820706,6,11
s-diurnal-short,base,scaling,static_tuned,14,f01f824f0c84,0,128386,128386,0,0,0,0,0,69.024731,0.92244322,0.033872346,0.20207894,0.68649194,0.031149132,0.067744693,0.12938457,0.016562916,0.020207894,0.021789575,15.182792,0.015848932,0.063095734,0,0,0.0075981103,0.014575227,0,0,5.675,0.97140494,0.049994097,6,11
s-diurnal-short,base,scaling,static_tuned,15,14a986bbadcc,0,128884,128884,0,0,0,0,0,69.292473,0.92201569,0.034006371,0.20151738,0.68649194,0.031112974,0.068012742,0.13133354,0.016685688,0.020151738,0.02181694,15.180538,0.015848932,0.063095734,0,0,0.0075886584,0.014564182,0,0,5.675,0.96981793,0.04998855,6,11
s-diurnal-short,base,scaling,static_tuned,16,54a77b34526a,0,128738,128738,0,0,0,0,0,69.213978,0.92189944,0.034194139,0.20121337,0.68649194,0.031103579,0.068388278,0.13292392,0.016642582,0.020121337,0.02180779,14.963706,0.015848932,0.063095734,0,0,0.0076362983,0.014594932,0,0,5.675,0.97135917,0.04970286,6,11
s-diurnal-short,base,scaling,static_tuned,17,44d1c7739236,0,128820,128820,0,0,0,0,0,69.258065,0.92287976,0.034187357,0.20220047,0.68649194,0.031237201,0.068374713,0.13098272,0.016738325,0.020220047,0.021913329,15.238747,0.015848932,0.063095734,0,0,0.0076520868,0.014639194,0,0,5.675,0.97262954,0.050534498,6,11
s-diurnal-short,base,scaling,static_tuned,18,7861693bbf37,0,128624,128624,0,0,0,0,0,69.152688,0.92271113,0.034226099,0.2019931,0.68649194,0.031155227,0.068452197,0.13171082,0.016599541,0.02019931,0.021909476,15.156832,0.015848932,0.063095734,0,0,0.0076289066,0.014628433,0,0,5.675,0.97224022,0.050140481,6,11
s-diurnal-short,base,scaling,static_tuned,19,026c63462702,0,128365,128365,0,0,0,0,0,69.013441,0.92129947,0.033987246,0.20082029,0.68649194,0.031038234,0.067974492,0.12978464,0.016566197,0.020082029,0.021697779,15.230569,0.015848932,0.063095734,0,0,0.0075964348,0.01451336,0,0,5.675,0.97086789,0.049744081,6,11
s-diurnal-short,base,scaling,static_tuned,20,38b7eee8c9ce,0,129059,129059,0,0,0,0,0,69.386559,0.92306534,0.034202865,0.20237054,0.68649194,0.031261701,0.068405731,0.13093708,0.016712351,0.020237054,0.021910422,15.198855,0.015848932,0.063095734,0,0,0.0076384772,0.014617043,0,0,5.675,0.97159493,0.050606022,6,11
s-diurnal-short,base,scaling,static_peak_oracle,1,22dc04ac1799,0,128418,128418,0,0,0,0,0,69.041935,0.87675265,0.035007897,0.21758481,0.62415995,0.032277964,0.070015794,0.13545158,0.017826743,0.021758481,0.023495718,16.137104,0.019952623,0.063095734,0,0,0.0080638616,0.015702671,0,0,5.1597222,0.97067283,0.058591573,5,10
s-diurnal-short,base,scaling,static_peak_oracle,2,c75ec4315dcc,0,128638,128638,0,0,0,0,0,69.160215,0.87886199,0.035430143,0.2192719,0.62415995,0.032361096,0.070860287,0.13760754,0.01769498,0.02192719,0.023724357,16.272256,0.015848932,0.063095734,0,0,0.0081497821,0.015690315,0,0,5.1597222,0.97111899,0.058622992,5,10
s-diurnal-short,base,scaling,static_peak_oracle,3,1f462fe9f193,0,128453,128453,0,0,0,0,0,69.060753,0.87527616,0.035149218,0.215967,0.62415995,0.032126144,0.070298435,0.13768266,0.017588593,0.0215967,0.023388339,15.792913,0.015848932,0.063095734,0,0,0.0080945161,0.015523086,0,0,5.1597222,0.97177991,0.057218293,5,10
s-diurnal-short,base,scaling,static_peak_oracle,4,ae4c6bc23dea,0,129154,129154,0,0,0,0,0,69.437634,0.8796989,0.035319143,0.22021981,0.62415995,0.032348454,0.070638286,0.13491616,0.017638842,0.022021981,0.023781683,15.995802,0.015848932,0.063095734,0,0,0.0081104604,0.01574128,0,0,5.1597222,0.97035211,0.058311816,5,10
s-diurnal-short,base,scaling,static_peak_oracle,5,af9fc13b15cf,0,128491,128491,0,0,0,0,0,69.081183,0.87791667,0.035300919,0.2184558,0.62415995,0.03232681,0.070601838,0.13657862,0.017812019,0.02184558,0.023613803,16.283523,0.015848932,0.063095734,0,0,0.0081099706,0.01563955,0,0,5.1597222,0.97203294,0.058956548,5,10
s-diurnal-short,base,scaling,static_peak_oracle,6,cd98289e98cd,0,128346,128346,0,0,0,0,0,69.003226,0.8764141,0.035040737,0.21721342,0.62415995,0.032242247,0.070081474,0.13488212,0.017655034,0.021721342,0.023539641,16.198516,0.015848932,0.063095734,0,0,0.0080836036,0.015610589,0,0,5.1597222,0.97024361,0.058009933,5,10
s-diurnal-short,base,scaling,static_peak_oracle,7,c9bbc3ebbeac,0,128776,128776,0,0,0,0,0,69.234409,0.87762684,0.035202259,0.21826463,0.62415995,0.032280331,0.070404518,0.13713746,0.017608054,0.021826463,0.023610948,16.086522,0.015848932,0.063095734,0,0,0.0081332783,0.015661403,0,0,5.1597222,0.97290601,0.058420578,5,10
s-diurnal-short,base,scaling,static_peak_oracle,8,bca4cc587a4e,0,128207,128207,0,0,0,0,0,68.928495,0.87979078,0.035322748,0.22030809,0.62415995,0.032369005,0.070645496,0.13654497,0.017827351,0.022030809,0.023845176,16.402093,0.019952623,0.063095734,0,0,0.0081277258,0.015718539,0,0,5.1597222,0.97287695,0.059359603,5,10
s-diurnal-short,base,scaling,static_peak_oracle,9,198efd7b99d7,0,129114,129114,0,0,0,0,0,69.416129,0.87795563,0.0350773,0.21871838,0.62415995,0.032285838,0.070154601,0.13525855,0.017649177,0.021871838,0.023803774,16.011471,0.015848932,0.063095734,0,0,0.0081195779,0.015671178,0,0,5.1597222,0.97089401,0.058178217,5,10
s-diurnal-short,base,scaling,static_peak_oracle,10,97092a8a0b0f,0,128328,128328,0,0,0,0,0,68.993548,0.87690682,0.035270451,0.21747642,0.62415995,0.032141934,0.070540901,0.13747428,0.017478735,0.021747642,0.023640379,15.985807,0.015848932,0.063095734,0,0,0.0081093412,0.015619313,0,0,5.1597222,0.97143997,0.057569408,5,10
s-diurnal-short,base,scaling,static_peak_oracle,11,1dbb95f94020,0,129003,129003,0,0,0,0,0,69.356452,0.87656176,0.035213209,0.2171886,0.62415995,0.032269534,0.070426418,0.13654045,0.017766013,0.02171886,0.023495135,16.050633,0.015848932,0.063095734,0,0,0.0081011017,0.015608223,0,0,5.1597222,0.97083749,0.058544329,5,10
s-diurnal-short,base,scaling,static_peak_oracle,12,ac5a7b9f073c,0,129157,129157,0,0,0,0,0,69.439247,0.87831402,0.035126282,0.21902779,0.62415995,0.032338819,0.070252563,0.13681495,0.017819758,0.021902779,0.023691372,16.333563,0.019952623,0.063095734,0,0,0.008140583,0.015773187,0,0,5.1597222,0.97029171,0.059093617,5,10
s-diurnal-short,base,scaling,static_peak_oracle,13,7526b57baf3c,0,129552,129552,0,0,0,0,0,69.651613,0.87659834,0.034893159,0.21754523,0.62415995,0.032341034,0.069786319,0.13390294,0.017717474,0.021754523,0.023538359,16.203243,0.015848932,0.063095734,0,0,0.0080690338,0.015585472,0,0,5.1597222,0.97060121,0.058949612,5,10
s-diurnal-short,base,scaling,static_peak_oracle,14,f01f824f0c84,0,128386,128386,0,0,0,0,0,69.024731,0.8772476,0.03489588,0.21819177,0.62415995,0.032224535,0.069791761,0.13357401,0.017553214,0.021819177,0.023666419,16.074906,0.015848932,0.063095734,0,0,0.0080645875,0.015619577,0,0,5.1597222,0.97173027,0.057999736,5,10
s-diurnal-short,base,scaling,static_peak_oracle,15,14a986bbadcc,0,128884,128884,0,0,0,0,0,69.292473,0.87841425,0.035074704,0.2191796,0.62415995,0.0322437,0.070149409,0.13741808,0.017693429,0.02191796,0.023718168,16.067764,0.015848932,0.063095734,0,0,0.0080968342,0.015631132,0,0,5.1597222,0.97020726,0.058062377,5,10
s-diurnal-short,base,scaling,static_peak_oracle,16,54a77b34526a,0,128738,128738,0,0,0,0,0,69.213978,0.8767663,0.035334228,0.21727213,0.62415995,0.032195577,0.070668455,0.1370479,0.01761306,0.021727213,0.023617036,15.852242,0.015848932,0.063095734,0,0,0.0081109899,0.015625529,0,0,5.1597222,0.97213262,0.057656431,5,10
s-diurnal-short,base,scaling,static_peak_oracle,17,44d1c7739236,0,128820,128820,0,0,0,0,0,69.258065,0.8783606,0.035274569,0.21892608,0.62415995,0.032376544,0.070549138,0.13655654,0.017749234,0.021892608,0.023694294,16.164229,0.015848932,0.063095734,0,0,0.0081385972,0.015689824,0,0,5.1597222,0.97279352,0.058668606,5,10
s-diurnal-short,base,scaling,static_peak_oracle,18,7861693bbf37,0,128624,128624,0,0,0,0,0,69.152688,0.87916642,0.035330955,0.21967552,0.62415995,0.032297386,0.07066191,0.1374401,0.017616615,0.021967552,0.023728988,16.050719,0.015848932,0.063095734,0,0,0.0081342759,0.015656838,0,0,5.1597222,0.97327898,0.05822519,5,10
s-diurnal-short,base,scaling,static_peak_oracle,19,026c63462702,0,128365,128365,0,0,0,0,0,69.013441,0.87636452,0.035001572,0.217203,0.62415995,0.032134503,0.070003144,0.13546788,0.017548817,0.0217203,0.023475616,16.112915,0.015848932,0.063095734,0,0,0.0080619874,0.015531463,0,0,5.1597222,0.97053398,0.05767333,5,10
s-diurnal-short,base,scaling,static_peak_oracle,20,38b7eee8c9ce,0,129059,129059,0,0,0,0,0,69.386559,0.8789282,0.035202378,0.21956588,0.62415995,0.032362209,0.070404757,0.13709231,0.017719138,0.021956588,0.023814831,16.145416,0.015848932,0.063095734,0,0,0.0081484244,0.015662147,0,0,5.1597222,0.97282698,0.058746373,5,10
s-diurnal-short,base,scaling,threshold_cooldown,1,22dc04ac1799,0,128418,128418,0,0,0,0,0,69.041935,0.96197093,0.033417075,0.18996593,0.73858792,0.030217233,0.06683415,0.12710334,0.015580061,0.018996593,0.022269276,14.485321,0.015848932,0.063095734,0,0,0.0073341533,0.01372301,0,0,6.1056602,0.96567874,0.045560709,16,15
s-diurnal-short,base,scaling,threshold_cooldown,2,c75ec4315dcc,0,128638,128638,0,0,0,0,0,69.160215,0.95623183,0.033540464,0.18900965,0.73368171,0.030384992,0.067080928,0.12722844,0.01572895,0.018900965,0.02129241,14.552906,0.015848932,0.063095734,0,0,0.0073122646,0.013777563,0,0,6.0651021,0.96633895,0.046154216,16,15
s-diurnal-short,base,scaling,threshold_cooldown,3,1f462fe9f193,0,128453,128453,0,0,0,0,0,69.060753,0.96038317,0.033386186,0.18943356,0.73756343,0.030159094,0.066772373,0.12765678,0.015479141,0.018943356,0.021726103,14.314194,0.015848932,0.050118723,0,0,0.0073189234,0.013695499,0,0,6.097191,0.96593994,0.044784689,16,15
s-diurnal-short,base,scaling,threshold_cooldown,4,ae4c6bc23dea,0,129154,129154,0,0,0,0,0,69.437634,0.98511349,0.033406672,0.18584322,0.76586359,0.03005767,0.066813345,0.12578988,0.015563043,0.018584322,0.020925223,14.177663,0.015848932,0.050118723,0,0,0.0072494412,0.013608171,0,0,6.331139,0.96493382,0.043429716,17,16
s-diurnal-short,base,scaling,threshold_cooldown,5,af9fc13b15cf,0,128491,128491,0,0,0,0,0,69.081183,0.95522358,0.033547984,0.19038424,0.73129135,0.030367002,0.067095967,0.12668285,0.015693661,0.019038424,0.020743296,14.643601,0.015848932,0.063095734,0,0,0.0073465337,0.013805525,0,0,6.0453419,0.96700395,0.046687262,16,15
s-diurnal-short,base,scaling,threshold_cooldown,6,cd98289e98cd,0,128346,128346,0,0,0,0,0,69.003226,0.95649,0.033098961,0.18307369,0.74031735,0.030084869,0.066197921,0.12486535,0.015552889,0.018307369,0.020421852,14.38547,0.015848932,0.050118723,0,0,0.0072228954,0.01356546,0,0,6.1199568,0.96518963,0.04488691,16,15
s-diurnal-short,base,scaling,threshold_cooldown,7,c9bbc3ebbeac,0,128776,128776,0,0,0,0,0,69.234409,0.96025458,0.033725342,0.1901277,0.73640153,0.030229364,0.067450685,0.12826958,0.015610485,0.01901277,0.021595945,14.494538,0.015848932,0.063095734,0,0,0.0073613686,0.013709524,0,0,6.087586,0.96777801,0.045635488,16,15
s-diurnal-short,base,scaling,threshold_cooldown,8,bca4cc587a4e,0,128207,128207,0,0,0,0,0,68.928495,0.98934639,0.033466996,0.1869982,0.76888119,0.030122637,0.066933993,0.12707259,0.015418157,0.01869982,0.022078432,14.489819,0.015848932,0.050118723,0,0,0.0072596854,0.013651809,0,0,6.3560845,0.96639581,0.043946614,17,16
s-diurnal-short,base,scaling,threshold_cooldown,9,198efd7b99d7,0,129114,129114,0,0,0,0,0,69.416129,0.95774666,0.033126454,0.18576447,0.73885573,0.030139701,0.066252909,0.12495318,0.015589666,0.018576447,0.021286264,14.245269,0.015848932,0.050118723,0,0,0.0072424875,0.013633193,0,0,6.1078741,0.96634396,0.045134251,16,15
s-diurnal-short,base,scaling,threshold_cooldown,10,97092a8a0b0f,0,128328,128328,0,0,0,0,0,68.993548,0.95727276,0.033260656,0.18289366,0.74111844,0.030019577,0.066521312,0.12755437,0.015519466,0.018289366,0.020322403,14.307975,0.015848932,0.050118723,0,0,0.0072158633,0.013540372,0,0,6.1265791,0.96684971,0.044420682,16,15
s-diurnal-short,base,scaling,threshold_cooldown,11,1dbb95f94020,0,129003,129003,0,0,0,0,0,69.356452,0.96008861,0.033474619,0.18882159,0.7377924,0.030193914,0.066949239,0.12703947,0.015555689,0.018882159,0.021400899,14.390085,0.015848932,0.063095734,0,0,0.0072971106,0.013674544,0,0,6.0990839,0.96627086,0.045696019,16,15
s-diurnal-short,base,scaling,threshold_cooldown,12,ac5a7b9f073c,0,129157,129157,0,0,0,0,0,69.439247,0.95885825,0.033306695,0.18503917,0.74051239,0.030170579,0.066613391,0.12608046,0.015598355,0.018503917,0.021584426,14.517347,0.015848932,0.050118723,0,0,0.0072723222,0.013626669,0,0,6.1215691,0.96620989,0.045545082,16,15
s-diurnal-short,base,scaling,threshold_cooldown,13,7526b57baf3c,0,129552,129552,0,0,0,0,0,69.651613,0.9865469,0.033168864,0.18690853,0.7664695,0.030139507,0.066337729,0.12446798,0.015559335,0.018690853,0.021091209,14.409998,0.015848932,0.050118723,0,0,0.0072483181,0.013650519,0,0,6.3361479,0.96486177,0.044037831,17,16
s-diurnal-short,base,scaling,threshold_cooldown,14,f01f824f0c84,0,128386,128386,0,0,0,0,0,69.024731,0.95425508,0.032982606,0.18195377,0.7393187,0.030078049,0.065965212,0.12368272,0.015576696,0.018195377,0.020273991,14.258828,0.015848932,0.050118723,0,0,0.0072064938,0.013543325,0,0,6.1117013,0.96658234,0.044798643,16,15
s-diurnal-short,base,scaling,threshold_cooldown,15,14a986bbadcc,0,128884,128884,0,0,0,0,0,69.292473,0.98906773,0.03327383,0.19000875,0.76578515,0.03011791,0.066547661,0.12650251,0.01549749,0.019000875,0.021456432,14.368172,0.015848932,0.050118723,0,0,0.0072618732,0.013675543,0,0,6.3304906,0.96374693,0.043470304,17,16
s-diurnal-short,base,scaling,threshold_cooldown,16,54a77b34526a,0,128738,128738,0,0,0,0,0,69.213978,0.9901844,0.033386902,0.18696764,0.76982986,0.030005664,0.066773803,0.12738218,0.015403924,0.018696764,0.021379485,13.971272,0.015848932,0.050118723,0,0,0.0072309869,0.01358976,0,0,6.3639268,0.96601414,0.042781561,17,16
s-diurnal-short,base,scaling,threshold_cooldown,17,44d1c7739236,0,128820,128820,0,0,0,0,0,69.258065,0.95614965,0.033545158,0.18693817,0.73566632,0.030298017,0.067090317,0.12716623,0.01564678,0.018693817,0.021605006,14.482522,0.015848932,0.050118723,0,0,0.0073558534,0.013704244,0,0,6.0815082,0.96807445,0.045748133,16,15
s-diurnal-short,base,scaling,threshold_cooldown,18,7861693bbf37,0,128624,128624,0,0,0,0,0,69.152688,0.98533297,0.033378747,0.1866451,0.76530913,0.030069703,0.066757494,0.12620274,0.015504976,0.01866451,0.021180909,14.283098,0.015848932,0.050118723,0,0,0.0072478489,0.013623231,0,0,6.3265554,0.96634109,0.043530995,17,16
s-diurnal-short,base,scaling,threshold_cooldown,19,026c63462702,0,128365,128365,0,0,0,0,0,69.013441,0.95781877,0.033155722,0.18671403,0.73794902,0.030084374,0.066311445,0.12735896,0.015557104,0.018671403,0.020424438,14.474663,0.015848932,0.050118723,0,0,0.007260815,0.01361887,0,0,6.1003786,0.96704325,0.045017065,16,15
s-diurnal-short,base,scaling,threshold_cooldown,20,38b7eee8c9ce,0,129059,129059,0,0,0,0,0,69.386559,0.95980839,0.033440952,0.18749803,0.73886941,0.030229373,0.066881903,0.12732562,0.015604285,0.018749803,0.021781124,14.526862,0.015848932,0.050118723,0,0,0.0073130775,0.013656505,0,0,6.1079871,0.96832397,0.045648921,16,15
s-diurnal-short,base,scaling,target_tracking,1,22dc04ac1799,0,128418,128418,0,0,0,0,0,69.041935,1.1003915,0.031843918,0.1616237,0.90692391,0.02869839,0.063687836,0.11936033,0.014204887,0.01616237,0.017311735,13.170136,0.015848932,0.050118723,0,0,0.0066217087,0.012513432,0,0,7.4972377,0.9723728,0.033605115,21,16
s-diurnal-short,base,scaling,target_tracking,2,c75ec4315dcc,0,128638,128638,0,0,0,0,0,69.160215,1.1011395,0.031899059,0.16195607,0.9072844,0.028685553,0.063798118,0.1203013,0.014169849,0.016195607,0.017386015,13.222127,0.015848932,0.050118723,0,0,0.0066154926,0.012478088,0,0,7.5002177,0.97434123,0.033612627,22,16
s-diurnal-short,base,scaling,target_tracking,3,1f462fe9f193,0,128453,128453,0,0,0,0,0,69.060753,1.0971694,0.031687921,0.16090196,0.90457948,0.028557493,0.063375841,0.1210228,0.01412155,0.016090196,0.017246242,12.975938,0.015848932,0.050118723,0,0,0.0065874143,0.012441051,0,0,7.477857,0.97505324,0.033061882,21,16
s-diurnal-short,base,scaling,target_tracking,4,ae4c6bc23dea,0,129154,129154,0,0,0,0,0,69.437634,1.0982389,0.031993608,0.16279755,0.90344775,0.028661098,0.063987215,0.1194521,0.014161645,0.016279755,0.017434949,12.979077,0.015848932,0.050118723,0,0,0.0066062955,0.012507218,0,0,7.4685014,0.97488894,0.033585553,21,16
s-diurnal-short,base,scaling,target_tracking,5,af9fc13b15cf,0,128491,128491,0,0,0,0,0,69.081183,1.1062657,0.031954034,0.16191803,0.91239361,0.028639814,0.063908069,0.11996247,0.014183926,0.016191803,0.017356427,13.209507,0.015848932,0.050118723,0,0,0.0065825996,0.012485799,0,0,7.5424539,0.97350158,0.03349651,19,16
s-diurnal-short,base,scaling,target_tracking,6,cd98289e98cd,0,128346,128346,0,0,0,0,0,69.003226,1.1008091,0.031796994,0.16149569,0.90751639,0.02853291,0.063593987,0.11915347,0.01416349,0.016149569,0.017300901,13.202621,0.015848932,0.050118723,0,0,0.0065705114,0.012489752,0,0,7.5021355,0.97315361,0.033352263,21,16
s-diurnal-short,base,scaling,target_tracking,7,c9bbc3ebbeac,0,128776,128776,0,0,0,0,0,69.234409,1.0958134,0.031952309,0.16172328,0.90213778,0.028631292,0.063904619,0.11984593,0.014157815,0.016172328,0.017307156,13.088542,0.015848932,0.050118723,0,0,0.0066025479,0.012471318,0,0,7.4576723,0.97878151,0.033767791,22,16
s-diurnal-short,base,scaling,target_tracking,8,bca4cc587a4e,0,128207,128207,0,0,0,0,0,68.928495,1.0991109,0.031971423,0.1625774,0.90456212,0.028664651,0.063942847,0.12034449,0.014182962,0.01625774,0.017340749,13.329114,0.015848932,0.050118723,0,0,0.0066190244,0.012496234,0,0,7.4777135,0.97532671,0.033967407,19,16
s-diurnal-short,base,scaling,target_tracking,9,198efd7b99d7,0,129114,129114,0,0,0,0,0,69.416129,1.0990495,0.031795358,0.1617129,0.90554127,0.028594104,0.063590716,0.11857312,0.014166886,0.01617129,0.017320206,13.051748,0.015848932,0.050118723,0,0,0.0066024111,0.012465416,0,0,7.4858079,0.97615182,0.033467291,21,16
s-diurnal-short,base,scaling,target_tracking,10,97092a8a0b0f,0,128328,128328,0,0,0,0,0,68.993548,1.1006373,0.031849234,0.16133038,0.90745764,0.028577737,0.063698469,0.12154204,0.014097087,0.016133038,0.017304533,13.065844,0.015848932,0.050118723,0,0,0.0065794904,0.012465282,0,0,7.5016499,0.97228002,0.033109646,22,16
s-diurnal-short,base,scaling,target_tracking,11,1dbb95f94020,0,129003,129003,0,0,0,0,0,69.356452,1.0992741,0.031989441,0.16131096,0.90597372,0.0285885,0.063978882,0.11960213,0.014199134,0.016131096,0.017242571,13.056665,0.015848932,0.050118723,0,0,0.0065891694,0.01248588,0,0,7.4893827,0.97461508,0.033686344,21,16
s-diurnal-short,base,scaling,target_tracking,12,ac5a7b9f073c,0,129157,129157,0,0,0,0,0,69.439247,1.0982045,0.031749295,0.16201729,0.90443789,0.028646295,0.063498591,0.11926968,0.014204128,0.016201729,0.017321217,13.248641,0.015848932,0.050118723,0,0,0.0065973052,0.012497121,0,0,7.4766866,0.97334056,0.033813008,19,16
s-diurnal-short,base,scaling,target_tracking,13,7526b57baf3c,0,129552,129552,0,0,0,0,0,69.651613,1.0986043,0.031751803,0.16159227,0.90526027,0.028655379,0.063503605,0.11775106,0.01418817,0.016159227,0.017232702,13.224471,0.015848932,0.050118723,0,0,0.0065852149,0.012484974,0,0,7.4834849,0.97362927,0.033794627,19,16
s-diurnal-short,base,scaling,target_tracking,14,f01f824f0c84,0,128386,128386,0,0,0,0,0,69.024731,1.0996871,0.031788418,0.16208658,0.90581213,0.028604815,0.063576837,0.11833178,0.014140246,0.016208658,0.017363814,13.104842,0.015848932,0.050118723,0,0,0.0066046573,0.012466504,0,0,7.488047,0.97345038,0.033394552,21,16
s-diurnal-short,base,scaling,target_tracking,15,14a986bbadcc,0,128884,128884,0,0,0,0,0,69.292473,1.0967779,0.031729338,0.16185533,0.90319318,0.028575009,0.063458676,0.1199502,0.014167521,0.016185533,0.017280012,13.093151,0.015848932,0.050118723,0,0,0.0065802369,0.012458547,0,0,7.466397,0.97294439,0.033470414,21,16
s-diurnal-short,base,scaling,target_tracking,16,54a77b34526a,0,128738,128738,0,0,0,0,0,69.213978,1.0996835,0.031875353,0.16139767,0.90641052,0.028599868,0.063750706,0.12022842,0.014153795,0.016139767,0.017290864,12.902329,0.015848932,0.050118723,0,0,0.0066076646,0.012477708,0,0,7.4929936,0.97254818,0.033169359,21,16
s-diurnal-short,base,scaling,target_tracking,17,44d1c7739236,0,128820,128820,0,0,0,0,0,69.258065,1.0954841,0.031963552,0.16211125,0.90140925,0.028673691,0.063927105,0.11909551,0.014195524,0.016211125,0.017345357,13.185618,0.015848932,0.050118723,0,0,0.0066155451,0.012503683,0,0,7.4516498,0.97844994,0.033859885,22,16
s-diurnal-short,base,scaling,target_tracking,18,7861693bbf37,0,128624,128624,0,0,0,0,0,69.152688,1.0989876,0.031994313,0.16185992,0.90513339,0.028638756,0.063988626,0.11948599,0.014130846,0.016185992,0.017343324,13.018457,0.015848932,0.050118723,0,0,0.0065863678,0.012453733,0,0,7.482436,0.97746902,0.033334703,19,16
s-diurnal-short,base,scaling,target_tracking,19,026c63462702,0,128365,128365,0,0,0,0,0,69.013441,1.0970676,0.031695738,0.1614011,0.90397078,0.02852331,0.063391476,0.11960195,0.014126104,0.01614011,0.017304997,13.205201,0.015848932,0.050118723,0,0,0.0065796178,0.012465746,0,0,7.4728251,0.97632142,0.033213467,20,16
s-diurnal-short,base,scaling,target_tracking,20,38b7eee8c9ce,0,129059,129059,0,0,0,0,0,69.386559,1.0980699,0.031940095,0.16199538,0.90413444,0.028663406,0.063880189,0.11987613,0.014183671,0.016199538,0.017328989,13.162003,0.015848932,0.050118723,0,0,0.0065889068,0.012504572,0,0,7.4741781,0.97673746,0.033661237,20,16
s-diurnal-short,base,scaling,slo_feedback,1,22dc04ac1799,0,128418,128418,0,0,0,0,0.32960333,46.285484,20.589836,18.131031,0.31815889,0.4926297,0.048482218,36.262061,53.903058,0.022990192,0.031815889,0.034759167,47.478537,0.025118864,0.1,0,0,6.1175351,36.223926,0,0,4.0724055,0.96380067,0.12292895,69,16
s-diurnal-short,base,scaling,slo_feedback,2,c75ec4315dcc,0,128638,128638,0,0,0,0,0.26298605,50.972043,20.217241,18.156797,0.31928156,0.42623239,0.052635133,36.313594,56.915512,0.025518394,0.031928156,0.034891076,47.826448,0.025118864,0.1,0,0,5.629688,36.259254,0,0,3.5235211,0.99627594,0.14248044,60,16
s-diurnal-short,base,scaling,slo_feedback,3,1f462fe9f193,0,128453,128453,0,0,0,0,0.3237293,46.703763,13.888884,11.479207,0.31683858,0.47419095,0.046537655,22.958415,47.56615,0.021676364,0.031683858,0.034577558,38.964195,0.025118864,0.1,0,0,5.2476891,22.918828,0,0,3.9199785,0.99674143,0.11686943,62,15
s-diurnal-short,base,scaling,slo_feedback,4,ae4c6bc23dea,0,129154,129154,0,0,0,0,0.31037366,47.886022,22.377036,20.037852,0.31613585,0.47117912,0.047253525,40.075705,58.913694,0.022304844,0.031613585,0.034392638,49.27893,0.025118864,0.1,0,0,6.8383796,40.02879,0,0,3.8950808,0.99662229,0.12020201,62,16
s-diurnal-short,base,scaling,slo_feedback,5,af9fc13b15cf,0,128491,128491,0,0,0,0,0.32487879,46.638172,13.933551,11.514166,0.31692601,0.47806581,0.047277638,23.028331,48.429391,0.021861608,0.031692601,0.0344398,39.261844,0.025118864,0.1,0,0,4.9376764,22.977593,0,0,3.9520107,0.99671103,0.11876294,62,15
s-diurnal-short,base,scaling,slo_feedback,6,cd98289e98cd,0,128346,128346,0,0,0,0,0.32761442,46.396774,22.199753,19.744018,0.31617119,0.50149127,0.0473452,39.488037,55.108833,0.022280694,0.031617119,0.034553103,49.668729,0.025118864,0.1,0,0,6.4843896,39.453537,0,0,4.1456612,0.95796057,0.1200967,70,16
s-diurnal-short,base,scaling,slo_feedback,7,c9bbc3ebbeac,0,128776,128776,0,0,0,0,0.30681959,47.991935,20.881304,18.559478,0.31725758,0.47047077,0.046306832,37.118955,55.28561,0.022477161,0.031725758,0.034482466,47.428123,0.025118864,0.1,0,0,6.4953244,37.081589,0,0,3.889225,0.99685782,0.12143211,62,16
s-diurnal-short,base,scaling,slo_feedback,8,bca4cc587a4e,0,128207,128207,0,0,0,0,0.33176036,46.060753,17.625465,15.15822,0.3166726,0.49177008,0.04875132,30.316441,52.458924,0.023154351,0.03166726,0.034408805,43.701909,0.025118864,0.1,0,0,5.407625,30.274378,0,0,4.0652993,0.96670682,0.12491651,69,16
s-diurnal-short,base,scaling,slo_feedback,9,198efd7b99d7,0,129114,129114,0,0,0,0,0.31623991,47.463978,18.142098,15.783529,0.31775968,0.45960985,0.047862012,31.567058,51.007182,0.022707389,0.031775968,0.034750758,43.788645,0.025118864,0.1,0,0,5.5020769,31.528184,0,0,3.7994414,0.97675321,0.12955185,64,16
s-diurnal-short,base,scaling,slo_feedback,10,97092a8a0b0f,0,128328,128328,0,0,0,0,0.32113023,46.837634,22.843685,20.45256,0.31723667,0.46823702,0.047147262,40.90512,60.119382,0.022500433,0.031723667,0.034610436,50.224937,0.025118864,0.1,0,0,6.7839553,40.857735,0,0,3.8707594,0.99246494,0.12306893,66,16
s-diurnal-short,base,scaling,slo_feedback,11,1dbb95f94020,0,129003,129003,0,0,0,0,0.31031061,47.834409,22.012002,19.66958,0.31763047,0.47323839,0.046974197,39.33916,60.697626,0.022181101,0.031763047,0.034605403,50.046625,0.025118864,0.1,0,0,6.9969609,39.294451,0,0,3.912104,0.99640693,0.1208528,62,16
s-diurnal-short,base,scaling,slo_feedback,12,ac5a7b9f073c,0,129157,129157,0,0,0,0,0.32671864,46.752151,14.895462,12.470396,0.31728527,0.47418747,0.046357141,24.940792,54.105412,0.022029353,0.031728527,0.034736354,42.268511,0.025118864,0.1,0,0,5.7371025,24.89676,0,0,3.9199498,0.99675888,0.11988061,62,15
s-diurnal-short,base,scaling,slo_feedback,13,7526b57baf3c,0,129552,129552,0,0,0,0,0.31661418,47.598925,21.243764,18.844249,0.31781605,0.49862763,0.047955743,37.688499,54.836758,0.022733507,0.031781605,0.034714906,48.596304,0.025118864,0.1,0,0,6.1770584,37.655965,0,0,4.1219884,0.95828777,0.12300242,70,16
s-diurnal-short,base,scaling,slo_feedback,14,f01f824f0c84,0,128386,128386,0,0,0,0,0.32325176,46.712366,19.795517,17.363751,0.31552428,0.49998339,0.047963474,34.727502,57.996904,0.02275358,0.031552428,0.034320484,45.954151,0.025118864,0.1,0,0,5.7193922,34.681729,0,0,4.133196,0.95960515,0.12035211,71,16
s-diurnal-short,base,scaling,slo_feedback,15,14a986bbadcc,0,128884,128884,0,0,0,0,0.33969306,45.754301,17.103108,14.603541,0.31972775,0.48137413,0.050863069,29.207082,54.643934,0.023696361,0.031972775,0.03513739,43.839322,0.025118864,0.1,0,0,5.5643981,29.166903,0,0,3.9793594,0.95539564,0.1272239,66,15
s-diurnal-short,base,scaling,slo_feedback,16,54a77b34526a,0,128738,128738,0,0,0,0,0.29225248,48.986022,22.230937,19.959903,0.31714939,0.49262195,0.046820843,39.919806,57.931196,0.022477128,0.031714939,0.034339956,50.640364,0.025118864,0.1,0,0,6.4765612,39.865861,0,0,4.0723414,0.96151679,0.12171878,70,16
s-diurnal-short,base,scaling,slo_feedback,17,44d1c7739236,0,128820,128820,0,0,0,0,0.29666201,48.711828,22.861405,20.620525,0.31896417,0.43860545,0.053000164,41.24105,59.389636,0.024459889,0.031896417,0.034811659,51.215304,0.025118864,0.1,0,0,6.6014521,41.201465,0,0,3.6258051,0.97772747,0.13949872,59,16
s-diurnal-short,base,scaling,slo_feedback,18,7861693bbf37,0,128624,128624,0,0,0,0,0.31424928,47.421505,20.452973,18.074547,0.31700744,0.49017273,0.047052674,36.149094,52.583621,0.022386103,0.031700744,0.034491563,46.287554,0.025118864,0.1,0,0,5.6090949,36.101365,0,0,4.0520946,0.96509656,0.12267816,70,16
s-diurnal-short,base,scaling,slo_feedback,19,026c63462702,0,128365,128365,0,0,0,0,0.28141627,49.591935,20.628626,18.473698,0.31771622,0.43013,0.051894777,36.947396,56.16688,0.025022041,0.031771622,0.034473207,47.156083,0.025118864,0.1,0,0,5.7304429,36.904266,0,0,3.5557414,0.99651139,0.13603404,56,16
s-diurnal-short,base,scaling,slo_feedback,20,38b7eee8c9ce,0,129059,129059,0,0,0,0,0.32663356,46.722581,13.488851,11.048542,0.31822258,0.48891862,0.046379536,22.097085,49.155803,0.021972996,0.031822258,0.0346994,39.155622,0.025118864,0.1,0,0,5.079879,22.048327,0,0,4.0417273,0.9969165,0.11561882,64,15
s-diurnal-short,base,scaling,predictive,1,22dc04ac1799,0,128418,128418,0,0,0,0,0,69.041935,0.81198331,0.033337851,0.17623759,0.60240787,0.030249217,0.066675701,0.12531807,0.015455159,0.017623759,0.019677456,14.512585,0.015848932,0.050118723,0,0,0.00734251,0.013426858,0,0,4.9799051,0.9975338,0.058787662,70,17
s-diurnal-short,base,scaling,predictive,2,c75ec4315dcc,0,128638,128638,0,0,0,0,0.0022232933,69.006452,0.83625221,0.034657793,0.18094006,0.60953789,0.03044596,0.069315586,0.14288608,0.015487305,0.018094006,0.023505237,14.778466,0.015848932,0.063095734,0,0,0.0160574,0.013612833,0,0,5.0388465,0.99763207,0.059858353,84,16
s-diurnal-short,base,scaling,predictive,3,1f462fe9f193,0,128453,128453,0,0,0,0,0,69.060753,0.82674353,0.034001489,0.18673872,0.60600332,0.030461815,0.068002978,0.1304013,0.015493009,0.018673872,0.023655228,14.520279,0.015848932,0.063095734,0,0,0.0075398751,0.013647076,0,0,5.0096275,0.99764953,0.060089661,84,17
s-diurnal-short,base,scaling,predictive,4,ae4c6bc23dea,0,129154,129154,0,0,0,0,0,69.437634,0.83403261,0.034590572,0.19060855,0.60883349,0.030620825,0.069181144,0.12910733,0.01556058,0.019060855,0.025696667,14.589618,0.015848932,0.063095734,0,0,0.0076261671,0.013719229,0,0,5.0330235,0.99758755,0.061064733,90,16
s-diurnal-short,base,scaling,predictive,5,af9fc13b15cf,0,128491,128491,0,0,0,0,0.0016343557,68.96828,0.83643515,0.035055655,0.18362974,0.60957798,0.030376724,0.070111311,0.1536801,0.015446674,0.018362974,0.025339927,14.757973,0.015848932,0.063095734,0,0,0.014673888,0.013623749,0,0,5.039178,0.99760634,0.060003813,78,17
s-diurnal-short,base,scaling,predictive,6,cd98289e98cd,0,128346,128346,0,0,0,0,0.0043164571,68.705376,0.84788173,0.036037975,0.18030096,0.60996051,0.030360564,0.072075951,0.36041239,0.015453716,0.018030096,0.028750556,14.822266,0.015848932,0.063095734,0,0,0.026395958,0.013687066,0,0,5.0423402,0.99730663,0.059753115,78,16
s-diurnal-short,base,scaling,predictive,7,c9bbc3ebbeac,0,128776,128776,0,0,0,0,0,69.234409,0.82741175,0.034461867,0.18627145,0.60667843,0.03038256,0.068923735,0.13000748,0.015429105,0.018627145,0.025059725,14.588089,0.015848932,0.063095734,0,0,0.0075374914,0.013604212,0,0,5.0152084,0.99778509,0.059885747,82,16
s-diurnal-short,base,scaling,predictive,8,bca4cc587a4e,0,128207,128207,0,0,0,0,0,68.928495,0.82023135,0.033686348,0.18033656,0.60620844,0.030434726,0.067372696,0.12687588,0.015594898,0.018033656,0.019647395,14.718418,0.015848932,0.063095734,0,0,0.0074207345,0.013573542,0,0,5.0113231,0.99737361,0.061108601,94,17
s-diurnal-short,base,scaling,predictive,9,198efd7b99d7,0,129114,129114,0,0,0,0,9.2941122e-05,69.409677,0.82455804,0.034499768,0.18245369,0.60713987,0.030411949,0.068999535,0.13841595,0.015489664,0.018245369,0.023954717,14.584231,0.015848932,0.063095734,0,0,0.009706922,0.013597302,0,0,5.019023,0.99707236,0.059764881,78,16
s-diurnal-short,base,scaling,predictive,10,97092a8a0b0f,0,128328,128328,0,0,0,0,0.012226482,68.15,0.90320405,0.037662909,0.19076053,0.6136482,0.030535451,0.075325818,3.2359019,0.015538825,0.019076053,0.028807602,15.244315,0.015848932,0.063095734,0,0,0.10080416,0.013926038,0,0,5.0728251,0.99752135,0.060879194,94,17
s-diurnal-short,base,scaling,predictive,11,1dbb95f94020,0,129003,129003,0,0,0,0,0,69.356452,0.81354318,0.033655615,0.17736786,0.6025197,0.030253621,0.06731123,0.12717202,0.015459091,0.017736786,0.020309718,14.436907,0.015848932,0.063095734,0,0,0.0073597156,0.013438703,0,0,4.9808295,0.997339,0.059250014,80,16
s-diurnal-short,base,scaling,predictive,12,ac5a7b9f073c,0,129157,129157,0,0,0,0,0.014943054,68.401613,0.90682285,0.040034384,0.17995684,0.61211636,0.030465034,0.080068769,3.371361,0.015488368,0.017995684,0.029522522,14.996714,0.015848932,0.063095734,0,0,0.074760925,0.013908363,0,0,5.0601619,0.99740383,0.060836285,82,16
s-diurnal-short,base,scaling,predictive,13,7526b57baf3c,0,129552,129552,0,0,0,0,0.0026784612,69.465054,0.84460637,0.034826321,0.18085289,0.61553485,0.030318806,0.069652641,0.15718988,0.015430707,0.018085289,0.025254941,14.71086,0.015848932,0.063095734,0,0,0.019016725,0.013595045,0,0,5.0884214,0.99748526,0.059324379,84,16
s-diurnal-short,base,scaling,predictive,14,f01f824f0c84,0,128386,128386,0,0,0,0,0.0013397099,68.932258,0.83199516,0.035247512,0.18173514,0.60831395,0.030376475,0.070495024,0.16373709,0.015460557,0.018173514,0.027186219,14.731188,0.015848932,0.063095734,0,0,0.01440083,0.013640768,0,0,5.0287287,0.99740774,0.059982745,78,16
s-diurnal-short,base,scaling,predictive,15,14a986bbadcc,0,128884,128884,0,0,0,0,0,69.292473,0.8229811,0.034532934,0.18040035,0.60804782,0.030354335,0.069065868,0.14148614,0.015542839,0.018040035,0.023573264,14.62952,0.015848932,0.063095734,0,0,0.0094663924,0.013614435,0,0,5.0265286,0.99723866,0.0602039,86,16
s-diurnal-short,base,scaling,predictive,16,54a77b34526a,0,128738,128738,0,0,0,0,0,69.213978,0.81929691,0.033798663,0.18532646,0.60017179,0.030424216,0.067597327,0.12887482,0.015587504,0.018532646,0.02055555,14.393002,0.015848932,0.063095734,0,0,0.0074529429,0.013608311,0,0,4.9614201,0.99763936,0.060494582,86,17
s-diurnal-short,base,scaling,predictive,17,44d1c7739236,0,128820,128820,0,0,0,0,0,69.258065,0.82822295,0.034232183,0.18257918,0.61141159,0.030437224,0.068464367,0.12987092,0.015512096,0.018257918,0.023783811,14.656782,0.015848932,0.063095734,0,0,0.0077180821,0.013597914,0,0,5.0543358,0.99767773,0.059946731,82,16
s-diurnal-short,base,scaling,predictive,18,7861693bbf37,0,128624,128624,0,0,0,0,0.0014460754,69.052688,0.83244368,0.03509317,0.18349133,0.6066288,0.030436111,0.07018634,0.1559097,0.01553178,0.018349133,0.023184295,14.620235,0.015848932,0.063095734,0,0,0.014469404,0.013637816,0,0,5.0147981,0.99758734,0.060379669,78,16
s-diurnal-short,base,scaling,predictive,19,026c63462702,0,128365,128365,0,0,0,0,0.0023292954,68.852688,0.83381753,0.034391322,0.18151954,0.60626019,0.030376263,0.068782644,0.14352599,0.015531044,0.018151954,0.023052932,14.752734,0.015848932,0.063095734,0,0,0.017186624,0.013627361,0,0,5.0117509,0.99685298,0.060249737,88,16
s-diurnal-short,base,scaling,predictive,20,38b7eee8c9ce,0,129059,129059,0,0,0,0,0,69.386559,0.81773098,0.033615812,0.17895057,0.6051646,0.030352939,0.067231623,0.12680754,0.015499476,0.017895057,0.019843559,14.585803,0.015848932,0.050118723,0,0,0.0073781884,0.013492058,0,0,5.002694,0.99771165,0.059665152,84,17
s-diurnal-long,base,scaling,static_min,1,cd6a9ea6a295,0,30856,7353,0,0,0,23503,0.97809178,0.36344086,564.08311,558.44261,0.68586011,0.064185954,443.36879,1116.8852,1204.6619,0.06012571,0.068586011,0.075652917,1151.6834,0.050118723,0.12589254,0,0,490.31619,1116.7129,0,436,0.53060388,0.99679054,0.90359829,4,5
s-diurnal-long,base,scaling,static_min,2,af370ae18a38,0,30663,7072,0,0,0,23591,0.97769299,0.36774194,583.92195,578.267,0.70281399,0.06366763,454.47302,1156.534,1212.3152,0.060923766,0.070281399,0.078231871,1180.5854,0.050118723,0.12589254,0,0,503.87074,1156.2285,0,534,0.52631907,0.99837682,0.91558027,4,5
s-diurnal-long,base,scaling,static_min,3,f2bbaf1837b9,0,30781,7337,0,0,0,23444,0.98271661,0.28602151,577.16661,571.50401,0.68494195,0.064078656,482.00242,1143.008,1202.0205,0.060969255,0.068494195,0.07622201,1171.0964,0.050118723,0.12589254,0,0,510.83667,1142.735,0,441,0.52971689,0.99595561,0.91046963,4,5
s-diurnal-long,base,scaling,static_min,4,d759381a12f3,0,30875,7435,0,0,0,23440,0.97693927,0.3827957,574.0313,568.39178,0.69141003,0.063419915,457.57679,1136.7836,1201.5323,0.061121911,0.069141003,0.07707177,1161.7894,0.050118723,0.12589254,0,0,498.91505,1136.6964,0,416,0.5242713,0.99711567,0.91372006,4,5
s-diurnal-long,base,scaling,static_min,5,34a035584e57,0,31049,7053,0,0,0,23996,0.98260814,0.29032258,585.25282,579.59206,0.68296314,0.064758805,471.37278,1159.1841,1220.6633,0.060974784,0.068296314,0.076625493,1183.7691,0.050118723,0.12589254,0,0,515.44232,1158.8443,0,595,0.53533946,0.99790394,0.91424717,4,5
s-diurnal-long,base,scaling,static_min,6,3c6a68f4d29d,0,30818,7117,0,0,0,23701,0.98280226,0.28494624,583.02295,577.35482,0.69006212,0.064055689,482.41351,1154.7096,1210.6969,0.061365088,0.069006212,0.077208025,1178.4633,0.050118723,0.12589254,0,0,509.7654,1154.628,0,582,0.52952703,0.99835299,0.91721497,4,5
s-diurnal-long,base,scaling,static_min,7,25d72afd44b3,0,31018,7335,0,0,0,23683,0.9791089,0.3483871,575.18884,569.5287,0.70079481,0.063801446,480.61316,1139.0574,1203.6269,0.061243862,0.070079481,0.078549586,1168.052,0.050118723,0.12589254,0,0,508.19418,1138.9459,0,490,0.52742529,0.99746402,0.91648599,4,5
s-diurnal-long,base,scaling,static_min,8,14f667b54ba3,0,30720,7212,0,0,0,23508,0.97981771,0.33333333,577.90872,572.26066,0.68554956,0.063424934,478.47566,1144.5213,1210.5335,0.061052683,0.068554956,0.077139922,1173.8812,0.050118723,0.12589254,0,0,511.12881,1144.3498,0,444,0.52431279,0.99215066,0.92429295,4,5
s-diurnal-long,base,scaling,static_min,9,68d544a813f9,0,30927,7165,0,0,0,23762,0.97697805,0.3827957,586.05417,580.41559,0.68972642,0.063970469,499.59547,1160.8312,1223.4272,0.061758671,0.068972642,0.076410197,1188.2497,0.050118723,0.12589254,0,0,520.1625,1160.6265,0,605,0.52882254,0.99704226,0.9091041,4,5
s-diurnal-long,base,scaling,static_min,10,3fb91df8af2d,0,31317,7337,0,0,0,23980,0.97774372,0.37473118,576.18646,570.54061,0.69317035,0.063957531,484.74474,1141.0812,1215.3224,0.061625204,0.069317035,0.077432462,1168.8986,0.050118723,0.12589254,0,0,506.61372,1140.8736,0,471,0.52871559,0.99828117,0.91288338,4,5
s-diurnal-long,base,scaling,static_min,11,7e0a50e177db,0,30779,7300,0,0,0,23479,0.97865428,0.35322581,577.17066,571.5115,0.7023269,0.063562749,461.36432,1143.023,1211.9489,0.061236539,0.07023269,0.079084302,1172.2117,0.050118723,0.12589254,0,0,496.56648,1142.9233,0,489,0.52545206,0.99684061,0.92083153,4,5
s-diurnal-long,base,scaling,static_min,12,79f185a6d09c,0,31113,7335,0,0,0,23778,0.97531578,0.41290323,572.85657,567.21134,0.70444121,0.064211518,466.86945,1134.4227,1206.7673,0.061678535,0.070444121,0.079149777,1162.9103,0.050118723,0.12589254,0,0,499.55237,1134.2558,0,540,0.53081522,0.99851351,0.90605029,4,5
s-diurnal-long,base,scaling,static_min,13,770f6eeb7b47,0,31027,7227,0,0,0,23800,0.97721339,0.38010753,576.43104,570.79101,0.69021146,0.063751781,487.69755,1141.582,1204.4184,0.061502658,0.069021146,0.07705089,1168.6737,0.050118723,0.12589254,0,0,516.89635,1141.3942,0,485,0.52701472,0.9963866,0.91364847,4,5
s-diurnal-long,base,scaling,static_min,14,7bd8e08cdb32,0,30762,7179,0,0,0,23583,0.97847994,0.35591398,573.11119,567.47065,0.68411718,0.064019024,471.88931,1134.9413,1210.8021,0.060706673,0.068411718,0.076328991,1159.7934,0.050118723,0.12589254,0,0,502.25575,1134.7383,0,493,0.52922393,0.99448184,0.91311184,4,5
s-diurnal-long,base,scaling,static_min,15,1a30b0a9889a,0,30615,7339,0,0,0,23276,0.9763188,0.38978495,575.9577,570.31578,0.69651548,0.063813513,476.29212,1140.6316,1202.9894,0.061407892,0.069651548,0.077180751,1169.8095,0.050118723,0.12589254,0,0,504.47862,1140.427,0,461,0.52752504,0.9986905,0.9135769,4,5
s-diurnal-long,base,scaling,static_min,16,a40c724da47e,0,30894,7424,0,0,0,23470,0.97957532,0.33924731,575.98269,570.32037,0.69999368,0.064450043,471.68865,1140.6407,1204.2082,0.06191646,0.069999368,0.078311267,1167.552,0.050118723,0.12589254,0,0,505.93976,1140.3512,0,427,0.53278702,0.99764566,0.90650582,4,5
s-diurnal-long,base,scaling,static_min,17,dc780cd9f3e3,0,30963,7302,0,0,0,23661,0.97726319,0.37849462,574.89157,569.23566,0.70548792,0.064114467,465.71747,1138.4713,1205.9361,0.061898403,0.070548792,0.078384074,1167.677,0.050118723,0.12589254,0,0,501.41249,1138.2922,0,492,0.53001293,0.99917541,0.90269946,4,5
s-diurnal-long,base,scaling,static_min,18,0dfde0779b2d,0,31012,7103,0,0,0,23909,0.97804076,0.36612903,576.74523,571.09683,0.69449217,0.063708994,469.60996,1142.1937,1207.2624,0.061366507,0.069449217,0.078268937,1172.8969,0.050118723,0.12589254,0,0,508.29915,1141.9891,0,594,0.52666102,0.99836985,0.92513395,4,5
s-diurnal-long,base,scaling,static_min,19,ab7e47212bf9,0,30850,7279,0,0,0,23571,0.97371151,0.43602151,570.62513,564.99386,0.69658611,0.066129423,465.08406,1129.9877,1208.6916,0.061419401,0.069658611,0.077516625,1159.1336,0.050118723,0.12589254,0,0,496.16319,1129.814,0,469,0.54666989,0.99764201,0.87576362,4,5
s-diurnal-long,base,scaling,static_min,20,993177e8d964,0,31007,7311,0,0,0,23696,0.98042378,0.32634409,567.25661,561.59461,0.69625381,0.063628152,446.54204,1123.1892,1207.4451,0.061270235,0.069625381,0.078241276,1151.7094,0.050118723,0.12589254,0,0,489.87412,1122.942,0,424,0.52599272,0.99615909,0.92402615,4,5
s-diurnal-long,base,scaling,static_tuned,1,cd6a9ea6a295,0,30856,30856,0,0,0,0,0,16.589247,1.088938,0.14735429,0.25509179,0.68649194,0.10408328,0.29470859,0.47410721,0.019967201,0.025509179,0.028235093,36.861618,0.019952623,0.1,0,0,0.010416254,0.017439098,0,0,5.675,0.96815721,0.12178704,6,11
s-diurnal-long,base,scaling,static_tuned,2,af370ae18a38,0,30663,30663,0,0,0,0,0,16.485484,1.105021,0.14814225,0.27038681,0.68649194,0.10501109,0.29628449,0.48393682,0.019834846,0.027038681,0.030023995,37.503138,0.019952623,0.1,0,0,0.010734851,0.018146554,0,0,5.675,0.97130136,0.12433951,6,11
s-diurnal-long,base,scaling,static_tuned,3,f2bbaf1837b9,0,30781,30781,0,0,0,0,0,16.548925,1.0952132,0.14595696,0.26276427,0.68649194,0.10150693,0.29191392,0.47246557,0.019659572,0.026276427,0.028783769,37.605024,0.019952623,0.1,0,0,0.010346658,0.017727259,0,0,5.675,0.96902149,0.12340113,6,11
s-diurnal-long,base,scaling,static_tuned,4,d759381a12f3,0,30875,30875,0,0,0,0,0,16.599462,1.0988784,0.14839912,0.26398729,0.68649194,0.10331833,0.29679825,0.47152777,0.019859712,0.026398729,0.029364856,36.345838,0.019952623,0.1,0,0,0.010499547,0.017775629,0,0,5.675,0.96970203,0.12322956,6,11
s-diurnal-long,base,scaling,static_tuned,5,34a035584e57,0,31049,31049,0,0,0,0,0,16.693011,1.095679,0.1486553,0.26053177,0.68649194,0.10405041,0.2973106,0.47400485,0.019935691,0.026053177,0.029020824,36.977924,0.019952623,0.1,0,0,0.010520368,0.017536201,0,0,5.675,0.96527317,0.12426453,6,11
s-diurnal-long,base,scaling,static_tuned,6,3c6a68f4d29d,0,30818,30818,0,0,0,0,0,16.568817,1.1011079,0.14762123,0.26699471,0.68649194,0.1049356,0.29524247,0.47523529,0.020167283,0.026699471,0.029365255,38.473309,0.019952623,0.1,0,0,0.010770014,0.018079832,0,0,5.675,0.9661186,0.12686953,6,11
s-diurnal-long,base,scaling,static_tuned,7,25d72afd44b3,0,31018,31018,0,0,0,0,0,16.676344,1.1025989,0.14996456,0.26614242,0.68649194,0.10424953,0.29992913,0.48187352,0.019804526,0.026614242,0.029362774,36.44922,0.019952623,0.1,0,0,0.010599954,0.017869743,0,0,5.675,0.96948149,0.1238547,6,11
s-diurnal-long,base,scaling,static_tuned,8,14f667b54ba3,0,30720,30720,0,0,0,0,0,16.516129,1.0963737,0.14802339,0.26185834,0.68649194,0.10219905,0.29604678,0.47940242,0.01978187,0.026185834,0.028879109,36.455722,0.019952623,0.1,0,0,0.010573607,0.01769183,0,0,5.675,0.97136396,0.12260939,6,11
s-diurnal-long,base,scaling,static_tuned,9,68d544a813f9,0,30927,30927,0,0,0,0,0,16.627419,1.0859471,0.1472131,0.25224209,0.68649194,0.10250537,0.2944262,0.46477053,0.019849981,0.025224209,0.027972991,36.367546,0.019952623,0.1,0,0,0.010215596,0.017394055,0,0,5.675,0.96911293,0.12191894,6,11
s-diurnal-long,base,scaling,static_tuned,10,3fb91df8af2d,0,31317,31317,0,0,0,0,0,16.837097,1.0907308,0.14719498,0.25704391,0.68649194,0.10491442,0.29438997,0.46749805,0.01963242,0.025704391,0.0285022,35.689936,0.019952623,0.1,0,0,0.010257613,0.017522197,0,0,5.675,0.96728944,0.12243204,6,11
s-diurnal-long,base,scaling,static_tuned,11,7e0a50e177db,0,30779,30779,0,0,0,0,0,16.547849,1.1009946,0.15037973,0.26412289,0.68649194,0.10470566,0.30075947,0.48461518,0.020193452,0.026412289,0.028910077,37.206118,0.019952623,0.1,0,0,0.010397841,0.0176438,0,0,5.675,0.97026479,0.12602966,6,11
s-diurnal-long,base,scaling,static_tuned,12,79f185a6d09c,0,31113,31113,0,0,0,0,0,16.727419,1.0975951,0.14909592,0.26200723,0.68649194,0.10308618,0.29819184,0.46131848,0.019880553,0.026200723,0.028950219,36.087351,0.019952623,0.1,0,0,0.010533849,0.017690186,0,0,5.675,0.97017584,0.12347207,6,11
s-diurnal-long,base,scaling,static_tuned,13,770f6eeb7b47,0,31027,31027,0,0,0,0,0,16.681183,1.1037616,0.148781,0.26848863,0.68649194,0.10636172,0.29756199,0.47748362,0.019995847,0.026848863,0.029534568,38.0572,0.019952623,0.1,0,0,0.010788652,0.018123765,0,0,5.675,0.96979673,0.12739931,6,11
s-diurnal-long,base,scaling,static_tuned,14,7bd8e08cdb32,0,30762,30762,0,0,0,0,0,16.53871,1.0910133,0.1470762,0.25744512,0.68649194,0.10361641,0.29415241,0.45371136,0.019869782,0.025744512,0.028277229,36.726244,0.019952623,0.1,0,0,0.010278096,0.01740252,0,0,5.675,0.97296684,0.12284461,6,11
s-diurnal-long,base,scaling,static_tuned,15,1a30b0a9889a,0,30615,30615,0,0,0,0,0,16.459677,1.0938284,0.14651181,0.26082469,0.68649194,0.10293797,0.29302363,0.46214743,0.019604086,0.026082469,0.02873469,36.771263,0.019952623,0.1,0,0,0.010281858,0.017564078,0,0,5.675,0.96997257,0.12145065,6,11
s-diurnal-long,base,scaling,static_tuned,16,a40c724da47e,0,30894,30894,0,0,0,0,0,16.609677,1.0890259,0.147338,0.25519596,0.68649194,0.10404789,0.29467599,0.48249623,0.019764441,0.025519596,0.028149597,34.990161,0.019952623,0.1,0,0,0.010412447,0.017293354,0,0,5.675,0.97280683,0.11933139,6,11
s-diurnal-long,base,scaling,static_tuned,17,dc780cd9f3e3,0,30963,30963,0,0,0,0,0,16.646774,1.0983354,0.1479302,0.26391331,0.68649194,0.10443913,0.29586041,0.45462067,0.019996838,0.026391331,0.02915045,36.792029,0.019952623,0.1,0,0,0.010288337,0.017698345,0,0,5.675,0.9664251,0.12378479,6,11
s-diurnal-long,base,scaling,static_tuned,18,0dfde0779b2d,0,31012,31012,0,0,0,0,0,16.673118,1.1076196,0.14777107,0.27335658,0.68649194,0.10381504,0.29554213,0.47872,0.019764819,0.027335658,0.030031661,37.246061,0.019952623,0.1,0,0,0.010625077,0.018107184,0,0,5.675,0.97405949,0.12512138,6,11
s-diurnal-long,base,scaling,static_tuned,19,ab7e47212bf9,0,30850,30850,0,0,0,0,0,16.586022,1.0963686,0.14861473,0.26126193,0.68649194,0.10529323,0.29722947,0.4799821,0.019980997,0.026126193,0.028997566,36.751531,0.019952623,0.1,0,0,0.010503412,0.017762631,0,0,5.675,0.96939347,0.12470811,6,11
s-diurnal-long,base,scaling,static_tuned,20,993177e8d964,0,31007,31007,0,0,0,0,0,16.67043,1.1087865,0.14931434,0.27298023,0.68649194,0.10487315,0.29862868,0.48656152,0.020045966,0.027298023,0.030096966,37.773029,0.019952623,0.1,0,0,0.010554438,0.017910643,0,0,5.675,0.96838252,0.12713963,6,11
s-diurnal-long,base,scaling,static_peak_oracle,1,cd6a9ea6a295,0,30856,30856,0,0,0,0,0,16.589247,1.0657378,0.15313391,0.28844392,0.62415995,0.10674283,0.30626782,0.48452882,0.022012136,0.028844392,0.031818135,40.41948,0.019952623,0.1,0,0,0.011766299,0.020011828,0,0,5.1597222,0.96946595,0.1465649,5,10
s-diurnal-long,base,scaling,static_peak_oracle,2,af370ae18a38,0,30663,30663,0,0,0,0,0,16.485484,1.0903931,0.15397661,0.3122565,0.62415995,0.10790706,0.30795323,0.49185469,0.021836108,0.03122565,0.034529619,41.313363,0.019952623,0.1,0,0,0.012115587,0.021321728,0,0,5.1597222,0.97259221,0.15017727,5,10
s-diurnal-long,base,scaling,static_peak_oracle,3,f2bbaf1837b9,0,30781,30781,0,0,0,0,0,16.548925,1.0775389,0.15297215,0.30040679,0.62415995,0.10528218,0.30594431,0.48763958,0.021641458,0.030040679,0.03327766,41.519873,0.019952623,0.1,0,0,0.012039679,0.020657415,0,0,5.1597222,0.97010364,0.14896425,5,10
s-diurnal-long,base,scaling,static_peak_oracle,4,d759381a12f3,0,30875,30875,0,0,0,0,0,16.599462,1.0828694,0.15575643,0.30295298,0.62415995,0.10670039,0.31151285,0.49273206,0.021817612,0.030295298,0.033632449,40.352869,0.019952623,0.1,0,0,0.012177005,0.021107956,0,0,5.1597222,0.97113656,0.14870692,5,10
s-diurnal-long,base,scaling,static_peak_oracle,5,34a035584e57,0,31049,31049,0,0,0,0,0,16.693011,1.0763982,0.15562982,0.29660844,0.62415995,0.10720521,0.31125965,0.49077721,0.021935354,0.029660844,0.033184882,40.816089,0.019952623,0.1,0,0,0.012257032,0.020410484,0,0,5.1597222,0.96675397,0.14964551,5,10
s-diurnal-long,base,scaling,static_peak_oracle,6,3c6a68f4d29d,0,30818,30818,0,0,0,0,0,16.568817,1.0873566,0.15443737,0.30875926,0.62415995,0.10783624,0.30887475,0.49167733,0.022225853,0.030875926,0.033810489,42.774175,0.019952623,0.1,0,0,0.012293981,0.021207357,0,0,5.1597222,0.96709417,0.15347665,5,10
s-diurnal-long,base,scaling,static_peak_oracle,7,25d72afd44b3,0,31018,31018,0,0,0,0,0,16.676344,1.0887998,0.15745344,0.30718642,0.62415995,0.10734948,0.31490687,0.49373526,0.021709072,0.030718642,0.033893794,40.355438,0.019952623,0.1,0,0,0.012278849,0.020956211,0,0,5.1597222,0.97190315,0.1497205,5,10
s-diurnal-long,base,scaling,static_peak_oracle,8,14f667b54ba3,0,30720,30720,0,0,0,0,0,16.516129,1.077776,0.15524618,0.29836986,0.62415995,0.10599425,0.31049235,0.49694648,0.02175931,0.029836986,0.033047227,40.038705,0.019952623,0.1,0,0,0.012378424,0.020733762,0,0,5.1597222,0.9729787,0.14783874,5,10
s-diurnal-long,base,scaling,static_peak_oracle,9,68d544a813f9,0,30927,30927,0,0,0,0,0,16.627419,1.0650111,0.15371586,0.28713529,0.62415995,0.10593736,0.30743171,0.4875354,0.021895276,0.028713529,0.031830789,39.998627,0.019952623,0.1,0,0,0.011815072,0.019827765,0,0,5.1597222,0.96979731,0.14656159,5,10
s-diurnal-long,base,scaling,static_peak_oracle,10,3fb91df8af2d,0,31317,31317,0,0,0,0,0,16.837097,1.0739877,0.15450756,0.29532017,0.62415995,0.10809754,0.30901511,0.49100755,0.021544779,0.029532017,0.032735947,39.384783,0.019952623,0.1,0,0,0.012179092,0.020705246,0,0,5.1597222,0.96805509,0.14739424,5,10
s-diurnal-long,base,scaling,static_peak_oracle,11,7e0a50e177db,0,30779,30779,0,0,0,0,0,16.547849,1.0848014,0.15740963,0.30323177,0.62415995,0.1075458,0.31481927,0.49952233,0.022237197,0.030323177,0.0329685,41.066295,0.019952623,0.1,0,0,0.012096406,0.020611411,0,0,5.1597222,0.97272381,0.15208513,5,10
s-diurnal-long,base,scaling,static_peak_oracle,12,79f185a6d09c,0,31113,31113,0,0,0,0,0,16.727419,1.0804437,0.15565021,0.3006335,0.62415995,0.10680418,0.31130041,0.48743766,0.021812999,0.03006335,0.033182595,40.03384,0.019952623,0.1,0,0,0.012251945,0.020958101,0,0,5.1597222,0.97081318,0.14890106,5,10
s-diurnal-long,base,scaling,static_peak_oracle,13,770f6eeb7b47,0,31027,31027,0,0,0,0,0,16.681183,1.0897717,0.15665948,0.30895228,0.62415995,0.10929733,0.31331896,0.4939211,0.021968875,0.030895228,0.03411246,42.297098,0.019952623,0.1,0,0,0.012238061,0.021204856,0,0,5.1597222,0.97063275,0.15428189,5,10
s-diurnal-long,base,scaling,static_peak_oracle,14,7bd8e08cdb32,0,30762,30762,0,0,0,0,0,16.53871,1.070451,0.15298378,0.29330729,0.62415995,0.10670552,0.30596756,0.48421525,0.021931804,0.029330729,0.032393751,40.377689,0.019952623,0.1,0,0,0.011837126,0.020090017,0,0,5.1597222,0.97229361,0.14773034,5,10
s-diurnal-long,base,scaling,static_peak_oracle,15,1a30b0a9889a,0,30615,30615,0,0,0,0,0,16.459677,1.0761037,0.15287999,0.2990638,0.62415995,0.1057146,0.30575997,0.48179061,0.02149097,0.02990638,0.03292719,40.692466,0.019952623,0.1,0,0,0.011886051,0.020554581,0,0,5.1597222,0.97212776,0.14627793,5,10
s-diurnal-long,base,scaling,static_peak_oracle,16,a40c724da47e,0,30894,30894,0,0,0,0,0,16.609677,1.0685867,0.15367151,0.29075529,0.62415995,0.10690908,0.30734302,0.4949309,0.021718404,0.029075529,0.032145477,38.434745,0.019952623,0.1,0,0,0.012023122,0.019887493,0,0,5.1597222,0.97408614,0.14336911,5,10
s-diurnal-long,base,scaling,static_peak_oracle,17,dc780cd9f3e3,0,30963,30963,0,0,0,0,0,16.646774,1.0796297,0.1541568,0.30131291,0.62415995,0.10765213,0.3083136,0.4833975,0.02197393,0.030131291,0.033492576,40.882976,0.019952623,0.1,0,0,0.011871698,0.020745002,0,0,5.1597222,0.96803428,0.14936433,5,10
s-diurnal-long,base,scaling,static_peak_oracle,18,0dfde0779b2d,0,31012,31012,0,0,0,0,0,16.673118,1.0962795,0.15585696,0.31626255,0.62415995,0.10694194,0.31171393,0.4997291,0.021713691,0.031626255,0.034664231,41.229686,0.019952623,0.1,0,0,0.012712579,0.02202537,0,0,5.1597222,0.97423838,0.15128719,5,10
s-diurnal-long,base,scaling,static_peak_oracle,19,ab7e47212bf9,0,30850,30850,0,0,0,0,0,16.586022,1.079397,0.15566311,0.2995739,0.62415995,0.10829705,0.31132622,0.49201008,0.022032878,0.02995739,0.03318902,40.538941,0.019952623,0.1,0,0,0.01223443,0.020501549,0,0,5.1597222,0.97064336,0.15061287,5,10
s-diurnal-long,base,scaling,static_peak_oracle,20,993177e8d964,0,31007,31007,0,0,0,0,0,16.67043,1.0974068,0.15821927,0.3150276,0.62415995,0.10804798,0.31643853,0.49811666,0.022084433,0.03150276,0.035169577,41.822851,0.019952623,0.1,0,0,0.012763133,0.021968239,0,0,5.1597222,0.96901398,0.15386708,5,10
s-diurnal-long,base,scaling,threshold_cooldown,1,cd6a9ea6a295,0,30856,30856,0,0,0,0,0,16.589247,1.0146847,0.1616252,0.30766531,0.54539423,0.11086967,0.32325041,0.50588492,0.023069611,0.030766531,0.036972637,41.868329,0.019952623,0.1,0,0,0.014362437,0.033220295,0,0,4.5085923,0.96898521,0.17861535,12,11
s-diurnal-long,base,scaling,threshold_cooldown,2,af370ae18a38,0,30663,30663,0,0,0,0,0,16.485484,1.11247,0.1641049,0.3398421,0.608523,0.11011037,0.32820981,0.51882029,0.021906708,0.03398421,0.044644112,41.854242,0.019952623,0.1,0,0,0.015084706,0.038318664,0,0,5.0304568,0.96750706,0.16040309,14,13
s-diurnal-long,base,scaling,threshold_cooldown,3,f2bbaf1837b9,0,30781,30781,0,0,0,0,0,16.548925,1.0967347,0.15958712,0.32822108,0.60892651,0.10770807,0.31917424,0.51540103,0.020833824,0.032822108,0.048128943,41.577322,0.019952623,0.1,0,0,0.014351822,0.03147244,0,0,5.0337925,0.96563365,0.15844716,14,13
s-diurnal-long,base,scaling,threshold_cooldown,4,d759381a12f3,0,30875,30875,0,0,0,0,0,16.599462,1.0819837,0.16427045,0.31787831,0.59983492,0.11011058,0.3285409,0.50502283,0.022568762,0.031787831,0.043348057,40.965968,0.019952623,0.1,0,0,0.014694104,0.037207482,0,0,4.9586354,0.9646384,0.16049406,14,13
s-diurnal-long,base,scaling,threshold_cooldown,5,34a035584e57,0,31049,31049,0,0,0,0,0,16.693011,1.165091,0.17076804,0.39059027,0.60373271,0.1116775,0.34153608,0.54158587,0.022554535,0.039059027,0.050196079,42.828917,0.019952623,0.1,0,0,0.017059853,0.045634122,0,0,4.990857,0.9601434,0.16745535,14,13
s-diurnal-long,base,scaling,threshold_cooldown,6,3c6a68f4d29d,0,30818,30818,0,0,0,0,0,16.568817,1.1162199,0.16216084,0.34172463,0.6123344,0.11067701,0.32432169,0.51413897,0.02099393,0.034172463,0.045320199,42.76782,0.019952623,0.1,0,0,0.014858056,0.036265583,0,0,5.0619643,0.9621746,0.1628147,14,13
s-diurnal-long,base,scaling,threshold_cooldown,7,25d72afd44b3,0,31018,31018,0,0,0,0,0,16.676344,1.1117195,0.16592401,0.33943365,0.60636184,0.11031533,0.33184802,0.52395738,0.021138012,0.033943365,0.049078424,40.92076,0.019952623,0.1,0,0,0.015459972,0.040221961,0,0,5.0125912,0.96465326,0.16009505,14,13
s-diurnal-long,base,scaling,threshold_cooldown,8,14f667b54ba3,0,30720,30720,0,0,0,0,0,16.516129,1.1092315,0.16520343,0.33460513,0.60942299,0.10858018,0.33040686,0.51228048,0.021182077,0.033460513,0.047186402,40.573111,0.019952623,0.1,0,0,0.014947369,0.037338022,0,0,5.0378967,0.96861211,0.15793344,14,13
s-diurnal-long,base,scaling,threshold_cooldown,9,68d544a813f9,0,30927,30927,0,0,0,0,0,16.627419,1.1018976,0.16129215,0.32264464,0.61796078,0.10839003,0.3225843,0.50933467,0.020405211,0.032264464,0.045525238,40.136413,0.019952623,0.1,0,0,0.014107811,0.031872661,0,0,5.1084758,0.96579802,0.15337794,14,13
s-diurnal-long,base,scaling,threshold_cooldown,10,3fb91df8af2d,0,31317,31317,0,0,0,0,0,16.837097,1.0886502,0.16915551,0.37516137,0.54433329,0.11383614,0.33831101,0.55169011,0.022986971,0.037516137,0.05317512,42.627445,0.019952623,0.1,0,0,0.017118804,0.04640856,0,0,4.4998218,0.9678882,0.18592381,12,11
s-diurnal-long,base,scaling,threshold_cooldown,11,7e0a50e177db,0,30779,30779,0,0,0,0,0,16.547849,1.1109512,0.16536164,0.33765387,0.60793572,0.11022857,0.33072328,0.51519944,0.021960163,0.033765387,0.039605475,41.653067,0.019952623,0.1,0,0,0.014522465,0.034355061,0,0,5.025602,0.96695022,0.16256765,14,13
s-diurnal-long,base,scaling,threshold_cooldown,12,79f185a6d09c,0,31113,31113,0,0,0,0,0,16.727419,1.1218991,0.16566266,0.34634821,0.60988823,0.10989828,0.33132532,0.51485057,0.020796264,0.034634821,0.047115462,40.544808,0.019952623,0.1,0,0,0.015643472,0.04078742,0,0,5.0417427,0.96704579,0.15872115,14,13
s-diurnal-long,base,scaling,threshold_cooldown,13,770f6eeb7b47,0,31027,31027,0,0,0,0,0,16.681183,1.162321,0.16750481,0.38455095,0.61026529,0.11224679,0.33500961,0.52611219,0.021370976,0.038455095,0.052012632,43.187159,0.019952623,0.1,0,0,0.015939132,0.043242973,0,0,5.0448597,0.9656259,0.16528419,14,13
s-diurnal-long,base,scaling,threshold_cooldown,14,7bd8e08cdb32,0,30762,30762,0,0,0,0,0,16.53871,1.085309,0.15608558,0.31384094,0.61538246,0.10808573,0.31217116,0.49572307,0.020252442,0.031384094,0.036849661,39.114904,0.019952623,0.1,0,0,0.013087685,0.026205398,0,0,5.0871617,0.96896511,0.15226888,14,13
s-diurnal-long,base,scaling,threshold_cooldown,15,1a30b0a9889a,0,30615,30615,0,0,0,0,0,16.459677,1.0844361,0.15856776,0.3126738,0.61319459,0.10815712,0.31713552,0.50460102,0.020933361,0.03126738,0.040940058,39.745805,0.019952623,0.1,0,0,0.013909709,0.029475082,0,0,5.0690752,0.96721756,0.15142898,14,13
s-diurnal-long,base,scaling,threshold_cooldown,16,a40c724da47e,0,30894,30894,0,0,0,0,0,16.609677,1.1279656,0.16775662,0.36131307,0.59889592,0.11096739,0.33551324,0.5156958,0.022383654,0.036131307,0.043132358,41.065197,0.019952623,0.1,0,0,0.015668892,0.042759786,0,0,4.950873,0.96860269,0.16237468,14,13
s-diurnal-long,base,scaling,threshold_cooldown,17,dc780cd9f3e3,0,30963,30963,0,0,0,0,0,16.646774,1.1096369,0.16041815,0.33656483,0.61265395,0.10925765,0.3208363,0.50091316,0.020746992,0.033656483,0.039004123,40.751133,0.019952623,0.1,0,0,0.013949729,0.031092936,0,0,5.064606,0.96230936,0.1559887,14,13
s-diurnal-long,base,scaling,threshold_cooldown,18,0dfde0779b2d,0,31012,31012,0,0,0,0,0,16.673118,1.1065338,0.16341448,0.33666302,0.60645627,0.10997688,0.32682896,0.51549217,0.022198606,0.033666302,0.045372208,42.449189,0.019952623,0.1,0,0,0.01491366,0.037662483,0,0,5.0133718,0.96893335,0.16271848,14,13
s-diurnal-long,base,scaling,threshold_cooldown,19,ab7e47212bf9,0,30850,30850,0,0,0,0,0,16.586022,1.1063925,0.16133576,0.33369823,0.61135849,0.11077101,0.32267152,0.50143353,0.020919628,0.033369823,0.040628399,40.767551,0.019952623,0.1,0,0,0.014023422,0.035178646,0,0,5.0538969,0.96696624,0.158213,14,13
s-diurnal-long,base,scaling,threshold_cooldown,20,993177e8d964,0,31007,31007,0,0,0,0,0,16.67043,1.1098574,0.16360883,0.33219377,0.61405483,0.11036793,0.32721765,0.51436532,0.020792054,0.033219377,0.044332407,41.57993,0.019952623,0.1,0,0,0.014641658,0.036316378,0,0,5.0761866,0.96522106,0.15878204,14,13
s-diurnal-long,base,scaling,target_tracking,1,cd6a9ea6a295,0,30856,30856,0,0,0,0,0,16.589247,1.1265008,0.13928424,0.18640346,0.80081306,0.098765703,0.27856848,0.43136578,0.016143501,0.018640346,0.021098227,30.091462,0.015848932,0.1,0,0,0.0079392888,0.013556299,0,0,6.6200546,0.98549422,0.088578098,27,16
s-diurnal-long,base,scaling,target_tracking,2,af370ae18a38,0,30663,30663,0,0,0,0,0,16.485484,1.1387316,0.13835028,0.19007833,0.81030296,0.10002928,0.27670056,0.44504429,0.016084687,0.019007833,0.021192385,30.114408,0.015848932,0.1,0,0,0.0081556324,0.013706253,0,0,6.6985045,0.9890761,0.088511612,28,16
s-diurnal-long,base,scaling,target_tracking,3,f2bbaf1837b9,0,30781,30781,0,0,0,0,0,16.548925,1.1337609,0.1367321,0.19024606,0.80678277,0.09616733,0.27346421,0.43940669,0.016080347,0.019024606,0.02127256,30.454778,0.015848932,0.1,0,0,0.0078706549,0.013729302,0,0,6.6694042,0.98623803,0.08863849,27,16
s-diurnal-long,base,scaling,target_tracking,4,d759381a12f3,0,30875,30875,0,0,0,0,0,16.599462,1.1344012,0.13844734,0.19103737,0.80491645,0.098393315,0.27689468,0.44253463,0.01610338,0.019103737,0.021219629,29.58056,0.015848932,0.1,0,0,0.0080107192,0.013678305,0,0,6.653976,0.98722908,0.088445363,28,16
s-diurnal-long,base,scaling,target_tracking,5,34a035584e57,0,31049,31049,0,0,0,0,0,16.693011,1.1495899,0.13864032,0.18986542,0.82108413,0.099183494,0.27728064,0.4413635,0.016045072,0.018986542,0.022339339,30.203255,0.015848932,0.1,0,0,0.0080350972,0.01362388,0,0,6.7876288,0.98380207,0.087881243,28,16
s-diurnal-long,base,scaling,target_tracking,6,3c6a68f4d29d,0,30818,30818,0,0,0,0,0.0021740541,16.532796,1.2023826,0.1428665,0.1920487,0.85659717,0.10013151,0.28573299,0.49141583,0.016022197,0.01920487,0.035913849,31.330207,0.015848932,0.1,0,0,0.016381644,0.013917973,0,6,7.0812032,0.98496626,0.085575003,29,16
s-diurnal-long,base,scaling,target_tracking,7,25d72afd44b3,0,31018,31018,0,0,0,0,0,16.676344,1.1437612,0.14056399,0.19393922,0.80925795,0.099270541,0.28112799,0.44651811,0.016047385,0.019393922,0.021997182,29.56236,0.015848932,0.1,0,0,0.0081491898,0.013736451,0,0,6.6898657,0.98894637,0.088459347,28,16
s-diurnal-long,base,scaling,target_tracking,8,14f667b54ba3,0,30720,30720,0,0,0,0,0,16.516129,1.1307902,0.13866013,0.188806,0.80332408,0.096801759,0.27732026,0.43983174,0.016153329,0.0188806,0.021009948,29.588596,0.015848932,0.1,0,0,0.0080145977,0.013670981,0,0,6.6408124,0.98795393,0.088712995,27,16
s-diurnal-long,base,scaling,target_tracking,9,68d544a813f9,0,30927,30927,0,0,0,0,0,16.627419,1.1449046,0.13935699,0.18668896,0.81885866,0.097922824,0.27871398,0.44548792,0.016066661,0.018668896,0.021655089,29.790983,0.015848932,0.1,0,0,0.00800534,0.013547532,0,0,6.7692316,0.98802183,0.086774627,28,16
s-diurnal-long,base,scaling,target_tracking,10,3fb91df8af2d,0,31317,31317,0,0,0,0,0,16.837097,1.1432598,0.13829774,0.18981929,0.81514278,0.099767268,0.27659549,0.4372191,0.016050502,0.018981929,0.021218416,29.122136,0.015848932,0.1,0,0,0.0078397344,0.013631839,0,0,6.7385136,0.98374116,0.087232054,28,16
s-diurnal-long,base,scaling,target_tracking,11,7e0a50e177db,0,30779,30779,0,0,0,0,0,16.547849,1.1514744,0.14102633,0.19097167,0.8194764,0.099794192,0.28205266,0.45002515,0.016138952,0.019097167,0.021517395,30.380419,0.015848932,0.1,0,0,0.008047791,0.013681329,0,0,6.7743382,0.98674227,0.088596927,28,16
s-diurnal-long,base,scaling,target_tracking,12,79f185a6d09c,0,31113,31113,0,0,0,0,0,16.727419,1.1382288,0.13889926,0.18738151,0.81194807,0.098334427,0.27779853,0.42964948,0.016112929,0.018738151,0.020728953,29.400195,0.015848932,0.1,0,0,0.0079486997,0.013560734,0,0,6.7121041,0.98522293,0.087992794,28,16
s-diurnal-long,base,scaling,target_tracking,13,770f6eeb7b47,0,31027,31027,0,0,0,0,0,16.681183,1.1519722,0.13906645,0.19110378,0.82180198,0.10107373,0.27813289,0.4371067,0.016159895,0.019110378,0.021293279,30.714755,0.015848932,0.1,0,0,0.0079225209,0.013711824,0,0,6.793563,0.98518269,0.088909241,28,16
s-diurnal-long,base,scaling,target_tracking,14,7bd8e08cdb32,0,30762,30762,0,0,0,0,0,16.53871,1.1357185,0.13825818,0.18696897,0.81049137,0.098947136,0.27651636,0.42483998,0.016007762,0.018696897,0.020848763,30.019674,0.015848932,0.1,0,0,0.0079524718,0.013579651,0,0,6.700062,0.98776063,0.088003668,27,16
s-diurnal-long,base,scaling,target_tracking,15,1a30b0a9889a,0,30615,30615,0,0,0,0,0,16.459677,1.1369476,0.13776317,0.18988495,0.80929946,0.098083985,0.27552635,0.42966505,0.0160981,0.018988495,0.021227219,29.859,0.015848932,0.1,0,0,0.0079076487,0.013657355,0,0,6.6902088,0.9868799,0.087406812,27,16
s-diurnal-long,base,scaling,target_tracking,16,a40c724da47e,0,30894,30894,0,0,0,0,0,16.609677,1.1432428,0.13917664,0.18876568,0.81530045,0.098651801,0.27835328,0.44628583,0.015972363,0.018876568,0.021781242,28.735603,0.015848932,0.1,0,0,0.0081848105,0.013567354,0,0,6.739817,0.98918988,0.085444903,28,16
s-diurnal-long,base,scaling,target_tracking,17,dc780cd9f3e3,0,30963,30963,0,0,0,0,0,16.646774,1.1344726,0.13944742,0.19284885,0.80217633,0.099508899,0.27889484,0.43425372,0.016264373,0.019284885,0.02184038,30.457793,0.015848932,0.1,0,0,0.0081758849,0.013799421,0,0,6.6313244,0.98428562,0.089836541,28,16
s-diurnal-long,base,scaling,target_tracking,18,0dfde0779b2d,0,31012,31012,0,0,0,0,0,16.673118,1.1484734,0.13880527,0.19134361,0.8183245,0.098376179,0.27761054,0.43876163,0.015976763,0.019134361,0.021166843,30.154501,0.015848932,0.1,0,0,0.0079495807,0.01365092,0,0,6.7648159,0.98887694,0.08781647,27,16
s-diurnal-long,base,scaling,target_tracking,19,ab7e47212bf9,0,30850,30850,0,0,0,0,0,16.586022,1.137622,0.1389872,0.18942358,0.80921118,0.099916425,0.2779744,0.43929333,0.016205142,0.018942358,0.020867127,29.703913,0.015848932,0.1,0,0,0.0080386641,0.013679004,0,0,6.6894791,0.98585029,0.088961601,27,16
s-diurnal-long,base,scaling,target_tracking,20,993177e8d964,0,31007,31007,0,0,0,0,0,16.67043,1.1550937,0.13997913,0.19529026,0.81982434,0.099918335,0.27995827,0.44569727,0.016105368,0.019529026,0.021736361,30.360605,0.015848932,0.1,0,0,0.0082708155,0.013770671,0,0,6.7772145,0.98469784,0.088988006,28,16
s-diurnal-long,base,scaling,slo_feedback,1,cd6a9ea6a295,0,30856,30856,0,0,0,0,0.27343142,12.053226,17.511116,14.970085,0.6604654,0.51340842,0.16301113,29.94017,70.008949,0.028566739,0.06604654,0.076108003,86.160243,0.025118864,0.12589254,0,0,5.754413,29.773403,0,440,4.2441762,0.976362,0.34540657,60,16
s-diurnal-long,base,scaling,slo_feedback,2,af370ae18a38,0,30663,30663,0,0,0,0,0.26070508,12.187634,18.656913,16.216083,0.6601664,0.47713876,0.16632286,32.432165,68.898014,0.030363101,0.06601664,0.08083092,88.274925,0.025118864,0.12589254,0,0,6.3549091,32.248795,0,481,3.944347,0.99731924,0.36587476,54,16
s-diurnal-long,base,scaling,slo_feedback,3,f2bbaf1837b9,0,30781,30781,0,0,0,0,0.24651571,12.469355,18.036553,15.656607,0.65670784,0.49065898,0.16269834,31.313215,55.951514,0.027728329,0.065670784,0.077629737,80.335761,0.025118864,0.12589254,0,0,4.5348345,31.11813,0,415,4.0561143,0.99703498,0.35510868,55,16
s-diurnal-long,base,scaling,slo_feedback,4,d759381a12f3,0,30875,30875,0,0,0,0,0.22137652,12.924731,16.646857,14.405075,0.67338974,0.46151002,0.16051093,28.810149,62.89281,0.028359148,0.067338974,0.078201499,81.430111,0.025118864,0.12589254,0,0,4.3204186,28.582403,0,396,3.8151495,0.99823145,0.36665319,50,16
s-diurnal-long,base,scaling,slo_feedback,5,34a035584e57,0,31049,31049,0,0,0,0,0.24925118,12.532258,18.07972,15.695197,0.66862099,0.46964616,0.1694873,31.390394,57.173164,0.03252672,0.066862099,0.077230222,84.660531,0.025118864,0.12589254,0,0,6.0467038,31.18222,0,425,3.8824082,0.99803109,0.37720994,50,16
s-diurnal-long,base,scaling,slo_feedback,6,3c6a68f4d29d,0,30818,30818,0,0,0,0,0.27951197,11.937634,21.256708,18.669187,0.67303464,0.51692586,0.17405249,37.338375,56.792429,0.029745955,0.067303464,0.07985105,88.728882,0.025118864,0.12589254,0,0,7.3570175,37.112107,0,451,4.2732538,0.97458253,0.35367007,60,16
s-diurnal-long,base,scaling,slo_feedback,7,25d72afd44b3,0,31018,31018,0,0,0,0,0.28493133,11.924731,21.531132,18.904334,0.68934626,0.51279517,0.179085,37.808668,67.931026,0.030720619,0.068934626,0.082840605,90.089307,0.025118864,0.12589254,0,0,7.8316903,37.605176,0,532,4.2391068,0.97747593,0.35806264,60,16
s-diurnal-long,base,scaling,slo_feedback,8,14f667b54ba3,0,30720,30720,0,0,0,0,0.26891276,12.074731,19.060389,16.529387,0.67372637,0.51271183,0.16466816,33.058774,74.202015,0.028263448,0.067372637,0.078654753,91.093045,0.025118864,0.12589254,0,0,6.9877618,32.816454,0,558,4.2384178,0.9803207,0.35073532,61,16
s-diurnal-long,base,scaling,slo_feedback,9,68d544a813f9,0,30927,30927,0,0,0,0,0.26837391,12.165054,17.261217,14.739205,0.66447683,0.51566647,0.16826375,29.478409,87.675156,0.029811085,0.066447683,0.0750656,93.427198,0.025118864,0.12589254,0,0,6.5284495,29.298131,0,488,4.2628428,0.97721504,0.34818207,61,16
s-diurnal-long,base,scaling,slo_feedback,10,3fb91df8af2d,0,31317,31317,0,0,0,0,0.24220072,12.75914,16.938825,14.542907,0.66811751,0.51679669,0.16031458,29.085815,70.132479,0.027825703,0.066811751,0.078287657,83.608225,0.025118864,0.12589254,0,0,4.9009166,28.860512,0,376,4.272186,0.96737496,0.34195794,62,16
s-diurnal-long,base,scaling,slo_feedback,11,7e0a50e177db,0,30779,30779,0,0,0,0,0.27807921,11.946237,21.325177,18.748986,0.67731719,0.5084776,0.17734215,37.497972,85.457476,0.031695757,0.067731719,0.08054873,95.055729,0.025118864,0.12589254,0,0,7.7350151,37.275476,0,560,4.2034148,0.98829284,0.35776597,59,16
s-diurnal-long,base,scaling,slo_feedback,12,79f185a6d09c,0,31113,31113,0,0,0,0,0.28210073,12.008602,20.794011,18.198307,0.66574158,0.5194584,0.17394702,36.396614,83.630201,0.030619428,0.066574158,0.077047862,95.526361,0.025118864,0.12589254,0,0,8.4359658,36.191145,0,393,4.2941894,0.97536229,0.34977973,62,16
s-diurnal-long,base,scaling,slo_feedback,13,770f6eeb7b47,0,31027,31027,0,0,0,0,0.27698456,12.060753,20.948985,18.370003,0.67649852,0.51756145,0.17603422,36.740005,91.66457,0.028893475,0.067649852,0.079770818,99.417105,0.025118864,0.12589254,0,0,8.1924731,36.536308,0,570,4.278508,0.97776596,0.3539691,61,16
s-diurnal-long,base,scaling,slo_feedback,14,7bd8e08cdb32,0,30762,30762,0,0,0,0,0.26386451,12.174731,16.611914,14.122659,0.67052036,0.49941196,0.16051703,28.245318,75.372887,0.028916561,0.067052036,0.077822183,87.719907,0.025118864,0.12589254,0,0,5.7176442,28.038344,0,509,4.1284722,0.98079469,0.3559262,60,16
s-diurnal-long,base,scaling,slo_feedback,15,1a30b0a9889a,0,30615,30615,0,0,0,0,0.27564919,11.922581,19.856938,17.314786,0.66214335,0.50176269,0.17885453,34.629572,72.79851,0.031320037,0.066214335,0.077979215,92.266167,0.025118864,0.12589254,0,0,7.5502889,34.37825,0,482,4.1479049,0.97936053,0.36214592,60,16
s-diurnal-long,base,scaling,slo_feedback,16,a40c724da47e,0,30894,30894,0,0,0,0,0.27248009,12.083871,17.468909,14.918725,0.67435508,0.51342866,0.16549931,29.837451,52.430699,0.029888322,0.067435508,0.078692967,80.69939,0.025118864,0.12589254,0,0,5.9109298,29.683769,0,452,4.2443436,0.97869162,0.34386297,61,16
s-diurnal-long,base,scaling,slo_feedback,17,dc780cd9f3e3,0,30963,30963,0,0,0,0,0.27791235,12.02043,20.175429,17.604525,0.67531672,0.50602564,0.17761473,35.20905,92.995829,0.031129272,0.067531672,0.078481829,99.46088,0.025118864,0.12589254,0,0,7.8477806,34.953806,0,459,4.1831453,0.97749884,0.35692179,60,16
s-diurnal-long,base,scaling,slo_feedback,18,0dfde0779b2d,0,31012,31012,0,0,0,0,0.27450664,12.096237,22.248216,19.682164,0.66331747,0.5302016,0.16465244,39.364328,67.591123,0.029140536,0.066331747,0.078548945,88.080947,0.025118864,0.12589254,0,0,7.1391088,39.125466,0,588,4.3829999,0.97820916,0.34376993,61,16
s-diurnal-long,base,scaling,slo_feedback,19,ab7e47212bf9,0,30850,30850,0,0,0,0,0.2634684,12.216129,20.934219,18.412968,0.68803842,0.51587083,0.16449579,36.825936,77.409506,0.02731658,0.068803842,0.08492595,89.408073,0.025118864,0.12589254,0,0,6.1867001,36.570072,0,442,4.2645322,0.9758842,0.34304974,61,16
s-diurnal-long,base,scaling,slo_feedback,20,993177e8d964,0,31007,31007,0,0,0,0,0.28283936,11.955376,23.46486,20.854345,0.68137665,0.51494116,0.18093375,41.70869,59.788233,0.030471729,0.068137665,0.079371086,91.175807,0.025118864,0.12589254,0,0,8.0578876,41.503143,0,545,4.2568469,0.97656508,0.36013342,61,16
s-diurnal-long,base,scaling,predictive,1,cd6a9ea6a295,0,30856,30856,0,0,0,0,0.0034353124,16.532258,1.1428541,0.20405695,0.42714969,0.49447089,0.11990489,0.4081139,1.1676909,0.023836307,0.042714969,0.062920715,48.558247,0.019952623,0.1,0,0,0.041017882,0.1121702,0,8,4.087626,0.99739457,0.27423958,152,15
s-diurnal-long,base,scaling,predictive,2,af370ae18a38,0,30663,30663,0,0,0,0,0,16.485484,1.0203449,0.17503613,0.35702686,0.4882819,0.11915294,0.35007226,0.53590305,0.024215632,0.035702686,0.04955702,47.210676,0.019952623,0.1,0,0,0.018899219,0.064847096,0,0,4.0364637,0.99914904,0.26806143,168,16
s-diurnal-long,base,scaling,predictive,3,f2bbaf1837b9,0,30781,30778,0,0,0,3,0.01085085,16.369355,1.161126,0.20813264,0.40360908,0.49512999,0.11854192,0.41626527,2.164573,0.02365624,0.040360908,0.060311312,48.291345,0.019952623,0.1,0,0,0.071067203,0.11036982,0,20,4.0930746,0.99885276,0.26745286,156,16
s-diurnal-long,base,scaling,predictive,4,d759381a12f3,0,30875,30875,0,0,0,0,0.017165992,16.314516,1.174934,0.20980985,0.36646432,0.51282989,0.1215486,0.4196197,14.764791,0.02503721,0.036646432,0.061178422,49.474643,0.019952623,0.1,0,0,0.30351322,0.12392158,0,11,4.2393937,0.99796419,0.27468626,168,16
s-diurnal-long,base,scaling,predictive,5,34a035584e57,0,31049,31038,0,0,0,11,0.05062965,15.847849,2.4932679,1.0761995,0.55622171,0.60769846,0.12289387,2.152399,105.61404,0.025022093,0.055622171,0.06611755,80.312361,0.019952623,0.12589254,0,0,3.592014,1.9287502,0,79,5.0236406,0.99407302,0.25991854,218,16
s-diurnal-long,base,scaling,predictive,6,3c6a68f4d29d,0,30818,30818,0,0,0,0,0.00048672854,16.560753,1.046734,0.17835535,0.36168933,0.50425567,0.11955346,0.3567107,0.58539317,0.024545875,0.036168933,0.052854563,47.825064,0.019952623,0.1,0,0,0.022317885,0.072593537,0,3,4.1685135,0.9986455,0.2703834,162,16
s-diurnal-long,base,scaling,predictive,7,25d72afd44b3,0,31018,31016,0,0,0,2,0.030433942,16.168817,1.3799882,0.25427334,0.45390507,0.51964005,0.12170856,0.50854668,29.970253,0.024353093,0.045390507,0.06647762,52.420799,0.019952623,0.1,0,0,0.68461062,0.20927233,0,61,4.2956911,0.99942451,0.27307657,176,16
s-diurnal-long,base,scaling,predictive,8,14f667b54ba3,0,30720,30720,0,0,0,0,0.0032877604,16.461828,1.1671349,0.19856178,0.43181887,0.52031545,0.12056017,0.39712357,0.61846535,0.024272506,0.043181887,0.054816496,48.102103,0.019952623,0.1,0,0,0.044259785,0.1085806,0,2,4.3012744,0.99757818,0.26976692,176,17
s-diurnal-long,base,scaling,predictive,9,68d544a813f9,0,30927,30927,0,0,0,0,0.0029100786,16.579032,1.0961513,0.19632167,0.3863934,0.49888585,0.11930177,0.39264334,0.90067894,0.024217706,0.03863934,0.062929776,47.225527,0.019952623,0.1,0,0,0.035612625,0.096563665,0,6,4.1241231,0.99881697,0.26843512,170,16
s-diurnal-long,base,scaling,predictive,10,3fb91df8af2d,0,31317,31317,0,0,0,0,3.1931539e-05,16.836559,1.1030023,0.18568523,0.40780317,0.50935422,0.1209512,0.37137047,0.59169206,0.024824438,0.040780317,0.051277333,47.213018,0.019952623,0.1,0,0,0.022772423,0.086394468,0,0,4.2106615,0.99742368,0.27145112,180,16
s-diurnal-long,base,scaling,predictive,11,7e0a50e177db,0,30779,30779,0,0,0,0,0,16.547849,1.0437712,0.18093375,0.36326093,0.49957653,0.11950555,0.36186751,0.5681439,0.024841574,0.036326093,0.051009031,47.93946,0.019952623,0.1,0,0,0.020019509,0.070245523,0,0,4.1298326,0.99803833,0.27576682,150,16
s-diurnal-long,base,scaling,predictive,12,79f185a6d09c,0,31113,31113,0,0,0,0,0.011410022,16.536559,1.1293084,0.19534878,0.37664117,0.50026831,0.11955635,0.39069757,3.9903914,0.024421249,0.037664117,0.058975191,46.739445,0.019952623,0.1,0,0,0.080832693,0.097178444,0,5,4.1355514,0.99792416,0.26964622,148,16
s-diurnal-long,base,scaling,predictive,13,770f6eeb7b47,0,31027,31027,0,0,0,0,0,16.681183,1.1078556,0.18980368,0.39468623,0.52336567,0.12226705,0.37960735,0.58778163,0.024698076,0.039468623,0.056226056,49.451198,0.019952623,0.1,0,0,0.023488843,0.090562099,0,0,4.3264895,0.9981568,0.27151997,172,16
s-diurnal-long,base,scaling,predictive,14,7bd8e08cdb32,0,30762,30761,0,0,0,1,0.022495286,16.166667,1.2340775,0.21658572,0.39666101,0.50835434,0.12016732,0.43317145,7.5185985,0.02395408,0.039666101,0.062122453,49.010652,0.019952623,0.1,0,0,0.17746011,0.13989532,0,25,4.2023959,0.99898123,0.26884626,164,16
s-diurnal-long,base,scaling,predictive,15,1a30b0a9889a,0,30615,30615,0,0,0,0,0.015613261,16.202688,1.3312418,0.22056829,0.52106693,0.51154031,0.12093832,0.44113658,11.82659,0.024029525,0.052106693,0.061728176,50.625109,0.019952623,0.1,0,0,0.30283415,0.15935544,0,0,4.2287333,0.99922147,0.27440729,182,16
s-diurnal-long,base,scaling,predictive,16,a40c724da47e,0,30894,30891,0,0,0,3,0.0022334434,16.572581,1.1199762,0.19613486,0.40640275,0.50627139,0.12170263,0.39226972,0.63662571,0.024700357,0.040640275,0.056901135,47.338169,0.019952623,0.1,0,0,0.030658236,0.10400338,0,5,4.1851769,0.99944486,0.27467784,142,16
s-diurnal-long,base,scaling,predictive,17,dc780cd9f3e3,0,30963,30963,0,0,0,0,0.022510739,16.272043,1.2578225,0.22673726,0.40250584,0.51602571,0.12182819,0.45347451,14.812504,0.024815049,0.040250584,0.062839781,49.772055,0.019952623,0.1,0,0,0.34078687,0.15795747,0,53,4.2658125,0.9996417,0.27707114,180,16
s-diurnal-long,base,scaling,predictive,18,0dfde0779b2d,0,31012,31012,0,0,0,0,0,16.673118,1.0268691,0.17815029,0.34786476,0.50085406,0.11897023,0.35630058,0.58848201,0.024636726,0.034786476,0.046213203,47.237374,0.019952623,0.1,0,0,0.021328961,0.071387735,0,0,4.1403935,0.99908978,0.2701269,158,17
s-diurnal-long,base,scaling,predictive,19,ab7e47212bf9,0,30850,30850,0,0,0,0,0,16.586022,1.0123195,0.17623698,0.35212737,0.48395514,0.11919302,0.35247395,0.54044912,0.024347946,0.035212737,0.043274159,46.616365,0.019952623,0.1,0,0,0.019315422,0.064585175,0,0,4.0006958,0.99847441,0.2689679,148,16
s-diurnal-long,base,scaling,predictive,20,993177e8d964,0,31007,31007,0,0,0,0,0.0038378431,16.606452,1.1810117,0.20792368,0.42546969,0.52842911,0.12360401,0.41584737,0.89774972,0.025460416,0.042546969,0.062094975,50.761991,0.019952623,0.1,0,0,0.042710826,0.12265511,0,6,4.3683474,0.99781465,0.28496218,182,17
s-bursty-short,base,scaling,static_min,1,c39db69c51db,0,102821,31939,0,0,0,70882,0.99627508,0.20591398,706.05454,700.67899,0.32956502,0.064614345,667.64336,1401.358,1439.9762,0.029741422,0.032956502,0.036152547,1408.3134,0.025118864,0.1,0,0,684.33044,1401.2953,0,0,0.53414525,0.99980217,0.23092197,4,5
s-bursty-short,base,scaling,static_min,2,f566abcda885,0,90448,31745,0,0,0,58703,0.99523483,0.23172043,702.23859,696.86942,0.32816059,0.064840663,647.78739,1393.7388,1456.9703,0.029863456,0.032816059,0.036013881,1400.5711,0.025118864,0.1,0,0,667.90792,1393.7022,0,0,0.53601614,0.99965151,0.23220972,4,5
s-bursty-short,base,scaling,static_min,3,1fc1c1dca02c,0,127097,32187,0,0,0,94910,0.99385509,0.41989247,752.44784,747.08556,0.32665208,0.066356338,798.65773,1494.1711,1546.6436,0.029713975,0.032665208,0.036053727,1502.0616,0.025118864,0.1,0,0,779.39004,1494.1469,0,0,0.54854573,0.99991925,0.22746593,4,5
s-bursty-short,base,scaling,static_min,4,d0e2f79f5d55,0,145301,32073,0,0,0,113228,0.99668963,0.25860215,634.80089,629.42194,0.33094963,0.064557839,504.1161,1258.8439,1323.2242,0.029858689,0.033094963,0.03623251,1265.7157,0.025118864,0.1,0,0,574.82024,1258.8113,0,0,0.53367813,0.99979155,0.23189769,4,5
s-bursty-short,base,scaling,static_min,5,06bc7fdc7c6c,0,123252,31820,0,0,0,91432,0.99651933,0.23064516,608.56997,603.1911,0.33128834,0.064993796,491.05723,1206.3822,1271.4988,0.029914138,0.033128834,0.03618776,1213.7979,0.025118864,0.1,0,0,562.0759,1206.3545,0,0,0.53728204,0.99969066,0.23283325,4,5
s-bursty-short,base,scaling,static_min,6,376d05259c1d,0,120768,31621,0,0,0,89147,0.99634837,0.23709677,670.58013,665.20392,0.32897863,0.065490616,645.09903,1330.4078,1366.5226,0.029788368,0.032897863,0.036421248,1338.3733,0.025118864,0.1,0,0,660.62213,1330.3765,0,0,0.54138909,0.99988595,0.23034363,4,5
s-bursty-short,base,scaling,static_min,7,1ae66c3ddb33,0,144260,32062,0,0,0,112198,0.99712325,0.22311828,645.69175,640.30713,0.3338474,0.065156822,694.0585,1280.6143,1345.7369,0.029933489,0.03338474,0.036680656,1288.5337,0.025118864,0.1,0,0,660.72953,1280.5781,0,0,0.53862973,0.99984116,0.23020727,4,5
s-bursty-short,base,scaling,static_min,8,32ad69b77d17,0,159742,32416,0,0,0,127326,0.99517973,0.41397849,773.07665,767.70433,0.33011577,0.066307117,788.15778,1535.4087,1604.6569,0.029803662,0.033011577,0.03638382,1543.8214,0.025118864,0.1,0,0,790.47667,1535.3774,0,0,0.54813884,0.99991117,0.22891139,4,5
s-bursty-short,base,scaling,static_min,9,8e892c5b9715,0,112248,31933,0,0,0,80315,0.99584848,0.25053763,667.39468,662.02019,0.33018152,0.065060241,586.80049,1324.0404,1390.6203,0.029867954,0.033018152,0.036298006,1331.5721,0.025118864,0.1,0,0,638.41153,1324.0094,0,0,0.53783133,0.99960588,0.23057425,4,5
s-bursty-short,base,scaling,static_min,10,ef1c2e71ac9b,0,87416,32853,0,0,0,54563,0.99097419,0.42419355,596.6323,591.28061,0.33100269,0.065808563,637.55007,1182.5612,1246.6329,0.029972815,0.033100269,0.036225769,1190.0513,0.025118864,0.1,0,0,613.83152,1182.5333,0,0,0.54401745,0.99994689,0.22856084,4,5
s-bursty-short,base,scaling,static_min,11,5b3594d6f4e9,0,96269,31585,0,0,0,64684,0.9952425,0.24623656,692.52524,687.15102,0.33287589,0.065141172,660.8899,1374.302,1439.7057,0.02999181,0.033287589,0.036914172,1382.2063,0.025118864,0.1,0,0,659.56922,1374.2648,0,0,0.53850035,0.99980001,0.2336727,4,5
s-bursty-short,base,scaling,static_min,12,fd2fdf85ad0f,0,149402,32564,0,0,0,116838,0.99475241,0.42150538,778.06288,772.69379,0.3289593,0.066362932,786.73641,1545.3876,1612.1977,0.029849197,0.03289593,0.035869225,1553.0023,0.025118864,0.1,0,0,789.23275,1545.3547,0,0,0.54860024,0.99991022,0.22648481,4,5
s-bursty-short,base,scaling,static_min,13,a1a2cb403288,0,135431,31732,0,0,0,103699,0.99636715,0.26451613,457.6345,452.25757,0.3301271,0.064967619,469.80945,904.51515,965.14281,0.029930601,0.03301271,0.036282092,912.99562,0.025118864,0.1,0,0,466.68922,904.48918,0,0,0.53706565,0.99958908,0.23249648,4,5
s-bursty-short,base,scaling,static_min,14,78582df5f753,0,134439,31923,0,0,0,102516,0.99645936,0.25591398,621.31274,615.93672,0.32826569,0.06545,609.04612,1231.8734,1292.2116,0.029677048,0.032826569,0.035944061,1239.945,0.025118864,0.1,0,0,622.04554,1231.8484,0,0,0.54105333,0.99969633,0.22956779,4,5
s-bursty-short,base,scaling,static_min,15,353b3a382a40,0,90876,31945,0,0,0,58931,0.99500418,0.24408602,557.5601,552.189,0.33083856,0.065241205,679.6497,1104.378,1138.4462,0.029772206,0.033083856,0.036415045,1112.658,0.025118864,0.1,0,0,629.80003,1104.3375,0,0,0.53932729,0.99966903,0.22916012,4,5
s-bursty-short,base,scaling,static_min,16,f56c4e6a7ad5,0,90922,32295,0,0,0,58627,0.99547964,0.22096774,544.49375,539.12096,0.33101258,0.064381925,452.43942,1078.2419,1146.7008,0.029914296,0.033101258,0.036462203,1086.1697,0.025118864,0.1,0,0,494.80094,1078.218,0,0,0.53222391,0.99955451,0.2311485,4,5
s-bursty-short,base,scaling,static_min,17,ea65669faae7,0,122439,31966,0,0,0,90473,0.99640637,0.23655914,584.64889,579.2714,0.33085741,0.064606473,492.91461,1158.5428,1222.991,0.029881583,0.033085741,0.036049451,1165.4988,0.025118864,0.1,0,0,547.62428,1158.4954,0,0,0.53408018,0.99990262,0.23143064,4,5
s-bursty-short,base,scaling,static_min,18,ad711be475f1,0,166733,32507,0,0,0,134226,0.99526788,0.42419355,779.41169,774.03894,0.33010138,0.066311254,810.45775,1548.0779,1613.0829,0.029835024,0.033010138,0.036541405,1555.7737,0.025118864,0.1,0,0,801.66643,1548.0394,0,0,0.54817303,0.99995957,0.22853053,4,5
s-bursty-short,base,scaling,static_min,19,4c4a34453ad1,0,157748,31991,0,0,0,125757,0.99698887,0.25537634,675.73588,670.35424,0.33116264,0.065525324,725.15961,1340.7085,1406.0534,0.029931048,0.033116264,0.036312773,1347.2442,0.025118864,0.1,0,0,705.22511,1340.6817,0,0,0.54167601,0.99976912,0.2305569,4,5
s-bursty-short,base,scaling,static_min,20,3938664fb016,0,119039,31750,0,0,0,87289,0.99620293,0.24301075,649.80844,644.43155,0.32990726,0.065970555,686.96632,1288.8631,1325.8546,0.029946896,0.032990726,0.036210351,1295.5512,0.025118864,0.1,0,0,662.79126,1288.8377,0,0,0.54535659,0.99970004,0.2296819,4,5
s-bursty-short,base,scaling,static_tuned,1,c39db69c51db,0,102821,102821,0,0,0,0,0,55.280108,0.95105295,0.03511902,0.22944199,0.68649194,0.031785811,0.07023804,0.13594205,0.016366473,0.022944199,0.024853234,15.860544,0.015848932,0.063095734,0,0,0.0079341351,0.016356097,0,0,5.675,0.97822963,0.041186653,6,11
s-bursty-short,base,scaling,static_tuned,2,f566abcda885,0,90448,90448,0,0,0,0,0,48.627957,0.94579411,0.034285396,0.22501678,0.68649194,0.030547913,0.068570791,0.13311602,0.012805468,0.022501678,0.024336775,14.876199,0.012589254,0.063095734,0,0,0.0074501455,0.015490614,0,0,5.675,0.97293953,0.033908024,6,11
s-bursty-short,base,scaling,static_tuned,3,1fc1c1dca02c,0,127097,127097,0,0,0,0,0.11657238,60.366129,14.990553,13.421159,0.3000401,0.68649194,0.034580104,26.842318,52.746591,0.019419477,0.03000401,0.032275935,37.321705,0.019952623,0.079432823,0,0,2.8979513,26.801107,0,0,5.675,0.97895544,0.055591826,6,11
s-bursty-short,base,scaling,static_tuned,4,d0e2f79f5d55,0,145301,145301,0,0,0,0,0,78.118817,0.95538705,0.036965078,0.23193004,0.68649194,0.034023636,0.073930156,0.14376753,0.020202876,0.023193004,0.02538434,17.300089,0.019952623,0.079432823,0,0,0.0088485363,0.017008038,0,0,5.675,0.97509072,0.064305539,6,11
s-bursty-short,base,scaling,static_tuned,5,06bc7fdc7c6c,0,123252,123252,0,0,0,0,0,66.264516,0.94745555,0.035674373,0.22528924,0.68649194,0.032551489,0.071348746,0.13845243,0.018846755,0.022528924,0.024532698,16.399061,0.019952623,0.063095734,0,0,0.0082327482,0.016304983,0,0,5.675,0.97400339,0.051049666,6,11
s-bursty-short,base,scaling,static_tuned,6,376d05259c1d,0,120768,120768,0,0,0,0,0,64.929032,0.95146608,0.035852707,0.22912144,0.68649194,0.032792008,0.071705415,0.13938131,0.019321736,0.022912144,0.025037953,16.669731,0.019952623,0.063095734,0,0,0.0083582915,0.016665183,0,0,5.675,0.97424771,0.05055787,6,11
s-bursty-short,base,scaling,static_tuned,7,1ae66c3ddb33,0,144260,144260,0,0,0,0,0.0014834327,77.444086,0.97069479,0.03882684,0.23795885,0.68649194,0.034284552,0.07765368,0.1715683,0.020410154,0.023795885,0.028026574,17.500449,0.019952623,0.079432823,0,0,0.016217117,0.0175325,0,0,5.675,0.97914952,0.064571599,6,11
s-bursty-short,base,scaling,static_tuned,8,32ad69b77d17,0,159742,159742,0,0,0,0,0.10927621,76.497849,8.2933774,6.757671,0.30283337,0.68649194,0.036704932,13.515342,36.49954,0.020890576,0.030283337,0.03259752,29.052125,0.019952623,0.079432823,0,0,1.7100926,13.470442,0,0,5.675,0.97239037,0.078232376,6,11
s-bursty-short,base,scaling,static_tuned,9,8e892c5b9715,0,112248,112248,0,0,0,0,0,60.348387,0.94742511,0.035160393,0.22577278,0.68649194,0.031709174,0.070320786,0.13568205,0.01743877,0.022577278,0.024551369,15.679886,0.015848932,0.063095734,0,0,0.0079488099,0.01602415,0,0,5.675,0.97448201,0.044254899,6,11
s-bursty-short,base,scaling,static_tuned,10,ef1c2e71ac9b,0,87416,87416,0,0,0,0,0.03355221,45.420968,1.2024585,0.069005942,0.27919953,0.68649194,0.030352623,0.13801188,10.593197,0.012631921,0.027919953,0.031156239,16.152786,0.012589254,0.063095734,0,0,0.27671981,0.034807904,0,0,5.675,0.9781487,0.032233967,6,11
s-bursty-short,base,scaling,static_tuned,11,5b3594d6f4e9,0,96269,96269,0,0,0,0,0,51.757527,0.94532245,0.034569151,0.22426136,0.68649194,0.03070824,0.069138302,0.1340591,0.014084499,0.022426136,0.024286998,14.892642,0.015848932,0.063095734,0,0,0.0076126827,0.015610709,0,0,5.675,0.97489303,0.036330006,6,11
s-bursty-short,base,scaling,static_tuned,12,fd2fdf85ad0f,0,149402,149402,0,0,0,0,0.1391146,69.149462,11.203221,9.5153134,0.30584295,0.68649194,0.036929459,19.030627,46.560237,0.020835132,0.030584295,0.032928673,35.0896,0.019952623,0.079432823,0,0,2.524989,18.994435,0,0,5.675,0.97394055,0.072254306,6,11
s-bursty-short,base,scaling,static_tuned,13,a1a2cb403288,0,135431,135431,0,0,0,0,0,72.812366,0.95387435,0.036308291,0.23107412,0.68649194,0.033832397,0.072616583,0.14005165,0.020205751,0.023107412,0.025144173,17.34159,0.019952623,0.063095734,0,0,0.0086787688,0.01692031,0,0,5.675,0.97309798,0.059516872,6,11
s-bursty-short,base,scaling,static_tuned,14,78582df5f753,0,134439,134439,0,0,0,0,0,72.279032,0.94854844,0.035821127,0.22623538,0.68649194,0.032870031,0.071642254,0.13921315,0.019010606,0.022623538,0.024543616,16.437567,0.019952623,0.063095734,0,0,0.0083977164,0.016405395,0,0,5.675,0.98000255,0.056079692,6,11
s-bursty-short,base,scaling,static_tuned,15,353b3a382a40,0,90876,90876,0,0,0,0,0.055075047,46.167204,2.9209648,1.6658148,0.29328277,0.68649194,0.030913251,3.3316296,18.947147,0.012819438,0.029328277,0.031788109,19.537642,0.012589254,0.063095734,0,0,0.67149287,3.2973745,0,0,5.675,0.97839643,0.034406692,6,11
s-bursty-short,base,scaling,static_tuned,16,f56c4e6a7ad5,0,90922,90922,0,0,0,0,0,48.882796,0.93945413,0.033801312,0.21916088,0.68649194,0.030147859,0.067602625,0.13050263,0.012860006,0.021916088,0.023634053,14.155378,0.012589254,0.063095734,0,0,0.0073134059,0.015072996,0,0,5.675,0.97949405,0.032777013,6,11
s-bursty-short,base,scaling,static_tuned,17,ea65669faae7,0,122439,122439,0,0,0,0,0,65.827419,0.95342394,0.036016006,0.230916,0.68649194,0.032815891,0.072032012,0.14044308,0.019061347,0.0230916,0.025099273,16.385412,0.019952623,0.063095734,0,0,0.0083596864,0.016644941,0,0,5.675,0.97195268,0.051112592,6,11
s-bursty-short,base,scaling,static_tuned,18,ad711be475f1,0,166733,166733,0,0,0,0,0.13521019,77.520968,11.547287,9.8799469,0.30479741,0.68649194,0.037076657,19.759894,50.809304,0.020798795,0.030479741,0.033005817,35.947831,0.019952623,0.079432823,0,0,2.6901654,19.717919,0,0,5.675,0.97436336,0.080956372,6,11
s-bursty-short,base,scaling,static_tuned,19,4c4a34453ad1,0,157748,157748,0,0,0,0,0.051277988,80.461828,2.615988,1.3873844,0.2857217,0.68649194,0.035075891,2.7747689,33.272611,0.020416978,0.02857217,0.031601928,25.97738,0.019952623,0.079432823,0,0,1.1132356,2.7380847,0,0,5.675,0.97988551,0.072570703,6,11
s-bursty-short,base,scaling,static_tuned,20,3938664fb016,0,119039,119039,0,0,0,0,0,63.999462,0.95216108,0.035912288,0.22975686,0.68649194,0.032454799,0.071824576,0.14100482,0.018522421,0.022975686,0.025123321,16.302,0.019952623,0.063095734,0,0,0.0082492318,0.01647772,0,0,5.675,0.97474018,0.048904491,6,11
s-bursty-short,base,scaling,static_peak_oracle,1,c39db69c51db,0,102821,102821,0,0,0,0,0,55.280108,0.95105295,0.03511902,0.22944199,0.68649194,0.031785811,0.07023804,0.13594205,0.016366473,0.022944199,0.024853234,15.860544,0.015848932,0.063095734,0,0,0.0079341351,0.016356097,0,0,5.675,0.97822963,0.041186653,6,11
s-bursty-short,base,scaling,static_peak_oracle,2,f566abcda885,0,90448,90448,0,0,0,0,0,48.627957,0.94579411,0.034285396,0.22501678,0.68649194,0.030547913,0.068570791,0.13311602,0.012805468,0.022501678,0.024336775,14.876199,0.012589254,0.063095734,0,0,0.0074501455,0.015490614,0,0,5.675,0.97293953,0.033908024,6,11
s-bursty-short,base,scaling,static_peak_oracle,3,1fc1c1dca02c,0,127097,127097,0,0,0,0,0.11657238,60.366129,14.990553,13.421159,0.3000401,0.68649194,0.034580104,26.842318,52.746591,0.019419477,0.03000401,0.032275935,37.321705,0.019952623,0.079432823,0,0,2.8979513,26.801107,0,0,5.675,0.97895544,0.055591826,6,11
s-bursty-short,base,scaling,static_peak_oracle,4,d0e2f79f5d55,0,145301,145301,0,0,0,0,0,78.118817,0.95538705,0.036965078,0.23193004,0.68649194,0.034023636,0.073930156,0.14376753,0.020202876,0.023193004,0.02538434,17.300089,0.019952623,0.079432823,0,0,0.0088485363,0.017008038,0,0,5.675,0.97509072,0.064305539,6,11
s-bursty-short,base,scaling,static_peak_oracle,5,06bc7fdc7c6c,0,123252,123252,0,0,0,0,0,66.264516,0.94745555,0.035674373,0.22528924,0.68649194,0.032551489,0.071348746,0.13845243,0.018846755,0.022528924,0.024532698,16.399061,0.019952623,0.063095734,0,0,0.0082327482,0.016304983,0,0,5.675,0.97400339,0.051049666,6,11
s-bursty-short,base,scaling,static_peak_oracle,6,376d05259c1d,0,120768,120768,0,0,0,0,0,64.929032,0.95146608,0.035852707,0.22912144,0.68649194,0.032792008,0.071705415,0.13938131,0.019321736,0.022912144,0.025037953,16.669731,0.019952623,0.063095734,0,0,0.0083582915,0.016665183,0,0,5.675,0.97424771,0.05055787,6,11
s-bursty-short,base,scaling,static_peak_oracle,7,1ae66c3ddb33,0,144260,144260,0,0,0,0,0.0014834327,77.444086,0.97069479,0.03882684,0.23795885,0.68649194,0.034284552,0.07765368,0.1715683,0.020410154,0.023795885,0.028026574,17.500449,0.019952623,0.079432823,0,0,0.016217117,0.0175325,0,0,5.675,0.97914952,0.064571599,6,11
s-bursty-short,base,scaling,static_peak_oracle,8,32ad69b77d17,0,159742,159742,0,0,0,0,0.10927621,76.497849,8.2933774,6.757671,0.30283337,0.68649194,0.036704932,13.515342,36.49954,0.020890576,0.030283337,0.03259752,29.052125,0.019952623,0.079432823,0,0,1.7100926,13.470442,0,0,5.675,0.97239037,0.078232376,6,11
s-bursty-short,base,scaling,static_peak_oracle,9,8e892c5b9715,0,112248,112248,0,0,0,0,0,60.348387,0.94742511,0.035160393,0.22577278,0.68649194,0.031709174,0.070320786,0.13568205,0.01743877,0.022577278,0.024551369,15.679886,0.015848932,0.063095734,0,0,0.0079488099,0.01602415,0,0,5.675,0.97448201,0.044254899,6,11
s-bursty-short,base,scaling,static_peak_oracle,10,ef1c2e71ac9b,0,87416,87416,0,0,0,0,0.03355221,45.420968,1.2024585,0.069005942,0.27919953,0.68649194,0.030352623,0.13801188,10.593197,0.012631921,0.027919953,0.031156239,16.152786,0.012589254,0.063095734,0,0,0.27671981,0.034807904,0,0,5.675,0.9781487,0.032233967,6,11
s-bursty-short,base,scaling,static_peak_oracle,11,5b3594d6f4e9,0,96269,96269,0,0,0,0,0,51.757527,0.94532245,0.034569151,0.22426136,0.68649194,0.03070824,0.069138302,0.1340591,0.014084499,0.022426136,0.024286998,14.892642,0.015848932,0.063095734,0,0,0.0076126827,0.015610709,0,0,5.675,0.97489303,0.036330006,6,11
s-bursty-short,base,scaling,static_peak_oracle,12,fd2fdf85ad0f,0,149402,149402,0,0,0,0,0.1391146,69.149462,11.203221,9.5153134,0.30584295,0.68649194,0.036929459,19.030627,46.560237,0.020835132,0.030584295,0.032928673,35.0896,0.019952623,0.079432823,0,0,2.524989,18.994435,0,0,5.675,0.97394055,0.072254306,6,11
s-bursty-short,base,scaling,static_peak_oracle,13,a1a2cb403288,0,135431,135431,0,0,0,0,0,72.812366,0.95387435,0.036308291,0.23107412,0.68649194,0.033832397,0.072616583,0.14005165,0.020205751,0.023107412,0.025144173,17.34159,0.019952623,0.063095734,0,0,0.0086787688,0.01692031,0,0,5.675,0.97309798,0.059516872,6,11
s-bursty-short,base,scaling,static_peak_oracle,14,78582df5f753,0,134439,134439,0,0,0,0,0,72.279032,0.94854844,0.035821127,0.22623538,0.68649194,0.032870031,0.071642254,0.13921315,0.019010606,0.022623538,0.024543616,16.437567,0.019952623,0.063095734,0,0,0.0083977164,0.016405395,0,0,5.675,0.98000255,0.056079692,6,11
s-bursty-short,base,scaling,static_peak_oracle,15,353b3a382a40,0,90876,90876,0,0,0,0,0.055075047,46.167204,2.9209648,1.6658148,0.29328277,0.68649194,0.030913251,3.3316296,18.947147,0.012819438,0.029328277,0.031788109,19.537642,0.012589254,0.063095734,0,0,0.67149287,3.2973745,0,0,5.675,0.97839643,0.034406692,6,11
s-bursty-short,base,scaling,static_peak_oracle,16,f56c4e6a7ad5,0,90922,90922,0,0,0,0,0,48.882796,0.93945413,0.033801312,0.21916088,0.68649194,0.030147859,0.067602625,0.13050263,0.012860006,0.021916088,0.023634053,14.155378,0.012589254,0.063095734,0,0,0.0073134059,0.015072996,0,0,5.675,0.97949405,0.032777013,6,11
s-bursty-short,base,scaling,static_peak_oracle,17,ea65669faae7,0,122439,122439,0,0,0,0,0,65.827419,0.95342394,0.036016006,0.230916,0.68649194,0.032815891,0.072032012,0.14044308,0.019061347,0.0230916,0.025099273,16.385412,0.019952623,0.063095734,0,0,0.0083596864,0.016644941,0,0,5.675,0.97195268,0.051112592,6,11
s-bursty-short,base,scaling,static_peak_oracle,18,ad711be475f1,0,166733,166733,0,0,0,0,0.13521019,77.520968,11.547287,9.8799469,0.30479741,0.68649194,0.037076657,19.759894,50.809304,0.020798795,0.030479741,0.033005817,35.947831,0.019952623,0.079432823,0,0,2.6901654,19.717919,0,0,5.675,0.97436336,0.080956372,6,11
s-bursty-short,base,scaling,static_peak_oracle,19,4c4a34453ad1,0,157748,157748,0,0,0,0,0.051277988,80.461828,2.615988,1.3873844,0.2857217,0.68649194,0.035075891,2.7747689,33.272611,0.020416978,0.02857217,0.031601928,25.97738,0.019952623,0.079432823,0,0,1.1132356,2.7380847,0,0,5.675,0.97988551,0.072570703,6,11
s-bursty-short,base,scaling,static_peak_oracle,20,3938664fb016,0,119039,119039,0,0,0,0,0,63.999462,0.95216108,0.035912288,0.22975686,0.68649194,0.032454799,0.071824576,0.14100482,0.018522421,0.022975686,0.025123321,16.302,0.019952623,0.063095734,0,0,0.0082492318,0.01647772,0,0,5.675,0.97474018,0.048904491,6,11
s-bursty-short,base,scaling,threshold_cooldown,1,c39db69c51db,0,102821,102821,0,0,0,0,0.21732914,43.266129,27.538489,25.413828,0.30867996,0.72933468,0.034924749,50.827657,56.853067,0.017337017,0.030867996,0.033604745,57.042474,0.015848932,0.079432823,0,0,7.9655583,50.772817,0,0,6.0291667,0.96980997,0.0437539,13,16
s-bursty-short,base,scaling,threshold_cooldown,2,f566abcda885,0,90448,90448,0,0,0,0,0.30059261,34.010753,29.305013,26.848457,0.31582407,0.63776882,0.036405884,53.696915,58.132327,0.014116835,0.031582407,0.03470243,60.528603,0.015848932,0.079432823,0,0,10.641689,53.657508,0,0,5.2722222,0.96463055,0.044061347,8,13
s-bursty-short,base,scaling,threshold_cooldown,3,1fc1c1dca02c,0,127097,127097,0,0,0,0,0.14967308,58.104301,23.17557,21.243738,0.30457128,0.87889459,0.033606444,42.487477,52.746591,0.016777283,0.030457128,0.03293205,48.188772,0.015848932,0.079432823,0,0,4.7760987,42.439173,0,0,7.2655286,0.97766683,0.043448412,19,16
s-bursty-short,base,scaling,threshold_cooldown,4,d0e2f79f5d55,0,145301,145301,0,0,0,0,0.32955038,52.374731,28.808115,26.077101,0.3160157,0.76724682,0.040380526,52.154202,59.207347,0.017678238,0.03160157,0.034716208,60.08863,0.015848932,0.079432823,0,0,10.820018,52.116694,0,0,6.3425737,0.96386761,0.064880417,15,16
s-bursty-short,base,scaling,threshold_cooldown,5,06bc7fdc7c6c,0,123252,123252,0,0,0,0,0.27120047,48.293548,19.091359,16.669806,0.31310551,0.75244539,0.03578195,33.339612,41.756282,0.016436497,0.031310551,0.034055387,41.938859,0.015848932,0.079432823,0,0,6.8817568,33.293872,0,0,6.2202152,0.96163379,0.052471495,15,16
s-bursty-short,base,scaling,threshold_cooldown,6,376d05259c1d,0,120768,120768,0,0,0,0,0.12335221,56.919892,7.0293101,5.2901413,0.30185768,0.82055007,0.032663072,10.580283,14.936891,0.016191245,0.030185768,0.032450878,20.885013,0.015848932,0.079432823,0,0,1.1915945,10.535899,0,0,6.7832139,0.97242395,0.042762955,13,16
s-bursty-short,base,scaling,threshold_cooldown,7,1ae66c3ddb33,0,144260,144260,0,0,0,0,0.06876473,72.225806,7.7347198,6.2756916,0.29291731,0.82228719,0.03331643,12.551383,38.809145,0.016957591,0.029291731,0.031904358,28.748355,0.015848932,0.079432823,0,0,1.5935849,12.507477,0,0,6.7975741,0.97451741,0.053180018,17,16
s-bursty-short,base,scaling,threshold_cooldown,8,32ad69b77d17,0,159742,159742,0,0,0,0,0.21633634,67.303226,21.784691,19.504024,0.30994936,0.88903584,0.034527636,39.008047,47.272084,0.016811981,0.030994936,0.033768023,47.094949,0.015848932,0.079432823,0,0,6.6068589,38.967567,0,0,7.3493629,0.97187992,0.056733219,17,16
s-bursty-short,base,scaling,threshold_cooldown,9,8e892c5b9715,0,112248,112248,0,0,0,0,0.23317119,46.276882,7.1679958,4.9031502,0.3126278,0.78636185,0.035391568,9.8063004,13.813642,0.016143647,0.03126278,0.034028586,22.483485,0.015848932,0.079432823,0,0,1.8386379,9.7625979,0,0,6.5005913,0.96508435,0.044228852,15,16
s-bursty-short,base,scaling,threshold_cooldown,10,ef1c2e71ac9b,0,87416,87416,0,0,0,0,0.074711723,43.486559,5.1622948,3.7341548,0.29934545,0.75523591,0.031430579,7.4683095,12.053799,0.012709346,0.029934545,0.032438086,18.356642,0.012589254,0.063095734,0,0,0.65921,7.4358414,0,0,6.2432835,0.97576779,0.031497087,12,15
s-bursty-short,base,scaling,threshold_cooldown,11,5b3594d6f4e9,0,96269,96269,0,0,0,0,0.24984159,38.826344,11.066471,8.8113651,0.31302189,0.69287634,0.034795792,17.62273,32.63113,0.014967888,0.031302189,0.034162304,30.271912,0.015848932,0.079432823,0,0,3.1797942,17.590342,0,0,5.7277778,0.96428087,0.042747064,10,15
s-bursty-short,base,scaling,threshold_cooldown,12,fd2fdf85ad0f,0,149402,149402,0,0,0,0,0.31217119,55.248925,25.923647,23.186536,0.31364698,0.86260801,0.037850831,46.373073,53.387126,0.016935134,0.031364698,0.034399461,54.559439,0.015848932,0.079432823,0,0,9.9982232,46.334007,0,0,7.1308929,0.97259765,0.057086703,17,16
s-bursty-short,base,scaling,threshold_cooldown,13,a1a2cb403288,0,135431,135431,0,0,0,0,0.085017463,66.622043,12.587212,11.265785,0.29863405,0.59770568,0.034124748,22.531569,48.866308,0.01691377,0.029863405,0.032286797,34.745582,0.015848932,0.079432823,0,0,2.4003281,22.482861,0,0,4.9410336,0.95836851,0.071865756,13,16
s-bursty-short,base,scaling,threshold_cooldown,14,78582df5f753,0,134439,134439,0,0,0,0,0.11682622,63.834946,16.239445,14.549005,0.29988119,0.80642796,0.032280668,29.09801,49.442864,0.016288748,0.029988119,0.03223563,37.117796,0.015848932,0.079432823,0,0,3.0759119,29.056368,0,0,6.6664711,0.97253894,0.048022905,15,16
s-bursty-short,base,scaling,threshold_cooldown,15,353b3a382a40,0,90876,90876,0,0,0,0,0.10416392,43.768817,13.02973,11.497648,0.29940629,0.71185645,0.031597925,22.995296,35.439143,0.013244555,0.029940629,0.032108413,31.287652,0.012589254,0.063095734,0,0,2.205811,22.957318,0,0,5.88468,0.97350389,0.035153973,14,15
s-bursty-short,base,scaling,threshold_cooldown,16,f56c4e6a7ad5,0,90922,90922,0,0,0,0,0.26879083,35.743548,18.226118,15.974565,0.31418469,0.59341398,0.035356561,31.949131,36.7891,0.014865054,0.031418469,0.034823288,39.098402,0.015848932,0.079432823,0,0,5.8497939,31.909169,0,0,4.9055556,0.97033837,0.046859082,10,15
s-bursty-short,base,scaling,threshold_cooldown,17,ea65669faae7,0,122439,122439,0,0,0,0,0.022427495,64.351075,1.2275299,0.062847093,0.28494993,0.76759542,0.03276659,0.12569419,4.0189728,0.016353621,0.028494993,0.031131385,16.893261,0.015848932,0.079432823,0,0,0.10611127,0.034279448,0,0,6.3454554,0.96726751,0.046804773,13,16
s-bursty-short,base,scaling,threshold_cooldown,18,ad711be475f1,0,166733,166733,0,0,0,0,0.3055304,62.253226,27.930084,25.18843,0.31576596,0.89823561,0.038409846,50.37686,57.091104,0.016967213,0.031576596,0.034696253,57.550084,0.015848932,0.079432823,0,0,9.8087642,50.340419,0,0,7.4254144,0.97392276,0.061420027,17,16
s-bursty-short,base,scaling,threshold_cooldown,19,4c4a34453ad1,0,157748,157748,0,0,0,0,0.057699622,79.917204,5.3081825,3.869024,0.29314009,0.85752026,0.031963419,7.738048,34.865112,0.016576576,0.029314009,0.032085353,25.855058,0.015848932,0.063095734,0,0,1.3074906,7.7019629,0,0,7.0888342,0.97427094,0.052493539,15,16
s-bursty-short,base,scaling,threshold_cooldown,20,3938664fb016,0,119039,119039,0,0,0,0,0.075563471,59.163441,5.9336565,4.4599487,0.29711639,0.79877411,0.031381151,8.9198973,19.636117,0.016101669,0.029711639,0.031869653,21.29276,0.015848932,0.063095734,0,0,0.940831,8.8594036,0,0,6.6031993,0.970884,0.041132425,13,16
s-bursty-short,base,scaling,target_tracking,1,c39db69c51db,0,102821,102821,0,0,0,0,0,55.280108,1.1849582,0.032319763,0.17733597,0.97530242,0.02893446,0.064639526,0.12266705,0.014563886,0.017733597,0.019098016,13.441258,0.015848932,0.050118723,0,0,0.0067153836,0.013171255,0,0,8.0625,0.97612193,0.025016228,11,16
s-bursty-short,base,scaling,target_tracking,2,f566abcda885,0,90448,90448,0,0,0,0,0,48.627957,1.1836954,0.031892209,0.17162843,0.98017473,0.028233433,0.063784418,0.12118124,0.012229661,0.017162843,0.018373718,12.755227,0.012589254,0.050118723,0,0,0.0064740986,0.012660532,0,0,8.1027778,0.97086878,0.020913033,11,16
s-bursty-short,base,scaling,target_tracking,3,1fc1c1dca02c,0,127097,127097,0,0,0,0,0.092700851,61.997312,15.177224,13.421159,0.29692907,0.99563172,0.030725813,26.842318,52.746591,0.015442897,0.029692907,0.032086789,34.480088,0.015848932,0.063095734,0,0,2.7643882,26.801107,0,0,8.2305556,0.97702526,0.033365189,11,16
s-bursty-short,base,scaling,target_tracking,4,d0e2f79f5d55,0,145301,145301,0,0,0,0,0,78.118817,1.178957,0.033166772,0.17838427,0.96740591,0.029921669,0.066333544,0.12500418,0.015816956,0.017838427,0.01923229,14.039523,0.015848932,0.050118723,0,0,0.0071011482,0.013501876,0,0,7.9972222,0.97252205,0.037679991,11,16
s-bursty-short,base,scaling,target_tracking,5,06bc7fdc7c6c,0,123252,123252,0,0,0,0,0,66.264516,1.1844417,0.03248685,0.17379625,0.9781586,0.029218239,0.064973701,0.12348056,0.015220672,0.017379625,0.018823011,13.68348,0.015848932,0.050118723,0,0,0.0068410398,0.013176205,0,0,8.0861111,0.97209092,0.0305363,11,16
s-bursty-short,base,scaling,target_tracking,6,376d05259c1d,0,120768,120768,0,0,0,0,0,64.929032,1.1873007,0.032507408,0.1761307,0.97866263,0.029342352,0.065014816,0.12286802,0.015367325,0.01761307,0.019569744,13.826558,0.015848932,0.050118723,0,0,0.006902024,0.013304134,0,0,8.0902778,0.97358384,0.029934245,11,16
s-bursty-short,base,scaling,target_tracking,7,1ae66c3ddb33,0,144260,144260,0,0,0,0,0.050589214,73.635484,2.5616503,1.0468324,0.2845533,0.97731855,0.030682883,2.0936649,16.453937,0.015947876,0.02845533,0.032443498,18.044336,0.015848932,0.063095734,0,0,0.50102437,2.0476939,0,0,8.0791667,0.97659615,0.038714709,11,16
s-bursty-short,base,scaling,target_tracking,8,32ad69b77d17,0,159742,159742,0,0,0,0,0.068385271,80.009677,8.3880767,6.757671,0.29284762,0.99563172,0.031339082,13.515342,36.49954,0.016117564,0.029284762,0.032123311,25.692745,0.015848932,0.063095734,0,0,1.4887908,13.470442,0,0,8.2305556,0.97119941,0.044312219,11,16
s-bursty-short,base,scaling,target_tracking,9,8e892c5b9715,0,112248,112248,0,0,0,0,0.0039911624,60.107527,1.215016,0.036323489,0.18158614,0.97715054,0.029151555,0.072646977,0.32376659,0.014845998,0.018158614,0.029548141,13.56177,0.015848932,0.050118723,0,0,0.024124363,0.013605934,0,0,8.0777778,0.97167996,0.027297174,11,16
s-bursty-short,base,scaling,target_tracking,10,ef1c2e71ac9b,0,87416,87416,0,0,0,0,0.033883957,45.405376,1.5244742,0.079163145,0.28025959,0.99563172,0.028608752,0.15832629,10.593197,0.012016622,0.028025959,0.031983173,14.910928,0.012589254,0.050118723,0,0,0.27924453,0.047403469,0,0,8.2305556,0.9764837,0.020298344,11,16
s-bursty-short,base,scaling,target_tracking,11,5b3594d6f4e9,0,96269,96269,0,0,0,0,0,51.757527,1.1800359,0.032130177,0.17361139,0.97429435,0.028463624,0.064260354,0.12168379,0.013447556,0.017361139,0.018633407,12.907425,0.015848932,0.050118723,0,0,0.0065906673,0.012764723,0,0,8.0541667,0.97382675,0.022653062,11,16
s-bursty-short,base,scaling,target_tracking,12,fd2fdf85ad0f,0,149402,149402,0,0,0,0,0.078392525,74.026882,11.20153,9.5153134,0.29862214,0.99563172,0.031390096,19.030627,46.560237,0.016060257,0.029862214,0.032500481,31.788641,0.015848932,0.063095734,0,0,2.1155449,18.994435,0,0,8.2305556,0.97193013,0.041061167,11,16
s-bursty-short,base,scaling,target_tracking,13,a1a2cb403288,0,135431,135431,0,0,0,0,0,72.812366,1.1624349,0.032683362,0.17713056,0.95262097,0.029765003,0.065366724,0.12182838,0.015779234,0.017713056,0.019116807,14.075249,0.015848932,0.050118723,0,0,0.0069928066,0.013429884,0,0,7.875,0.9709356,0.035476375,11,16
s-bursty-short,base,scaling,target_tracking,14,78582df5f753,0,134439,134439,0,0,0,0,0,72.279032,1.1871171,0.032481602,0.17395673,0.98067876,0.029360558,0.064963204,0.12171845,0.01531988,0.017395673,0.018711356,13.673982,0.015848932,0.050118723,0,0,0.0068855347,0.013197895,0,0,8.1069444,0.97775177,0.033192075,11,16
s-bursty-short,base,scaling,target_tracking,15,353b3a382a40,0,90876,90876,0,0,0,0,0.095690831,44.182796,11.544197,9.788995,0.29842129,0.97832661,0.029169931,19.57799,35.439143,0.01219303,0.029842129,0.032002744,28.594829,0.012589254,0.063095734,0,0,1.974163,19.536805,0,0,8.0875,0.97610772,0.02269324,11,16
s-bursty-short,base,scaling,target_tracking,16,f56c4e6a7ad5,0,90922,90922,0,0,0,0,0,48.882796,1.1649623,0.03169291,0.17241586,0.96085349,0.028182987,0.06338582,0.12064971,0.01232745,0.017241586,0.018427237,12.450314,0.012589254,0.050118723,0,0,0.0064545475,0.012589812,0,0,7.9430556,0.97662789,0.02101585,11,16
s-bursty-short,base,scaling,target_tracking,17,ea65669faae7,0,122439,122439,0,0,0,0,0,65.827419,1.1631089,0.032638957,0.17717696,0.95329301,0.029383819,0.065277913,0.12364088,0.015363637,0.017717696,0.019096273,13.62866,0.015848932,0.050118723,0,0,0.0068922509,0.013283618,0,0,7.8805556,0.97002651,0.031225394,11,16
s-bursty-short,base,scaling,target_tracking,18,ad711be475f1,0,166733,166733,0,0,0,0,0.07221126,83.16828,11.53087,9.8799469,0.29423527,0.99563172,0.031393087,19.759894,50.809304,0.016040133,0.029423527,0.032131062,31.992111,0.015848932,0.063095734,0,0,2.2087408,19.717919,0,0,8.2305556,0.97395061,0.045770349,11,16
s-bursty-short,base,scaling,target_tracking,19,4c4a34453ad1,0,157748,157748,0,0,0,0,0.0588597,79.818817,5.9296335,4.3656121,0.28904413,0.98067876,0.030725817,8.7312241,34.865112,0.015925547,0.028904413,0.031805798,25.02447,0.015848932,0.063095734,0,0,1.3273991,8.6889483,0,0,8.1069444,0.97774382,0.042747941,11,16
s-bursty-short,base,scaling,target_tracking,20,3938664fb016,0,119039,119039,0,0,0,0,0.025798268,62.348387,1.364159,0.0553588,0.19980218,0.98000672,0.029691554,0.1107176,10.140053,0.01526896,0.019980218,0.031003814,15.673807,0.015848932,0.063095734,0,0,0.24468824,0.014876679,0,0,8.1013889,0.97252319,0.030082156,11,16
s-bursty-short,base,scaling,slo_feedback,1,c39db69c51db,0,102821,102821,0,0,0,0,0.55350561,24.682258,76.691858,73.001774,0.32452227,0.59803289,7.684975,146.00355,303.55953,0.02821812,0.032452227,0.03603794,153.39497,0.025118864,0.1,0,0,33.65283,145.97075,0,0,4.9437385,0.99312153,0.074944519,64,16
s-bursty-short,base,scaling,slo_feedback,2,f566abcda885,0,90448,90141,0,0,0,307,0.51089024,23.784409,60.452488,57.05498,0.3255483,0.51750882,3.1778462,114.10996,146.21928,0.027662126,0.03255483,0.035999916,121.01543,0.025118864,0.1,0,0,30.299497,114.07393,0,0,4.2780729,0.97312809,0.081600171,73,16
s-bursty-short,base,scaling,slo_feedback,3,1fc1c1dca02c,0,127097,127086,0,0,0,11,0.52984728,32.126344,56.020799,52.452823,0.32681071,0.59192938,2.9368094,104.90565,162.03037,0.028247256,0.032681071,0.036443697,112.54955,0.025118864,0.1,0,0,22.826113,104.86107,0,0,4.8932829,0.98571956,0.097454003,70,16
s-bursty-short,base,scaling,slo_feedback,4,d0e2f79f5d55,0,145301,145301,0,0,0,0,0.29588922,55.004301,10.266235,7.9085726,0.3153523,0.56286387,0.046728172,15.817145,98.979185,0.023311003,0.03153523,0.03429344,43.021465,0.025118864,0.1,0,0,4.8538258,15.782779,0,0,4.653008,0.96605239,0.11682199,71,16
s-bursty-short,base,scaling,slo_feedback,5,06bc7fdc7c6c,0,123252,122007,0,0,0,1245,0.30074157,46.336022,48.788643,46.385179,0.31525489,0.58450158,0.043963571,92.770358,276.63042,0.021389174,0.031525489,0.034367354,99.988074,0.019952623,0.1,0,0,15.620648,92.699437,0,0,4.8318797,0.94516413,0.091047849,69,16
s-bursty-short,base,scaling,slo_feedback,6,376d05259c1d,0,120768,120768,0,0,0,0,0.33668687,43.06828,62.662622,60.081258,0.31586103,0.58206877,0.047260607,120.16252,181.35032,0.023522161,0.031586103,0.034649042,128.44937,0.025118864,0.1,0,0,16.424811,120.12879,0,0,4.8117685,0.97756952,0.091306839,69,16
s-bursty-short,base,scaling,slo_feedback,7,1ae66c3ddb33,0,144260,144260,0,0,0,0,0.31292805,53.28871,56.206126,53.723764,0.31705429,0.60066669,0.048811557,107.44753,226.83653,0.024142724,0.031705429,0.034563423,114.87177,0.025118864,0.1,0,0,14.299141,107.41355,0,0,4.9655113,0.98767476,0.10771429,70,16
s-bursty-short,base,scaling,slo_feedback,8,32ad69b77d17,0,159742,159742,0,0,0,0,0.40212342,51.347312,35.679666,32.745999,0.32061394,0.60243561,0.060017592,65.491999,104.48137,0.024661914,0.032061394,0.035392087,76.645522,0.025118864,0.1,0,0,11.803515,65.45687,0,0,4.9801344,0.99623731,0.11802804,68,16
s-bursty-short,base,scaling,slo_feedback,9,8e892c5b9715,0,112248,112248,0,0,0,0,0.21105944,47.61129,86.008829,84.035785,0.31226288,0.60548361,0.038756675,168.07157,266.86994,0.01958862,0.031226288,0.034027054,175.73901,0.019952623,0.079432823,0,0,17.605249,168.03718,0,0,5.0053311,0.97940024,0.071557921,67,16
s-bursty-short,base,scaling,slo_feedback,10,ef1c2e71ac9b,0,87416,87416,0,0,0,0,0.26688478,34.454839,62.644127,60.495823,0.31683725,0.49704219,0.04114892,120.99165,172.45642,0.019438847,0.031683725,0.035380194,128.69939,0.019952623,0.079432823,0,0,16.406184,120.93946,0,0,4.1088821,0.99339899,0.07091585,71,16
s-bursty-short,base,scaling,slo_feedback,11,5b3594d6f4e9,0,96269,96269,0,0,0,0,0.50391092,25.676344,51.483211,48.067536,0.32511057,0.57101005,2.3863405,96.135072,251.52909,0.027545961,0.032511057,0.036419685,105.15462,0.025118864,0.1,0,0,23.80311,96.097423,0,0,4.7203497,0.97280705,0.074682895,71,16
s-bursty-short,base,scaling,slo_feedback,12,fd2fdf85ad0f,0,149402,149402,0,0,0,0,0.47283838,42.343548,42.71117,39.38333,0.32264853,0.64099968,0.80820051,78.76666,114.85632,0.028044048,0.032264853,0.035500167,88.934708,0.025118864,0.1,0,0,16.31339,78.710679,0,0,5.2989307,0.9739999,0.10864974,72,16
s-bursty-short,base,scaling,slo_feedback,13,a1a2cb403288,0,135431,135431,0,0,0,0,0.24232266,55.16828,15.350327,13.297537,0.31598337,0.5251941,0.046302249,26.595073,98.253794,0.023292185,0.031598337,0.034556146,47.36546,0.025118864,0.1,0,0,5.7154871,26.54096,0,0,4.3416045,0.9971291,0.11383066,68,16
s-bursty-short,base,scaling,slo_feedback,14,78582df5f753,0,134439,134439,0,0,0,0,0.2496597,54.233871,37.113914,34.940521,0.31649571,0.6085986,0.047536435,69.881042,237.34285,0.024850355,0.031649571,0.034833531,79.685739,0.025118864,0.1,0,0,11.900085,69.847983,0,0,5.0310818,0.96566136,0.097224412,70,16
s-bursty-short,base,scaling,slo_feedback,15,353b3a382a40,0,90876,90876,0,0,0,0,0.24613759,36.832258,60.317825,58.227471,0.3117175,0.54794856,0.037554952,116.45494,283.27152,0.017478325,0.03117175,0.033840196,127.49474,0.015848932,0.079432823,0,0,22.457485,116.40766,0,0,4.5297081,0.97363553,0.064088581,68,16
s-bursty-short,base,scaling,slo_feedback,16,f56c4e6a7ad5,0,90922,84461,0,0,0,6461,0.47064517,25.876344,35.697766,32.510689,0.32156992,0.51228113,0.059546111,65.021378,97.710051,0.021091693,0.032156992,0.035863593,75.210672,0.019952623,0.1,0,0,16.458332,64.979732,0,0,4.2348573,0.98327038,0.06956287,74,16
s-bursty-short,base,scaling,slo_feedback,17,ea65669faae7,0,122439,122439,0,0,0,0,0.35549947,42.425806,53.27809,50.631908,0.32046545,0.54821863,0.051897991,101.26382,126.30397,0.024633315,0.032046545,0.035493861,108.94767,0.025118864,0.1,0,0,19.090394,101.23238,0,0,4.5319407,0.97993049,0.10039817,70,16
s-bursty-short,base,scaling,slo_feedback,18,ad711be475f1,0,166733,166733,0,0,0,0,0.38953896,54.722581,59.716974,56.798923,0.32098461,0.64937132,0.060058958,113.59785,166.51068,0.025658556,0.032098461,0.035428979,121.38841,0.025118864,0.1,0,0,19.868876,113.53449,0,0,5.3681363,0.99368787,0.11023046,69,16
s-bursty-short,base,scaling,slo_feedback,19,4c4a34453ad1,0,157748,157748,0,0,0,0,0.44250957,47.281183,24.960774,21.810754,0.32399689,0.61347512,0.12298452,43.621509,78.54453,0.027323115,0.032399689,0.036013649,57.761863,0.025118864,0.1,0,0,10.300425,43.580031,0,0,5.0713943,0.96554357,0.12120533,70,16
s-bursty-short,base,scaling,slo_feedback,20,3938664fb016,0,119039,119039,0,0,0,0,0.37163451,40.215054,146.41286,143.54178,0.32181189,0.69109368,0.050000451,287.08355,518.46873,0.023163146,0.032181189,0.035671454,293.96557,0.025118864,0.1,0,0,35.818045,287.01466,0,0,5.7130411,0.99500439,0.066872516,55,16
s-bursty-short,base,scaling,predictive,1,c39db69c51db,0,102821,102821,0,0,0,0,0.26011223,40.901075,41.013389,38.869946,0.31424377,0.52863792,0.039948702,77.739892,93.865838,0.019161223,0.031424377,0.03493337,85.100395,0.019952623,0.079432823,0,0,11.999905,77.710416,0,0,4.3700735,0.98603156,0.091747192,148,17
s-bursty-short,base,scaling,predictive,2,f566abcda885,0,90448,90448,0,0,0,0,0.22668273,37.604839,25.207041,23.282919,0.31313916,0.4775686,0.037882913,46.565838,58.477593,0.01719376,0.031313916,0.034447094,54.03894,0.015848932,0.079432823,0,0,6.7876233,46.523383,0,0,3.9479005,0.98344874,0.086504769,135,18
s-bursty-short,base,scaling,predictive,3,1fc1c1dca02c,0,127097,127097,0,0,0,0,0.42574569,39.239785,30.317653,27.158166,0.32196277,0.70879595,0.073115061,54.316332,127.2991,0.02412367,0.032196277,0.036247845,63.512955,0.025118864,0.1,0,0,11.607861,54.284678,0,0,5.8593798,0.99249041,0.10240754,223,17
s-bursty-short,base,scaling,predictive,4,d0e2f79f5d55,0,145301,143624,0,0,0,1677,0.19945492,62.537634,25.398307,23.422607,0.3116718,0.66675371,0.037728413,46.845214,68.796587,0.01898839,0.03116718,0.034620905,55.832855,0.019952623,0.079432823,0,0,6.4019395,46.803998,0,0,5.5118307,0.9852949,0.094444701,139,19
s-bursty-short,base,scaling,predictive,5,06bc7fdc7c6c,0,123252,123252,0,0,0,0,0.38637101,40.661828,95.549028,92.566449,0.32094076,0.729783,0.056563037,185.1329,413.08245,0.024546546,0.032094076,0.035231423,192.94665,0.025118864,0.1,0,0,25.856035,185.10447,0,0,6.0328728,0.99517154,0.097014643,214,19
s-bursty-short,base,scaling,predictive,6,376d05259c1d,0,120768,120768,0,0,0,0,0.42099728,37.594086,30.604251,27.543714,0.32418297,0.63136735,0.084266807,55.087428,68.523531,0.026029979,0.032418297,0.03835185,64.378447,0.025118864,0.1,0,0,12.195502,55.043463,0,0,5.2193034,0.99663701,0.11080449,188,16
s-bursty-short,base,scaling,predictive,7,1ae66c3ddb33,0,144260,144260,0,0,0,0,0.24714405,58.39086,27.920447,25.674622,0.31569438,0.69441066,0.041711493,51.349244,66.123313,0.020288034,0.031569438,0.035182485,59.545046,0.019952623,0.1,0,0,8.2183624,51.300239,0,0,5.7404615,0.97305357,0.10009875,163,18
s-bursty-short,base,scaling,predictive,8,32ad69b77d17,0,159742,159532,0,0,0,210,0.32365314,58.086559,19.283642,16.577409,0.31916078,0.76880659,0.046988182,33.154819,48.134394,0.022376824,0.031916078,0.035742323,44.156243,0.025118864,0.1,0,0,6.4307178,33.098509,0,0,6.3554678,0.97155929,0.10594366,168,19
s-bursty-short,base,scaling,predictive,9,8e892c5b9715,0,112248,112248,0,0,0,0,0.43250659,34.247312,57.422628,54.237121,0.32319075,0.69978243,0.076445433,108.47424,209.60335,0.023827193,0.032319075,0.036881927,115.84855,0.025118864,0.1,0,0,16.704758,108.44424,0,0,5.7848681,0.99655358,0.094216844,230,20
s-bursty-short,base,scaling,predictive,10,ef1c2e71ac9b,0,87416,87416,0,0,0,0,0.18763155,38.17957,138.89356,137.0525,0.31201834,0.59088612,0.035039601,274.10499,441.9568,0.016330548,0.031201834,0.034401609,281.48359,0.015848932,0.079432823,0,0,28.532917,274.05491,0,0,4.8846586,0.9913096,0.061039813,158,19
s-bursty-short,base,scaling,predictive,11,5b3594d6f4e9,0,96269,96269,0,0,0,0,0.35130727,33.574731,11.801699,9.1949958,0.31997668,0.53019054,0.056214359,18.389992,42.559689,0.024237045,0.031997668,0.035370208,36.296935,0.025118864,0.1,0,0,4.5558736,18.339448,0,0,4.3829085,0.99634708,0.10980163,192,19
s-bursty-short,base,scaling,predictive,12,fd2fdf85ad0f,0,149402,148963,0,0,0,439,0.25071954,60.184946,36.701411,34.454752,0.31550075,0.67756101,0.040391544,68.909504,146.99017,0.018992644,0.031550075,0.035180936,81.169503,0.019952623,0.079432823,0,0,12.158929,68.856271,0,0,5.601171,0.99429207,0.098048235,128,19
s-bursty-short,base,scaling,predictive,13,a1a2cb403288,0,135431,134953,0,0,0,478,0.18802194,59.122043,33.410942,31.521954,0.3081465,0.64073177,0.034895274,63.043909,124.32774,0.016816195,0.03081465,0.033367108,72.231825,0.015848932,0.079432823,0,0,8.7341575,63.007693,0,0,5.296716,0.97002406,0.082733061,115,16
s-bursty-short,base,scaling,predictive,14,78582df5f753,0,134439,134439,0,0,0,0,0.35271759,46.784946,20.539653,17.773715,0.32116203,0.68118819,0.053600494,35.54743,54.356292,0.025549369,0.032116203,0.036282731,47.555033,0.025118864,0.1,0,0,7.5118476,35.509045,0,0,5.6311557,0.99429924,0.11615092,208,18
s-bursty-short,base,scaling,predictive,15,353b3a382a40,0,90876,90876,0,0,0,0,0.38890356,29.856989,46.834642,43.999014,0.32124754,0.56986174,0.052617055,87.998029,167.67421,0.019440882,0.032124754,0.035961429,95.821676,0.019952623,0.1,0,0,15.496701,87.939926,0,0,4.710857,0.99277959,0.086547823,181,18
s-bursty-short,base,scaling,predictive,16,f56c4e6a7ad5,0,90922,90922,0,0,0,0,0.24528717,36.892473,12.194208,10.09954,0.31352385,0.55470834,0.037684325,20.19908,74.818641,0.016806247,0.031352385,0.03482784,33.318117,0.015848932,0.079432823,0,0,4.4130825,20.149887,0,0,4.585589,0.99426961,0.073260585,144,16
s-bursty-short,base,scaling,predictive,17,ea65669faae7,0,122439,122439,0,0,0,0,0.18625601,53.566667,23.711263,21.799861,0.31238393,0.66773858,0.037976043,43.599722,65.827679,0.017834017,0.031238393,0.034627346,50.931642,0.019952623,0.079432823,0,0,5.5649872,43.556257,0,0,5.5199723,0.99748895,0.088140484,186,18
s-bursty-short,base,scaling,predictive,18,ad711be475f1,0,166733,166733,0,0,0,0,0.27297536,65.171505,26.129754,23.590985,0.3179585,0.85593418,0.040892307,47.181969,63.244726,0.018477202,0.03179585,0.035562422,55.346347,0.019952623,0.1,0,0,7.3853628,47.134216,0,0,7.0757225,0.97385045,0.091292936,197,18
s-bursty-short,base,scaling,predictive,19,4c4a34453ad1,0,157748,157748,0,0,0,0,0.40950123,50.080645,44.471784,41.351231,0.32068403,0.752363,0.052928728,82.702461,108.72642,0.02050195,0.032068403,0.035602921,90.562944,0.019952623,0.1,0,0,18.107098,82.655921,0,0,6.2195341,0.98327658,0.1086834,181,18
s-bursty-short,base,scaling,predictive,20,3938664fb016,0,119039,119039,0,0,0,0,0.34723074,41.776882,37.07393,34.389862,0.32129392,0.62662049,0.051552823,68.779724,102.82943,0.021690859,0.032129392,0.036957569,76.899633,0.025118864,0.1,0,0,10.606689,68.744796,0,0,5.1800627,0.99685433,0.10602102,200,16
s-bursty-long,base,scaling,static_min,1,d18bf46bb09e,0,29011,7466,0,0,0,21545,0.99365758,0.098924731,629.23482,623.49814,0.70297967,0.06541608,626.88355,1246.9963,1302.6225,0.0603983,0.070297967,0.080755821,1277.4046,0.050118723,0.12589254,0,0,633.06615,1246.7924,0,449,0.54077293,0.9992842,0.91486898,4,5
s-bursty-long,base,scaling,static_min,2,9030e9dff484,0,36571,7205,0,0,0,29366,0.99488666,0.10053763,701.16314,695.41247,0.71183477,0.064400981,615.56216,1390.8249,1453.9753,0.061161041,0.071183477,0.085284351,1415.9487,0.050118723,0.12589254,0,0,647.78519,1390.6241,0,526,0.53238144,0.99849251,0.94281617,4,5
s-bursty-long,base,scaling,static_min,3,e7c85652d102,0,26412,7591,0,0,0,18821,0.99295775,0.1,658.93306,653.20561,0.69400124,0.068659085,783.85871,1306.4112,1376.9506,0.061154665,0.069400124,0.083952769,1342.3265,0.050118723,0.12589254,0,0,735.77192,1306.2783,0,467,0.56758177,0.99967652,0.88275584,4,5
s-bursty-long,base,scaling,static_min,4,7946d4251ab5,0,29970,7572,0,0,0,22398,0.99536203,0.074731183,475.36073,469.60233,0.7160414,0.065550275,463.45526,939.20465,1012.2837,0.061735345,0.07160414,0.080904124,977.07176,0.050118723,0.12589254,0,0,465.68333,939.13792,0,459,0.54188228,0.99908267,0.92194959,4,5
s-bursty-long,base,scaling,static_min,5,9a800d902738,0,22368,7161,0,0,0,15207,0.98962804,0.12473118,615.05162,609.34998,0.68834318,0.065161222,451.35964,1218.7,1290.2269,0.061133237,0.068834318,0.078397679,1247.2358,0.050118723,0.12589254,0,0,546.66716,1218.5991,0,592,0.53866611,0.99875746,0.9368657,4,5
s-bursty-long,base,scaling,static_min,6,9ceae82b7337,0,31999,7253,0,0,0,24746,0.99665615,0.057526882,638.38288,632.61678,0.71721085,0.065607888,742.69014,1265.2336,1299.6647,0.061562084,0.071721085,0.083653863,1293.1289,0.050118723,0.12589254,0,0,690.67574,1265.0308,0,625,0.54235854,0.99951997,0.92762533,4,5
s-bursty-long,base,scaling,static_min,7,d1a9ea61aa98,0,33132,7435,0,0,0,25697,0.99459737,0.096236559,652.27504,646.52131,0.7163163,0.064429193,624.59184,1293.0426,1335.8647,0.061750682,0.07163163,0.0849354,1324.0091,0.050118723,0.12589254,0,0,642.82655,1292.8581,0,524,0.53261466,0.99940333,0.93989657,4,5
s-bursty-long,base,scaling,static_min,8,337669b7d39f,0,23424,7405,0,0,0,16019,0.99252903,0.094086022,544.79475,539.07172,0.69264005,0.067736454,572.45973,1078.1434,1150.5025,0.061178029,0.069264005,0.07948312,1105.7356,0.050118723,0.12589254,0,0,566.80073,1077.9406,0,498,0.55995469,0.99965056,0.89755337,4,5
s-bursty-long,base,scaling,static_min,9,cc0616926e16,0,43180,7341,0,0,0,35839,0.99527559,0.10967742,738.09955,732.3551,0.70301688,0.065059693,722.28797,1464.7102,1529.6303,0.061846598,0.070301688,0.082070459,1493.1228,0.050118723,0.12589254,0,0,719.29484,1464.506,0,576,0.53782679,0.99833467,0.92990666,4,5
s-bursty-long,base,scaling,static_min,10,74bb5342c176,0,28638,7550,0,0,0,21088,0.99294643,0.10860215,672.35564,666.62113,0.70298443,0.066795256,586.46195,1333.2423,1406.1522,0.061875364,0.070298443,0.080472947,1363.3296,0.050118723,0.12589254,0,0,609.18163,1333.1187,0,498,0.55217411,0.99980427,0.91109161,4,5
s-bursty-long,base,scaling,static_min,11,66675fc0ea84,0,32239,7427,0,0,0,24812,0.99351717,0.11236559,688.93605,683.18682,0.71735461,0.064293612,640.14377,1366.3736,1439.3099,0.061682069,0.071735461,0.084673757,1395.1237,0.050118723,0.12589254,0,0,648.95094,1366.1232,0,512,0.53149386,0.99915358,0.94107916,4,5
s-bursty-long,base,scaling,static_min,12,62dfbc70ce9a,0,35761,7583,0,0,0,28178,0.9945751,0.10430108,768.43735,762.67832,0.71832642,0.067827647,762.79798,1525.3566,1596.681,0.061879313,0.071832642,0.085094073,1555.6322,0.050118723,0.12589254,0,0,764.0635,1525.1042,0,549,0.56070855,0.99962569,0.89950735,4,5
s-bursty-long,base,scaling,static_min,13,3926314e7a5d,0,27578,7327,0,0,0,20251,0.99169628,0.12311828,443.69611,437.96798,0.70439633,0.065250004,453.19761,875.93596,944.52042,0.061884711,0.070439633,0.08332954,905.38591,0.050118723,0.12589254,0,0,453.65349,875.85091,0,507,0.53940003,0.99829977,0.92652522,4,5
s-bursty-long,base,scaling,static_min,14,b23f3290ae4f,0,24471,7302,0,0,0,17169,0.99268522,0.096236559,558.58264,552.8576,0.69532773,0.066277868,584.06664,1105.7152,1164.2346,0.061077719,0.069532773,0.081598465,1141.7127,0.050118723,0.12589254,0,0,570.88986,1105.5567,0,569,0.54789704,0.99877134,0.91880135,4,5
s-bursty-long,base,scaling,static_min,15,2901a936db6a,0,38288,7473,0,0,0,30815,0.99318324,0.14032258,676.49713,670.75371,0.71258953,0.064916926,652.0441,1341.5074,1405.9597,0.061724165,0.071258953,0.08087795,1367.7565,0.050118723,0.12589254,0,0,670.5625,1341.3494,0,497,0.53664659,0.99860532,0.93330819,4,5
s-bursty-long,base,scaling,static_min,16,6325e801edf2,0,32911,7552,0,0,0,25359,0.99310261,0.12204301,548.50199,542.76902,0.7030038,0.064448105,440.13455,1085.538,1157.1239,0.06234151,0.07030038,0.078172639,1112.7647,0.050118723,0.12589254,0,0,487.80296,1085.4513,0,428,0.532771,0.99804556,0.93915247,4,5
s-bursty-long,base,scaling,static_min,17,54ad63f73820,0,33034,7485,0,0,0,25549,0.99131198,0.15430108,654.36893,648.63473,0.71259994,0.065044166,541.67399,1297.2695,1372.6609,0.062144264,0.071259994,0.080597686,1322.956,0.050118723,0.12589254,0,0,586.66107,1297.1669,0,505,0.53769844,0.9996023,0.92995967,4,5
s-bursty-long,base,scaling,static_min,18,cec1f17930e0,0,33296,7338,0,0,0,25958,0.99372297,0.11236559,774.09883,768.35903,0.70331724,0.06786857,771.8384,1536.7181,1610.206,0.061357646,0.070331724,0.08281097,1561.8992,0.050118723,0.12589254,0,0,780.67293,1536.6356,0,571,0.56104685,0.99979906,0.89983501,4,5
s-bursty-long,base,scaling,static_min,19,ab2a089c3109,0,50164,7402,0,0,0,42762,0.99780719,0.059139785,743.37742,737.61236,0.70990018,0.066127561,726.2026,1475.2247,1551.2222,0.061800809,0.070990018,0.082241696,1504.8741,0.050118723,0.12589254,0,0,739.93351,1475.0202,0,498,0.54665451,0.99903445,0.91469316,4,5
s-bursty-long,base,scaling,static_min,20,ef3b6f14aef3,0,33396,7419,0,0,0,25977,0.9940412,0.10698925,658.64635,652.89673,0.71350627,0.065915352,631.3806,1305.7935,1370.5717,0.061573782,0.071350627,0.083589917,1337.3266,0.050118723,0.12589254,0,0,653.48739,1305.4923,0,479,0.54490025,0.99876452,0.9161015,4,5
s-bursty-long,base,scaling,static_tuned,1,d18bf46bb09e,0,29011,29011,0,0,0,0,0,15.597312,1.1610804,0.15670166,0.31788678,0.68649194,0.10568308,0.31340331,0.49353142,0.022659817,0.031788678,0.035351407,40.302396,0.019952623,0.1,0,0,0.012773622,0.023204622,0,0,5.675,0.97883023,0.12334787,6,11
s-bursty-long,base,scaling,static_tuned,2,9030e9dff484,0,36571,36571,0,0,0,0,0,19.661828,1.1819902,0.16579001,0.32970821,0.68649194,0.11211042,0.33158002,0.51604839,0.025800491,0.032970821,0.036477332,44.667008,0.025118864,0.1,0,0,0.01443712,0.035871634,0,0,5.675,0.99042099,0.17670827,6,11
s-bursty-long,base,scaling,static_tuned,3,e7c85652d102,0,26412,26412,0,0,0,0,0.077351204,13.101613,6.9128548,5.2196867,0.61992007,0.68649194,0.11601998,10.439373,32.156569,0.022066782,0.061992007,0.068386941,52.895387,0.019952623,0.12589254,0,0,1.3895816,10.303492,0,39,5.675,0.97776239,0.12489329,6,11
s-bursty-long,base,scaling,static_tuned,4,7946d4251ab5,0,29970,29970,0,0,0,0,0,16.112903,1.1491441,0.15569258,0.3069596,0.68649194,0.1048064,0.31138517,0.48983045,0.022351467,0.03069596,0.034033382,37.768121,0.019952623,0.1,0,0,0.012356841,0.022124023,0,0,5.675,0.98435604,0.12443254,6,11
s-bursty-long,base,scaling,static_tuned,5,9a800d902738,0,22368,22368,0,0,0,0,0,12.025806,1.1703677,0.15203983,0.33183597,0.68649194,0.10206943,0.30407965,0.47970011,0.014160288,0.033183597,0.036464945,36.393533,0.015848932,0.1,0,0,0.011147997,0.021657703,0,0,5.675,0.97577968,0.088398872,6,11
s-bursty-long,base,scaling,static_tuned,6,9ceae82b7337,0,31999,31999,0,0,0,0,0,17.203763,1.1631819,0.16452824,0.31216168,0.68649194,0.10913657,0.32905648,0.51252054,0.023813062,0.031216168,0.038636438,41.186151,0.019952623,0.1,0,0,0.014932828,0.036685567,0,0,5.675,0.97949835,0.14213437,6,11
s-bursty-long,base,scaling,static_tuned,7,d1a9ea61aa98,0,33132,33132,0,0,0,0,0,17.812903,1.1773872,0.16534118,0.32555413,0.68649194,0.10944241,0.33068236,0.5095568,0.02375915,0.032555413,0.037809289,41.392763,0.019952623,0.1,0,0,0.014494815,0.035838654,0,0,5.675,0.98453823,0.14880116,6,11
s-bursty-long,base,scaling,static_tuned,8,337669b7d39f,0,23424,23424,0,0,0,0,0.0086663251,12.484409,1.3190923,0.19153519,0.39773352,0.68649194,0.10506605,0.38307038,1.597688,0.014226191,0.039773352,0.067063917,40.245118,0.015848932,0.1,0,0,0.050797016,0.066591633,0,0,5.675,0.99025551,0.09787647,6,11
s-bursty-long,base,scaling,static_tuned,9,cc0616926e16,0,43180,43180,0,0,0,0,0,23.215054,1.1945569,0.1733056,0.33475932,0.68649194,0.11708697,0.34661121,0.52953529,0.028759834,0.033475932,0.037480937,49.669836,0.025118864,0.1,0,0,0.016563906,0.044890972,0,0,5.675,0.98998716,0.23240905,6,11
s-bursty-long,base,scaling,static_tuned,10,74bb5342c176,0,28638,28638,0,0,0,0,0,15.396774,1.1563659,0.15870635,0.31116766,0.68649194,0.10714804,0.3174127,0.49275074,0.022995332,0.031116766,0.034987946,38.692359,0.019952623,0.1,0,0,0.013158346,0.025269588,0,0,5.675,0.97952015,0.12022464,6,11
s-bursty-long,base,scaling,static_tuned,11,66675fc0ea84,0,32239,32239,0,0,0,0,0,17.332796,1.170932,0.16797843,0.31646165,0.68649194,0.10971448,0.33595685,0.50839223,0.024813999,0.031646165,0.035202969,42.596379,0.019952623,0.1,0,0,0.014024096,0.032724149,0,0,5.675,0.99376885,0.14902375,6,11
s-bursty-long,base,scaling,static_tuned,12,62dfbc70ce9a,0,35761,35761,0,0,0,0,0.058779117,18.096237,4.454972,2.8668001,0.60778445,0.68649194,0.12305663,5.7336001,27.420835,0.027713855,0.060778445,0.069355948,54.170046,0.025118864,0.12589254,0,0,0.98976005,5.5415044,0,34,5.675,0.98110635,0.19503674,6,11
s-bursty-long,base,scaling,static_tuned,13,3926314e7a5d,0,27578,27578,0,0,0,0,0,14.826882,1.174227,0.15907741,0.32865768,0.68649194,0.10775364,0.31815483,0.49295481,0.021431927,0.032865768,0.036220501,39.957455,0.019952623,0.1,0,0,0.012911561,0.024719455,0,0,5.675,0.99298518,0.11913376,6,11
s-bursty-long,base,scaling,static_tuned,14,b23f3290ae4f,0,24471,24471,0,0,0,0,0,13.156452,1.1227888,0.14792747,0.28836942,0.68649194,0.10213328,0.29585494,0.47038057,0.018262176,0.028836942,0.032426769,36.230562,0.015848932,0.1,0,0,0.010981453,0.019231068,0,0,5.675,0.99395564,0.093744165,6,11
s-bursty-long,base,scaling,static_tuned,15,2901a936db6a,0,38288,38288,0,0,0,0,0.010969494,20.35914,1.2953403,0.19840858,0.35559227,0.68649194,0.11669515,0.39681715,2.3441005,0.026352044,0.035559227,0.068782154,46.722214,0.025118864,0.1,0,0,0.070727669,0.087603226,0,0,5.675,0.99335546,0.18886537,6,11
s-bursty-long,base,scaling,static_tuned,16,6325e801edf2,0,32911,32911,0,0,0,0,0,17.694086,1.1669538,0.16184458,0.31861726,0.68649194,0.10915956,0.32368917,0.50666252,0.024990692,0.031861726,0.035462208,40.836596,0.019952623,0.1,0,0,0.01374674,0.030764781,0,0,5.675,0.97924174,0.14734217,6,11
s-bursty-long,base,scaling,static_tuned,17,54ad63f73820,0,33034,33034,0,0,0,0,0,17.760215,1.1589267,0.16059682,0.31183798,0.68649194,0.10789905,0.32119363,0.49528289,0.023401574,0.031183798,0.034616804,40.936797,0.019952623,0.1,0,0,0.013410219,0.027981755,0,0,5.675,0.99330818,0.1447221,6,11
s-bursty-long,base,scaling,static_tuned,18,cec1f17930e0,0,33296,33296,0,0,0,0,0.065983902,16.719892,6.2654493,4.6343912,0.61464667,0.68649194,0.12518834,9.2687823,35.020437,0.028910916,0.061464667,0.070810311,59.558505,0.025118864,0.12589254,0,0,1.3672202,9.028854,0,48,5.675,0.9777947,0.19086506,6,11
s-bursty-long,base,scaling,static_tuned,19,ab2a089c3109,0,50164,50164,0,0,0,0,0.022625787,26.359677,1.40584,0.22804248,0.37817668,0.68649194,0.12479302,0.45608497,9.9024207,0.029354895,0.037817668,0.070583359,54.143164,0.025118864,0.1,0,0,0.22563027,0.1478207,0,27,5.675,0.98810506,0.29291927,6,11
s-bursty-long,base,scaling,static_tuned,20,ef3b6f14aef3,0,33396,33396,0,0,0,0,0.0077554198,17.815591,1.2903093,0.20008113,0.36495916,0.68649194,0.11463652,0.40016226,1.3438598,0.025707642,0.036495916,0.066837797,45.282193,0.019952623,0.1,0,0,0.053587855,0.097558464,0,0,5.675,0.99023057,0.16190446,6,11
s-bursty-long,base,scaling,static_peak_oracle,1,d18bf46bb09e,0,29011,29011,0,0,0,0,0,15.597312,1.1610804,0.15670166,0.31788678,0.68649194,0.10568308,0.31340331,0.49353142,0.022659817,0.031788678,0.035351407,40.302396,0.019952623,0.1,0,0,0.012773622,0.023204622,0,0,5.675,0.97883023,0.12334787,6,11
s-bursty-long,base,scaling,static_peak_oracle,2,9030e9dff484,0,36571,36571,0,0,0,0,0,19.661828,1.1819902,0.16579001,0.32970821,0.68649194,0.11211042,0.33158002,0.51604839,0.025800491,0.032970821,0.036477332,44.667008,0.025118864,0.1,0,0,0.01443712,0.035871634,0,0,5.675,0.99042099,0.17670827,6,11
s-bursty-long,base,scaling,static_peak_oracle,3,e7c85652d102,0,26412,26412,0,0,0,0,0.077351204,13.101613,6.9128548,5.2196867,0.61992007,0.68649194,0.11601998,10.439373,32.156569,0.022066782,0.061992007,0.068386941,52.895387,0.019952623,0.12589254,0,0,1.3895816,10.303492,0,39,5.675,0.97776239,0.12489329,6,11
s-bursty-long,base,scaling,static_peak_oracle,4,7946d4251ab5,0,29970,29970,0,0,0,0,0,16.112903,1.1491441,0.15569258,0.3069596,0.68649194,0.1048064,0.31138517,0.48983045,0.022351467,0.03069596,0.034033382,37.768121,0.019952623,0.1,0,0,0.012356841,0.022124023,0,0,5.675,0.98435604,0.12443254,6,11
s-bursty-long,base,scaling,static_peak_oracle,5,9a800d902738,0,22368,22368,0,0,0,0,0,12.025806,1.1703677,0.15203983,0.33183597,0.68649194,0.10206943,0.30407965,0.47970011,0.014160288,0.033183597,0.036464945,36.393533,0.015848932,0.1,0,0,0.011147997,0.021657703,0,0,5.675,0.97577968,0.088398872,6,11
s-bursty-long,base,scaling,static_peak_oracle,6,9ceae82b7337,0,31999,31999,0,0,0,0,0,17.203763,1.1631819,0.16452824,0.31216168,0.68649194,0.10913657,0.32905648,0.51252054,0.023813062,0.031216168,0.038636438,41.186151,0.019952623,0.1,0,0,0.014932828,0.036685567,0,0,5.675,0.97949835,0.14213437,6,11
s-bursty-long,base,scaling,static_peak_oracle,7,d1a9ea61aa98,0,33132,33132,0,0,0,0,0,17.812903,1.1773872,0.16534118,0.32555413,0.68649194,0.10944241,0.33068236,0.5095568,0.02375915,0.032555413,0.037809289,41.392763,0.019952623,0.1,0,0,0.014494815,0.035838654,0,0,5.675,0.98453823,0.14880116,6,11
s-bursty-long,base,scaling,static_peak_oracle,8,337669b7d39f,0,23424,23424,0,0,0,0,0.0086663251,12.484409,1.3190923,0.19153519,0.39773352,0.68649194,0.10506605,0.38307038,1.597688,0.014226191,0.039773352,0.067063917,40.245118,0.015848932,0.1,0,0,0.050797016,0.066591633,0,0,5.675,0.99025551,0.09787647,6,11
s-bursty-long,base,scaling,static_peak_oracle,9,cc0616926e16,0,43180,43180,0,0,0,0,0,23.215054,1.1945569,0.1733056,0.33475932,0.68649194,0.11708697,0.34661121,0.52953529,0.028759834,0.033475932,0.037480937,49.669836,0.025118864,0.1,0,0,0.016563906,0.044890972,0,0,5.675,0.98998716,0.23240905,6,11
s-bursty-long,base,scaling,static_peak_oracle,10,74bb5342c176,0,28638,28638,0,0,0,0,0,15.396774,1.1563659,0.15870635,0.31116766,0.68649194,0.10714804,0.3174127,0.49275074,0.022995332,0.031116766,0.034987946,38.692359,0.019952623,0.1,0,0,0.013158346,0.025269588,0,0,5.675,0.97952015,0.12022464,6,11
s-bursty-long,base,scaling,static_peak_oracle,11,66675fc0ea84,0,32239,32239,0,0,0,0,0,17.332796,1.170932,0.16797843,0.31646165,0.68649194,0.10971448,0.33595685,0.50839223,0.024813999,0.031646165,0.035202969,42.596379,0.019952623,0.1,0,0,0.014024096,0.032724149,0,0,5.675,0.99376885,0.14902375,6,11
s-bursty-long,base,scaling,static_peak_oracle,12,62dfbc70ce9a,0,35761,35761,0,0,0,0,0.058779117,18.096237,4.454972,2.8668001,0.60778445,0.68649194,0.12305663,5.7336001,27.420835,0.027713855,0.060778445,0.069355948,54.170046,0.025118864,0.12589254,0,0,0.98976005,5.5415044,0,34,5.675,0.98110635,0.19503674,6,11
s-bursty-long,base,scaling,static_peak_oracle,13,3926314e7a5d,0,27578,27578,0,0,0,0,0,14.826882,1.174227,0.15907741,0.32865768,0.68649194,0.10775364,0.31815483,0.49295481,0.021431927,0.032865768,0.036220501,39.957455,0.019952623,0.1,0,0,0.012911561,0.024719455,0,0,5.675,0.99298518,0.11913376,6,11
s-bursty-long,base,scaling,static_peak_oracle,14,b23f3290ae4f,0,24471,24471,0,0,0,0,0,13.156452,1.1227888,0.14792747,0.28836942,0.68649194,0.10213328,0.29585494,0.47038057,0.018262176,0.028836942,0.032426769,36.230562,0.015848932,0.1,0,0,0.010981453,0.019231068,0,0,5.675,0.99395564,0.093744165,6,11
s-bursty-long,base,scaling,static_peak_oracle,15,2901a936db6a,0,38288,38288,0,0,0,0,0.010969494,20.35914,1.2953403,0.19840858,0.35559227,0.68649194,0.11669515,0.39681715,2.3441005,0.026352044,0.035559227,0.068782154,46.722214,0.025118864,0.1,0,0,0.070727669,0.087603226,0,0,5.675,0.99335546,0.18886537,6,11
s-bursty-long,base,scaling,static_peak_oracle,16,6325e801edf2,0,32911,32911,0,0,0,0,0,17.694086,1.1669538,0.16184458,0.31861726,0.68649194,0.10915956,0.32368917,0.50666252,0.024990692,0.031861726,0.035462208,40.836596,0.019952623,0.1,0,0,0.01374674,0.030764781,0,0,5.675,0.97924174,0.14734217,6,11
s-bursty-long,base,scaling,static_peak_oracle,17,54ad63f73820,0,33034,33034,0,0,0,0,0,17.760215,1.1589267,0.16059682,0.31183798,0.68649194,0.10789905,0.32119363,0.49528289,0.023401574,0.031183798,0.034616804,40.936797,0.019952623,0.1,0,0,0.013410219,0.027981755,0,0,5.675,0.99330818,0.1447221,6,11
s-bursty-long,base,scaling,static_peak_oracle,18,cec1f17930e0,0,33296,33296,0,0,0,0,0.065983902,16.719892,6.2654493,4.6343912,0.61464667,0.68649194,0.12518834,9.2687823,35.020437,0.028910916,0.061464667,0.070810311,59.558505,0.025118864,0.12589254,0,0,1.3672202,9.028854,0,48,5.675,0.9777947,0.19086506,6,11
s-bursty-long,base,scaling,static_peak_oracle,19,ab2a089c3109,0,50164,50164,0,0,0,0,0.022625787,26.359677,1.40584,0.22804248,0.37817668,0.68649194,0.12479302,0.45608497,9.9024207,0.029354895,0.037817668,0.070583359,54.143164,0.025118864,0.1,0,0,0.22563027,0.1478207,0,27,5.675,0.98810506,0.29291927,6,11
s-bursty-long,base,scaling,static_peak_oracle,20,ef3b6f14aef3,0,33396,33396,0,0,0,0,0.0077554198,17.815591,1.2903093,0.20008113,0.36495916,0.68649194,0.11463652,0.40016226,1.3438598,0.025707642,0.036495916,0.066837797,45.282193,0.019952623,0.1,0,0,0.053587855,0.097558464,0,0,5.675,0.99023057,0.16190446,6,11
s-bursty-long,base,scaling,threshold_cooldown,1,d18bf46bb09e,0,29011,29011,0,0,0,0,0.15425184,13.191398,37.21498,35.099072,0.63821469,0.70643509,0.12343782,70.198143,121.31721,0.022671419,0.063821469,0.082160912,103.2739,0.019952623,0.12589254,0,0,8.5113727,69.99351,0,120,5.8398634,0.97717752,0.14895674,18,15
s-bursty-long,base,scaling,threshold_cooldown,2,9030e9dff484,0,36571,36571,0,0,0,0,0.1549315,16.615591,22.742587,20.659047,0.64677974,0.66210303,0.12971692,41.318094,50.346118,0.023857733,0.064677974,0.074779147,72.232168,0.019952623,0.12589254,0,0,4.7850253,41.123205,0,269,5.4733851,0.979132,0.22352638,18,15
s-bursty-long,base,scaling,threshold_cooldown,3,e7c85652d102,0,26412,26412,0,0,0,0,0.14213236,12.18172,15.871448,13.84177,0.63904123,0.67997434,0.12374001,27.683541,38.680516,0.023093975,0.063904123,0.074738954,63.275465,0.019952623,0.12589254,0,0,2.9387696,27.541935,0,88,5.6211212,0.97641827,0.14156822,14,13
s-bursty-long,base,scaling,threshold_cooldown,4,7946d4251ab5,0,29970,29970,0,0,0,0,0.25165165,12.058065,21.45627,18.965569,0.68275837,0.54968386,0.13894106,37.931138,48.442296,0.021337133,0.068275837,0.083358312,73.5193,0.019952623,0.12589254,0,0,5.5481043,37.761599,0,279,4.5440532,0.97722035,0.22580599,14,13
s-bursty-long,base,scaling,threshold_cooldown,5,9a800d902738,0,22368,22368,0,0,0,0,0.34285587,7.9026882,29.317464,26.317902,0.69563115,0.58965163,0.16590868,52.635803,60.053688,0.021487196,0.069563115,0.08566816,92.77724,0.019952623,0.12589254,0,0,11.417161,52.443221,0,375,4.8744534,0.97552972,0.17102557,16,13
s-bursty-long,base,scaling,threshold_cooldown,6,9ceae82b7337,0,31999,31999,0,0,0,0,0.13062908,14.956452,28.390575,26.453993,0.65430115,0.62913545,0.13828811,52.907986,116.44129,0.023189687,0.065430115,0.07965358,99.085943,0.019952623,0.12589254,0,0,6.503198,52.65843,0,184,5.2008531,0.97661252,0.22601132,18,13
s-bursty-long,base,scaling,threshold_cooldown,7,d1a9ea61aa98,0,33132,33132,0,0,0,0,0.025172039,17.364516,1.6446632,0.27402499,0.5319809,0.71279707,0.11573449,0.54804998,8.755558,0.021510905,0.05319809,0.076978874,44.220978,0.019952623,0.1,0,0,0.21887515,0.2752119,0,13,5.8924558,0.97939622,0.1533275,20,15
s-bursty-long,base,scaling,threshold_cooldown,8,337669b7d39f,0,23424,23424,0,0,0,0,0.06758026,11.742473,2.8414102,1.3400495,0.65663739,0.50682193,0.12894781,2.6800991,5.5329632,0.017392674,0.065663739,0.0804362,57.976117,0.015848932,0.12589254,0,0,0.32248874,2.4714004,0,128,4.189728,0.99224511,0.1935345,12,13
s-bursty-long,base,scaling,threshold_cooldown,9,cc0616926e16,0,43180,43180,0,0,0,0,0.41433534,13.596237,63.109743,59.551285,0.69696469,0.7898164,0.22252331,119.10257,150.22211,0.024746159,0.069696469,0.089070353,156.62886,0.025118864,0.12589254,0,0,24.861453,118.87382,0,994,6.5291489,0.98692703,0.28442969,19,16
s-bursty-long,base,scaling,threshold_cooldown,10,74bb5342c176,0,28638,28638,0,0,0,0,0.27952371,11.093011,15.245041,12.436235,0.68194174,0.72924627,0.15048851,24.87247,33.551326,0.020083707,0.068194174,0.08540661,71.716465,0.019952623,0.12589254,0,0,4.7118088,24.658305,0,266,6.0284358,0.97873393,0.16804763,14,15
s-bursty-long,base,scaling,threshold_cooldown,11,66675fc0ea84,0,32239,32239,0,0,0,0,0.20959087,13.7,32.045372,29.617707,0.67424067,0.70546935,0.13094068,59.235415,108.1332,0.022465749,0.067424067,0.082568324,99.508624,0.019952623,0.12589254,0,0,9.5670487,59.008517,0,301,5.83188,0.99091624,0.18482661,16,15
s-bursty-long,base,scaling,threshold_cooldown,12,62dfbc70ce9a,0,35761,35761,0,0,0,0,0.26621179,14.108065,17.770161,14.967242,0.67695195,0.79490748,0.1468667,29.934484,38.50479,0.024534363,0.067695195,0.083178967,74.301046,0.019952623,0.12589254,0,0,5.3422885,29.701175,0,427,6.5712352,0.97316963,0.19972376,18,15
s-bursty-long,base,scaling,threshold_cooldown,13,3926314e7a5d,0,27578,27578,0,0,0,0,0.023968381,14.471505,1.4512383,0.25472106,0.56225577,0.51441953,0.1187007,0.50944212,5.8671906,0.022037338,0.056225577,0.070290592,47.581628,0.019952623,0.1,0,0,0.15900618,0.22443789,0,12,4.2525348,0.9749464,0.18939381,14,15
s-bursty-long,base,scaling,threshold_cooldown,14,b23f3290ae4f,0,24471,24471,0,0,0,0,0.049814066,12.501075,2.3757444,0.95950476,0.58792673,0.57924259,0.11948726,1.9190095,13.570635,0.025628699,0.058792673,0.067536723,50.281013,0.019952623,0.1,0,0,0.48880864,1.7636547,0,8,4.7884054,0.98710434,0.15072115,18,15
s-bursty-long,base,scaling,threshold_cooldown,15,2901a936db6a,0,38288,38288,0,0,0,0,0.060854576,19.332258,6.7687163,5.1141455,0.58780198,0.76249602,0.11772142,10.228291,82.500279,0.022980636,0.058780198,0.071047083,66.774584,0.019952623,0.12589254,0,0,2.7940772,10.027606,0,91,6.3033004,0.99142559,0.17249468,18,15
s-bursty-long,base,scaling,threshold_cooldown,16,6325e801edf2,0,32911,32911,0,0,0,0,0.29871472,12.408602,21.396714,18.578127,0.6891625,0.63585074,0.15610805,37.156254,46.643851,0.022191437,0.06891625,0.085754406,80.978679,0.019952623,0.12589254,0,0,7.3128472,36.951885,0,395,5.2563661,0.97017783,0.23647884,16,15
s-bursty-long,base,scaling,threshold_cooldown,17,54ad63f73820,0,33034,33034,0,0,0,0,0.17509233,14.650538,21.412408,19.22384,0.67632496,0.63678075,0.13791272,38.447681,49.772007,0.023594413,0.067632496,0.077695563,75.090498,0.019952623,0.12589254,0,0,5.1034037,38.240519,0,231,5.2640542,0.99530566,0.22645938,20,13
s-bursty-long,base,scaling,threshold_cooldown,18,cec1f17930e0,0,33296,33296,0,0,0,0,0.33959034,11.822043,23.765342,20.608116,0.68969208,0.76958241,0.16973359,41.216232,50.646456,0.02097658,0.068969208,0.086061853,86.790739,0.019952623,0.12589254,0,0,8.4792081,40.990744,0,547,6.3618812,0.98207228,0.2009184,16,15
s-bursty-long,base,scaling,threshold_cooldown,19,ab2a089c3109,0,50164,50164,0,0,0,0,0.30228849,18.817204,37.463208,34.447561,0.68262875,0.82157598,0.15314373,68.895122,84.813426,0.022636496,0.068262875,0.086139268,102.43524,0.019952623,0.12589254,0,0,12.582467,68.712688,0,801,6.7916948,0.98617256,0.2876778,19,16
s-bursty-long,base,scaling,threshold_cooldown,20,ef3b6f14aef3,0,33396,33396,0,0,0,0,0.07345191,16.636022,15.055932,13.354966,0.59725637,0.73645063,0.11690554,26.709931,87.014186,0.021355607,0.059725637,0.06983339,72.697973,0.019952623,0.12589254,0,0,3.5809317,26.572674,0,38,6.0879919,0.98950298,0.15225312,18,15
s-bursty-long,base,scaling,target_tracking,1,d18bf46bb09e,0,29011,29011,0,0,0,0,0,15.597312,1.5496326,0.18038505,0.47326208,0.89598551,0.11117009,0.36077009,0.56452433,0.021425207,0.047326208,0.053205295,44.532239,0.019952623,0.1,0,0,0.019697405,0.070349688,0,0,7.4068135,0.97047523,0.10909267,45,16
s-bursty-long,base,scaling,target_tracking,2,9030e9dff484,0,36571,36571,0,0,0,0,0,19.661828,1.5731486,0.16674716,0.47183136,0.93457006,0.10832885,0.33349431,0.54281587,0.018917018,0.047183136,0.057674269,40.324244,0.015848932,0.1,0,0,0.016369369,0.041755503,0,0,7.7257791,0.98013046,0.11936298,31,16
s-bursty-long,base,scaling,target_tracking,3,e7c85652d102,0,26412,26412,0,0,0,0,0.079130698,13.076344,7.1056795,5.2196867,0.63502555,0.85531375,0.11563335,10.439373,32.156569,0.018030872,0.063502555,0.072998339,51.792073,0.015848932,0.12589254,0,0,1.4052181,10.303492,0,41,7.0705937,0.98592185,0.10125019,37,16
s-bursty-long,base,scaling,target_tracking,4,7946d4251ab5,0,29970,29970,0,0,0,0,0,16.112903,1.4790257,0.16423082,0.47787413,0.8369208,0.10618362,0.32846163,0.51258665,0.017677473,0.047787413,0.054258903,38.255965,0.015848932,0.1,0,0,0.014986149,0.041810209,0,0,6.9185453,0.97344188,0.10316217,29,16
s-bursty-long,base,scaling,target_tracking,5,9a800d902738,0,22368,22368,0,0,0,0,0,12.025806,1.3991764,0.16971869,0.44157557,0.78788217,0.10648379,0.33943739,0.50829684,0.016550074,0.044157557,0.049040513,39.119612,0.015848932,0.1,0,0,0.01554266,0.048956058,0,0,6.5131593,0.97005689,0.090269782,57,16
s-bursty-long,base,scaling,target_tracking,6,9ceae82b7337,0,31999,31999,0,0,0,0,0.081502547,15.801613,6.1188611,4.1386364,0.62836573,0.94434622,0.11249279,8.2772728,65.273354,0.018029425,0.062836573,0.08183183,54.782761,0.015848932,0.12589254,0,0,2.2828699,8.0805279,0,48,7.8065954,0.97424002,0.10116466,31,16
s-bursty-long,base,scaling,target_tracking,7,d1a9ea61aa98,0,33132,33132,0,0,0,0,0.023330919,17.397312,1.5729221,0.19074269,0.32811023,0.93741459,0.10549438,0.38148537,8.5919253,0.018403194,0.032811023,0.068137521,36.284977,0.015848932,0.1,0,0,0.19601047,0.04274926,0,11,7.7492939,0.99276926,0.096458041,39,16
s-bursty-long,base,scaling,target_tracking,8,337669b7d39f,0,23424,23424,0,0,0,0,0.0086663251,12.484409,1.5785469,0.22601736,0.55001729,0.75918059,0.11009722,0.45203471,1.597688,0.015145491,0.055001729,0.068818138,43.129553,0.015848932,0.1,0,0,0.058415129,0.16509054,0,0,6.2758929,0.97696948,0.1027113,41,16
s-bursty-long,base,scaling,target_tracking,9,cc0616926e16,0,43180,43180,0,0,0,0,0.03913849,22.306452,1.9781131,0.35833786,0.5572448,0.86683795,0.11435111,0.71667572,12.986749,0.019594642,0.05572448,0.085152369,47.060555,0.019952623,0.1,0,0,0.38364573,0.48916011,0,17,7.1658604,0.9816255,0.16977538,31,16
s-bursty-long,base,scaling,target_tracking,10,74bb5342c176,0,28638,28638,0,0,0,0,0,15.396774,1.4825837,0.1630401,0.4648669,0.85467672,0.10701678,0.3260802,0.50966526,0.018231172,0.04648669,0.053826199,39.019835,0.015848932,0.1,0,0,0.014453762,0.035890419,0,0,7.0653275,0.98926892,0.097907842,36,16
s-bursty-long,base,scaling,target_tracking,11,66675fc0ea84,0,32239,32229,0,0,0,10,0.036973852,16.691935,2.0311632,0.41056997,0.59134808,0.84437594,0.11527183,0.82113993,8.154842,0.019678043,0.059134808,0.06579035,46.725857,0.019952623,0.12589254,0,0,0.24784476,0.61251374,0,64,6.9801745,0.99741643,0.13660199,49,16
s-bursty-long,base,scaling,target_tracking,12,62dfbc70ce9a,0,35761,35761,0,0,0,0,0.1115461,17.08172,6.6153113,4.5130864,0.66004224,0.88445221,0.1331797,9.0261728,27.420835,0.022551981,0.066004224,0.076925937,58.620213,0.019952623,0.12589254,0,0,1.3076297,8.8134852,0,113,7.3114716,0.97353758,0.1674578,45,16
s-bursty-long,base,scaling,target_tracking,13,3926314e7a5d,0,27578,27578,0,0,0,0,0,14.826882,1.2197434,0.14998209,0.29981654,0.76994475,0.10390074,0.29996418,0.48623993,0.017491373,0.029981654,0.044243582,33.531142,0.015848932,0.1,0,0,0.010869578,0.017208152,0,0,6.3648766,0.98190982,0.093203832,23,16
s-bursty-long,base,scaling,target_tracking,14,b23f3290ae4f,0,24471,24471,0,0,0,0,0.003636958,13.108602,1.5562364,0.20925501,0.57932784,0.74946881,0.11186381,0.41851002,1.2806707,0.018915649,0.057932784,0.065446915,44.042562,0.015848932,0.1,0,0,0.043375837,0.127551,0,9,6.1956088,0.98293593,0.10886245,41,16
s-bursty-long,base,scaling,target_tracking,15,2901a936db6a,0,38288,38288,0,0,0,0,0.04941496,19.567742,2.7026412,0.93342876,0.57466125,0.94747643,0.10964075,1.8668575,36.256756,0.018693213,0.057466125,0.073638335,47.901053,0.015848932,0.12589254,0,0,1.1761419,1.6507846,0,68,7.8324718,0.98516221,0.12206426,31,16
s-bursty-long,base,scaling,target_tracking,16,6325e801edf2,0,32911,32911,0,0,0,0,0,17.694086,1.439583,0.1594934,0.43488021,0.84520935,0.10575964,0.31898681,0.51279138,0.018212054,0.043488021,0.049626177,36.836238,0.015848932,0.1,0,0,0.013953202,0.029827526,0,0,6.9870639,0.98569122,0.1086296,29,16
s-bursty-long,base,scaling,target_tracking,17,54ad63f73820,0,33034,32992,0,0,0,42,0.030150754,17.224731,1.9152708,0.3140106,0.58977616,0.86073024,0.11254343,0.62802119,5.9671472,0.018276289,0.058977616,0.066366545,43.581411,0.015848932,0.12589254,0,0,0.17896462,0.40370105,0,35,7.1153699,0.9814106,0.12463725,31,16
s-bursty-long,base,scaling,target_tracking,18,cec1f17930e0,0,33296,33296,0,0,0,0,0.068566795,16.673656,6.4848507,4.6343912,0.6281126,0.87951294,0.11478024,9.2687823,35.020437,0.019011729,0.06281126,0.076052535,50.543701,0.015848932,0.12589254,0,0,1.3811327,9.028854,0,47,7.2706403,0.98721042,0.12127604,35,16
s-bursty-long,base,scaling,target_tracking,19,ab2a089c3109,0,50164,50164,0,0,0,0,0.050853201,25.598387,2.8493105,1.0861007,0.53437477,0.97456901,0.1111844,2.1722014,70.63976,0.019261751,0.053437477,0.073820279,55.227431,0.019952623,0.12589254,0,0,2.0167221,1.9947415,0,73,8.0564372,0.9824942,0.15356448,15,16
s-bursty-long,base,scaling,target_tracking,20,ef3b6f14aef3,0,33396,33396,0,0,0,0,0.070547371,16.688172,12.20453,10.387751,0.59252154,0.87152045,0.11075352,20.775503,85.991748,0.018445006,0.059252154,0.069494506,65.186024,0.015848932,0.12589254,0,0,3.2713025,20.571257,0,25,7.2045691,0.98040154,0.11740928,33,16
s-bursty-long,base,scaling,slo_feedback,1,d18bf46bb09e,0,29011,28566,0,0,0,445,0.34648926,10.193011,177.12981,174.07203,0.67870986,0.64662291,0.15976474,348.14407,409.06341,0.0212417,0.067870986,0.082544747,378.99411,0.019952623,0.12589254,0,0,64.577376,347.97097,0,537,5.3454161,0.9649793,0.22454196,49,16
s-bursty-long,base,scaling,slo_feedback,2,9030e9dff484,0,36571,36490,0,0,0,81,0.37245358,12.33871,78.957365,75.756792,0.69874599,0.63955937,0.22906161,151.51358,213.80774,0.036366365,0.069874599,0.085273672,188.30303,0.031622777,0.12589254,0,0,23.193149,151.36432,0,760,5.2870241,0.99927992,0.345915,61,16
s-bursty-long,base,scaling,slo_feedback,3,e7c85652d102,0,26412,26107,0,0,0,305,0.42245949,8.2010753,53.318691,49.928634,0.7204813,0.55727842,0.46240587,99.857268,134.26744,0.052149104,0.07204813,0.086474696,139.57544,0.039810717,0.12589254,0,0,19.89787,99.730186,0,373,4.606835,0.99509695,0.28921925,63,16
s-bursty-long,base,scaling,slo_feedback,4,7946d4251ab5,0,29970,29970,0,0,0,0,0.33720387,10.67957,110.07485,107.10353,0.71169099,0.57361656,0.22370953,214.20705,314.84431,0.047203173,0.071169099,0.088788283,246.6361,0.039810717,0.12589254,0,0,33.576807,213.98667,0,437,4.7418969,0.9953925,0.31321659,54,16
s-bursty-long,base,scaling,slo_feedback,5,9a800d902738,0,22368,21648,0,0,0,720,0.22970315,9.2634409,47.261813,45.005607,0.66518714,0.44250287,0.15329375,90.011215,108.64313,0.031871036,0.066518714,0.079155791,115.73109,0.025118864,0.12589254,0,0,11.049018,89.776149,0,131,3.6580237,0.9952029,0.28266428,65,14
s-bursty-long,base,scaling,slo_feedback,6,9ceae82b7337,0,31999,31999,0,0,0,0,0.47273352,9.0709677,88.085298,84.352873,0.69295723,0.67580015,1.0751989,168.70575,301.53583,0.05531035,0.069295723,0.082356913,213.43212,0.039810717,0.12589254,0,0,26.308949,168.50133,0,852,5.5866146,0.97940999,0.30442109,57,16
s-bursty-long,base,scaling,slo_feedback,7,d1a9ea61aa98,0,33132,33066,0,0,0,66,0.40866836,10.533333,92.482735,89.111509,0.74749822,0.58038626,0.35413653,178.22302,329.24644,0.046064739,0.074749822,0.090670521,214.04743,0.031622777,0.12589254,0,0,26.187838,178.05155,0,478,4.7978598,0.99751061,0.35882929,66,16
s-bursty-long,base,scaling,slo_feedback,8,337669b7d39f,0,23424,23402,0,0,0,22,0.1494194,10.711828,25.417412,23.524759,0.65939805,0.48615737,0.15773841,47.049518,108.28079,0.034920951,0.065939805,0.079141143,99.149078,0.025118864,0.12589254,0,0,6.0472199,46.906538,0,159,4.0189009,0.9992314,0.27424251,63,15
s-bursty-long,base,scaling,slo_feedback,9,cc0616926e16,0,43180,38315,0,0,0,4865,0.42480315,13.353226,193.84778,190.33954,0.72317142,0.66105581,0.22422439,380.67908,735.82422,0.032411062,0.072317142,0.0902586,409.68404,0.025118864,0.12589254,0,0,55.647687,380.53552,0,713,5.464728,0.99166586,0.32625096,47,16
s-bursty-long,base,scaling,slo_feedback,10,74bb5342c176,0,28638,28220,0,0,0,418,0.39297437,9.3462366,214.75834,211.39617,0.72935449,0.66794198,0.22889687,422.79233,675.05197,0.031729701,0.072935449,0.090141729,454.84941,0.025118864,0.12589254,0,0,50.92367,422.7142,0,436,5.5216537,0.96245752,0.23150668,49,16
s-bursty-long,base,scaling,slo_feedback,11,66675fc0ea84,0,32239,30550,0,0,0,1689,0.46626756,9.2510753,73.082322,69.423736,0.73120121,0.59604751,0.48040436,138.84747,234.2748,0.054077847,0.073120121,0.091076172,179.42084,0.039810717,0.12589254,0,0,21.149061,138.69775,0,756,4.9273261,0.98842821,0.3456318,62,16
s-bursty-long,base,scaling,slo_feedback,12,62dfbc70ce9a,0,35761,35761,0,0,0,0,0.47174296,10.156452,166.32686,162.54747,0.7266216,0.69405206,0.83569317,325.09493,451.91302,0.051533766,0.07266216,0.089348635,352.29756,0.039810717,0.12589254,0,0,50.562787,324.79382,0,801,5.737497,0.98312864,0.30088409,51,16
s-bursty-long,base,scaling,slo_feedback,13,3926314e7a5d,0,27578,27509,0,0,0,69,0.27685111,10.722043,77.356031,74.716867,0.68242044,0.57248823,0.20485606,149.43373,241.62417,0.043745678,0.068242044,0.083506853,192.18613,0.031622777,0.12589254,0,0,18.233079,149.28872,0,546,4.7325693,0.99506395,0.30283458,60,16
s-bursty-long,base,scaling,slo_feedback,14,b23f3290ae4f,0,24471,23958,0,0,0,513,0.44930734,7.2451613,50.017742,46.510788,0.7239638,0.53645275,0.41648662,93.021577,144.39109,0.051599642,0.07239638,0.086098039,132.97007,0.039810717,0.12589254,0,0,19.305563,92.795404,0,379,4.434676,0.99496904,0.28144987,66,16
s-bursty-long,base,scaling,slo_feedback,15,2901a936db6a,0,38288,36834,0,0,0,1454,0.41255746,12.092473,112.44201,109.09952,0.72318115,0.55651583,0.37305005,218.19904,423.3895,0.052449702,0.072318115,0.088725833,248.42368,0.039810717,0.12589254,0,0,30.433856,218.05509,0,512,4.6005308,0.98126311,0.45617546,53,16
s-bursty-long,base,scaling,slo_feedback,16,6325e801edf2,0,32911,32911,0,0,0,0,0.27316095,12.860753,15.926414,13.319896,0.69123543,0.54947814,0.19218266,26.639791,75.724377,0.034277208,0.069123543,0.083214295,85.910101,0.025118864,0.12589254,0,0,5.3085988,26.419322,0,452,4.5423526,0.99833723,0.34371246,60,16
s-bursty-long,base,scaling,slo_feedback,17,54ad63f73820,0,33034,32995,0,0,0,39,0.29203245,12.573656,178.45766,175.63429,0.71297525,0.6502363,0.18115672,351.26857,642.18538,0.030590887,0.071297525,0.088563712,383.28063,0.025118864,0.12589254,0,0,42.837112,350.96081,0,403,5.3752868,0.98158566,0.27338566,49,16
s-bursty-long,base,scaling,slo_feedback,18,cec1f17930e0,0,33296,33288,0,0,0,8,0.33142119,11.96828,36.182081,33.250657,0.71863334,0.55568495,0.24864685,66.501313,83.330834,0.046906824,0.071863334,0.087701535,108.62672,0.039810717,0.12589254,0,0,12.13208,66.317924,0,500,4.5936622,0.99965144,0.36912489,54,16
s-bursty-long,base,scaling,slo_feedback,19,ab2a089c3109,0,50164,49765,0,0,0,399,0.22065625,21.018817,136.77071,134.22932,0.69174867,0.74635383,0.14551457,268.45865,718.99622,0.02336459,0.069174867,0.086935598,299.26957,0.019952623,0.12589254,0,0,33.026556,268.2543,0,479,6.1698583,0.97872977,0.32847728,43,16
s-bursty-long,base,scaling,slo_feedback,20,ef3b6f14aef3,0,33396,33396,0,0,0,0,0.38471673,11.047312,43.395573,40.143677,0.70327813,0.6250349,0.2566272,80.287354,104.82354,0.041768994,0.070327813,0.087722614,116.48489,0.031622777,0.12589254,0,0,11.995723,80.065776,0,725,5.1669551,0.98111888,0.33980648,65,16
s-bursty-long,base,scaling,predictive,1,d18bf46bb09e,0,29011,29011,0,0,0,0,0.17593327,12.853226,28.674064,26.498464,0.65926472,0.63666847,0.14869683,52.996929,79.953421,0.026185259,0.065926472,0.088483664,86.796168,0.019952623,0.12589254,0,0,6.1677275,52.848089,0,138,5.263126,0.99822468,0.28862087,244,19
s-bursty-long,base,scaling,predictive,2,9030e9dff484,0,36571,36571,0,0,0,0,0.269093,14.370968,59.458326,56.642123,0.71957892,0.75115938,0.17502534,113.28425,219.50499,0.026862187,0.071957892,0.090171636,153.23552,0.025118864,0.12589254,0,0,14.504223,113.12059,0,362,6.2095842,0.99359118,0.33396047,192,18
s-bursty-long,base,scaling,predictive,3,e7c85652d102,0,26412,26412,0,0,0,0,0.36865819,8.9650538,53.884205,50.663488,0.70615129,0.67127429,0.28171675,101.32698,139.0029,0.046589919,0.070615129,0.087930765,140.71288,0.031622777,0.12589254,0,0,19.260493,101.14402,0,318,5.5492008,0.99687107,0.3320987,224,21
s-bursty-long,base,scaling,predictive,4,7946d4251ab5,0,29970,29796,0,0,0,174,0.37524191,10.066667,62.193313,58.994822,0.71087435,0.61140652,0.25052884,117.98964,163.35625,0.033362492,0.071087435,0.088745658,150.09799,0.025118864,0.12589254,0,0,20.351037,117.77535,0,441,5.0542939,0.99340087,0.38869545,217,21
s-bursty-long,base,scaling,predictive,5,9a800d902738,0,22368,22368,0,0,0,0,0.20708155,9.5354839,29.482914,27.265416,0.69074933,0.49134009,0.15895095,54.530833,80.428233,0.027129404,0.069074933,0.088624592,91.330757,0.025118864,0.12589254,0,0,6.607553,54.287989,0,149,4.0617447,0.99713292,0.31279464,208,17
s-bursty-long,base,scaling,predictive,6,9ceae82b7337,0,31999,31999,0,0,0,0,0.36132379,10.987634,49.441896,46.177022,0.70911917,0.74913532,0.24400929,92.354045,107.85265,0.039315251,0.070911917,0.089761011,124.37226,0.031622777,0.12589254,0,0,17.119172,92.189294,0,439,6.192852,0.99774369,0.34793355,224,19
s-bursty-long,base,scaling,predictive,7,d1a9ea61aa98,0,33132,32753,0,0,0,379,0.18320657,14.549462,22.981552,20.658707,0.67658454,0.73022708,0.15380469,41.317414,184.95739,0.028179779,0.067658454,0.081586095,85.970463,0.025118864,0.12589254,0,0,7.0157013,41.112416,0,162,6.0365439,0.98927388,0.30447895,220,19
s-bursty-long,base,scaling,predictive,8,337669b7d39f,0,23424,23402,0,0,0,22,0.21806694,9.8473118,46.714868,44.472542,0.67863464,0.47335685,0.15893338,88.945084,144.43245,0.026527359,0.067863464,0.084488081,128.16058,0.025118864,0.12589254,0,0,11.252402,88.435187,0,203,3.9130833,0.98943852,0.35356271,199,17
s-bursty-long,base,scaling,predictive,9,cc0616926e16,0,43180,43180,0,0,0,0,0.16382585,19.411828,38.83258,36.599707,0.65025229,0.76349118,0.13396611,73.199414,143.99887,0.025131717,0.065025229,0.083755985,106.0075,0.019952623,0.12589254,0,0,9.2296057,73.026664,0,307,6.3115271,0.99387395,0.29351286,177,22
s-bursty-long,base,scaling,predictive,10,74bb5342c176,0,28638,28638,0,0,0,0,0.17700258,12.671505,55.445204,53.232981,0.64704547,0.68016457,0.1376279,106.46596,138.17954,0.024941301,0.064704547,0.074572114,133.88553,0.019952623,0.12589254,0,0,12.858259,106.28162,0,206,5.6226938,0.99695374,0.24009071,194,21
s-bursty-long,base,scaling,predictive,11,66675fc0ea84,0,32239,31576,0,0,0,663,0.30326623,12.076344,40.707605,37.835145,0.70045664,0.65567194,0.20579189,75.670291,149.00988,0.030481683,0.070045664,0.086701967,121.4732,0.025118864,0.12589254,0,0,11.59156,75.451729,0,437,5.4202214,0.9817414,0.37151103,217,21
s-bursty-long,base,scaling,predictive,12,62dfbc70ce9a,0,35761,35753,0,0,0,8,0.25340455,14.354301,73.684155,70.91455,0.66875001,0.83383252,0.14515201,141.8291,395.43761,0.022759106,0.066875001,0.081815533,177.4748,0.019952623,0.12589254,0,0,23.926661,141.60586,0,357,6.8930155,0.99921252,0.23611405,188,19
s-bursty-long,base,scaling,predictive,13,3926314e7a5d,0,27578,27578,0,0,0,0,0.28914352,10.539785,40.323194,37.563878,0.70820782,0.60539103,0.17861908,75.127756,124.55182,0.025616783,0.070820782,0.091353561,116.9908,0.019952623,0.12589254,0,0,11.33155,74.960226,0,262,5.0045659,0.99169775,0.33664081,212,20
s-bursty-long,base,scaling,predictive,14,b23f3290ae4f,0,24471,24471,0,0,0,0,0.27027911,9.6005376,44.847486,42.220404,0.68020622,0.59548011,0.17362237,84.440809,175.68871,0.02718854,0.068020622,0.088077613,133.52972,0.025118864,0.12589254,0,0,14.749348,84.28505,0,211,4.9226356,0.9893883,0.29145531,197,18
s-bursty-long,base,scaling,predictive,15,2901a936db6a,0,38288,38288,0,0,0,0,0.31458943,14.10914,60.547338,57.394149,0.6853529,0.89488877,0.16751243,114.7883,446.66978,0.024388968,0.06853529,0.084012492,182.43651,0.019952623,0.12589254,0,0,26.288672,114.51457,0,551,7.3977472,0.99621206,0.28869016,227,21
s-bursty-long,base,scaling,predictive,16,6325e801edf2,0,32911,32910,0,0,0,1,0.14982832,15.043011,34.443439,32.360756,0.66486239,0.6686784,0.14444152,64.721513,170.8308,0.026587847,0.066486239,0.084916095,99.211182,0.019952623,0.12589254,0,0,8.5231804,64.516993,0,156,5.5277414,0.99908799,0.29962393,190,20
s-bursty-long,base,scaling,predictive,17,54ad63f73820,0,33034,32749,0,0,0,285,0.3383181,11.751613,32.912872,29.75795,0.73674366,0.72658768,0.24668981,59.5159,78.557884,0.041593846,0.073674366,0.090924632,97.443627,0.031622777,0.12589254,0,0,11.155099,59.298313,0,313,6.0064582,0.99686754,0.37006541,229,19
s-bursty-long,base,scaling,predictive,18,cec1f17930e0,0,33296,33296,0,0,0,0,0.2432124,13.547312,38.320979,35.732586,0.73417685,0.63815433,0.16153744,71.465172,216.8497,0.026793259,0.073417685,0.090512629,110.42248,0.025118864,0.12589254,0,0,11.05273,71.264814,0,198,5.2754092,0.99910017,0.32897701,198,19
s-bursty-long,base,scaling,predictive,19,ab2a089c3109,0,50164,50164,0,0,0,0,0.2168288,21.122043,39.443236,36.825042,0.67802684,0.85602252,0.14579263,73.650084,153.47681,0.025958562,0.067802684,0.081264293,109.04976,0.025118864,0.12589254,0,0,10.802215,73.444717,0,369,7.0764528,0.99727623,0.33487859,188,19
s-bursty-long,base,scaling,predictive,20,ef3b6f14aef3,1,33396,33376,0,7,0,13,0.29479578,12.661828,80.088794,77.184245,0.68157449,0.74899588,0.1702326,154.36849,300.51806,0.027840303,0.068157449,0.087205529,186.57384,0.025118864,0.12589254,0,0,22.945038,154.2219,0,322,6.1916993,0.99817672,0.33285001,232,19
c-3model,base,capacity,static_partition,1,d1238edbb0a1,0,171540,170814,0,0,0,726,0.070537484,85.72043,6.9515589,5.4070694,0.34658487,0.84521719,0.042496473,9.4059382,80.886871,0.02439609,0.056149344,0.061538235,40.717873,0.025118864,0.1,0,0,2.7037995,9.2770187,0,0,8.7339109,0.97919006,0.10239598,5,11
c-3model,base,capacity,static_partition,2,e97ac91a985f,0,172561,171697,0,0,0,864,0.084990235,84.889785,7.7040069,6.0857117,0.34935516,0.84398886,0.042779138,6.2912391,84.697295,0.02446068,0.055867178,0.062279543,42.421406,0.025118864,0.1,0,0,2.9145525,6.2206962,0,0,8.7212182,0.98017387,0.10324897,5,11
c-3model,base,capacity,static_partition,3,5a02728d5048,0,172127,171148,0,0,0,979,0.076344792,85.476344,7.810839,6.2371926,0.3478857,0.8440367,0.042433478,11.949308,87.272942,0.024151553,0.056324515,0.062802479,43.710393,0.025118864,0.1,0,0,3.114046,11.834239,0,0,8.7217126,0.97870139,0.10227211,5,11
c-3model,base,capacity,static_partition,4,a95239948966,0,172158,171512,0,0,0,646,0.073624229,85.743548,6.6604027,5.1041112,0.34502496,0.84314542,0.042281247,10.376129,74.178315,0.024101868,0.055818404,0.062274098,41.930213,0.025118864,0.1,0,0,2.5952564,10.287867,0,0,8.7125027,0.980876,0.10125631,5,11
c-3model,base,capacity,static_partition,5,385a2bd7985c,0,171937,171314,0,0,0,623,0.066791906,86.265054,6.4890195,4.9631987,0.34669354,0.84516775,0.04202174,6.8278494,72.423212,0.024155326,0.056637779,0.062621843,40.654603,0.025118864,0.1,0,0,2.5547258,6.7507325,0,0,8.7334001,0.98089853,0.101932,5,11
c-3model,base,capacity,static_partition,6,936aee21d36d,0,171738,170923,0,0,0,815,0.071172367,85.760753,7.2334045,5.6911517,0.34387072,0.84252031,0.041734786,9.8541764,84.50343,0.02424149,0.055511625,0.061909629,41.306262,0.025118864,0.1,0,0,2.7387821,9.7529658,0,0,8.7060432,0.97984927,0.10225884,5,11
c-3model,base,capacity,static_partition,7,caf68a9b6a6b,0,171906,171197,0,0,0,709,0.071562365,85.808602,7.0744626,5.5258343,0.34641344,0.84440302,0.04188718,9.8392774,78.826715,0.023883171,0.056262585,0.062872039,41.076578,0.025118864,0.1,0,0,2.7670149,9.7315838,0,0,8.7254978,0.97901825,0.10127715,5,11
c-3model,base,capacity,static_partition,8,3ab356ce7339,0,171771,171038,0,0,0,733,0.13551182,79.835484,7.875787,6.0035574,0.35015901,0.84451153,0.044177209,11.34245,77.594844,0.024603537,0.056249218,0.062947179,42.894529,0.025118864,0.1,0,0,2.931602,11.263777,0,0,8.7266191,0.97864154,0.10456089,5,11
c-3model,base,capacity,static_partition,9,285dea0c697c,0,172382,171793,0,0,0,589,0.096436983,83.74086,6.7962378,5.1233869,0.34698644,0.84367965,0.042774404,9.8670082,70.041344,0.024199436,0.056516945,0.062340503,42.693846,0.025118864,0.1,0,0,2.604203,9.7605431,0,0,8.718023,0.97971171,0.10328383,5,11
c-3model,base,capacity,static_partition,10,fed32fea024d,0,172114,171276,0,0,0,838,0.075357031,85.56129,7.4218836,5.8531239,0.34754483,0.84442972,0.04242731,11.058603,82.229285,0.024075088,0.056223524,0.062067464,42.382481,0.025118864,0.1,0,0,2.8751193,10.987033,0,0,8.7257738,0.97938834,0.10235285,5,11
c-3model,base,capacity,static_partition,11,cb5dc6365ae0,0,172487,171449,0,0,0,1038,0.063935253,86.805914,7.6379315,6.1271329,0.34759252,0.84352977,0.042362142,8.7783599,87.617176,0.023951612,0.055799631,0.061653139,44.262815,0.025118864,0.1,0,0,3.0977081,8.6860097,0,0,8.7164743,0.98003221,0.10228075,5,11
c-3model,base,capacity,static_partition,12,5ed75497cb0a,0,172663,171862,0,0,0,801,0.13548357,80.252688,8.0908777,6.2192919,0.34974202,0.84442596,0.044094018,11.191428,78.176271,0.02454909,0.056022888,0.062212233,41.835977,0.025118864,0.1,0,0,2.9572714,11.089878,0,0,8.7257349,0.98101228,0.10381356,5,11
c-3model,base,capacity,static_partition,13,9803b9b4ceff,0,172435,171477,0,0,0,958,0.093600487,84.02957,8.0403677,6.3792273,0.34833795,0.84479995,0.042985748,7.6526207,86.232275,0.02386042,0.056269831,0.062409701,41.072434,0.025118864,0.1,0,0,2.9575977,7.5638208,0,0,8.7295995,0.97956314,0.101773,5,11
c-3model,base,capacity,static_partition,14,700689bb977c,0,172316,171296,0,0,0,1020,0.068206086,86.324194,7.7019592,6.1738256,0.3434207,0.84368248,0.041242905,16.813458,89.459873,0.023767178,0.055960485,0.063065417,46.117065,0.025118864,0.1,0,0,3.2334855,16.735612,0,0,8.7180523,0.98043102,0.10207414,5,11
c-3model,base,capacity,static_partition,15,a48ea987a9e8,0,171909,171131,0,0,0,778,0.071712359,85.796237,7.2354853,5.686608,0.34672429,0.84359121,0.042577832,14.296377,82.591626,0.02407691,0.056350778,0.062307075,44.914139,0.025118864,0.1,0,0,3.0384126,14.170249,0,0,8.7171092,0.97884306,0.1018176,5,11
c-3model,base,capacity,static_partition,16,93f5a368c363,0,171928,171317,0,0,0,611,0.068912568,86.064516,6.8067251,5.2754807,0.34282522,0.84385634,0.041684683,7.855261,78.150582,0.024039641,0.056170473,0.062034626,41.000794,0.025118864,0.1,0,0,2.6895312,7.777153,0,0,8.7198489,0.9779549,0.10063796,5,11
c-3model,base,capacity,static_partition,17,378b132acd29,0,172081,171337,0,0,0,744,0.066730203,86.343011,6.8234726,5.2992936,0.34670412,0.84382388,0.042216313,14.645625,77.841689,0.023964438,0.056251937,0.062326572,43.918639,0.025118864,0.1,0,0,2.7975335,14.569827,0,0,8.7195134,0.98029116,0.1023151,5,11
c-3model,base,capacity,static_partition,18,66254d5f94b1,0,172183,171173,0,0,0,1010,0.068038076,86.273118,7.8296945,6.3002938,0.34523255,0.84397776,0.041768736,6.1244084,92.288272,0.024231844,0.055380801,0.061760183,42.473865,0.025118864,0.1,0,0,3.0341863,6.0635337,0,0,8.7211035,0.98037182,0.10182465,5,11
c-3model,base,capacity,static_partition,19,63d91060b530,0,171621,170655,0,0,0,966,0.065994255,86.180108,7.6607822,6.1408776,0.34576596,0.84416736,0.042000124,8.1119604,87.524665,0.024032241,0.056224649,0.06314209,43.547069,0.025118864,0.1,0,0,3.0560454,8.052842,0,0,8.7230627,0.97949467,0.10203577,5,11
c-3model,base,capacity,static_partition,20,766f359c47cd,0,172131,171601,0,0,0,530,0.063579483,86.659677,6.382926,4.8755327,0.34567506,0.84382084,0.042440006,8.7330042,72.281493,0.02400315,0.056181903,0.062467844,41.666889,0.025118864,0.1,0,0,2.538516,8.6506902,0,0,8.719482,0.9805449,0.10236944,5,11
c-3model,base,capacity,proportional_demand,1,d1238edbb0a1,0,171540,171343,0,0,0,197,0.047674012,87.829032,4.9365814,3.3780357,0.32534377,0.99483185,0.036470924,0.91072072,51.242286,0.018838235,0.047209552,0.06017612,30.386579,0.019952623,0.1,0,0,1.4040337,0.85479996,0,0,10.279929,0.98576543,0.085173323,44,14
c-3model,base,capacity,proportional_demand,2,e97ac91a985f,0,172561,172248,0,0,0,313,0.050115611,88.125269,5.2517619,3.6939196,0.31980055,0.98746374,0.03665149,1.5921001,54.566682,0.01908714,0.050322995,0.061124857,31.141461,0.019952623,0.1,0,0,1.5307052,1.5402984,0,0,10.203792,0.98643071,0.086256526,48,14
c-3model,base,capacity,proportional_demand,3,5a02728d5048,0,172127,171765,0,0,0,362,0.046703887,88.219355,5.2817814,3.7432052,0.31669279,0.98836396,0.036353128,0.47997362,56.20595,0.018734725,0.049311678,0.06145892,31.030335,0.019952623,0.1,0,0,1.5102179,0.39377585,0,0,10.213094,0.9818323,0.084885057,38,14
c-3model,base,capacity,proportional_demand,4,a95239948966,0,172158,171996,0,0,0,162,0.052329837,87.714516,4.8775871,3.3115087,0.31696952,0.98745974,0.036541921,2.3677508,50.375247,0.018817222,0.048973126,0.06124691,30.24869,0.019952623,0.1,0,0,1.4059976,2.3210802,0,0,10.203751,0.98710283,0.083967289,44,14
c-3model,base,capacity,proportional_demand,5,385a2bd7985c,0,171937,171799,0,0,0,138,0.044824558,88.295699,4.7340932,3.194412,0.32594221,0.98961619,0.036592214,0.54543914,45.803141,0.018807221,0.04686784,0.060651864,30.739546,0.019952623,0.1,0,0,1.3274219,0.48035356,0,0,10.226034,0.98479901,0.084390653,32,15
c-3model,base,capacity,proportional_demand,6,936aee21d36d,0,171738,171420,0,0,0,318,0.051083627,87.615591,5.5614996,4.0080361,0.31197794,0.98606741,0.036484466,1.7910938,60.317449,0.018794365,0.048052783,0.059921821,30.623766,0.019952623,0.1,0,0,1.6163316,1.730535,0,0,10.189363,0.98459584,0.084778541,40,14
c-3model,base,capacity,proportional_demand,7,caf68a9b6a6b,0,171906,171762,0,0,0,144,0.047304922,88.050538,4.9823496,3.4361595,0.32162055,0.98804491,0.036296386,0.7872407,50.153855,0.018626022,0.049261558,0.061824498,30.304327,0.019952623,0.1,0,0,1.3961643,0.74030415,0,0,10.209797,0.98626407,0.084028754,44,14
c-3model,base,capacity,proportional_demand,8,3ab356ce7339,0,171771,171612,0,0,0,159,0.041409784,88.525806,4.8210104,3.3058431,0.32041307,0.98770529,0.036496723,0.26068164,48.933607,0.018810719,0.04877662,0.062274318,29.805199,0.019952623,0.1,0,0,1.2708403,0.11930889,0,0,10.206288,0.98535975,0.085918645,44,14
c-3model,base,capacity,proportional_demand,9,285dea0c697c,0,172382,172307,0,0,0,75,0.041326821,88.848387,4.0881534,2.5898601,0.30489974,0.9867595,0.035796699,0.27391322,38.523063,0.018782892,0.047116262,0.060879044,27.516305,0.019952623,0.1,0,0,0.95965729,0.12313968,0,0,10.196515,0.98524194,0.083002459,32,14
c-3model,base,capacity,proportional_demand,10,fed32fea024d,0,172114,171976,0,0,0,138,0.047532449,88.136022,4.8327902,3.2859569,0.3210979,0.98807314,0.036568248,1.2874566,48.858063,0.019092811,0.046541063,0.061125027,30.162742,0.019952623,0.1,0,0,1.3070513,1.2323095,0,0,10.210089,0.98532165,0.085449726,38,14
c-3model,base,capacity,proportional_demand,11,cb5dc6365ae0,0,172487,171968,0,0,0,519,0.04420623,88.635484,5.7409289,4.2089106,0.32340558,0.98758161,0.036388028,0.5952582,61.981187,0.018808296,0.049926449,0.061027283,32.892717,0.019952623,0.1,0,0,1.7919329,0.54111038,0,0,10.20501,0.98493096,0.084417423,38,14
c-3model,base,capacity,proportional_demand,12,5ed75497cb0a,0,172663,172385,0,0,0,278,0.048302184,88.345699,5.1960824,3.6532154,0.31720698,0.98414905,0.036576289,1.1367937,52.50175,0.018975689,0.048070349,0.061020192,30.430964,0.019952623,0.1,0,0,1.4494356,1.1000096,0,0,10.16954,0.98728729,0.085560757,48,14
c-3model,base,capacity,proportional_demand,13,9803b9b4ceff,0,172435,172026,0,0,0,409,0.047084409,88.341935,5.7960755,4.2546386,0.32150487,0.98450994,0.03646209,0.47852915,60.616592,0.018836318,0.048035422,0.061292053,30.599184,0.019952623,0.1,0,0,1.6480617,0.39389327,0,0,10.173269,0.98589834,0.084363584,44,14
c-3model,base,capacity,proportional_demand,14,700689bb977c,0,172316,172098,0,0,0,218,0.039578449,88.976344,4.982237,3.4759442,0.32030385,0.9880967,0.036254644,0.32538099,52.317052,0.018669677,0.049321047,0.061563096,30.186349,0.019952623,0.1,0,0,1.362243,0.16121659,0,0,10.210333,0.9862496,0.085527964,44,14
c-3model,base,capacity,proportional_demand,15,a48ea987a9e8,0,171909,171789,0,0,0,120,0.04841515,87.949462,4.6839417,3.1379583,0.31606329,0.9878444,0.036418919,0.73300328,46.203268,0.018961894,0.04928163,0.061244216,30.371644,0.019952623,0.1,0,0,1.294782,0.66979684,0,0,10.207726,0.98613138,0.084666002,44,14
c-3model,base,capacity,proportional_demand,16,93f5a368c363,0,171928,171706,0,0,0,222,0.050329208,87.782258,5.3264906,3.7652514,0.32197644,0.98761678,0.036296589,1.7423635,58.552597,0.018745112,0.05013774,0.061807317,32.110333,0.019952623,0.1,0,0,1.7235428,1.6752301,0,0,10.205373,0.98550041,0.083572377,44,14
c-3model,base,capacity,proportional_demand,17,378b132acd29,0,172081,171960,0,0,0,121,0.042020909,88.629032,4.583025,3.073974,0.31098174,0.98796466,0.036364323,0.4786381,45.429088,0.018857756,0.048510319,0.060582797,29.488127,0.019952623,0.1,0,0,1.2318507,0.39051726,0,0,10.208968,0.98601421,0.084392864,38,14
c-3model,base,capacity,proportional_demand,18,66254d5f94b1,0,172183,171855,0,0,0,328,0.047635365,88.161828,5.5595453,4.0261082,0.30840819,0.98685209,0.036106182,0.70614468,57.988681,0.018793822,0.048872954,0.061264979,30.464998,0.019952623,0.1,0,0,1.5796891,0.65197173,0,0,10.197472,0.98661917,0.083723993,40,14
c-3model,base,capacity,proportional_demand,19,63d91060b530,0,171621,171199,0,0,0,422,0.047896236,87.85,5.7159326,4.1667786,0.32079195,0.98888083,0.036385678,0.55131409,61.493622,0.018871856,0.048067847,0.062298985,32.804935,0.019952623,0.1,0,0,1.7900873,0.46680554,0,0,10.218435,0.98650672,0.085000711,40,14
c-3model,base,capacity,proportional_demand,20,766f359c47cd,0,172131,172060,0,0,0,71,0.039719748,88.867742,4.4842074,2.9804751,0.31871229,0.98642122,0.036251078,0.71626278,43.296059,0.018700362,0.047908292,0.061105363,30.070053,0.019952623,0.1,0,0,1.2264861,0.67061952,0,0,10.193019,0.98664076,0.083737219,38,14
c-3model,base,capacity,marginal_gain,1,d1238edbb0a1,0,171540,171540,0,0,0,0,0.022741052,90.128495,2.0267833,0.60236796,0.29699993,1.0137101,0.037338143,0.18889736,4.9129931,0.019471928,0.043954579,0.050599939,21.194214,0.019952623,0.1,0,0,0.13147486,0.067682377,0,0,10.475004,0.99166494,0.09343388,90,15
c-3model,base,capacity,marginal_gain,2,e97ac91a985f,0,172561,172561,0,0,0,0,0.030806497,89.916667,2.3242859,0.86781892,0.29511564,1.0073188,0.03732818,0.19306783,7.6330828,0.0195641,0.044030995,0.050302104,21.580539,0.019952623,0.1,0,0,0.22392408,0.070469886,0,0,10.408961,0.98998805,0.093130566,156,15
c-3model,base,capacity,marginal_gain,3,5a02728d5048,0,172127,172127,0,0,0,0,0.015540851,91.103226,1.6719419,0.28255436,0.30111861,1.0105646,0.037136765,0.16086783,3.4116706,0.019263951,0.044160325,0.050276675,20.917937,0.019952623,0.1,0,0,0.1023633,0.051355473,0,0,10.442501,0.98804179,0.092274299,108,16
c-3model,base,capacity,marginal_gain,4,a95239948966,0,172158,172158,0,0,0,0,0.020794851,90.633333,1.8616661,0.45302029,0.29407347,1.0105981,0.037215939,0.1678176,4.2219766,0.019511457,0.042547365,0.048170191,20.763835,0.019952623,0.1,0,0,0.11965034,0.05486162,0,0,10.442847,0.98912488,0.091134084,148,15
c-3model,base,capacity,marginal_gain,5,385a2bd7985c,0,171937,171937,0,0,0,0,0.016639816,90.901075,1.6483013,0.25026337,0.30451725,1.0103216,0.037247095,0.15371962,4.0946011,0.019390874,0.044044715,0.052655806,21.13806,0.019952623,0.1,0,0,0.095141084,0.04719761,0,0,10.43999,0.99383195,0.094159145,152,15
c-3model,base,capacity,marginal_gain,6,936aee21d36d,0,171738,171738,0,0,0,0,0.014673514,90.977419,1.6376819,0.25642967,0.29484935,1.0130353,0.037188602,0.14536894,2.9786248,0.01930305,0.043717756,0.049388963,20.945665,0.019952623,0.1,0,0,0.075667579,0.043153729,0,0,10.468031,0.99004587,0.093175238,124,17
c-3model,base,capacity,marginal_gain,7,caf68a9b6a6b,0,171906,171906,0,0,0,0,0.020633369,90.515591,1.9067533,0.49459099,0.29966778,1.0093277,0.036863595,0.16097716,4.770095,0.019140197,0.044409296,0.051679718,20.91726,0.019952623,0.1,0,0,0.13127735,0.049813782,0,0,10.429719,0.98861992,0.091208554,136,15
c-3model,base,capacity,marginal_gain,8,3ab356ce7339,0,171771,171771,0,0,0,0,0.0077836189,91.631183,1.4174797,0.069100498,0.29527945,1.0141817,0.037391655,0.13646019,1.5777524,0.019756837,0.044418852,0.050692906,21.115595,0.019952623,0.1,0,0,0.046998915,0.037694689,0,0,10.479877,0.99314399,0.095149886,144,17
c-3model,base,capacity,marginal_gain,9,285dea0c697c,0,172382,172382,0,0,0,0,0.0097632003,91.773656,1.4824119,0.12710082,0.29667538,1.0098197,0.037052189,0.14349026,1.9509279,0.019237953,0.043404924,0.050494059,20.871874,0.019952623,0.1,0,0,0.056041252,0.04207329,0,0,10.434803,0.99298176,0.093655194,116,15
c-3model,base,capacity,marginal_gain,10,fed32fea024d,0,172114,172114,0,0,0,0,0.019574236,90.723118,1.8393552,0.43185821,0.29887864,1.0107472,0.037448939,0.16427365,4.4238927,0.019525752,0.043108653,0.049651917,21.291689,0.019952623,0.1,0,0,0.14269105,0.05227338,0,0,10.444388,0.98965421,0.094014741,140,15
c-3model,base,capacity,marginal_gain,11,cb5dc6365ae0,0,172487,172487,0,0,0,0,0.010487747,91.762366,1.6061388,0.23372885,0.30708972,1.0128815,0.037827747,0.18327785,2.1720553,0.019692558,0.044214465,0.050576922,21.542413,0.019952623,0.1,0,0,0.11351261,0.067875995,0,0,10.466442,0.99238213,0.095604938,136,15
c-3model,base,capacity,marginal_gain,12,5ed75497cb0a,0,172663,172663,0,0,0,0,0.0082414878,92.064516,1.4158402,0.07053987,0.29237621,1.0117167,0.037100702,0.13524484,1.5327737,0.019531411,0.043600376,0.049623787,20.83963,0.019952623,0.1,0,0,0.04877522,0.036473118,0,0,10.454406,0.9898598,0.092705765,114,15
c-3model,base,capacity,marginal_gain,13,9803b9b4ceff,0,172435,172435,0,0,0,0,0.017160089,91.116129,1.7352762,0.34285377,0.29878206,1.0078399,0.037049248,0.16849419,3.4738011,0.019156988,0.04453291,0.052392092,20.971717,0.019952623,0.1,0,0,0.098354973,0.054757558,0,0,10.414346,0.98936533,0.092772056,120,15
c-3model,base,capacity,marginal_gain,14,700689bb977c,0,172316,172316,0,0,0,0,0.0082116577,91.882258,1.5060161,0.15663063,0.29957016,1.008757,0.037289003,0.14529222,1.7082025,0.01939844,0.043969472,0.050286249,20.920425,0.019952623,0.1,0,0,0.051943944,0.042517762,0,0,10.423822,0.98770937,0.094392546,118,15
c-3model,base,capacity,marginal_gain,15,a48ea987a9e8,0,171909,171909,0,0,0,0,0.014216824,91.110215,1.5016105,0.12691616,0.29058031,1.0130299,0.037030001,0.13760018,3.032995,0.019441587,0.043391907,0.049652969,20.654835,0.019952623,0.1,0,0,0.068255478,0.037777236,0,0,10.467976,0.9929259,0.091354632,114,15
c-3model,base,capacity,marginal_gain,16,93f5a368c363,0,171928,171928,0,0,0,0,0.016791913,90.882258,1.7360965,0.33627072,0.30547086,1.0103954,0.037427019,0.1643487,3.4035667,0.019526741,0.044301202,0.051155746,21.02239,0.019952623,0.1,0,0,0.09807892,0.053767441,0,0,10.440752,0.98642505,0.09381329,110,15
c-3model,base,capacity,marginal_gain,17,378b132acd29,0,172081,172081,0,0,0,0,0.018712118,90.785484,1.8141632,0.4051179,0.30237501,1.0131097,0.037271432,0.16633667,3.9450493,0.019397162,0.043674368,0.049965604,21.157042,0.019952623,0.1,0,0,0.1217575,0.053926828,0,0,10.4688,0.99390323,0.092958636,170,15
c-3model,base,capacity,marginal_gain,18,66254d5f94b1,0,172183,172183,0,0,0,0,0.014827248,91.198925,1.6189454,0.24032174,0.29298727,1.0115001,0.037068254,0.14395955,3.5556716,0.019250296,0.043669957,0.050748331,20.881285,0.019952623,0.1,0,0,0.09887346,0.040854169,0,0,10.452168,0.98972906,0.091840146,98,15
c-3model,base,capacity,marginal_gain,19,63d91060b530,0,171621,171621,0,0,0,0,0.013372489,91.035484,1.5083808,0.13192135,0.29866133,1.0109357,0.037050888,0.14445669,2.5549807,0.019493962,0.044291942,0.052188324,20.872025,0.019952623,0.1,0,0,0.070078903,0.042416757,0,0,10.446336,0.99207448,0.092620149,106,18
c-3model,base,capacity,marginal_gain,20,766f359c47cd,0,172131,172131,0,0,0,0,0.006251053,91.965054,1.4751936,0.14697074,0.28618243,1.0107851,0.03657051,0.14331885,1.3981306,0.019069394,0.042532243,0.048252251,20.488869,0.019952623,0.1,0,0,0.05030288,0.040527723,0,0,10.44478,0.99250728,0.089591913,76,15
o-overload,base,overload,none,1,b99c84fd9a08,0,51042,51042,0,0,0,0,0.60507033,20.997917,33.186146,28.892887,0.2679075,1,20.748007,78.957196,85.664567,0.029039019,0.032620174,0.035756735,87.116534,0.025118864,0.1,0,0,28.267447,78.928054,0,0,1.0666667,0.95902866,0.16216412,0,4
o-overload,base,overload,none,2,aacfda19dfde,0,51069,51069,0,0,0,0,0.60028589,21.263542,31.949549,27.682686,0.26543405,1,19.9764,76.061532,80.569289,0.028993251,0.032422531,0.035543217,83.433196,0.025118864,0.1,0,0,27.158835,76.01698,0,0,1.0666667,0.9585252,0.16403133,0,4
o-overload,base,overload,none,3,cbe7215bc131,0,51071,51071,0,0,0,0,0.60727223,20.892708,32.798918,28.497994,0.26456242,1,21.252169,78.176833,83.684185,0.028930096,0.03229868,0.035204818,86.067552,0.025118864,0.1,0,0,28.162412,78.141606,0,0,1.0666667,0.96122363,0.16374688,0,4
o-overload,base,overload,none,4,e5655037a4fd,0,51250,51250,0,0,0,0,0.60446829,21.115625,33.071782,28.783583,0.26585726,1,21.572685,78.683094,84.442352,0.029002403,0.032364708,0.035224501,87.070652,0.025118864,0.1,0,0,28.472816,78.631731,0,0,1.0666667,0.95753809,0.16248522,0,4
o-overload,base,overload,none,5,a6de9e7fd3e4,0,51122,51122,0,0,0,0,0.58186299,22.266667,31.452214,27.276628,0.26627077,1,17.173295,74.886355,81.002345,0.028885355,0.032488132,0.035421311,82.988749,0.025118864,0.1,0,0,25.71241,74.841887,0,0,1.0666667,0.96091391,0.16128571,0,4
o-overload,base,overload,none,6,78125083865a,0,50901,50901,0,0,0,0,0.59932025,21.244792,31.877086,27.615769,0.26471632,1,19.113723,75.996186,81.392444,0.02886996,0.032321727,0.035257251,83.542402,0.025118864,0.1,0,0,26.703656,75.953844,0,0,1.0666667,0.95656124,0.16335342,0,4
o-overload,base,overload,none,7,56cb3bf6f3a7,0,51053,51053,0,0,0,0,0.59849568,21.352083,31.227428,26.967244,0.2677054,1,19.143164,73.904152,79.603336,0.029086809,0.032636943,0.035791296,82.133401,0.025118864,0.1,0,0,26.470245,73.865631,0,0,1.0666667,0.95935534,0.16308502,0,4
o-overload,base,overload,none,8,baed242f0a34,0,50894,50894,0,0,0,0,0.59830235,21.295833,31.596957,27.338869,0.26657603,1,19.221161,75.138817,80.444583,0.028982925,0.032550818,0.035353608,82.691672,0.025118864,0.1,0,0,26.193465,75.097513,0,0,1.0666667,0.95777496,0.16601764,0,4
o-overload,base,overload,none,9,d3191ac11af3,0,51153,51153,0,0,0,0,0.59249702,21.713542,31.692575,27.464405,0.26568432,1,19.006731,74.848462,81.834616,0.02883658,0.032331534,0.035149315,83.360211,0.025118864,0.1,0,0,26.277041,74.810136,0,0,1.0666667,0.96020998,0.16196282,0,4
o-overload,base,overload,none,10,2bb574c52ffe,0,51395,51395,0,0,0,0,0.59964977,21.433333,32.303796,28.039754,0.26579355,1,19.192085,76.728409,82.087519,0.029061424,0.032411891,0.035457114,84.540071,0.025118864,0.1,0,0,26.572404,76.686357,0,0,1.0666667,0.9590324,0.16395616,0,4
o-overload,base,overload,none,11,edfd2951f7b8,0,50713,50713,0,0,0,0,0.61082957,20.558333,34.066702,29.745896,0.26665743,1,20.82598,81.372426,86.560596,0.029081405,0.032466372,0.035372039,89.211773,0.025118864,0.1,0,0,29.251197,81.328306,0,0,1.0666667,0.96255509,0.16635858,0,4
o-overload,base,overload,none,12,c5c74214924b,0,51174,51174,0,0,0,0,0.6159964,20.469792,33.565502,29.220191,0.26532972,1,21.303795,80.141856,87.751515,0.028934206,0.032411446,0.035330435,89.065684,0.025118864,0.1,0,0,29.113348,80.10534,0,0,1.0666667,0.95616971,0.16545124,0,4
o-overload,base,overload,none,13,0dfae6741ab4,0,51120,51120,0,0,0,0,0.59884585,21.361458,31.684011,27.422056,0.26772622,1,19.918594,74.975294,80.988043,0.028977473,0.032591948,0.035577442,83.203676,0.025118864,0.1,0,0,26.867553,74.936416,0,0,1.0666667,0.95347782,0.16465096,0,4
o-overload,base,overload,none,14,7788bbc86a23,0,50763,50763,0,0,0,0,0.57360676,22.546875,29.835652,25.703039,0.26457878,1,15.493821,70.488235,76.895838,0.028730208,0.032273533,0.035082611,78.697484,0.025118864,0.1,0,0,24.188024,70.444063,0,0,1.0666667,0.95497968,0.15883129,0,4
o-overload,base,overload,none,15,6e1905e0494a,0,50826,50826,0,0,0,0,0.59634833,21.370833,31.568323,27.320704,0.26587733,1,19.238234,75.029407,80.650269,0.028989863,0.032485606,0.035578628,83.009111,0.025118864,0.1,0,0,26.436233,74.979739,0,0,1.0666667,0.9589342,0.16092059,0,4
o-overload,base,overload,none,16,456b3029b940,0,51171,51171,0,0,0,0,0.58241973,22.258333,30.859301,26.68259,0.26461269,1,17.425177,73.253965,77.480761,0.028997169,0.032292036,0.035005616,80.538069,0.025118864,0.1,0,0,25.508612,73.209058,0,0,1.0666667,0.96051433,0.15917437,0,4
o-overload,base,overload,none,17,9ebdcfb6270c,0,51014,51014,0,0,0,0,0.60685302,20.891667,33.939782,29.639645,0.2658721,1,21.710807,80.822926,86.207434,0.02889569,0.032363451,0.035258244,88.281664,0.025118864,0.1,0,0,28.798908,80.777702,0,0,1.0666667,0.95832135,0.16264431,0,4
o-overload,base,overload,none,18,f1a5821c6d99,0,51201,51201,0,0,0,0,0.60959747,20.821875,31.943506,27.629397,0.26612172,1,21.986329,75.661862,80.632903,0.029019678,0.032428128,0.03561047,83.217621,0.025118864,0.1,0,0,27.409414,75.625356,0,0,1.0666667,0.95924493,0.16292225,0,4
o-overload,base,overload,none,19,29ac07fc2794,0,51278,51278,0,0,0,0,0.60624439,21.032292,33.346009,29.049374,0.26541305,1,19.520412,79.703979,87.179051,0.029068485,0.032420529,0.035362733,87.991525,0.025118864,0.1,0,0,28.402449,79.652713,0,0,1.0666667,0.95612631,0.16536538,0,4
o-overload,base,overload,none,20,840755ad8134,0,51339,51339,0,0,0,0,0.60881591,20.919792,33.24988,28.939218,0.26658262,1,19.984173,79.151887,85.935444,0.02910414,0.032480385,0.035481911,87.010785,0.025118864,0.1,0,0,27.747701,79.113526,0,0,1.0666667,0.96073299,0.16595755,0,4
o-overload,base,overload,queue_cap,1,b99c84fd9a08,0,51042,42962,8080,0,0,0,0.15830101,44.752083,2.4483794,0.43645628,0.22041805,1,0.05082583,1.1956544,1.3065627,0.018900388,0.02683681,0.029628701,19.773067,0.019952623,0.079432823,0.41946874,1.1409965,0.010386651,0.028815536,0,0,1.0666667,0.95766315,0.10874314,0,4
o-overload,base,overload,queue_cap,2,aacfda19dfde,0,51069,42985,8084,0,0,0,0.15829564,44.776042,2.4538222,0.44025653,0.22208748,1,0.051664415,1.2074393,1.3154908,0.019288431,0.027111357,0.029647212,19.996974,0.019952623,0.079432823,0.42371517,1.1531601,0.010422845,0.028771436,0,0,1.0666667,0.95856191,0.11274595,0,4
o-overload,base,overload,queue_cap,3,cbe7215bc131,0,51071,43054,8017,0,0,0,0.15697754,44.847917,2.4407879,0.43587552,0.22002472,1,0.052808564,1.1945461,1.2993912,0.019163686,0.026827924,0.029732471,20.216023,0.019952623,0.079432823,0.427776,1.1393343,0.010370015,0.028302949,0,0,1.0666667,0.95873303,0.11111642,0,4
o-overload,base,overload,queue_cap,4,e5655037a4fd,0,51250,43131,8119,0,0,0,0.15841951,44.928125,2.4523711,0.43794252,0.22233103,1,0.051028947,1.1966591,1.3078489,0.018916915,0.027067386,0.029855824,19.909951,0.019952623,0.079432823,0.41908045,1.1438502,0.010294257,0.028121684,0,0,1.0666667,0.95822703,0.10950641,0,4
o-overload,base,overload,queue_cap,5,a6de9e7fd3e4,0,51122,43292,7830,0,0,0,0.15316302,45.095833,2.4253955,0.43877111,0.22080927,1,0.052958132,1.2046821,1.3241092,0.019069137,0.026959922,0.029571921,19.917596,0.019952623,0.079432823,0.42956573,1.1494438,0.010385817,0.029101682,0,0,1.0666667,0.96078361,0.11042247,0,4
o-overload,base,overload,queue_cap,6,78125083865a,0,50901,43001,7900,0,0,0,0.15520324,44.792708,2.4337539,0.43746551,0.22027218,1,0.053126318,1.2015932,1.3112579,0.019280365,0.026890052,0.029473576,20.204187,0.019952623,0.079432823,0.43168035,1.1482771,0.010168219,0.027471646,0,0,1.0666667,0.95689694,0.11149632,0,4
o-overload,base,overload,queue_cap,7,56cb3bf6f3a7,0,51053,43302,7751,0,0,0,0.15182262,45.10625,2.4140895,0.43399663,0.22097975,1,0.0544817,1.1888247,1.2756661,0.019128379,0.026950783,0.029620186,19.584478,0.019952623,0.079432823,0.43087602,1.1350813,0.010501445,0.029165636,0,0,1.0666667,0.95899588,0.11049974,0,4
o-overload,base,overload,queue_cap,8,baed242f0a34,0,50894,43065,7829,0,0,0,0.15382953,44.859375,2.4280547,0.43923025,0.2196768,1,0.052057631,1.2065833,1.3107425,0.019088793,0.026848433,0.029375967,20.084947,0.019952623,0.079432823,0.42328947,1.1521722,0.010395311,0.028544007,0,0,1.0666667,0.95847385,0.11322569,0,4
o-overload,base,overload,queue_cap,9,d3191ac11af3,0,51153,43420,7733,0,0,0,0.15117393,45.229167,2.4144169,0.43859588,0.21995136,1,0.053419084,1.1961577,1.3022995,0.01923061,0.026758061,0.029265077,20.054152,0.019952623,0.079432823,0.4253574,1.1412168,0.01036936,0.028915464,0,0,1.0666667,0.95922755,0.11042194,0,4
o-overload,base,overload,queue_cap,10,2bb574c52ffe,0,51395,43488,7907,0,0,0,0.15384765,45.3,2.4235891,0.4318698,0.2224811,1,0.052901414,1.1818128,1.2847183,0.019195895,0.027131359,0.02993144,19.918579,0.019952623,0.079432823,0.4246014,1.1272756,0.01036512,0.02926974,0,0,1.0666667,0.96051127,0.11061138,0,4
o-overload,base,overload,queue_cap,11,edfd2951f7b8,0,50713,42484,8229,0,0,0,0.16226609,44.254167,2.473341,0.44224215,0.21976844,1,0.051303503,1.2086342,1.3126112,0.018892224,0.026765552,0.029256743,20.067814,0.019952623,0.079432823,0.42741984,1.1565149,0.01023912,0.028031072,0,0,1.0666667,0.9625506,0.11112153,0,4
o-overload,base,overload,queue_cap,12,c5c74214924b,0,51174,42975,8199,0,0,0,0.16021808,44.765625,2.4542952,0.43402818,0.21917667,1,0.052790718,1.1929312,1.311175,0.019248997,0.026758813,0.029320881,20.03687,0.019952623,0.079432823,0.42377355,1.1371598,0.010297163,0.027868188,0,0,1.0666667,0.95696186,0.11063747,0,4
o-overload,base,overload,queue_cap,13,0dfae6741ab4,0,51120,43358,7762,0,0,0,0.15183881,45.164583,2.4165167,0.4362471,0.22107554,1,0.052667191,1.191682,1.2940193,0.01925699,0.026929424,0.029678633,19.782351,0.019952623,0.079432823,0.42431,1.139049,0.010187526,0.028247382,0,0,1.0666667,0.95420564,0.11136025,0,4
o-overload,base,overload,queue_cap,14,7788bbc86a23,0,50763,43268,7495,0,0,0,0.14764691,45.070833,2.3939879,0.43476087,0.22099252,1,0.053248895,1.1920404,1.2758591,0.019096177,0.026965473,0.029873592,19.75662,0.019952623,0.079432823,0.42916305,1.140856,0.010190934,0.027699374,0,0,1.0666667,0.95543332,0.10944405,0,4
o-overload,base,overload,queue_cap,15,6e1905e0494a,0,50826,43252,7574,0,0,0,0.14901822,45.054167,2.4079096,0.43937185,0.22344664,1,0.052597,1.2066151,1.3102218,0.019145129,0.027295758,0.030061475,19.943565,0.019952623,0.079432823,0.42843726,1.1534493,0.010375481,0.028803216,0,0,1.0666667,0.95925696,0.11029159,0,4
o-overload,base,overload,queue_cap,16,456b3029b940,0,51171,43291,7880,0,0,0,0.15399347,45.094792,2.4274595,0.43647426,0.22101784,1,0.052813965,1.196961,1.2885351,0.019020898,0.026947687,0.029678051,19.539264,0.019952623,0.079432823,0.42789933,1.1440393,0.010206843,0.028505388,0,0,1.0666667,0.95909285,0.10902243,0,4
o-overload,base,overload,queue_cap,17,9ebdcfb6270c,0,51014,42934,8080,0,0,0,0.15838789,44.722917,2.4466084,0.43261051,0.22205844,1,0.052952033,1.1798629,1.2839806,0.01905954,0.027011211,0.029808545,19.81639,0.019952623,0.079432823,0.4235515,1.1242963,0.010381464,0.029160771,0,0,1.0666667,0.95993578,0.10922844,0,4
o-overload,base,overload,queue_cap,18,f1a5821c6d99,0,51201,43237,7964,0,0,0,0.15554384,45.038542,2.4347623,0.43624303,0.22080004,1,0.054143676,1.1935752,1.3036792,0.01921876,0.026923747,0.029618944,19.990992,0.019952623,0.079432823,0.42977803,1.1384449,0.010355965,0.028653676,0,0,1.0666667,0.95978862,0.11096289,0,4
o-overload,base,overload,queue_cap,19,29ac07fc2794,0,51278,43068,8210,0,0,0,0.16010765,44.8625,2.4552386,0.43515012,0.21955019,1,0.052004589,1.1931915,1.2922864,0.019067042,0.026806891,0.029260544,19.989638,0.019952623,0.079432823,0.4203073,1.1410888,0.01025438,0.02854138,0,0,1.0666667,0.95659203,0.11088213,0,4
o-overload,base,overload,queue_cap,20,840755ad8134,0,51339,43219,8120,0,0,0,0.15816436,45.019792,2.4491997,0.43819059,0.22018733,1,0.05288533,1.1989581,1.2933182,0.019106188,0.026822534,0.029449193,20.024085,0.019952623,0.079432823,0.42644967,1.1448942,0.010303633,0.02917561,0,0,1.0666667,0.9596431,0.11179562,0,4
o-overload,base,overload,predicted_ttft_shed,1,b99c84fd9a08,0,51042,43677,7365,0,0,0,0.14776067,45.3125,2.4559401,0.46281636,0.25432041,1,0.044530633,1.2244338,1.7724285,0.018640283,0.030978285,0.033455456,21.421569,0.025118864,0.079432823,0,0,0.25514313,1.1801894,0,0,1.0666667,0.95751489,0.11421041,0,4
o-overload,base,overload,predicted_ttft_shed,2,aacfda19dfde,0,51069,44178,6891,0,0,0,0.13618829,45.952083,2.3213614,0.38712606,0.25329388,1,0.044920081,1.0259918,1.5298658,0.019079058,0.030934626,0.033538963,21.184041,0.025118864,0.079432823,0,0,0.19857487,0.98023264,0,0,1.0666667,0.95660634,0.11484442,0,4
o-overload,base,overload,predicted_ttft_shed,3,cbe7215bc131,0,51071,43960,7111,0,0,0,0.14113685,45.690625,2.3659953,0.40795594,0.25235513,1,0.046199754,1.0812407,1.5432658,0.019569934,0.030790384,0.033193076,21.770755,0.025118864,0.079432823,0,0,0.2208882,1.0379109,0,0,1.0666667,0.95780598,0.11549531,0,4
o-overload,base,overload,predicted_ttft_shed,4,e5655037a4fd,0,51250,43980,7270,0,0,0,0.14729756,45.521875,2.4681724,0.47811886,0.25356575,1,0.043925751,1.2575133,1.8461165,0.018843238,0.030858363,0.033189316,21.093017,0.025118864,0.079432823,0,0,0.24981109,1.2126963,0,0,1.0666667,0.95687713,0.11275516,0,4
o-overload,base,overload,predicted_ttft_shed,5,a6de9e7fd3e4,0,51122,44149,6973,0,0,0,0.13808145,45.898958,2.3433589,0.39835059,0.25460107,1,0.045110351,1.0545552,1.5386978,0.019050237,0.031057602,0.033608053,21.461395,0.025118864,0.079432823,0,0,0.2091791,1.0127431,0,0,1.0666667,0.95829529,0.11587937,0,4
o-overload,base,overload,predicted_ttft_shed,6,78125083865a,0,50901,44128,6773,0,0,0,0.13318009,45.960417,2.2998499,0.38247948,0.25146999,1,0.045117972,1.0093309,1.4562636,0.020135206,0.030694335,0.033303911,21.369268,0.025118864,0.079432823,0,0,0.19376655,0.96712883,0,0,1.0666667,0.95485261,0.11523456,0,4
o-overload,base,overload,predicted_ttft_shed,7,56cb3bf6f3a7,0,51053,44333,6720,0,0,0,0.13205884,46.157292,2.2776345,0.36231868,0.2550216,1,0.0452678,0.95537776,1.3997101,0.020936946,0.03109039,0.03395835,21.036096,0.025118864,0.079432823,0,0,0.18087224,0.91374634,0,0,1.0666667,0.95789777,0.11522805,0,4
o-overload,base,overload,predicted_ttft_shed,8,baed242f0a34,0,50894,43967,6927,0,0,0,0.1392895,45.630208,2.343139,0.39382412,0.25286733,1,0.043275338,1.0382361,1.632834,0.019222414,0.030880292,0.033247099,21.33331,0.025118864,0.079432823,0,0,0.19671141,0.9960348,0,0,1.0666667,0.9569928,0.11576616,0,4
o-overload,base,overload,predicted_ttft_shed,9,d3191ac11af3,0,51153,44174,6979,0,0,0,0.13854515,45.902083,2.3548729,0.40802867,0.25411845,1,0.043479808,1.0779776,1.6093202,0.019230894,0.030916036,0.033488772,21.297487,0.025118864,0.079432823,0,0,0.20873119,1.0345396,0,0,1.0666667,0.95978023,0.11448249,0,4
o-overload,base,overload,predicted_ttft_shed,10,2bb574c52ffe,0,51395,44238,7157,0,0,0,0.14199825,45.934375,2.3878682,0.42364778,0.25422915,1,0.044625678,1.122297,1.6120766,0.019582588,0.030997009,0.033723851,21.261149,0.025118864,0.079432823,0,0,0.22543432,1.0815883,0,0,1.0666667,0.95977332,0.1151956,0,4
o-overload,base,overload,predicted_ttft_shed,11,edfd2951f7b8,0,50713,43592,7121,0,0,0,0.14282334,45.28125,2.4014131,0.43051933,0.2567771,1,0.044929098,1.1285831,1.6314381,0.019061145,0.031267642,0.034104705,21.408689,0.025118864,0.079432823,0,0,0.22699342,1.0856961,0,0,1.0666667,0.96167072,0.11592196,0,4
o-overload,base,overload,predicted_ttft_shed,12,c5c74214924b,0,51174,43755,7419,0,0,0,0.14743815,45.446875,2.4242784,0.43520634,0.25188134,1,0.044677173,1.1516104,1.6852628,0.019576061,0.030770526,0.033315124,21.445423,0.025118864,0.079432823,0,0,0.23786681,1.1096734,0,0,1.0666667,0.95514994,0.11524785,0,4
o-overload,base,overload,predicted_ttft_shed,13,0dfae6741ab4,0,51120,44158,6962,0,0,0,0.1372457,45.941667,2.3381,0.39708679,0.25478477,1,0.04532919,1.0429761,1.5196655,0.01963642,0.030998476,0.033538213,21.097991,0.025118864,0.079432823,0,0,0.20754909,1.0019079,0,0,1.0666667,0.9528689,0.11562867,0,4
o-overload,base,overload,predicted_ttft_shed,14,7788bbc86a23,0,50763,44183,6580,0,0,0,0.13106002,45.947917,2.2565421,0.35172997,0.24951196,1,0.04311552,0.92413566,1.4661806,0.019751698,0.030448921,0.032837493,20.890681,0.025118864,0.079432823,0,0,0.172733,0.88310278,0,0,1.0666667,0.9541075,0.11236565,0,4
o-overload,base,overload,predicted_ttft_shed,15,6e1905e0494a,0,50826,44077,6749,0,0,0,0.13384882,45.857292,2.2729794,0.35202692,0.2517084,1,0.043289521,0.92148051,1.4594964,0.01918928,0.03072423,0.033370251,20.840555,0.025118864,0.079432823,0,0,0.17307308,0.87846738,0,0,1.0666667,0.95731229,0.1104631,0,4
o-overload,base,overload,predicted_ttft_shed,16,456b3029b940,0,51171,44491,6680,0,0,0,0.13083582,46.329167,2.251713,0.34646246,0.25107139,1,0.043209546,0.90186831,1.3503383,0.019856306,0.030625682,0.033216416,20.465092,0.025118864,0.079432823,0,0,0.16171574,0.86090872,0,0,1.0666667,0.95969075,0.11204842,0,4
o-overload,base,overload,predicted_ttft_shed,17,9ebdcfb6270c,0,51014,43734,7280,0,0,0,0.14543067,45.411458,2.4301433,0.44639516,0.25659479,1,0.045887945,1.1715207,1.7237318,0.020188584,0.03125457,0.033967482,21.282245,0.025118864,0.079432823,0,0,0.24390077,1.1295913,0,0,1.0666667,0.95617214,0.11376665,0,4
o-overload,base,overload,predicted_ttft_shed,18,f1a5821c6d99,0,51201,44228,6973,0,0,0,0.13859104,45.942708,2.3328388,0.38442533,0.25545821,1,0.046220133,1.0123973,1.6024579,0.019749721,0.031142902,0.033786821,21.412282,0.025118864,0.079432823,0,0,0.20605832,0.97207889,0,0,1.0666667,0.95890854,0.11491708,0,4
o-overload,base,overload,predicted_ttft_shed,19,29ac07fc2794,0,51278,43974,7304,0,0,0,0.14928429,45.440625,2.4781544,0.47695275,0.2547802,1,0.045659676,1.2664538,1.9393198,0.01904528,0.031113632,0.033949445,21.40602,0.025118864,0.079432823,0,0,0.25382337,1.221785,0,0,1.0666667,0.95670118,0.11518904,0,4
o-overload,base,overload,predicted_ttft_shed,20,840755ad8134,0,51339,44148,7191,0,0,0,0.14117922,45.928125,2.4089398,0.44820707,0.25483667,1,0.045341829,1.1834232,1.6518993,0.019029789,0.031030116,0.033686027,21.569937,0.025118864,0.079432823,0,0,0.2385766,1.1384827,0,0,1.0666667,0.959084,0.11717038,0,4
r-steady90-short,warmup-x0.5,routing,random,1,b6b10c400dba,0,36871,36871,0,0,0,0,0,55.865152,1.3725035,0.071112829,0.30139069,1,0.048227593,0.14222566,0.3543455,0.02538258,0.030139069,0.033895822,23.567952,0.025118864,0.1,0,0,0.024460785,0.05973298,0,0,0.73333333,0.94630085,0.16627667,0,4
r-steady90-short,warmup-x0.5,routing,random,2,7cae3288f17c,0,36480,36480,0,0,0,0,0.00024671053,55.259091,1.3975527,0.093942401,0.30237676,1,0.048148187,0.1878848,1.1518206,0.024981776,0.030237676,0.033888656,23.00321,0.025118864,0.1,0,0,0.044629275,0.092297496,0,0,0.73333333,0.94580219,0.16363308,0,4
r-steady90-short,warmup-x0.5,routing,random,3,a981eaeead81,0,36520,36520,0,0,0,0,0,55.333333,1.3825308,0.08280619,0.29972466,1,0.047886891,0.16561238,0.80271046,0.025115375,0.029972466,0.033303088,23.70045,0.025118864,0.1,0,0,0.034202596,0.070199803,0,0,0.73333333,0.94705354,0.16438669,0,4
r-steady90-short,warmup-x0.5,routing,random,4,c463256d7985,0,36870,36870,0,0,0,0,0.0052888527,55.568182,1.4360515,0.10494425,0.30466299,1,0.048444183,0.2098885,1.5098991,0.025093924,0.030466299,0.033949895,22.946645,0.025118864,0.1,0,0,0.061400929,0.11673888,0,0,0.73333333,0.94743793,0.16416413,0,4
r-steady90-short,warmup-x0.5,routing,random,5,cfe90bd6b460,0,36855,36855,0,0,0,0,0.0027404694,55.687879,1.4541738,0.1349625,0.30550891,1,0.049375796,0.269925,1.2626324,0.025479245,0.030550891,0.034479908,23.48442,0.025118864,0.1,0,0,0.059625651,0.21003382,0,0,0.73333333,0.94327921,0.16875076,0,4
r-steady90-short,warmup-x0.5,routing,random,6,e83aff9950e8,0,36625,36625,0,0,0,0,0,55.492424,1.3765695,0.074076784,0.30249276,1,0.048354454,0.14815357,0.38184093,0.025366231,0.030249276,0.033664683,23.809106,0.025118864,0.1,0,0,0.024918635,0.06328389,0,0,0.73333333,0.94568798,0.16792514,0,4
r-steady90-short,warmup-x0.5,routing,random,7,32ef82c4f64f,0,36565,36565,0,0,0,0,0,55.401515,1.3787328,0.076912245,0.30182056,1,0.047605586,0.15382449,0.3421755,0.024944044,0.030182056,0.033764019,22.752222,0.025118864,0.1,0,0,0.023181648,0.066212399,0,0,0.73333333,0.94668264,0.16076332,0,4
r-steady90-short,warmup-x0.5,routing,random,8,135fadf89ec9,0,36858,36858,0,0,0,0,0,55.845455,1.4319162,0.12304248,0.30887376,1,0.049190941,0.24608495,1.0609599,0.025577371,0.030887376,0.034504717,23.651068,0.025118864,0.1,0,0,0.050086935,0.17015906,0,0,0.73333333,0.94715934,0.17021771,0,4
r-steady90-short,warmup-x0.5,routing,random,9,be6bb6b55760,0,36839,36839,0,0,0,0,0,55.816667,1.366382,0.066548004,0.29983395,1,0.047712396,0.13309601,0.21634466,0.025282421,0.029983395,0.033607181,23.156976,0.025118864,0.1,0,0,0.017672371,0.052144141,0,0,0.73333333,0.9444863,0.16438516,0,4
r-steady90-short,warmup-x0.5,routing,random,10,b82847ea9607,0,36839,36839,0,0,0,0,0,55.816667,1.3729597,0.074987029,0.29797263,1,0.047593477,0.14997406,0.35310386,0.024889664,0.029797263,0.033285092,22.441641,0.025118864,0.1,0,0,0.023045835,0.06348076,0,0,0.73333333,0.94566442,0.15987322,0,4
r-steady90-short,warmup-x0.5,routing,round_robin,1,b6b10c400dba,0,36871,36871,0,0,0,0,0,55.865152,1.3397625,0.047896164,0.29186629,1,0.042021739,0.095792328,0.18582052,0.025088315,0.029186629,0.032038226,23.55857,0.025118864,0.1,0,0,0.014644336,0.034402623,0,0,0.73333333,0.94594442,0.16561622,0,4
r-steady90-short,warmup-x0.5,routing,round_robin,2,7cae3288f17c,0,36480,36480,0,0,0,0,0,55.272727,1.3370846,0.047043681,0.29004094,1,0.041674792,0.094087363,0.17365589,0.02492453,0.029004094,0.032052116,22.977648,0.025118864,0.1,0,0,0.013204187,0.032715179,0,0,0.73333333,0.94408556,0.1628625,0,4
r-steady90-short,warmup-x0.5,routing,round_robin,3,a981eaeead81,0,36520,36520,0,0,0,0,0,55.333333,1.3355671,0.047572349,0.28799474,1,0.041785229,0.095144697,0.18793022,0.02501178,0.028799474,0.031407088,23.466467,0.025118864,0.1,0,0,0.014693242,0.0340471,0,0,0.73333333,0.94480668,0.16382537,0,4
r-steady90-short,warmup-x0.5,routing,round_robin,4,c463256d7985,0,36870,36870,0,0,0,0,0,55.863636,1.3478291,0.052476619,0.29535245,1,0.041848361,0.10495324,0.23005447,0.025060505,0.029535245,0.032561184,22.79425,0.025118864,0.1,0,0,0.016640448,0.037044118,0,0,0.73333333,0.94720507,0.16333,0,4
r-steady90-short,warmup-x0.5,routing,round_robin,5,cfe90bd6b460,0,36855,36855,0,0,0,0,0,55.840909,1.3527342,0.054807341,0.2979269,1,0.042355658,0.10961468,0.24222722,0.025464906,0.02979269,0.032919142,23.485647,0.025118864,0.1,0,0,0.019529429,0.038872554,0,0,0.73333333,0.94579077,0.1683023,0,4
r-steady90-short,warmup-x0.5,routing,round_robin,6,e83aff9950e8,0,36625,36625,0,0,0,0,0,55.492424,1.3458293,0.051092534,0.29473673,1,0.042193265,0.10218507,0.23131704,0.02522112,0.029473673,0.032131481,23.653435,0.025118864,0.1,0,0,0.017670415,0.036464352,0,0,0.73333333,0.94570567,0.16742054,0,4
r-steady90-short,warmup-x0.5,routing,round_robin,7,32ef82c4f64f,0,36565,36565,0,0,0,0,0,55.401515,1.3404925,0.047947493,0.292545,1,0.041463386,0.095894986,0.18021718,0.024668887,0.0292545,0.032380711,22.719688,0.025118864,0.1,0,0,0.01357025,0.03423392,0,0,0.73333333,0.94538939,0.16007452,0,4
r-steady90-short,warmup-x0.5,routing,round_robin,8,135fadf89ec9,0,36858,36858,0,0,0,0,0,55.845455,1.3496038,0.050688496,0.29891533,1,0.04225271,0.10137699,0.20026524,0.025250551,0.029891533,0.032640112,23.381668,0.025118864,0.1,0,0,0.015051293,0.036144289,0,0,0.73333333,0.94879565,0.16900359,0,4
r-steady90-short,warmup-x0.5,routing,round_robin,9,be6bb6b55760,0,36839,36839,0,0,0,0,0,55.816667,1.3388906,0.048615355,0.29027521,1,0.041757746,0.09723071,0.18470867,0.025149227,0.029027521,0.032138792,23.147301,0.025118864,0.1,0,0,0.014367775,0.034721536,0,0,0.73333333,0.94390734,0.16389763,0,4
r-steady90-short,warmup-x0.5,routing,round_robin,10,b82847ea9607,0,36839,36839,0,0,0,0,0,55.816667,1.339627,0.046798727,0.29282828,1,0.041484296,0.093597454,0.17531072,0.024775349,0.029282828,0.032346364,22.656496,0.025118864,0.1,0,0,0.013346997,0.033101078,0,0,0.73333333,0.94483479,0.15973028,0,4
r-steady90-short,warmup-x0.5,routing,least_outstanding,1,b6b10c400dba,0,36871,36871,0,0,0,0,0,55.865152,1.338822,0.054799637,0.28402234,1,0.046874614,0.10959927,0.17714312,0.025142224,0.028402234,0.031383656,23.366759,0.025118864,0.1,0,0,0.016385019,0.044590282,0,0,0.73333333,0.94560127,0.16449233,0,4
r-steady90-short,warmup-x0.5,routing,least_outstanding,2,7cae3288f17c,0,36480,36480,0,0,0,0,0,55.272727,1.3391897,0.055546489,0.28364318,1,0.046724899,0.11109298,0.18289868,0.024850753,0.028364318,0.031014919,22.797668,0.025118864,0.1,0,0,0.016434641,0.044519344,0,0,0.73333333,0.94569822,0.16189707,0,4
r-steady90-short,warmup-x0.5,routing,least_outstanding,3,a981eaeead81,0,36520,36520,0,0,0,0,0,55.333333,1.3392604,0.054656057,0.28460432,1,0.046666544,0.10931211,0.18014537,0.024970906,0.028460432,0.031313047,23.411019,0.025118864,0.1,0,0,0.016338835,0.043621929,0,0,0.73333333,0.94468063,0.16286068,0,4
r-steady90-short,warmup-x0.5,routing,least_outstanding,4,c463256d7985,0,36870,36870,0,0,0,0,0,55.863636,1.3435261,0.055781103,0.28774496,1,0.04680449,0.11156221,0.18264993,0.02497415,0.028774496,0.03157896,22.719871,0.025118864,0.1,0,0,0.016442302,0.044504035,0,0,0.73333333,0.94693993,0.16206164,0,4
r-steady90-short,warmup-x0.5,routing,least_outstanding,5,cfe90bd6b460,0,36855,36855,0,0,0,0,0,55.840909,1.3454279,0.055263344,0.29016459,1,0.047273727,0.11052669,0.18308353,0.025378113,0.029016459,0.032002572,23.325522,0.025118864,0.1,0,0,0.016613088,0.044600121,0,0,0.73333333,0.94575133,0.16708172,0,4
r-steady90-short,warmup-x0.5,routing,least_outstanding,6,e83aff9950e8,0,36625,36625,0,0,0,0,0,55.492424,1.3423101,0.054910831,0.28739922,1,0.047034792,0.10982166,0.17914723,0.02518725,0.028739922,0.031604057,23.419664,0.025118864,0.1,0,0,0.016489832,0.044335023,0,0,0.73333333,0.94570733,0.16634415,0,4
r-steady90-short,warmup-x0.5,routing,least_outstanding,7,32ef82c4f64f,0,36565,36565,0,0,0,0,0,55.401515,1.3420768,0.056000124,0.28607671,1,0.046457472,0.11200025,0.18425084,0.02463067,0.028607671,0.031616026,22.492768,0.025118864,0.1,0,0,0.016433464,0.045072055,0,0,0.73333333,0.9468332,0.15910667,0,4
r-steady90-short,warmup-x0.5,routing,least_outstanding,8,135fadf89ec9,0,36858,36858,0,0,0,0,0,55.845455,1.3453344,0.056508353,0.28882601,1,0.047320728,0.11301671,0.18435506,0.025292613,0.028882601,0.03178663,23.214409,0.025118864,0.1,0,0,0.016801611,0.045476374,0,0,0.73333333,0.94537372,0.16775487,0,4
r-steady90-short,warmup-x0.5,routing,least_outstanding,9,be6bb6b55760,0,36839,36839,0,0,0,0,0,55.816667,1.3376041,0.055448671,0.28215539,1,0.046808279,0.11089734,0.17789927,0.025090371,0.028215539,0.031137339,22.916374,0.025118864,0.1,0,0,0.01638255,0.043998688,0,0,0.73333333,0.94364647,0.16264918,0,4
r-steady90-short,warmup-x0.5,routing,least_outstanding,10,b82847ea9607,0,36839,36839,0,0,0,0,0,55.816667,1.3385172,0.054879466,0.2836377,1,0.04661047,0.10975893,0.18004467,0.024681565,0.02836377,0.031166222,22.299582,0.025118864,0.1,0,0,0.016398057,0.044111378,0,0,0.73333333,0.94320564,0.15848477,0,4
r-steady90-short,warmup-x0.5,routing,power_of_two,1,b6b10c400dba,0,36871,36871,0,0,0,0,0,55.865152,1.3433459,0.059893899,0.28345198,1,0.047048491,0.1197878,0.18928593,0.025135382,0.028345198,0.031349668,23.308119,0.025118864,0.1,0,0,0.016208968,0.046443405,0,0,0.73333333,0.94625117,0.16453383,0,4
r-steady90-short,warmup-x0.5,routing,power_of_two,2,7cae3288f17c,0,36480,36480,0,0,0,0,0,55.272727,1.3443678,0.059905982,0.28446177,1,0.046735351,0.11981196,0.18618666,0.024835601,0.028446177,0.031471718,22.843909,0.025118864,0.1,0,0,0.016149113,0.04561988,0,0,0.73333333,0.94457692,0.16192185,0,4
r-steady90-short,warmup-x0.5,routing,power_of_two,3,a981eaeead81,0,36520,36520,0,0,0,0,0,55.333333,1.3422192,0.057573917,0.28464524,1,0.046878782,0.11514784,0.18577976,0.024955281,0.028464524,0.03130013,23.404284,0.025118864,0.1,0,0,0.015956031,0.044828846,0,0,0.73333333,0.94707352,0.16293296,0,4
r-steady90-short,warmup-x0.5,routing,power_of_two,4,c463256d7985,0,36870,36870,0,0,0,0,0,55.863636,1.3480256,0.060349602,0.28767597,1,0.046757993,0.1206992,0.19113396,0.024985954,0.028767597,0.031558571,22.850846,0.025118864,0.1,0,0,0.016143241,0.04562553,0,0,0.73333333,0.94688301,0.16208428,0,4
r-steady90-short,warmup-x0.5,routing,power_of_two,5,cfe90bd6b460,0,36855,36855,0,0,0,0,0,55.840909,1.3513785,0.060882321,0.29049613,1,0.047484991,0.12176464,0.19421567,0.025337487,0.029049613,0.032138318,23.451983,0.025118864,0.1,0,0,0.016505173,0.047173362,0,0,0.73333333,0.94562957,0.16710576,0,4
r-steady90-short,warmup-x0.5,routing,power_of_two,6,e83aff9950e8,0,36625,36625,0,0,0,0,0,55.492424,1.3477873,0.05939081,0.28839648,1,0.047177098,0.11878162,0.18883919,0.025150241,0.028839648,0.032164454,23.499279,0.025118864,0.1,0,0,0.016274987,0.046330475,0,0,0.73333333,0.94520311,0.16634697,0,4
r-steady90-short,warmup-x0.5,routing,power_of_two,7,32ef82c4f64f,0,36565,36565,0,0,0,0,0,55.401515,1.3463124,0.060012139,0.2863003,1,0.046571667,0.12002428,0.19491111,0.024643631,0.02863003,0.032052907,22.495357,0.025118864,0.1,0,0,0.016144451,0.045584529,0,0,0.73333333,0.94685834,0.15907366,0,4
r-steady90-short,warmup-x0.5,routing,power_of_two,8,135fadf89ec9,0,36858,36858,0,0,0,0,0,55.845455,1.3505452,0.061079297,0.2894659,1,0.04735865,0.12215859,0.19607838,0.02522722,0.02894659,0.032231932,23.255561,0.025118864,0.1,0,0,0.016475716,0.046921997,0,0,0.73333333,0.94659521,0.16776743,0,4
r-steady90-short,warmup-x0.5,routing,power_of_two,9,be6bb6b55760,0,36839,36839,0,0,0,0,0,55.816667,1.3419392,0.059559823,0.28237939,1,0.046764814,0.11911965,0.18805851,0.025095339,0.028237939,0.031423066,22.880283,0.025118864,0.1,0,0,0.016120137,0.045823211,0,0,0.73333333,0.94287067,0.16270136,0,4
r-steady90-short,warmup-x0.5,routing,power_of_two,10,b82847ea9607,0,36839,36839,0,0,0,0,0,55.816667,1.3431865,0.058823404,0.28436314,1,0.046648368,0.11764681,0.19416664,0.02467551,0.028436314,0.031362268,22.327776,0.025118864,0.1,0,0,0.016135855,0.045906788,0,0,0.73333333,0.9435846,0.15844784,0,4
r-steady90-short,warmup-x0.5,routing,latency_aware,1,b6b10c400dba,0,36871,36871,0,0,0,0,0,55.865152,1.3541571,0.059559374,0.29459768,1,0.047893452,0.11911875,0.19539529,0.025419303,0.029459768,0.032933758,23.397402,0.025118864,0.1,0,0,0.017672537,0.04856012,0,0,0.73333333,0.94631228,0.16508448,0,4
r-steady90-short,warmup-x0.5,routing,latency_aware,2,7cae3288f17c,0,36480,36480,0,0,0,0,0,55.272727,1.3614038,0.064457673,0.29694614,1,0.047803353,0.12891535,0.23332107,0.025319504,0.029694614,0.033309648,23.098505,0.025118864,0.1,0,0,0.020830614,0.051847814,0,0,0.73333333,0.94359482,0.16271696,0,4
r-steady90-short,warmup-x0.5,routing,latency_aware,3,a981eaeead81,0,36520,36520,0,0,0,0,0,55.333333,1.3687154,0.067618229,0.30109719,1,0.048142818,0.13523646,0.26738398,0.025307082,0.030109719,0.034003816,23.672586,0.025118864,0.1,0,0,0.021915192,0.057120013,0,0,0.73333333,0.94661703,0.16390953,0,4
r-steady90-short,warmup-x0.5,routing,latency_aware,4,c463256d7985,0,36870,36870,0,0,0,0,0.00035259018,55.843939,1.371803,0.07124679,0.29879325,1,0.047958167,0.14249358,0.56219531,0.02524784,0.029879325,0.033259974,22.892436,0.025118864,0.1,0,0,0.030088139,0.059952115,0,0,0.73333333,0.94569103,0.16266081,0,4
r-steady90-short,warmup-x0.5,routing,latency_aware,5,cfe90bd6b460,0,36855,36855,0,0,0,0,0,55.840909,1.3750311,0.071400671,0.3036304,1,0.048842672,0.14280134,0.34609824,0.02556716,0.03036304,0.033699213,23.607372,0.025118864,0.1,0,0,0.024618716,0.060691235,0,0,0.73333333,0.94271129,0.16774557,0,4
r-steady90-short,warmup-x0.5,routing,latency_aware,6,e83aff9950e8,0,36625,36625,0,0,0,0,0,55.492424,1.3688623,0.06711344,0.30174885,1,0.048256735,0.13422688,0.26292198,0.025418933,0.030174885,0.033886229,23.471635,0.025118864,0.1,0,0,0.022245862,0.055840457,0,0,0.73333333,0.94311176,0.16739936,0,4
r-steady90-short,warmup-x0.5,routing,latency_aware,7,32ef82c4f64f,0,36565,36565,0,0,0,0,0,55.401515,1.365214,0.065878435,0.29933553,1,0.04766042,0.13175687,0.25438237,0.024865401,0.029933553,0.033868626,22.643624,0.025118864,0.1,0,0,0.020812635,0.054827876,0,0,0.73333333,0.94657494,0.15989064,0,4
r-steady90-short,warmup-x0.5,routing,latency_aware,8,135fadf89ec9,0,36858,36858,0,0,0,0,0,55.845455,1.3601378,0.06348788,0.29664987,1,0.048118113,0.12697576,0.21626597,0.025567838,0.029664987,0.033427859,23.254325,0.025118864,0.1,0,0,0.018819736,0.051382537,0,0,0.73333333,0.94804613,0.16819311,0,4
r-steady90-short,warmup-x0.5,routing,latency_aware,9,be6bb6b55760,0,36839,36839,0,0,0,0,0,55.816667,1.3550718,0.060713582,0.29435822,1,0.048044762,0.12142717,0.19594128,0.025413569,0.029435822,0.032734701,23.01181,0.025118864,0.1,0,0,0.017793326,0.049199342,0,0,0.73333333,0.94407391,0.16338868,0,4
r-steady90-short,warmup-x0.5,routing,latency_aware,10,b82847ea9607,0,36839,36839,0,0,0,0,0,55.816667,1.3589343,0.06122208,0.29771218,1,0.047850104,0.12244416,0.20813494,0.025275393,0.029771218,0.032987959,22.501753,0.025118864,0.1,0,0,0.018343797,0.051026228,0,0,0.73333333,0.9465549,0.15969694,0,4
r-steady90-short,warmup-x0.5,routing,queue_aware,1,b6b10c400dba,0,36871,36871,0,0,0,0,0.00027121586,55.85,1.7548454,0.31760972,0.43587956,1,0.16820782,0.63521945,1.1489999,0.025947492,0.043587956,0.06718809,23.550774,0.025118864,0.1,0,0,0.15092611,0.5797996,0,0,0.73333333,0.94249933,0.16587259,0,4
r-steady90-short,warmup-x0.5,routing,queue_aware,2,7cae3288f17c,0,36480,36480,0,0,0,0,0.00019188596,55.262121,1.7454609,0.30370258,0.44079893,1,0.17112918,0.60740517,1.1530461,0.025758488,0.044079893,0.068394678,23.044599,0.025118864,0.1,0,0,0.14672527,0.54615337,0,0,0.73333333,0.94052062,0.16322886,0,4
r-steady90-short,warmup-x0.5,routing,queue_aware,3,a981eaeead81,0,36520,36520,0,0,0,0,0.0008762322,55.284848,1.7610408,0.32790061,0.42875901,1,0.16831422,0.65580123,1.3082311,0.025790849,0.042875901,0.067114867,23.659108,0.025118864,0.1,0,0,0.15684613,0.60748661,0,0,0.73333333,0.94388736,0.16407006,0,4
r-steady90-short,warmup-x0.5,routing,queue_aware,4,c463256d7985,0,36870,36870,0,0,0,0,0.0026308652,55.716667,1.7880951,0.34055909,0.4343817,1,0.17591186,0.68111818,1.4182584,0.025848076,0.04343817,0.067361031,23.016951,0.025118864,0.1,0,0,0.16438357,0.6280948,0,0,0.73333333,0.94394819,0.16325208,0,4
r-steady90-short,warmup-x0.5,routing,queue_aware,5,cfe90bd6b460,0,36855,36855,0,0,0,0,0.0011667345,55.775758,1.8142822,0.3684881,0.43996045,1,0.17761113,0.7369762,1.3081826,0.026272548,0.043996045,0.065924515,23.581405,0.025118864,0.1,0,0,0.1678167,0.68083385,0,0,0.73333333,0.94368178,0.16834181,0,4
r-steady90-short,warmup-x0.5,routing,queue_aware,6,e83aff9950e8,0,36625,36625,0,0,0,0,0.001337884,55.418182,1.8010338,0.35691051,0.43743391,1,0.1702867,0.71382102,1.2999354,0.026020406,0.043743391,0.067528167,23.604553,0.025118864,0.1,0,0,0.16378347,0.66701621,0,0,0.73333333,0.9415609,0.16762365,0,4
r-steady90-short,warmup-x0.5,routing,queue_aware,7,32ef82c4f64f,0,36565,36565,0,0,0,0,0.0012306851,55.333333,1.7708593,0.32463924,0.44006659,1,0.16595483,0.64927848,1.2600525,0.025606802,0.044006659,0.06879993,22.697265,0.025118864,0.1,0,0,0.15569981,0.58491314,0,0,0.73333333,0.94542802,0.16046349,0,4
r-steady90-short,warmup-x0.5,routing,queue_aware,8,135fadf89ec9,0,36858,36858,0,0,0,0,0.00027131152,55.830303,1.7838728,0.34232162,0.44019466,1,0.1712987,0.68464323,1.2428527,0.026095834,0.044019466,0.067557305,23.429453,0.025118864,0.1,0,0,0.15926894,0.63018258,0,0,0.73333333,0.9451612,0.16892413,0,4
r-steady90-short,warmup-x0.5,routing,queue_aware,9,be6bb6b55760,0,36839,36839,0,0,0,0,0.00019001602,55.806061,1.7629619,0.3224282,0.43958365,1,0.1721242,0.64485639,1.1673089,0.025853532,0.043958365,0.068788778,23.187515,0.025118864,0.1,0,0,0.15464078,0.5812887,0,0,0.73333333,0.94224246,0.16403169,0,4
r-steady90-short,warmup-x0.5,routing,queue_aware,10,b82847ea9607,0,36839,36839,0,0,0,0,0.00016287087,55.807576,1.7311936,0.29120521,0.43917401,1,0.17201728,0.58241042,1.0316371,0.025604624,0.043917401,0.068033342,22.464694,0.025118864,0.1,0,0,0.14381553,0.50638437,0,0,0.73333333,0.94516845,0.15969286,0,4
r-steady90-short,warmup-x0.5,routing,queue_aware_corrected,1,b6b10c400dba,0,36871,36871,0,0,0,0,0,55.865152,1.3322611,0.046625535,0.28563561,1,0.042035016,0.09325107,0.16986758,0.025169022,0.028563561,0.031437927,23.319623,0.025118864,0.1,0,0,0.013323677,0.033439954,0,0,0.73333333,0.94634769,0.16499659,0,4
r-steady90-short,warmup-x0.5,routing,queue_aware_corrected,2,7cae3288f17c,0,36480,36480,0,0,0,0,0,55.272727,1.3340292,0.04819934,0.28582987,1,0.041887271,0.09639868,0.1745447,0.024889659,0.028582987,0.031641697,22.837879,0.025118864,0.1,0,0,0.013457208,0.033924756,0,0,0.73333333,0.94468597,0.16243129,0,4
r-steady90-short,warmup-x0.5,routing,queue_aware_corrected,3,a981eaeead81,0,36520,36520,0,0,0,0,0,55.333333,1.3324122,0.046493856,0.28591835,1,0.041928468,0.092987712,0.17260336,0.024945458,0.028591835,0.031315872,23.541031,0.025118864,0.1,0,0,0.013329153,0.033441475,0,0,0.73333333,0.94540305,0.16343083,0,4
r-steady90-short,warmup-x0.5,routing,queue_aware_corrected,4,c463256d7985,0,36870,36870,0,0,0,0,0,55.863636,1.3356947,0.047299489,0.28839523,1,0.041928308,0.094598977,0.17516294,0.024981131,0.028839523,0.031558239,22.772944,0.025118864,0.1,0,0,0.013423209,0.033903097,0,0,0.73333333,0.94639151,0.16246169,0,4
r-steady90-short,warmup-x0.5,routing,queue_aware_corrected,5,cfe90bd6b460,0,36855,36855,0,0,0,0,0,55.840909,1.3398899,0.047875047,0.29201488,1,0.042366433,0.095750095,0.17635306,0.02539072,0.029201488,0.032256319,23.476769,0.025118864,0.1,0,0,0.013733575,0.033976039,0,0,0.73333333,0.94399074,0.1675889,0,4
r-steady90-short,warmup-x0.5,routing,queue_aware_corrected,6,e83aff9950e8,0,36625,36625,0,0,0,0,0,55.492424,1.3348916,0.046775921,0.28811569,1,0.042180034,0.093551843,0.17224205,0.025247681,0.028811569,0.031613017,23.522527,0.025118864,0.1,0,0,0.013441091,0.033684328,0,0,0.73333333,0.94559469,0.16679855,0,4
r-steady90-short,warmup-x0.5,routing,queue_aware_corrected,7,32ef82c4f64f,0,36565,36565,0,0,0,0,0,55.401515,1.3339728,0.047212541,0.28676029,1,0.04164174,0.094425082,0.17528836,0.024642444,0.028676029,0.03143652,22.492854,0.025118864,0.1,0,0,0.013334122,0.033888616,0,0,0.73333333,0.94599761,0.1595394,0,4
r-steady90-short,warmup-x0.5,routing,queue_aware_corrected,8,135fadf89ec9,0,36858,36858,0,0,0,0,0,55.845455,1.3396269,0.04821602,0.29141091,1,0.042287904,0.09643204,0.17859066,0.025246681,0.029141091,0.032005032,23.232716,0.025118864,0.1,0,0,0.013727306,0.034754795,0,0,0.73333333,0.94809715,0.16828981,0,4
r-steady90-short,warmup-x0.5,routing,queue_aware_corrected,9,be6bb6b55760,0,36839,36839,0,0,0,0,0,55.816667,1.330147,0.047285714,0.28286124,1,0.041890916,0.094571428,0.17242966,0.025103838,0.028286124,0.031259876,22.924762,0.025118864,0.1,0,0,0.013340402,0.033759791,0,0,0.73333333,0.94392446,0.16312675,0,4
r-steady90-short,warmup-x0.5,routing,queue_aware_corrected,10,b82847ea9607,0,36839,36839,0,0,0,0,0,55.816667,1.3317546,0.046819762,0.28493483,1,0.041677861,0.093639523,0.1734569,0.024786871,0.028493483,0.031325329,22.343708,0.025118864,0.1,0,0,0.013305342,0.033593808,0,0,0.73333333,0.94524989,0.15894123,0,4
r-steady90-short,warmup-x0.5,routing,capacity_weighted,1,b6b10c400dba,0,36871,36871,0,0,0,0,0.088362127,50.928788,3.8232785,2.068104,0.3133638,1,0.045633104,4.1362081,6.3090017,0.025052597,0.03133638,0.033958502,24.396995,0.025118864,0.1,0,0,0.52292557,4.1035121,0,0,0.73333333,0.9472972,0.16812171,0,4
r-steady90-short,warmup-x0.5,routing,capacity_weighted,2,7cae3288f17c,0,36480,36480,0,0,0,0,0.0080866228,54.825758,1.6184146,0.2700608,0.30792065,1,0.043382807,0.54012161,1.881239,0.02515168,0.030792065,0.033302281,23.248599,0.025118864,0.1,0,0,0.08376302,0.49771014,0,0,0.73333333,0.94518321,0.1652802,0,4
r-steady90-short,warmup-x0.5,routing,capacity_weighted,3,a981eaeead81,0,36520,36520,0,0,0,0,0.016456736,54.422727,2.0227612,0.63174828,0.30872926,1,0.045181486,1.2634966,2.3657684,0.025855116,0.030872926,0.033587857,24.24255,0.025118864,0.1,0,0,0.17392636,1.2184825,0,0,0.73333333,0.9454275,0.16755357,0,4
r-steady90-short,warmup-x0.5,routing,capacity_weighted,4,c463256d7985,0,36870,36870,0,0,0,0,0.0039869813,55.640909,1.5354637,0.21106546,0.30446334,1,0.042944995,0.42213091,1.7327101,0.025350226,0.030446334,0.033176209,23.277726,0.025118864,0.1,0,0,0.072085757,0.38048182,0,0,0.73333333,0.94480546,0.16463357,0,4
r-steady90-short,warmup-x0.5,routing,capacity_weighted,5,cfe90bd6b460,0,36855,36855,0,0,0,0,0.068186135,52.033333,3.2390724,1.5866534,0.31148838,1,0.045180838,3.1733067,4.495498,0.026028919,0.031148838,0.034051045,24.324776,0.025118864,0.1,0,0,0.30779998,3.1311371,0,0,0.73333333,0.94521204,0.17069248,0,4
r-steady90-short,warmup-x0.5,routing,capacity_weighted,6,e83aff9950e8,0,36625,36625,0,0,0,0,0.0098566553,54.945455,1.9753576,0.6162495,0.30982479,1,0.044943653,1.232499,1.9932358,0.025772504,0.030982479,0.033718116,24.262148,0.025118864,0.1,0,0,0.15443198,1.1867831,0,0,0.73333333,0.94573921,0.1702717,0,4
r-steady90-short,warmup-x0.5,routing,capacity_weighted,7,32ef82c4f64f,0,36565,36565,0,0,0,0,0.051524682,52.54697,2.5854677,1.0163695,0.31147486,1,0.044134401,2.0327389,3.4105998,0.024789518,0.031147486,0.034172048,23.351009,0.025118864,0.1,0,0,0.24649061,1.9909617,0,0,0.73333333,0.94575946,0.16285382,0,4
r-steady90-short,warmup-x0.5,routing,capacity_weighted,8,135fadf89ec9,0,36858,36858,0,0,0,0,0.02189484,54.622727,2.0962856,0.6766301,0.31018133,1,0.04558437,1.3532602,2.703293,0.025648115,0.031018133,0.033559733,23.929956,0.025118864,0.1,0,0,0.18058239,1.3066264,0,0,0.73333333,0.94836485,0.17097557,0,4
r-steady90-short,warmup-x0.5,routing,capacity_weighted,9,be6bb6b55760,0,36839,36839,0,0,0,0,0.019598795,54.722727,1.8920348,0.48723975,0.30680106,1,0.043878085,0.9744795,2.9655067,0.02556892,0.030680106,0.033441601,23.462601,0.025118864,0.1,0,0,0.1324414,0.93185055,0,0,0.73333333,0.94378888,0.16628638,0,4
r-steady90-short,warmup-x0.5,routing,capacity_weighted,10,b82847ea9607,0,36839,36839,0,0,0,0,0.00027145145,55.801515,1.4210888,0.11545073,0.30428081,1,0.042740332,0.23090146,1.3953283,0.025312209,0.030428081,0.03330495,23.097444,0.025118864,0.1,0,0,0.056739157,0.15548778,0,0,0.73333333,0.94709171,0.16181829,0,4
r-steady90-short,warmup-x0.5,routing,oracle_jsq,1,b6b10c400dba,0,36871,36871,0,0,0,0,0,55.865152,1.3614595,0.054440089,0.30701943,1,0.04790236,0.10888018,0.25589279,0.025569398,0.030701943,0.034204869,23.568441,0.025118864,0.1,0,0,0.019564449,0.042990018,0,0,0.73333333,0.945991,0.16573132,0,4
r-steady90-short,warmup-x0.5,routing,oracle_jsq,2,7cae3288f17c,0,36480,36480,0,0,0,0,0,55.272727,1.3628611,0.058245516,0.30461559,1,0.047480819,0.11649103,0.28725213,0.025256339,0.030461559,0.033974901,22.870993,0.025118864,0.1,0,0,0.021147983,0.044772879,0,0,0.73333333,0.94516733,0.16314478,0,4
r-steady90-short,warmup-x0.5,routing,oracle_jsq,3,a981eaeead81,0,36520,36520,0,0,0,0,0,55.333333,1.358508,0.055036581,0.30347145,1,0.047645893,0.11007316,0.26687815,0.025347776,0.030347145,0.033852371,23.473766,0.025118864,0.1,0,0,0.020292479,0.043303729,0,0,0.73333333,0.94757295,0.16402327,0,4
r-steady90-short,warmup-x0.5,routing,oracle_jsq,4,c463256d7985,0,36870,36870,0,0,0,0,0,55.863636,1.359817,0.053836904,0.30598009,1,0.047723568,0.10767381,0.20002032,0.025403612,0.030598009,0.034462663,22.858702,0.025118864,0.1,0,0,0.018003815,0.041463274,0,0,0.73333333,0.94736576,0.16324818,0,4
r-steady90-short,warmup-x0.5,routing,oracle_jsq,5,cfe90bd6b460,0,36855,36855,0,0,0,0,0,55.840909,1.3687653,0.060902053,0.30786325,1,0.048426377,0.1218041,0.34529766,0.025757723,0.030786325,0.034608702,23.433891,0.025118864,0.1,0,0,0.022865459,0.046945721,0,0,0.73333333,0.94425097,0.16816099,0,4
r-steady90-short,warmup-x0.5,routing,oracle_jsq,6,e83aff9950e8,0,36625,36625,0,0,0,0,0,55.492424,1.3708371,0.063085093,0.30775201,1,0.048329568,0.12617019,0.35871755,0.025533056,0.030775201,0.034741858,23.667857,0.025118864,0.1,0,0,0.023464308,0.050072677,0,0,0.73333333,0.94551807,0.16738256,0,4
r-steady90-short,warmup-x0.5,routing,oracle_jsq,7,32ef82c4f64f,0,36565,36565,0,0,0,0,0,55.401515,1.3601041,0.054963751,0.3051403,1,0.047393186,0.1099275,0.21493534,0.025080803,0.03051403,0.03403971,22.653192,0.025118864,0.1,0,0,0.018642225,0.04336364,0,0,0.73333333,0.94703821,0.16021917,0,4
r-steady90-short,warmup-x0.5,routing,oracle_jsq,8,135fadf89ec9,0,36858,36858,0,0,0,0,0,55.845455,1.3689212,0.060516979,0.30840425,1,0.04826942,0.12103396,0.28722233,0.025676924,0.030840425,0.034911712,23.520571,0.025118864,0.1,0,0,0.021419015,0.047488191,0,0,0.73333333,0.94649112,0.16897136,0,4
r-steady90-short,warmup-x0.5,routing,oracle_jsq,9,be6bb6b55760,0,36839,36839,0,0,0,0,0,55.816667,1.3533136,0.051457115,0.30185648,1,0.047617808,0.10291423,0.17072504,0.025457124,0.030185648,0.034172407,23.20772,0.025118864,0.1,0,0,0.016535927,0.039999636,0,0,0.73333333,0.94359629,0.16367627,0,4
r-steady90-short,warmup-x0.5,routing,oracle_jsq,10,b82847ea9607,0,36839,36839,0,0,0,0,0,55.816667,1.3546239,0.051593047,0.30303086,1,0.04718939,0.10318609,0.17976747,0.025116161,0.030303086,0.03422815,22.384935,0.025118864,0.1,0,0,0.016789283,0.039733376,0,0,0.73333333,0.94677562,0.15953767,0,4
r-steady90-short,warmup-x2,routing,random,1,b6b10c400dba,0,36871,36871,0,0,0,0,0,55.865152,1.3725035,0.071112829,0.30139069,1,0.048227593,0.14222566,0.3543455,0.02538258,0.030139069,0.033895822,23.567952,0.025118864,0.1,0,0,0.024460785,0.05973298,0,0,0.73333333,0.94630085,0.16627667,0,4
r-steady90-short,warmup-x2,routing,random,2,7cae3288f17c,0,36480,36480,0,0,0,0,0.00024671053,55.259091,1.3975527,0.093942401,0.30237676,1,0.048148187,0.1878848,1.1518206,0.024981776,0.030237676,0.033888656,23.00321,0.025118864,0.1,0,0,0.044629275,0.092297496,0,0,0.73333333,0.94580219,0.16363308,0,4
r-steady90-short,warmup-x2,routing,random,3,a981eaeead81,0,36520,36520,0,0,0,0,0,55.333333,1.3825308,0.08280619,0.29972466,1,0.047886891,0.16561238,0.80271046,0.025115375,0.029972466,0.033303088,23.70045,0.025118864,0.1,0,0,0.034202596,0.070199803,0,0,0.73333333,0.94705354,0.16438669,0,4
r-steady90-short,warmup-x2,routing,random,4,c463256d7985,0,36870,36870,0,0,0,0,0.0052888527,55.568182,1.4360515,0.10494425,0.30466299,1,0.048444183,0.2098885,1.5098991,0.025093924,0.030466299,0.033949895,22.946645,0.025118864,0.1,0,0,0.061400929,0.11673888,0,0,0.73333333,0.94743793,0.16416413,0,4
r-steady90-short,warmup-x2,routing,random,5,cfe90bd6b460,0,36855,36855,0,0,0,0,0.0027404694,55.687879,1.4541738,0.1349625,0.30550891,1,0.049375796,0.269925,1.2626324,0.025479245,0.030550891,0.034479908,23.48442,0.025118864,0.1,0,0,0.059625651,0.21003382,0,0,0.73333333,0.94327921,0.16875076,0,4
r-steady90-short,warmup-x2,routing,random,6,e83aff9950e8,0,36625,36625,0,0,0,0,0,55.492424,1.3765695,0.074076784,0.30249276,1,0.048354454,0.14815357,0.38184093,0.025366231,0.030249276,0.033664683,23.809106,0.025118864,0.1,0,0,0.024918635,0.06328389,0,0,0.73333333,0.94568798,0.16792514,0,4
r-steady90-short,warmup-x2,routing,random,7,32ef82c4f64f,0,36565,36565,0,0,0,0,0,55.401515,1.3787328,0.076912245,0.30182056,1,0.047605586,0.15382449,0.3421755,0.024944044,0.030182056,0.033764019,22.752222,0.025118864,0.1,0,0,0.023181648,0.066212399,0,0,0.73333333,0.94668264,0.16076332,0,4
r-steady90-short,warmup-x2,routing,random,8,135fadf89ec9,0,36858,36858,0,0,0,0,0,55.845455,1.4319162,0.12304248,0.30887376,1,0.049190941,0.24608495,1.0609599,0.025577371,0.030887376,0.034504717,23.651068,0.025118864,0.1,0,0,0.050086935,0.17015906,0,0,0.73333333,0.94715934,0.17021771,0,4
r-steady90-short,warmup-x2,routing,random,9,be6bb6b55760,0,36839,36839,0,0,0,0,0,55.816667,1.366382,0.066548004,0.29983395,1,0.047712396,0.13309601,0.21634466,0.025282421,0.029983395,0.033607181,23.156976,0.025118864,0.1,0,0,0.017672371,0.052144141,0,0,0.73333333,0.9444863,0.16438516,0,4
r-steady90-short,warmup-x2,routing,random,10,b82847ea9607,0,36839,36839,0,0,0,0,0,55.816667,1.3729597,0.074987029,0.29797263,1,0.047593477,0.14997406,0.35310386,0.024889664,0.029797263,0.033285092,22.441641,0.025118864,0.1,0,0,0.023045835,0.06348076,0,0,0.73333333,0.94566442,0.15987322,0,4
r-steady90-short,warmup-x2,routing,round_robin,1,b6b10c400dba,0,36871,36871,0,0,0,0,0,55.865152,1.3397625,0.047896164,0.29186629,1,0.042021739,0.095792328,0.18582052,0.025088315,0.029186629,0.032038226,23.55857,0.025118864,0.1,0,0,0.014644336,0.034402623,0,0,0.73333333,0.94594442,0.16561622,0,4
r-steady90-short,warmup-x2,routing,round_robin,2,7cae3288f17c,0,36480,36480,0,0,0,0,0,55.272727,1.3370846,0.047043681,0.29004094,1,0.041674792,0.094087363,0.17365589,0.02492453,0.029004094,0.032052116,22.977648,0.025118864,0.1,0,0,0.013204187,0.032715179,0,0,0.73333333,0.94408556,0.1628625,0,4
r-steady90-short,warmup-x2,routing,round_robin,3,a981eaeead81,0,36520,36520,0,0,0,0,0,55.333333,1.3355671,0.047572349,0.28799474,1,0.041785229,0.095144697,0.18793022,0.02501178,0.028799474,0.031407088,23.466467,0.025118864,0.1,0,0,0.014693242,0.0340471,0,0,0.73333333,0.94480668,0.16382537,0,4
r-steady90-short,warmup-x2,routing,round_robin,4,c463256d7985,0,36870,36870,0,0,0,0,0,55.863636,1.3478291,0.052476619,0.29535245,1,0.041848361,0.10495324,0.23005447,0.025060505,0.029535245,0.032561184,22.79425,0.025118864,0.1,0,0,0.016640448,0.037044118,0,0,0.73333333,0.94720507,0.16333,0,4
r-steady90-short,warmup-x2,routing,round_robin,5,cfe90bd6b460,0,36855,36855,0,0,0,0,0,55.840909,1.3527342,0.054807341,0.2979269,1,0.042355658,0.10961468,0.24222722,0.025464906,0.02979269,0.032919142,23.485647,0.025118864,0.1,0,0,0.019529429,0.038872554,0,0,0.73333333,0.94579077,0.1683023,0,4
r-steady90-short,warmup-x2,routing,round_robin,6,e83aff9950e8,0,36625,36625,0,0,0,0,0,55.492424,1.3458293,0.051092534,0.29473673,1,0.042193265,0.10218507,0.23131704,0.02522112,0.029473673,0.032131481,23.653435,0.025118864,0.1,0,0,0.017670415,0.036464352,0,0,0.73333333,0.94570567,0.16742054,0,4
r-steady90-short,warmup-x2,routing,round_robin,7,32ef82c4f64f,0,36565,36565,0,0,0,0,0,55.401515,1.3404925,0.047947493,0.292545,1,0.041463386,0.095894986,0.18021718,0.024668887,0.0292545,0.032380711,22.719688,0.025118864,0.1,0,0,0.01357025,0.03423392,0,0,0.73333333,0.94538939,0.16007452,0,4
r-steady90-short,warmup-x2,routing,round_robin,8,135fadf89ec9,0,36858,36858,0,0,0,0,0,55.845455,1.3496038,0.050688496,0.29891533,1,0.04225271,0.10137699,0.20026524,0.025250551,0.029891533,0.032640112,23.381668,0.025118864,0.1,0,0,0.015051293,0.036144289,0,0,0.73333333,0.94879565,0.16900359,0,4
r-steady90-short,warmup-x2,routing,round_robin,9,be6bb6b55760,0,36839,36839,0,0,0,0,0,55.816667,1.3388906,0.048615355,0.29027521,1,0.041757746,0.09723071,0.18470867,0.025149227,0.029027521,0.032138792,23.147301,0.025118864,0.1,0,0,0.014367775,0.034721536,0,0,0.73333333,0.94390734,0.16389763,0,4
r-steady90-short,warmup-x2,routing,round_robin,10,b82847ea9607,0,36839,36839,0,0,0,0,0,55.816667,1.339627,0.046798727,0.29282828,1,0.041484296,0.093597454,0.17531072,0.024775349,0.029282828,0.032346364,22.656496,0.025118864,0.1,0,0,0.013346997,0.033101078,0,0,0.73333333,0.94483479,0.15973028,0,4
r-steady90-short,warmup-x2,routing,least_outstanding,1,b6b10c400dba,0,36871,36871,0,0,0,0,0,55.865152,1.338822,0.054799637,0.28402234,1,0.046874614,0.10959927,0.17714312,0.025142224,0.028402234,0.031383656,23.366759,0.025118864,0.1,0,0,0.016385019,0.044590282,0,0,0.73333333,0.94560127,0.16449233,0,4
r-steady90-short,warmup-x2,routing,least_outstanding,2,7cae3288f17c,0,36480,36480,0,0,0,0,0,55.272727,1.3391897,0.055546489,0.28364318,1,0.046724899,0.11109298,0.18289868,0.024850753,0.028364318,0.031014919,22.797668,0.025118864,0.1,0,0,0.016434641,0.044519344,0,0,0.73333333,0.94569822,0.16189707,0,4
r-steady90-short,warmup-x2,routing,least_outstanding,3,a981eaeead81,0,36520,36520,0,0,0,0,0,55.333333,1.3392604,0.054656057,0.28460432,1,0.046666544,0.10931211,0.18014537,0.024970906,0.028460432,0.031313047,23.411019,0.025118864,0.1,0,0,0.016338835,0.043621929,0,0,0.73333333,0.94468063,0.16286068,0,4
r-steady90-short,warmup-x2,routing,least_outstanding,4,c463256d7985,0,36870,36870,0,0,0,0,0,55.863636,1.3435261,0.055781103,0.28774496,1,0.04680449,0.11156221,0.18264993,0.02497415,0.028774496,0.03157896,22.719871,0.025118864,0.1,0,0,0.016442302,0.044504035,0,0,0.73333333,0.94693993,0.16206164,0,4
r-steady90-short,warmup-x2,routing,least_outstanding,5,cfe90bd6b460,0,36855,36855,0,0,0,0,0,55.840909,1.3454279,0.055263344,0.29016459,1,0.047273727,0.11052669,0.18308353,0.025378113,0.029016459,0.032002572,23.325522,0.025118864,0.1,0,0,0.016613088,0.044600121,0,0,0.73333333,0.94575133,0.16708172,0,4
r-steady90-short,warmup-x2,routing,least_outstanding,6,e83aff9950e8,0,36625,36625,0,0,0,0,0,55.492424,1.3423101,0.054910831,0.28739922,1,0.047034792,0.10982166,0.17914723,0.02518725,0.028739922,0.031604057,23.419664,0.025118864,0.1,0,0,0.016489832,0.044335023,0,0,0.73333333,0.94570733,0.16634415,0,4
r-steady90-short,warmup-x2,routing,least_outstanding,7,32ef82c4f64f,0,36565,36565,0,0,0,0,0,55.401515,1.3420768,0.056000124,0.28607671,1,0.046457472,0.11200025,0.18425084,0.02463067,0.028607671,0.031616026,22.492768,0.025118864,0.1,0,0,0.016433464,0.045072055,0,0,0.73333333,0.9468332,0.15910667,0,4
r-steady90-short,warmup-x2,routing,least_outstanding,8,135fadf89ec9,0,36858,36858,0,0,0,0,0,55.845455,1.3453344,0.056508353,0.28882601,1,0.047320728,0.11301671,0.18435506,0.025292613,0.028882601,0.03178663,23.214409,0.025118864,0.1,0,0,0.016801611,0.045476374,0,0,0.73333333,0.94537372,0.16775487,0,4
r-steady90-short,warmup-x2,routing,least_outstanding,9,be6bb6b55760,0,36839,36839,0,0,0,0,0,55.816667,1.3376041,0.055448671,0.28215539,1,0.046808279,0.11089734,0.17789927,0.025090371,0.028215539,0.031137339,22.916374,0.025118864,0.1,0,0,0.01638255,0.043998688,0,0,0.73333333,0.94364647,0.16264918,0,4
r-steady90-short,warmup-x2,routing,least_outstanding,10,b82847ea9607,0,36839,36839,0,0,0,0,0,55.816667,1.3385172,0.054879466,0.2836377,1,0.04661047,0.10975893,0.18004467,0.024681565,0.02836377,0.031166222,22.299582,0.025118864,0.1,0,0,0.016398057,0.044111378,0,0,0.73333333,0.94320564,0.15848477,0,4
r-steady90-short,warmup-x2,routing,power_of_two,1,b6b10c400dba,0,36871,36871,0,0,0,0,0,55.865152,1.3433459,0.059893899,0.28345198,1,0.047048491,0.1197878,0.18928593,0.025135382,0.028345198,0.031349668,23.308119,0.025118864,0.1,0,0,0.016208968,0.046443405,0,0,0.73333333,0.94625117,0.16453383,0,4
r-steady90-short,warmup-x2,routing,power_of_two,2,7cae3288f17c,0,36480,36480,0,0,0,0,0,55.272727,1.3443678,0.059905982,0.28446177,1,0.046735351,0.11981196,0.18618666,0.024835601,0.028446177,0.031471718,22.843909,0.025118864,0.1,0,0,0.016149113,0.04561988,0,0,0.73333333,0.94457692,0.16192185,0,4
r-steady90-short,warmup-x2,routing,power_of_two,3,a981eaeead81,0,36520,36520,0,0,0,0,0,55.333333,1.3422192,0.057573917,0.28464524,1,0.046878782,0.11514784,0.18577976,0.024955281,0.028464524,0.03130013,23.404284,0.025118864,0.1,0,0,0.015956031,0.044828846,0,0,0.73333333,0.94707352,0.16293296,0,4
r-steady90-short,warmup-x2,routing,power_of_two,4,c463256d7985,0,36870,36870,0,0,0,0,0,55.863636,1.3480256,0.060349602,0.28767597,1,0.046757993,0.1206992,0.19113396,0.024985954,0.028767597,0.031558571,22.850846,0.025118864,0.1,0,0,0.016143241,0.04562553,0,0,0.73333333,0.94688301,0.16208428,0,4
r-steady90-short,warmup-x2,routing,power_of_two,5,cfe90bd6b460,0,36855,36855,0,0,0,0,0,55.840909,1.3513785,0.060882321,0.29049613,1,0.047484991,0.12176464,0.19421567,0.025337487,0.029049613,0.032138318,23.451983,0.025118864,0.1,0,0,0.016505173,0.047173362,0,0,0.73333333,0.94562957,0.16710576,0,4
r-steady90-short,warmup-x2,routing,power_of_two,6,e83aff9950e8,0,36625,36625,0,0,0,0,0,55.492424,1.3477873,0.05939081,0.28839648,1,0.047177098,0.11878162,0.18883919,0.025150241,0.028839648,0.032164454,23.499279,0.025118864,0.1,0,0,0.016274987,0.046330475,0,0,0.73333333,0.94520311,0.16634697,0,4
r-steady90-short,warmup-x2,routing,power_of_two,7,32ef82c4f64f,0,36565,36565,0,0,0,0,0,55.401515,1.3463124,0.060012139,0.2863003,1,0.046571667,0.12002428,0.19491111,0.024643631,0.02863003,0.032052907,22.495357,0.025118864,0.1,0,0,0.016144451,0.045584529,0,0,0.73333333,0.94685834,0.15907366,0,4
r-steady90-short,warmup-x2,routing,power_of_two,8,135fadf89ec9,0,36858,36858,0,0,0,0,0,55.845455,1.3505452,0.061079297,0.2894659,1,0.04735865,0.12215859,0.19607838,0.02522722,0.02894659,0.032231932,23.255561,0.025118864,0.1,0,0,0.016475716,0.046921997,0,0,0.73333333,0.94659521,0.16776743,0,4
r-steady90-short,warmup-x2,routing,power_of_two,9,be6bb6b55760,0,36839,36839,0,0,0,0,0,55.816667,1.3419392,0.059559823,0.28237939,1,0.046764814,0.11911965,0.18805851,0.025095339,0.028237939,0.031423066,22.880283,0.025118864,0.1,0,0,0.016120137,0.045823211,0,0,0.73333333,0.94287067,0.16270136,0,4
r-steady90-short,warmup-x2,routing,power_of_two,10,b82847ea9607,0,36839,36839,0,0,0,0,0,55.816667,1.3431865,0.058823404,0.28436314,1,0.046648368,0.11764681,0.19416664,0.02467551,0.028436314,0.031362268,22.327776,0.025118864,0.1,0,0,0.016135855,0.045906788,0,0,0.73333333,0.9435846,0.15844784,0,4
r-steady90-short,warmup-x2,routing,latency_aware,1,b6b10c400dba,0,36871,36871,0,0,0,0,0,55.865152,1.3541571,0.059559374,0.29459768,1,0.047893452,0.11911875,0.19539529,0.025419303,0.029459768,0.032933758,23.397402,0.025118864,0.1,0,0,0.017672537,0.04856012,0,0,0.73333333,0.94631228,0.16508448,0,4
r-steady90-short,warmup-x2,routing,latency_aware,2,7cae3288f17c,0,36480,36480,0,0,0,0,0,55.272727,1.3614038,0.064457673,0.29694614,1,0.047803353,0.12891535,0.23332107,0.025319504,0.029694614,0.033309648,23.098505,0.025118864,0.1,0,0,0.020830614,0.051847814,0,0,0.73333333,0.94359482,0.16271696,0,4
r-steady90-short,warmup-x2,routing,latency_aware,3,a981eaeead81,0,36520,36520,0,0,0,0,0,55.333333,1.3687154,0.067618229,0.30109719,1,0.048142818,0.13523646,0.26738398,0.025307082,0.030109719,0.034003816,23.672586,0.025118864,0.1,0,0,0.021915192,0.057120013,0,0,0.73333333,0.94661703,0.16390953,0,4
r-steady90-short,warmup-x2,routing,latency_aware,4,c463256d7985,0,36870,36870,0,0,0,0,0.00035259018,55.843939,1.371803,0.07124679,0.29879325,1,0.047958167,0.14249358,0.56219531,0.02524784,0.029879325,0.033259974,22.892436,0.025118864,0.1,0,0,0.030088139,0.059952115,0,0,0.73333333,0.94569103,0.16266081,0,4
r-steady90-short,warmup-x2,routing,latency_aware,5,cfe90bd6b460,0,36855,36855,0,0,0,0,0,55.840909,1.3750311,0.071400671,0.3036304,1,0.048842672,0.14280134,0.34609824,0.02556716,0.03036304,0.033699213,23.607372,0.025118864,0.1,0,0,0.024618716,0.060691235,0,0,0.73333333,0.94271129,0.16774557,0,4
r-steady90-short,warmup-x2,routing,latency_aware,6,e83aff9950e8,0,36625,36625,0,0,0,0,0,55.492424,1.3688623,0.06711344,0.30174885,1,0.048256735,0.13422688,0.26292198,0.025418933,0.030174885,0.033886229,23.471635,0.025118864,0.1,0,0,0.022245862,0.055840457,0,0,0.73333333,0.94311176,0.16739936,0,4
r-steady90-short,warmup-x2,routing,latency_aware,7,32ef82c4f64f,0,36565,36565,0,0,0,0,0,55.401515,1.365214,0.065878435,0.29933553,1,0.04766042,0.13175687,0.25438237,0.024865401,0.029933553,0.033868626,22.643624,0.025118864,0.1,0,0,0.020812635,0.054827876,0,0,0.73333333,0.94657494,0.15989064,0,4
r-steady90-short,warmup-x2,routing,latency_aware,8,135fadf89ec9,0,36858,36858,0,0,0,0,0,55.845455,1.3601378,0.06348788,0.29664987,1,0.048118113,0.12697576,0.21626597,0.025567838,0.029664987,0.033427859,23.254325,0.025118864,0.1,0,0,0.018819736,0.051382537,0,0,0.73333333,0.94804613,0.16819311,0,4
r-steady90-short,warmup-x2,routing,latency_aware,9,be6bb6b55760,0,36839,36839,0,0,0,0,0,55.816667,1.3550718,0.060713582,0.29435822,1,0.048044762,0.12142717,0.19594128,0.025413569,0.029435822,0.032734701,23.01181,0.025118864,0.1,0,0,0.017793326,0.049199342,0,0,0.73333333,0.94407391,0.16338868,0,4
r-steady90-short,warmup-x2,routing,latency_aware,10,b82847ea9607,0,36839,36839,0,0,0,0,0,55.816667,1.3589343,0.06122208,0.29771218,1,0.047850104,0.12244416,0.20813494,0.025275393,0.029771218,0.032987959,22.501753,0.025118864,0.1,0,0,0.018343797,0.051026228,0,0,0.73333333,0.9465549,0.15969694,0,4
r-steady90-short,warmup-x2,routing,queue_aware,1,b6b10c400dba,0,36871,36871,0,0,0,0,0.00027121586,55.85,1.7548454,0.31760972,0.43587956,1,0.16820782,0.63521945,1.1489999,0.025947492,0.043587956,0.06718809,23.550774,0.025118864,0.1,0,0,0.15092611,0.5797996,0,0,0.73333333,0.94249933,0.16587259,0,4
r-steady90-short,warmup-x2,routing,queue_aware,2,7cae3288f17c,0,36480,36480,0,0,0,0,0.00019188596,55.262121,1.7454609,0.30370258,0.44079893,1,0.17112918,0.60740517,1.1530461,0.025758488,0.044079893,0.068394678,23.044599,0.025118864,0.1,0,0,0.14672527,0.54615337,0,0,0.73333333,0.94052062,0.16322886,0,4
r-steady90-short,warmup-x2,routing,queue_aware,3,a981eaeead81,0,36520,36520,0,0,0,0,0.0008762322,55.284848,1.7610408,0.32790061,0.42875901,1,0.16831422,0.65580123,1.3082311,0.025790849,0.042875901,0.067114867,23.659108,0.025118864,0.1,0,0,0.15684613,0.60748661,0,0,0.73333333,0.94388736,0.16407006,0,4
r-steady90-short,warmup-x2,routing,queue_aware,4,c463256d7985,0,36870,36870,0,0,0,0,0.0026308652,55.716667,1.7880951,0.34055909,0.4343817,1,0.17591186,0.68111818,1.4182584,0.025848076,0.04343817,0.067361031,23.016951,0.025118864,0.1,0,0,0.16438357,0.6280948,0,0,0.73333333,0.94394819,0.16325208,0,4
r-steady90-short,warmup-x2,routing,queue_aware,5,cfe90bd6b460,0,36855,36855,0,0,0,0,0.0011667345,55.775758,1.8142822,0.3684881,0.43996045,1,0.17761113,0.7369762,1.3081826,0.026272548,0.043996045,0.065924515,23.581405,0.025118864,0.1,0,0,0.1678167,0.68083385,0,0,0.73333333,0.94368178,0.16834181,0,4
r-steady90-short,warmup-x2,routing,queue_aware,6,e83aff9950e8,0,36625,36625,0,0,0,0,0.001337884,55.418182,1.8010338,0.35691051,0.43743391,1,0.1702867,0.71382102,1.2999354,0.026020406,0.043743391,0.067528167,23.604553,0.025118864,0.1,0,0,0.16378347,0.66701621,0,0,0.73333333,0.9415609,0.16762365,0,4
r-steady90-short,warmup-x2,routing,queue_aware,7,32ef82c4f64f,0,36565,36565,0,0,0,0,0.0012306851,55.333333,1.7708593,0.32463924,0.44006659,1,0.16595483,0.64927848,1.2600525,0.025606802,0.044006659,0.06879993,22.697265,0.025118864,0.1,0,0,0.15569981,0.58491314,0,0,0.73333333,0.94542802,0.16046349,0,4
r-steady90-short,warmup-x2,routing,queue_aware,8,135fadf89ec9,0,36858,36858,0,0,0,0,0.00027131152,55.830303,1.7838728,0.34232162,0.44019466,1,0.1712987,0.68464323,1.2428527,0.026095834,0.044019466,0.067557305,23.429453,0.025118864,0.1,0,0,0.15926894,0.63018258,0,0,0.73333333,0.9451612,0.16892413,0,4
r-steady90-short,warmup-x2,routing,queue_aware,9,be6bb6b55760,0,36839,36839,0,0,0,0,0.00019001602,55.806061,1.7629619,0.3224282,0.43958365,1,0.1721242,0.64485639,1.1673089,0.025853532,0.043958365,0.068788778,23.187515,0.025118864,0.1,0,0,0.15464078,0.5812887,0,0,0.73333333,0.94224246,0.16403169,0,4
r-steady90-short,warmup-x2,routing,queue_aware,10,b82847ea9607,0,36839,36839,0,0,0,0,0.00016287087,55.807576,1.7311936,0.29120521,0.43917401,1,0.17201728,0.58241042,1.0316371,0.025604624,0.043917401,0.068033342,22.464694,0.025118864,0.1,0,0,0.14381553,0.50638437,0,0,0.73333333,0.94516845,0.15969286,0,4
r-steady90-short,warmup-x2,routing,queue_aware_corrected,1,b6b10c400dba,0,36871,36871,0,0,0,0,0,55.865152,1.3322611,0.046625535,0.28563561,1,0.042035016,0.09325107,0.16986758,0.025169022,0.028563561,0.031437927,23.319623,0.025118864,0.1,0,0,0.013323677,0.033439954,0,0,0.73333333,0.94634769,0.16499659,0,4
r-steady90-short,warmup-x2,routing,queue_aware_corrected,2,7cae3288f17c,0,36480,36480,0,0,0,0,0,55.272727,1.3340292,0.04819934,0.28582987,1,0.041887271,0.09639868,0.1745447,0.024889659,0.028582987,0.031641697,22.837879,0.025118864,0.1,0,0,0.013457208,0.033924756,0,0,0.73333333,0.94468597,0.16243129,0,4
r-steady90-short,warmup-x2,routing,queue_aware_corrected,3,a981eaeead81,0,36520,36520,0,0,0,0,0,55.333333,1.3324122,0.046493856,0.28591835,1,0.041928468,0.092987712,0.17260336,0.024945458,0.028591835,0.031315872,23.541031,0.025118864,0.1,0,0,0.013329153,0.033441475,0,0,0.73333333,0.94540305,0.16343083,0,4
r-steady90-short,warmup-x2,routing,queue_aware_corrected,4,c463256d7985,0,36870,36870,0,0,0,0,0,55.863636,1.3356947,0.047299489,0.28839523,1,0.041928308,0.094598977,0.17516294,0.024981131,0.028839523,0.031558239,22.772944,0.025118864,0.1,0,0,0.013423209,0.033903097,0,0,0.73333333,0.94639151,0.16246169,0,4
r-steady90-short,warmup-x2,routing,queue_aware_corrected,5,cfe90bd6b460,0,36855,36855,0,0,0,0,0,55.840909,1.3398899,0.047875047,0.29201488,1,0.042366433,0.095750095,0.17635306,0.02539072,0.029201488,0.032256319,23.476769,0.025118864,0.1,0,0,0.013733575,0.033976039,0,0,0.73333333,0.94399074,0.1675889,0,4
r-steady90-short,warmup-x2,routing,queue_aware_corrected,6,e83aff9950e8,0,36625,36625,0,0,0,0,0,55.492424,1.3348916,0.046775921,0.28811569,1,0.042180034,0.093551843,0.17224205,0.025247681,0.028811569,0.031613017,23.522527,0.025118864,0.1,0,0,0.013441091,0.033684328,0,0,0.73333333,0.94559469,0.16679855,0,4
r-steady90-short,warmup-x2,routing,queue_aware_corrected,7,32ef82c4f64f,0,36565,36565,0,0,0,0,0,55.401515,1.3339728,0.047212541,0.28676029,1,0.04164174,0.094425082,0.17528836,0.024642444,0.028676029,0.03143652,22.492854,0.025118864,0.1,0,0,0.013334122,0.033888616,0,0,0.73333333,0.94599761,0.1595394,0,4
r-steady90-short,warmup-x2,routing,queue_aware_corrected,8,135fadf89ec9,0,36858,36858,0,0,0,0,0,55.845455,1.3396269,0.04821602,0.29141091,1,0.042287904,0.09643204,0.17859066,0.025246681,0.029141091,0.032005032,23.232716,0.025118864,0.1,0,0,0.013727306,0.034754795,0,0,0.73333333,0.94809715,0.16828981,0,4
r-steady90-short,warmup-x2,routing,queue_aware_corrected,9,be6bb6b55760,0,36839,36839,0,0,0,0,0,55.816667,1.330147,0.047285714,0.28286124,1,0.041890916,0.094571428,0.17242966,0.025103838,0.028286124,0.031259876,22.924762,0.025118864,0.1,0,0,0.013340402,0.033759791,0,0,0.73333333,0.94392446,0.16312675,0,4
r-steady90-short,warmup-x2,routing,queue_aware_corrected,10,b82847ea9607,0,36839,36839,0,0,0,0,0,55.816667,1.3317546,0.046819762,0.28493483,1,0.041677861,0.093639523,0.1734569,0.024786871,0.028493483,0.031325329,22.343708,0.025118864,0.1,0,0,0.013305342,0.033593808,0,0,0.73333333,0.94524989,0.15894123,0,4
r-steady90-short,warmup-x2,routing,capacity_weighted,1,b6b10c400dba,0,36871,36871,0,0,0,0,0.088362127,50.928788,3.8232785,2.068104,0.3133638,1,0.045633104,4.1362081,6.3090017,0.025052597,0.03133638,0.033958502,24.396995,0.025118864,0.1,0,0,0.52292557,4.1035121,0,0,0.73333333,0.9472972,0.16812171,0,4
r-steady90-short,warmup-x2,routing,capacity_weighted,2,7cae3288f17c,0,36480,36480,0,0,0,0,0.0080866228,54.825758,1.6184146,0.2700608,0.30792065,1,0.043382807,0.54012161,1.881239,0.02515168,0.030792065,0.033302281,23.248599,0.025118864,0.1,0,0,0.08376302,0.49771014,0,0,0.73333333,0.94518321,0.1652802,0,4
r-steady90-short,warmup-x2,routing,capacity_weighted,3,a981eaeead81,0,36520,36520,0,0,0,0,0.016456736,54.422727,2.0227612,0.63174828,0.30872926,1,0.045181486,1.2634966,2.3657684,0.025855116,0.030872926,0.033587857,24.24255,0.025118864,0.1,0,0,0.17392636,1.2184825,0,0,0.73333333,0.9454275,0.16755357,0,4
r-steady90-short,warmup-x2,routing,capacity_weighted,4,c463256d7985,0,36870,36870,0,0,0,0,0.0039869813,55.640909,1.5354637,0.21106546,0.30446334,1,0.042944995,0.42213091,1.7327101,0.025350226,0.030446334,0.033176209,23.277726,0.025118864,0.1,0,0,0.072085757,0.38048182,0,0,0.73333333,0.94480546,0.16463357,0,4
r-steady90-short,warmup-x2,routing,capacity_weighted,5,cfe90bd6b460,0,36855,36855,0,0,0,0,0.068186135,52.033333,3.2390724,1.5866534,0.31148838,1,0.045180838,3.1733067,4.495498,0.026028919,0.031148838,0.034051045,24.324776,0.025118864,0.1,0,0,0.30779998,3.1311371,0,0,0.73333333,0.94521204,0.17069248,0,4
r-steady90-short,warmup-x2,routing,capacity_weighted,6,e83aff9950e8,0,36625,36625,0,0,0,0,0.0098566553,54.945455,1.9753576,0.6162495,0.30982479,1,0.044943653,1.232499,1.9932358,0.025772504,0.030982479,0.033718116,24.262148,0.025118864,0.1,0,0,0.15443198,1.1867831,0,0,0.73333333,0.94573921,0.1702717,0,4
r-steady90-short,warmup-x2,routing,capacity_weighted,7,32ef82c4f64f,0,36565,36565,0,0,0,0,0.051524682,52.54697,2.5854677,1.0163695,0.31147486,1,0.044134401,2.0327389,3.4105998,0.024789518,0.031147486,0.034172048,23.351009,0.025118864,0.1,0,0,0.24649061,1.9909617,0,0,0.73333333,0.94575946,0.16285382,0,4
r-steady90-short,warmup-x2,routing,capacity_weighted,8,135fadf89ec9,0,36858,36858,0,0,0,0,0.02189484,54.622727,2.0962856,0.6766301,0.31018133,1,0.04558437,1.3532602,2.703293,0.025648115,0.031018133,0.033559733,23.929956,0.025118864,0.1,0,0,0.18058239,1.3066264,0,0,0.73333333,0.94836485,0.17097557,0,4
r-steady90-short,warmup-x2,routing,capacity_weighted,9,be6bb6b55760,0,36839,36839,0,0,0,0,0.019598795,54.722727,1.8920348,0.48723975,0.30680106,1,0.043878085,0.9744795,2.9655067,0.02556892,0.030680106,0.033441601,23.462601,0.025118864,0.1,0,0,0.1324414,0.93185055,0,0,0.73333333,0.94378888,0.16628638,0,4
r-steady90-short,warmup-x2,routing,capacity_weighted,10,b82847ea9607,0,36839,36839,0,0,0,0,0.00027145145,55.801515,1.4210888,0.11545073,0.30428081,1,0.042740332,0.23090146,1.3953283,0.025312209,0.030428081,0.03330495,23.097444,0.025118864,0.1,0,0,0.056739157,0.15548778,0,0,0.73333333,0.94709171,0.16181829,0,4
r-steady90-short,warmup-x2,routing,oracle_jsq,1,b6b10c400dba,0,36871,36871,0,0,0,0,0,55.865152,1.3614595,0.054440089,0.30701943,1,0.04790236,0.10888018,0.25589279,0.025569398,0.030701943,0.034204869,23.568441,0.025118864,0.1,0,0,0.019564449,0.042990018,0,0,0.73333333,0.945991,0.16573132,0,4
r-steady90-short,warmup-x2,routing,oracle_jsq,2,7cae3288f17c,0,36480,36480,0,0,0,0,0,55.272727,1.3628611,0.058245516,0.30461559,1,0.047480819,0.11649103,0.28725213,0.025256339,0.030461559,0.033974901,22.870993,0.025118864,0.1,0,0,0.021147983,0.044772879,0,0,0.73333333,0.94516733,0.16314478,0,4
r-steady90-short,warmup-x2,routing,oracle_jsq,3,a981eaeead81,0,36520,36520,0,0,0,0,0,55.333333,1.358508,0.055036581,0.30347145,1,0.047645893,0.11007316,0.26687815,0.025347776,0.030347145,0.033852371,23.473766,0.025118864,0.1,0,0,0.020292479,0.043303729,0,0,0.73333333,0.94757295,0.16402327,0,4
r-steady90-short,warmup-x2,routing,oracle_jsq,4,c463256d7985,0,36870,36870,0,0,0,0,0,55.863636,1.359817,0.053836904,0.30598009,1,0.047723568,0.10767381,0.20002032,0.025403612,0.030598009,0.034462663,22.858702,0.025118864,0.1,0,0,0.018003815,0.041463274,0,0,0.73333333,0.94736576,0.16324818,0,4
r-steady90-short,warmup-x2,routing,oracle_jsq,5,cfe90bd6b460,0,36855,36855,0,0,0,0,0,55.840909,1.3687653,0.060902053,0.30786325,1,0.048426377,0.1218041,0.34529766,0.025757723,0.030786325,0.034608702,23.433891,0.025118864,0.1,0,0,0.022865459,0.046945721,0,0,0.73333333,0.94425097,0.16816099,0,4
r-steady90-short,warmup-x2,routing,oracle_jsq,6,e83aff9950e8,0,36625,36625,0,0,0,0,0,55.492424,1.3708371,0.063085093,0.30775201,1,0.048329568,0.12617019,0.35871755,0.025533056,0.030775201,0.034741858,23.667857,0.025118864,0.1,0,0,0.023464308,0.050072677,0,0,0.73333333,0.94551807,0.16738256,0,4
r-steady90-short,warmup-x2,routing,oracle_jsq,7,32ef82c4f64f,0,36565,36565,0,0,0,0,0,55.401515,1.3601041,0.054963751,0.3051403,1,0.047393186,0.1099275,0.21493534,0.025080803,0.03051403,0.03403971,22.653192,0.025118864,0.1,0,0,0.018642225,0.04336364,0,0,0.73333333,0.94703821,0.16021917,0,4
r-steady90-short,warmup-x2,routing,oracle_jsq,8,135fadf89ec9,0,36858,36858,0,0,0,0,0,55.845455,1.3689212,0.060516979,0.30840425,1,0.04826942,0.12103396,0.28722233,0.025676924,0.030840425,0.034911712,23.520571,0.025118864,0.1,0,0,0.021419015,0.047488191,0,0,0.73333333,0.94649112,0.16897136,0,4
r-steady90-short,warmup-x2,routing,oracle_jsq,9,be6bb6b55760,0,36839,36839,0,0,0,0,0,55.816667,1.3533136,0.051457115,0.30185648,1,0.047617808,0.10291423,0.17072504,0.025457124,0.030185648,0.034172407,23.20772,0.025118864,0.1,0,0,0.016535927,0.039999636,0,0,0.73333333,0.94359629,0.16367627,0,4
r-steady90-short,warmup-x2,routing,oracle_jsq,10,b82847ea9607,0,36839,36839,0,0,0,0,0,55.816667,1.3546239,0.051593047,0.30303086,1,0.04718939,0.10318609,0.17976747,0.025116161,0.030303086,0.03422815,22.384935,0.025118864,0.1,0,0,0.016789283,0.039733376,0,0,0.73333333,0.94677562,0.15953767,0,4
r-steady90-short,scrape-0.25s,routing,random,1,b6b10c400dba,0,36871,36871,0,0,0,0,0,55.865152,1.3725035,0.071112829,0.30139069,1,0.048227593,0.14222566,0.3543455,0.02538258,0.030139069,0.033895822,23.567952,0.025118864,0.1,0,0,0.024460785,0.05973298,0,0,0.73333333,0.94630085,0.16627667,0,4
r-steady90-short,scrape-0.25s,routing,random,2,7cae3288f17c,0,36480,36480,0,0,0,0,0.00024671053,55.259091,1.3975527,0.093942401,0.30237676,1,0.048148187,0.1878848,1.1518206,0.024981776,0.030237676,0.033888656,23.00321,0.025118864,0.1,0,0,0.044629275,0.092297496,0,0,0.73333333,0.94580219,0.16363308,0,4
r-steady90-short,scrape-0.25s,routing,random,3,a981eaeead81,0,36520,36520,0,0,0,0,0,55.333333,1.3825308,0.08280619,0.29972466,1,0.047886891,0.16561238,0.80271046,0.025115375,0.029972466,0.033303088,23.70045,0.025118864,0.1,0,0,0.034202596,0.070199803,0,0,0.73333333,0.94705354,0.16438669,0,4
r-steady90-short,scrape-0.25s,routing,random,4,c463256d7985,0,36870,36870,0,0,0,0,0.0052888527,55.568182,1.4360515,0.10494425,0.30466299,1,0.048444183,0.2098885,1.5098991,0.025093924,0.030466299,0.033949895,22.946645,0.025118864,0.1,0,0,0.061400929,0.11673888,0,0,0.73333333,0.94743793,0.16416413,0,4
r-steady90-short,scrape-0.25s,routing,random,5,cfe90bd6b460,0,36855,36855,0,0,0,0,0.0027404694,55.687879,1.4541738,0.1349625,0.30550891,1,0.049375796,0.269925,1.2626324,0.025479245,0.030550891,0.034479908,23.48442,0.025118864,0.1,0,0,0.059625651,0.21003382,0,0,0.73333333,0.94327921,0.16875076,0,4
r-steady90-short,scrape-0.25s,routing,random,6,e83aff9950e8,0,36625,36625,0,0,0,0,0,55.492424,1.3765695,0.074076784,0.30249276,1,0.048354454,0.14815357,0.38184093,0.025366231,0.030249276,0.033664683,23.809106,0.025118864,0.1,0,0,0.024918635,0.06328389,0,0,0.73333333,0.94568798,0.16792514,0,4
r-steady90-short,scrape-0.25s,routing,random,7,32ef82c4f64f,0,36565,36565,0,0,0,0,0,55.401515,1.3787328,0.076912245,0.30182056,1,0.047605586,0.15382449,0.3421755,0.024944044,0.030182056,0.033764019,22.752222,0.025118864,0.1,0,0,0.023181648,0.066212399,0,0,0.73333333,0.94668264,0.16076332,0,4
r-steady90-short,scrape-0.25s,routing,random,8,135fadf89ec9,0,36858,36858,0,0,0,0,0,55.845455,1.4319162,0.12304248,0.30887376,1,0.049190941,0.24608495,1.0609599,0.025577371,0.030887376,0.034504717,23.651068,0.025118864,0.1,0,0,0.050086935,0.17015906,0,0,0.73333333,0.94715934,0.17021771,0,4
r-steady90-short,scrape-0.25s,routing,random,9,be6bb6b55760,0,36839,36839,0,0,0,0,0,55.816667,1.366382,0.066548004,0.29983395,1,0.047712396,0.13309601,0.21634466,0.025282421,0.029983395,0.033607181,23.156976,0.025118864,0.1,0,0,0.017672371,0.052144141,0,0,0.73333333,0.9444863,0.16438516,0,4
r-steady90-short,scrape-0.25s,routing,random,10,b82847ea9607,0,36839,36839,0,0,0,0,0,55.816667,1.3729597,0.074987029,0.29797263,1,0.047593477,0.14997406,0.35310386,0.024889664,0.029797263,0.033285092,22.441641,0.025118864,0.1,0,0,0.023045835,0.06348076,0,0,0.73333333,0.94566442,0.15987322,0,4
r-steady90-short,scrape-0.25s,routing,round_robin,1,b6b10c400dba,0,36871,36871,0,0,0,0,0,55.865152,1.3397625,0.047896164,0.29186629,1,0.042021739,0.095792328,0.18582052,0.025088315,0.029186629,0.032038226,23.55857,0.025118864,0.1,0,0,0.014644336,0.034402623,0,0,0.73333333,0.94594442,0.16561622,0,4
r-steady90-short,scrape-0.25s,routing,round_robin,2,7cae3288f17c,0,36480,36480,0,0,0,0,0,55.272727,1.3370846,0.047043681,0.29004094,1,0.041674792,0.094087363,0.17365589,0.02492453,0.029004094,0.032052116,22.977648,0.025118864,0.1,0,0,0.013204187,0.032715179,0,0,0.73333333,0.94408556,0.1628625,0,4
r-steady90-short,scrape-0.25s,routing,round_robin,3,a981eaeead81,0,36520,36520,0,0,0,0,0,55.333333,1.3355671,0.047572349,0.28799474,1,0.041785229,0.095144697,0.18793022,0.02501178,0.028799474,0.031407088,23.466467,0.025118864,0.1,0,0,0.014693242,0.0340471,0,0,0.73333333,0.94480668,0.16382537,0,4
r-steady90-short,scrape-0.25s,routing,round_robin,4,c463256d7985,0,36870,36870,0,0,0,0,0,55.863636,1.3478291,0.052476619,0.29535245,1,0.041848361,0.10495324,0.23005447,0.025060505,0.029535245,0.032561184,22.79425,0.025118864,0.1,0,0,0.016640448,0.037044118,0,0,0.73333333,0.94720507,0.16333,0,4
r-steady90-short,scrape-0.25s,routing,round_robin,5,cfe90bd6b460,0,36855,36855,0,0,0,0,0,55.840909,1.3527342,0.054807341,0.2979269,1,0.042355658,0.10961468,0.24222722,0.025464906,0.02979269,0.032919142,23.485647,0.025118864,0.1,0,0,0.019529429,0.038872554,0,0,0.73333333,0.94579077,0.1683023,0,4
r-steady90-short,scrape-0.25s,routing,round_robin,6,e83aff9950e8,0,36625,36625,0,0,0,0,0,55.492424,1.3458293,0.051092534,0.29473673,1,0.042193265,0.10218507,0.23131704,0.02522112,0.029473673,0.032131481,23.653435,0.025118864,0.1,0,0,0.017670415,0.036464352,0,0,0.73333333,0.94570567,0.16742054,0,4
r-steady90-short,scrape-0.25s,routing,round_robin,7,32ef82c4f64f,0,36565,36565,0,0,0,0,0,55.401515,1.3404925,0.047947493,0.292545,1,0.041463386,0.095894986,0.18021718,0.024668887,0.0292545,0.032380711,22.719688,0.025118864,0.1,0,0,0.01357025,0.03423392,0,0,0.73333333,0.94538939,0.16007452,0,4
r-steady90-short,scrape-0.25s,routing,round_robin,8,135fadf89ec9,0,36858,36858,0,0,0,0,0,55.845455,1.3496038,0.050688496,0.29891533,1,0.04225271,0.10137699,0.20026524,0.025250551,0.029891533,0.032640112,23.381668,0.025118864,0.1,0,0,0.015051293,0.036144289,0,0,0.73333333,0.94879565,0.16900359,0,4
r-steady90-short,scrape-0.25s,routing,round_robin,9,be6bb6b55760,0,36839,36839,0,0,0,0,0,55.816667,1.3388906,0.048615355,0.29027521,1,0.041757746,0.09723071,0.18470867,0.025149227,0.029027521,0.032138792,23.147301,0.025118864,0.1,0,0,0.014367775,0.034721536,0,0,0.73333333,0.94390734,0.16389763,0,4
r-steady90-short,scrape-0.25s,routing,round_robin,10,b82847ea9607,0,36839,36839,0,0,0,0,0,55.816667,1.339627,0.046798727,0.29282828,1,0.041484296,0.093597454,0.17531072,0.024775349,0.029282828,0.032346364,22.656496,0.025118864,0.1,0,0,0.013346997,0.033101078,0,0,0.73333333,0.94483479,0.15973028,0,4
r-steady90-short,scrape-0.25s,routing,least_outstanding,1,b6b10c400dba,0,36871,36871,0,0,0,0,0,55.865152,1.338822,0.054799637,0.28402234,1,0.046874614,0.10959927,0.17714312,0.025142224,0.028402234,0.031383656,23.366759,0.025118864,0.1,0,0,0.016385019,0.044590282,0,0,0.73333333,0.94560127,0.16449233,0,4
r-steady90-short,scrape-0.25s,routing,least_outstanding,2,7cae3288f17c,0,36480,36480,0,0,0,0,0,55.272727,1.3391897,0.055546489,0.28364318,1,0.046724899,0.11109298,0.18289868,0.024850753,0.028364318,0.031014919,22.797668,0.025118864,0.1,0,0,0.016434641,0.044519344,0,0,0.73333333,0.94569822,0.16189707,0,4
r-steady90-short,scrape-0.25s,routing,least_outstanding,3,a981eaeead81,0,36520,36520,0,0,0,0,0,55.333333,1.3392604,0.054656057,0.28460432,1,0.046666544,0.10931211,0.18014537,0.024970906,0.028460432,0.031313047,23.411019,0.025118864,0.1,0,0,0.016338835,0.043621929,0,0,0.73333333,0.94468063,0.16286068,0,4
r-steady90-short,scrape-0.25s,routing,least_outstanding,4,c463256d7985,0,36870,36870,0,0,0,0,0,55.863636,1.3435261,0.055781103,0.28774496,1,0.04680449,0.11156221,0.18264993,0.02497415,0.028774496,0.03157896,22.719871,0.025118864,0.1,0,0,0.016442302,0.044504035,0,0,0.73333333,0.94693993,0.16206164,0,4
r-steady90-short,scrape-0.25s,routing,least_outstanding,5,cfe90bd6b460,0,36855,36855,0,0,0,0,0,55.840909,1.3454279,0.055263344,0.29016459,1,0.047273727,0.11052669,0.18308353,0.025378113,0.029016459,0.032002572,23.325522,0.025118864,0.1,0,0,0.016613088,0.044600121,0,0,0.73333333,0.94575133,0.16708172,0,4
r-steady90-short,scrape-0.25s,routing,least_outstanding,6,e83aff9950e8,0,36625,36625,0,0,0,0,0,55.492424,1.3423101,0.054910831,0.28739922,1,0.047034792,0.10982166,0.17914723,0.02518725,0.028739922,0.031604057,23.419664,0.025118864,0.1,0,0,0.016489832,0.044335023,0,0,0.73333333,0.94570733,0.16634415,0,4
r-steady90-short,scrape-0.25s,routing,least_outstanding,7,32ef82c4f64f,0,36565,36565,0,0,0,0,0,55.401515,1.3420768,0.056000124,0.28607671,1,0.046457472,0.11200025,0.18425084,0.02463067,0.028607671,0.031616026,22.492768,0.025118864,0.1,0,0,0.016433464,0.045072055,0,0,0.73333333,0.9468332,0.15910667,0,4
r-steady90-short,scrape-0.25s,routing,least_outstanding,8,135fadf89ec9,0,36858,36858,0,0,0,0,0,55.845455,1.3453344,0.056508353,0.28882601,1,0.047320728,0.11301671,0.18435506,0.025292613,0.028882601,0.03178663,23.214409,0.025118864,0.1,0,0,0.016801611,0.045476374,0,0,0.73333333,0.94537372,0.16775487,0,4
r-steady90-short,scrape-0.25s,routing,least_outstanding,9,be6bb6b55760,0,36839,36839,0,0,0,0,0,55.816667,1.3376041,0.055448671,0.28215539,1,0.046808279,0.11089734,0.17789927,0.025090371,0.028215539,0.031137339,22.916374,0.025118864,0.1,0,0,0.01638255,0.043998688,0,0,0.73333333,0.94364647,0.16264918,0,4
r-steady90-short,scrape-0.25s,routing,least_outstanding,10,b82847ea9607,0,36839,36839,0,0,0,0,0,55.816667,1.3385172,0.054879466,0.2836377,1,0.04661047,0.10975893,0.18004467,0.024681565,0.02836377,0.031166222,22.299582,0.025118864,0.1,0,0,0.016398057,0.044111378,0,0,0.73333333,0.94320564,0.15848477,0,4
r-steady90-short,scrape-0.25s,routing,power_of_two,1,b6b10c400dba,0,36871,36871,0,0,0,0,0,55.865152,1.3433459,0.059893899,0.28345198,1,0.047048491,0.1197878,0.18928593,0.025135382,0.028345198,0.031349668,23.308119,0.025118864,0.1,0,0,0.016208968,0.046443405,0,0,0.73333333,0.94625117,0.16453383,0,4
r-steady90-short,scrape-0.25s,routing,power_of_two,2,7cae3288f17c,0,36480,36480,0,0,0,0,0,55.272727,1.3443678,0.059905982,0.28446177,1,0.046735351,0.11981196,0.18618666,0.024835601,0.028446177,0.031471718,22.843909,0.025118864,0.1,0,0,0.016149113,0.04561988,0,0,0.73333333,0.94457692,0.16192185,0,4
r-steady90-short,scrape-0.25s,routing,power_of_two,3,a981eaeead81,0,36520,36520,0,0,0,0,0,55.333333,1.3422192,0.057573917,0.28464524,1,0.046878782,0.11514784,0.18577976,0.024955281,0.028464524,0.03130013,23.404284,0.025118864,0.1,0,0,0.015956031,0.044828846,0,0,0.73333333,0.94707352,0.16293296,0,4
r-steady90-short,scrape-0.25s,routing,power_of_two,4,c463256d7985,0,36870,36870,0,0,0,0,0,55.863636,1.3480256,0.060349602,0.28767597,1,0.046757993,0.1206992,0.19113396,0.024985954,0.028767597,0.031558571,22.850846,0.025118864,0.1,0,0,0.016143241,0.04562553,0,0,0.73333333,0.94688301,0.16208428,0,4
r-steady90-short,scrape-0.25s,routing,power_of_two,5,cfe90bd6b460,0,36855,36855,0,0,0,0,0,55.840909,1.3513785,0.060882321,0.29049613,1,0.047484991,0.12176464,0.19421567,0.025337487,0.029049613,0.032138318,23.451983,0.025118864,0.1,0,0,0.016505173,0.047173362,0,0,0.73333333,0.94562957,0.16710576,0,4
r-steady90-short,scrape-0.25s,routing,power_of_two,6,e83aff9950e8,0,36625,36625,0,0,0,0,0,55.492424,1.3477873,0.05939081,0.28839648,1,0.047177098,0.11878162,0.18883919,0.025150241,0.028839648,0.032164454,23.499279,0.025118864,0.1,0,0,0.016274987,0.046330475,0,0,0.73333333,0.94520311,0.16634697,0,4
r-steady90-short,scrape-0.25s,routing,power_of_two,7,32ef82c4f64f,0,36565,36565,0,0,0,0,0,55.401515,1.3463124,0.060012139,0.2863003,1,0.046571667,0.12002428,0.19491111,0.024643631,0.02863003,0.032052907,22.495357,0.025118864,0.1,0,0,0.016144451,0.045584529,0,0,0.73333333,0.94685834,0.15907366,0,4
r-steady90-short,scrape-0.25s,routing,power_of_two,8,135fadf89ec9,0,36858,36858,0,0,0,0,0,55.845455,1.3505452,0.061079297,0.2894659,1,0.04735865,0.12215859,0.19607838,0.02522722,0.02894659,0.032231932,23.255561,0.025118864,0.1,0,0,0.016475716,0.046921997,0,0,0.73333333,0.94659521,0.16776743,0,4
r-steady90-short,scrape-0.25s,routing,power_of_two,9,be6bb6b55760,0,36839,36839,0,0,0,0,0,55.816667,1.3419392,0.059559823,0.28237939,1,0.046764814,0.11911965,0.18805851,0.025095339,0.028237939,0.031423066,22.880283,0.025118864,0.1,0,0,0.016120137,0.045823211,0,0,0.73333333,0.94287067,0.16270136,0,4
r-steady90-short,scrape-0.25s,routing,power_of_two,10,b82847ea9607,0,36839,36839,0,0,0,0,0,55.816667,1.3431865,0.058823404,0.28436314,1,0.046648368,0.11764681,0.19416664,0.02467551,0.028436314,0.031362268,22.327776,0.025118864,0.1,0,0,0.016135855,0.045906788,0,0,0.73333333,0.9435846,0.15844784,0,4
r-steady90-short,scrape-0.25s,routing,latency_aware,1,b6b10c400dba,0,36871,36871,0,0,0,0,0,55.865152,1.3541571,0.059559374,0.29459768,1,0.047893452,0.11911875,0.19539529,0.025419303,0.029459768,0.032933758,23.397402,0.025118864,0.1,0,0,0.017672537,0.04856012,0,0,0.73333333,0.94631228,0.16508448,0,4
r-steady90-short,scrape-0.25s,routing,latency_aware,2,7cae3288f17c,0,36480,36480,0,0,0,0,0,55.272727,1.3614038,0.064457673,0.29694614,1,0.047803353,0.12891535,0.23332107,0.025319504,0.029694614,0.033309648,23.098505,0.025118864,0.1,0,0,0.020830614,0.051847814,0,0,0.73333333,0.94359482,0.16271696,0,4
r-steady90-short,scrape-0.25s,routing,latency_aware,3,a981eaeead81,0,36520,36520,0,0,0,0,0,55.333333,1.3687154,0.067618229,0.30109719,1,0.048142818,0.13523646,0.26738398,0.025307082,0.030109719,0.034003816,23.672586,0.025118864,0.1,0,0,0.021915192,0.057120013,0,0,0.73333333,0.94661703,0.16390953,0,4
r-steady90-short,scrape-0.25s,routing,latency_aware,4,c463256d7985,0,36870,36870,0,0,0,0,0.00035259018,55.843939,1.371803,0.07124679,0.29879325,1,0.047958167,0.14249358,0.56219531,0.02524784,0.029879325,0.033259974,22.892436,0.025118864,0.1,0,0,0.030088139,0.059952115,0,0,0.73333333,0.94569103,0.16266081,0,4
r-steady90-short,scrape-0.25s,routing,latency_aware,5,cfe90bd6b460,0,36855,36855,0,0,0,0,0,55.840909,1.3750311,0.071400671,0.3036304,1,0.048842672,0.14280134,0.34609824,0.02556716,0.03036304,0.033699213,23.607372,0.025118864,0.1,0,0,0.024618716,0.060691235,0,0,0.73333333,0.94271129,0.16774557,0,4
r-steady90-short,scrape-0.25s,routing,latency_aware,6,e83aff9950e8,0,36625,36625,0,0,0,0,0,55.492424,1.3688623,0.06711344,0.30174885,1,0.048256735,0.13422688,0.26292198,0.025418933,0.030174885,0.033886229,23.471635,0.025118864,0.1,0,0,0.022245862,0.055840457,0,0,0.73333333,0.94311176,0.16739936,0,4
r-steady90-short,scrape-0.25s,routing,latency_aware,7,32ef82c4f64f,0,36565,36565,0,0,0,0,0,55.401515,1.365214,0.065878435,0.29933553,1,0.04766042,0.13175687,0.25438237,0.024865401,0.029933553,0.033868626,22.643624,0.025118864,0.1,0,0,0.020812635,0.054827876,0,0,0.73333333,0.94657494,0.15989064,0,4
r-steady90-short,scrape-0.25s,routing,latency_aware,8,135fadf89ec9,0,36858,36858,0,0,0,0,0,55.845455,1.3601378,0.06348788,0.29664987,1,0.048118113,0.12697576,0.21626597,0.025567838,0.029664987,0.033427859,23.254325,0.025118864,0.1,0,0,0.018819736,0.051382537,0,0,0.73333333,0.94804613,0.16819311,0,4
r-steady90-short,scrape-0.25s,routing,latency_aware,9,be6bb6b55760,0,36839,36839,0,0,0,0,0,55.816667,1.3550718,0.060713582,0.29435822,1,0.048044762,0.12142717,0.19594128,0.025413569,0.029435822,0.032734701,23.01181,0.025118864,0.1,0,0,0.017793326,0.049199342,0,0,0.73333333,0.94407391,0.16338868,0,4
r-steady90-short,scrape-0.25s,routing,latency_aware,10,b82847ea9607,0,36839,36839,0,0,0,0,0,55.816667,1.3589343,0.06122208,0.29771218,1,0.047850104,0.12244416,0.20813494,0.025275393,0.029771218,0.032987959,22.501753,0.025118864,0.1,0,0,0.018343797,0.051026228,0,0,0.73333333,0.9465549,0.15969694,0,4
r-steady90-short,scrape-0.25s,routing,queue_aware,1,b6b10c400dba,0,36871,36871,0,0,0,0,0,55.865152,1.429921,0.13002756,0.29989343,1,0.09570551,0.26005511,0.35791674,0.025194766,0.029989343,0.037797399,23.368731,0.025118864,0.1,0,0,0.0474433,0.16281146,0,0,0.73333333,0.94504048,0.16443357,0,4
r-steady90-short,scrape-0.25s,routing,queue_aware,2,7cae3288f17c,0,36480,36480,0,0,0,0,0,55.272727,1.4304813,0.13151053,0.29897073,1,0.095307221,0.26302106,0.35493685,0.024923859,0.029897073,0.038041555,22.865971,0.025118864,0.1,0,0,0.048144993,0.16847075,0,0,0.73333333,0.94204587,0.16189202,0,4
r-steady90-short,scrape-0.25s,routing,queue_aware,3,a981eaeead81,0,36520,36520,0,0,0,0,0,55.333333,1.4273049,0.13060975,0.2966952,1,0.09542398,0.2612195,0.36335812,0.025043078,0.02966952,0.038062018,23.473036,0.025118864,0.1,0,0,0.048056667,0.16776762,0,0,0.73333333,0.94512153,0.16278634,0,4
r-steady90-short,scrape-0.25s,routing,queue_aware,4,c463256d7985,0,36870,36870,0,0,0,0,0,55.863636,1.4322196,0.13247955,0.29974003,1,0.095994718,0.26495909,0.36170623,0.025035116,0.029974003,0.038547166,22.786618,0.025118864,0.1,0,0,0.049140892,0.17059666,0,0,0.73333333,0.94605724,0.16199425,0,4
r-steady90-short,scrape-0.25s,routing,queue_aware,5,cfe90bd6b460,0,36855,36855,0,0,0,0,0,55.840909,1.437729,0.13491451,0.30281453,1,0.098323378,0.26982902,0.3878963,0.025436116,0.030281453,0.037782487,23.369011,0.025118864,0.1,0,0,0.050717324,0.17319029,0,0,0.73333333,0.94494069,0.16700516,0,4
r-steady90-short,scrape-0.25s,routing,queue_aware,6,e83aff9950e8,0,36625,36625,0,0,0,0,0,55.492424,1.4353975,0.13192109,0.3034764,1,0.095903834,0.26384217,0.35976126,0.025225189,0.03034764,0.038186051,23.500118,0.025118864,0.1,0,0,0.04836718,0.16842824,0,0,0.73333333,0.94480534,0.16627609,0,4
r-steady90-short,scrape-0.25s,routing,queue_aware,7,32ef82c4f64f,0,36565,36565,0,0,0,0,0,55.401515,1.4392536,0.13943691,0.29981668,1,0.095539419,0.27887382,0.39774191,0.024757882,0.029981668,0.038863086,22.564927,0.019952623,0.1,0,0,0.05018197,0.18220751,0,0,0.73333333,0.94576252,0.15902736,0,4
r-steady90-short,scrape-0.25s,routing,queue_aware,8,135fadf89ec9,0,36858,36858,0,0,0,0,0,55.845455,1.4373494,0.13377799,0.30357143,1,0.096933604,0.26755598,0.36787659,0.025356238,0.030357143,0.039124273,23.241084,0.025118864,0.1,0,0,0.048848634,0.17089055,0,0,0.73333333,0.94396268,0.16766186,0,4
r-steady90-short,scrape-0.25s,routing,queue_aware,9,be6bb6b55760,0,36839,36839,0,0,0,0,0,55.816667,1.431184,0.13152038,0.29966358,1,0.097721497,0.26304076,0.35591474,0.025166409,0.029966358,0.038174285,22.822992,0.025118864,0.1,0,0,0.048721971,0.16699781,0,0,0.73333333,0.94228483,0.16261329,0,4
r-steady90-short,scrape-0.25s,routing,queue_aware,10,b82847ea9607,0,36839,36839,0,0,0,0,0,55.816667,1.4343555,0.13392111,0.3004344,1,0.096089945,0.26784222,0.36183322,0.024798405,0.03004344,0.038181115,22.416146,0.025118864,0.1,0,0,0.048534101,0.17269048,0,0,0.73333333,0.94502011,0.15836101,0,4
r-steady90-short,scrape-0.25s,routing,queue_aware_corrected,1,b6b10c400dba,0,36871,36871,0,0,0,0,0,55.865152,1.3314176,0.047981456,0.28343616,1,0.042347875,0.095962913,0.17186412,0.025175244,0.028343616,0.031501557,23.334077,0.025118864,0.1,0,0,0.013687065,0.035439793,0,0,0.73333333,0.9452217,0.16459298,0,4
r-steady90-short,scrape-0.25s,routing,queue_aware_corrected,2,7cae3288f17c,0,36480,36480,0,0,0,0,0,55.272727,1.3324475,0.049049312,0.28339821,1,0.042252902,0.098098624,0.17520941,0.024866971,0.028339821,0.031409748,22.875763,0.025118864,0.1,0,0,0.013614046,0.035069407,0,0,0.73333333,0.94451356,0.16200561,0,4
r-steady90-short,scrape-0.25s,routing,queue_aware_corrected,3,a981eaeead81,0,36520,36520,0,0,0,0,0,55.333333,1.3319303,0.047880678,0.28404959,1,0.042322311,0.095761356,0.17374887,0.024997011,0.028404959,0.031316515,23.405957,0.025118864,0.1,0,0,0.013700131,0.035313404,0,0,0.73333333,0.94711258,0.16295798,0,4
r-steady90-short,scrape-0.25s,routing,queue_aware_corrected,4,c463256d7985,0,36870,36870,0,0,0,0,0,55.863636,1.3347819,0.048861623,0.28592024,1,0.04221982,0.097723246,0.17349731,0.025007432,0.028592024,0.031384741,22.733878,0.025118864,0.1,0,0,0.013616985,0.03509164,0,0,0.73333333,0.94706994,0.16208569,0,4
r-steady90-short,scrape-0.25s,routing,queue_aware_corrected,5,cfe90bd6b460,0,36855,36855,0,0,0,0,0,55.840909,1.3383379,0.049420446,0.28891745,1,0.042765527,0.098840893,0.1770226,0.025399473,0.028891745,0.031949728,23.404226,0.025118864,0.1,0,0,0.0139477,0.035915041,0,0,0.73333333,0.94556087,0.16714387,0,4
r-steady90-short,scrape-0.25s,routing,queue_aware_corrected,6,e83aff9950e8,0,36625,36625,0,0,0,0,0,55.492424,1.33493,0.048189188,0.28674082,1,0.042632604,0.096378375,0.17439693,0.025218542,0.028674082,0.031948537,23.49537,0.025118864,0.1,0,0,0.013831321,0.035379142,0,0,0.73333333,0.94523359,0.16639452,0,4
r-steady90-short,scrape-0.25s,routing,queue_aware_corrected,7,32ef82c4f64f,0,36565,36565,0,0,0,0,0,55.401515,1.3337066,0.048609736,0.28509687,1,0.041954597,0.097219471,0.17708231,0.024660576,0.028509687,0.031447348,22.579512,0.025118864,0.1,0,0,0.013739978,0.036055731,0,0,0.73333333,0.94716079,0.1591604,0,4
r-steady90-short,scrape-0.25s,routing,queue_aware_corrected,8,135fadf89ec9,0,36858,36858,0,0,0,0,0,55.845455,1.3371358,0.049341686,0.28779411,1,0.042728968,0.098683372,0.17591329,0.025288807,0.028779411,0.03172037,23.289785,0.025118864,0.1,0,0,0.013976702,0.036318096,0,0,0.73333333,0.94910363,0.16785235,0,4
r-steady90-short,scrape-0.25s,routing,queue_aware_corrected,9,be6bb6b55760,0,36839,36839,0,0,0,0,0,55.816667,1.3291376,0.049090641,0.28004692,1,0.042337292,0.098181283,0.17270593,0.02513515,0.028004692,0.031065995,22.930673,0.025118864,0.1,0,0,0.013810146,0.035879132,0,0,0.73333333,0.94432701,0.16271062,0,4
r-steady90-short,scrape-0.25s,routing,queue_aware_corrected,10,b82847ea9607,0,36839,36839,0,0,0,0,0,55.816667,1.3305545,0.048280383,0.28227411,1,0.042065666,0.096560766,0.17484568,0.024710109,0.028227411,0.031087916,22.342072,0.025118864,0.1,0,0,0.013661541,0.035026698,0,0,0.73333333,0.94683255,0.15850789,0,4
r-steady90-short,scrape-0.25s,routing,capacity_weighted,1,b6b10c400dba,0,36871,36871,0,0,0,0,0.088389249,50.927273,3.3259852,1.5701615,0.31387744,1,0.047403928,3.1403231,5.0433893,0.025771279,0.031387744,0.034086232,24.772579,0.025118864,0.1,0,0,0.45351358,3.0986092,0,0,0.73333333,0.94943811,0.16921064,0,4
r-steady90-short,scrape-0.25s,routing,capacity_weighted,2,7cae3288f17c,0,36480,36480,0,0,0,0,0.14161184,47.445455,3.8452679,1.8228847,0.31432405,1,0.048514198,3.6457694,5.5678973,0.026168353,0.031432405,0.034093264,24.673025,0.025118864,0.1,0,0,0.60024151,3.6057104,0,0,0.73333333,0.94468276,0.16770465,0,4
r-steady90-short,scrape-0.25s,routing,capacity_weighted,3,a981eaeead81,0,36520,36520,0,0,0,0,0.20188938,44.162121,5.2020492,2.8788091,0.31379324,1,0.049835509,5.7576181,7.1349818,0.025658345,0.031379324,0.034260155,25.727561,0.025118864,0.1,0,0,0.99013077,5.7139629,0,0,0.73333333,0.94777462,0.16803494,0,4
r-steady90-short,scrape-0.25s,routing,capacity_weighted,4,c463256d7985,0,36870,36870,0,0,0,0,0.080987253,51.339394,3.1419953,1.4234652,0.31359384,1,0.046800483,2.8469304,5.2750899,0.025721199,0.031359384,0.03417633,24.128668,0.025118864,0.1,0,0,0.42779186,2.8076229,0,0,0.73333333,0.94750567,0.16687402,0,4
r-steady90-short,scrape-0.25s,routing,capacity_weighted,5,cfe90bd6b460,0,36855,36855,0,0,0,0,0.17324651,46.166667,6.0789049,3.8953791,0.31729327,1,0.052024406,7.7907582,9.1646136,0.027434458,0.031729327,0.034715342,26.353958,0.025118864,0.1,0,0,1.171502,7.7447113,0,0,0.73333333,0.94813456,0.17404766,0,4
r-steady90-short,scrape-0.25s,routing,capacity_weighted,6,e83aff9950e8,0,36625,36625,0,0,0,0,0.15811604,46.718182,6.4452538,4.342717,0.31195656,1,0.047377369,8.685434,14.192655,0.025815865,0.031195656,0.033816693,26.534631,0.025118864,0.1,0,0,1.2466066,8.6297295,0,0,0.73333333,0.94931448,0.1704746,0,4
r-steady90-short,scrape-0.25s,routing,capacity_weighted,7,32ef82c4f64f,0,36565,36565,0,0,0,0,0.28248325,39.751515,5.4285406,2.6956213,0.32050299,1,0.056246653,5.3912427,7.5228627,0.026440052,0.032050299,0.035168524,25.43475,0.025118864,0.1,0,0,1.2514132,5.3505449,0,0,0.73333333,0.94869445,0.16678249,0,4
r-steady90-short,scrape-0.25s,routing,capacity_weighted,8,135fadf89ec9,0,36858,36858,0,0,0,0,0.14561289,47.713636,4.6242678,2.5805461,0.31565721,1,0.049215658,5.1610922,9.0622959,0.026422487,0.031565721,0.034331141,25.389239,0.025118864,0.1,0,0,0.79778824,5.1058988,0,0,0.73333333,0.95589272,0.17283704,0,4
r-steady90-short,scrape-0.25s,routing,capacity_weighted,9,be6bb6b55760,0,36839,36839,0,0,0,0,0.27362306,40.543939,5.8284915,3.1430427,0.31733343,1,0.061184342,6.2860854,7.5698387,0.026555504,0.031733343,0.034561457,25.978354,0.025118864,0.1,0,0,1.2840005,6.2485379,0,0,0.73333333,0.94433232,0.16999729,0,4
r-steady90-short,scrape-0.25s,routing,capacity_weighted,10,b82847ea9607,0,36839,36839,0,0,0,0,0.41694943,32.543939,9.3643546,5.9583549,0.32125258,1,0.16666734,11.91671,14.917974,0.028055987,0.032125258,0.034924341,28.555748,0.025118864,0.1,0,0,2.818713,11.864165,0,0,0.73333333,0.95194528,0.16957193,0,4
r-steady90-short,scrape-0.25s,routing,oracle_jsq,1,b6b10c400dba,0,36871,36871,0,0,0,0,0,55.865152,1.3614595,0.054440089,0.30701943,1,0.04790236,0.10888018,0.25589279,0.025569398,0.030701943,0.034204869,23.568441,0.025118864,0.1,0,0,0.019564449,0.042990018,0,0,0.73333333,0.945991,0.16573132,0,4
r-steady90-short,scrape-0.25s,routing,oracle_jsq,2,7cae3288f17c,0,36480,36480,0,0,0,0,0,55.272727,1.3628611,0.058245516,0.30461559,1,0.047480819,0.11649103,0.28725213,0.025256339,0.030461559,0.033974901,22.870993,0.025118864,0.1,0,0,0.021147983,0.044772879,0,0,0.73333333,0.94516733,0.16314478,0,4
r-steady90-short,scrape-0.25s,routing,oracle_jsq,3,a981eaeead81,0,36520,36520,0,0,0,0,0,55.333333,1.358508,0.055036581,0.30347145,1,0.047645893,0.11007316,0.26687815,0.025347776,0.030347145,0.033852371,23.473766,0.025118864,0.1,0,0,0.020292479,0.043303729,0,0,0.73333333,0.94757295,0.16402327,0,4
r-steady90-short,scrape-0.25s,routing,oracle_jsq,4,c463256d7985,0,36870,36870,0,0,0,0,0,55.863636,1.359817,0.053836904,0.30598009,1,0.047723568,0.10767381,0.20002032,0.025403612,0.030598009,0.034462663,22.858702,0.025118864,0.1,0,0,0.018003815,0.041463274,0,0,0.73333333,0.94736576,0.16324818,0,4
r-steady90-short,scrape-0.25s,routing,oracle_jsq,5,cfe90bd6b460,0,36855,36855,0,0,0,0,0,55.840909,1.3687653,0.060902053,0.30786325,1,0.048426377,0.1218041,0.34529766,0.025757723,0.030786325,0.034608702,23.433891,0.025118864,0.1,0,0,0.022865459,0.046945721,0,0,0.73333333,0.94425097,0.16816099,0,4
r-steady90-short,scrape-0.25s,routing,oracle_jsq,6,e83aff9950e8,0,36625,36625,0,0,0,0,0,55.492424,1.3708371,0.063085093,0.30775201,1,0.048329568,0.12617019,0.35871755,0.025533056,0.030775201,0.034741858,23.667857,0.025118864,0.1,0,0,0.023464308,0.050072677,0,0,0.73333333,0.94551807,0.16738256,0,4
r-steady90-short,scrape-0.25s,routing,oracle_jsq,7,32ef82c4f64f,0,36565,36565,0,0,0,0,0,55.401515,1.3601041,0.054963751,0.3051403,1,0.047393186,0.1099275,0.21493534,0.025080803,0.03051403,0.03403971,22.653192,0.025118864,0.1,0,0,0.018642225,0.04336364,0,0,0.73333333,0.94703821,0.16021917,0,4
r-steady90-short,scrape-0.25s,routing,oracle_jsq,8,135fadf89ec9,0,36858,36858,0,0,0,0,0,55.845455,1.3689212,0.060516979,0.30840425,1,0.04826942,0.12103396,0.28722233,0.025676924,0.030840425,0.034911712,23.520571,0.025118864,0.1,0,0,0.021419015,0.047488191,0,0,0.73333333,0.94649112,0.16897136,0,4
r-steady90-short,scrape-0.25s,routing,oracle_jsq,9,be6bb6b55760,0,36839,36839,0,0,0,0,0,55.816667,1.3533136,0.051457115,0.30185648,1,0.047617808,0.10291423,0.17072504,0.025457124,0.030185648,0.034172407,23.20772,0.025118864,0.1,0,0,0.016535927,0.039999636,0,0,0.73333333,0.94359629,0.16367627,0,4
r-steady90-short,scrape-0.25s,routing,oracle_jsq,10,b82847ea9607,0,36839,36839,0,0,0,0,0,55.816667,1.3546239,0.051593047,0.30303086,1,0.04718939,0.10318609,0.17976747,0.025116161,0.030303086,0.03422815,22.384935,0.025118864,0.1,0,0,0.016789283,0.039733376,0,0,0.73333333,0.94677562,0.15953767,0,4
r-steady90-short,scrape-5s,routing,random,1,b6b10c400dba,0,36871,36871,0,0,0,0,0,55.865152,1.3725035,0.071112829,0.30139069,1,0.048227593,0.14222566,0.3543455,0.02538258,0.030139069,0.033895822,23.567952,0.025118864,0.1,0,0,0.024460785,0.05973298,0,0,0.73333333,0.94630085,0.16627667,0,4
r-steady90-short,scrape-5s,routing,random,2,7cae3288f17c,0,36480,36480,0,0,0,0,0.00024671053,55.259091,1.3975527,0.093942401,0.30237676,1,0.048148187,0.1878848,1.1518206,0.024981776,0.030237676,0.033888656,23.00321,0.025118864,0.1,0,0,0.044629275,0.092297496,0,0,0.73333333,0.94580219,0.16363308,0,4
r-steady90-short,scrape-5s,routing,random,3,a981eaeead81,0,36520,36520,0,0,0,0,0,55.333333,1.3825308,0.08280619,0.29972466,1,0.047886891,0.16561238,0.80271046,0.025115375,0.029972466,0.033303088,23.70045,0.025118864,0.1,0,0,0.034202596,0.070199803,0,0,0.73333333,0.94705354,0.16438669,0,4
r-steady90-short,scrape-5s,routing,random,4,c463256d7985,0,36870,36870,0,0,0,0,0.0052888527,55.568182,1.4360515,0.10494425,0.30466299,1,0.048444183,0.2098885,1.5098991,0.025093924,0.030466299,0.033949895,22.946645,0.025118864,0.1,0,0,0.061400929,0.11673888,0,0,0.73333333,0.94743793,0.16416413,0,4
r-steady90-short,scrape-5s,routing,random,5,cfe90bd6b460,0,36855,36855,0,0,0,0,0.0027404694,55.687879,1.4541738,0.1349625,0.30550891,1,0.049375796,0.269925,1.2626324,0.025479245,0.030550891,0.034479908,23.48442,0.025118864,0.1,0,0,0.059625651,0.21003382,0,0,0.73333333,0.94327921,0.16875076,0,4
r-steady90-short,scrape-5s,routing,random,6,e83aff9950e8,0,36625,36625,0,0,0,0,0,55.492424,1.3765695,0.074076784,0.30249276,1,0.048354454,0.14815357,0.38184093,0.025366231,0.030249276,0.033664683,23.809106,0.025118864,0.1,0,0,0.024918635,0.06328389,0,0,0.73333333,0.94568798,0.16792514,0,4
r-steady90-short,scrape-5s,routing,random,7,32ef82c4f64f,0,36565,36565,0,0,0,0,0,55.401515,1.3787328,0.076912245,0.30182056,1,0.047605586,0.15382449,0.3421755,0.024944044,0.030182056,0.033764019,22.752222,0.025118864,0.1,0,0,0.023181648,0.066212399,0,0,0.73333333,0.94668264,0.16076332,0,4
r-steady90-short,scrape-5s,routing,random,8,135fadf89ec9,0,36858,36858,0,0,0,0,0,55.845455,1.4319162,0.12304248,0.30887376,1,0.049190941,0.24608495,1.0609599,0.025577371,0.030887376,0.034504717,23.651068,0.025118864,0.1,0,0,0.050086935,0.17015906,0,0,0.73333333,0.94715934,0.17021771,0,4
r-steady90-short,scrape-5s,routing,random,9,be6bb6b55760,0,36839,36839,0,0,0,0,0,55.816667,1.366382,0.066548004,0.29983395,1,0.047712396,0.13309601,0.21634466,0.025282421,0.029983395,0.033607181,23.156976,0.025118864,0.1,0,0,0.017672371,0.052144141,0,0,0.73333333,0.9444863,0.16438516,0,4
r-steady90-short,scrape-5s,routing,random,10,b82847ea9607,0,36839,36839,0,0,0,0,0,55.816667,1.3729597,0.074987029,0.29797263,1,0.047593477,0.14997406,0.35310386,0.024889664,0.029797263,0.033285092,22.441641,0.025118864,0.1,0,0,0.023045835,0.06348076,0,0,0.73333333,0.94566442,0.15987322,0,4
r-steady90-short,scrape-5s,routing,round_robin,1,b6b10c400dba,0,36871,36871,0,0,0,0,0,55.865152,1.3397625,0.047896164,0.29186629,1,0.042021739,0.095792328,0.18582052,0.025088315,0.029186629,0.032038226,23.55857,0.025118864,0.1,0,0,0.014644336,0.034402623,0,0,0.73333333,0.94594442,0.16561622,0,4
r-steady90-short,scrape-5s,routing,round_robin,2,7cae3288f17c,0,36480,36480,0,0,0,0,0,55.272727,1.3370846,0.047043681,0.29004094,1,0.041674792,0.094087363,0.17365589,0.02492453,0.029004094,0.032052116,22.977648,0.025118864,0.1,0,0,0.013204187,0.032715179,0,0,0.73333333,0.94408556,0.1628625,0,4
r-steady90-short,scrape-5s,routing,round_robin,3,a981eaeead81,0,36520,36520,0,0,0,0,0,55.333333,1.3355671,0.047572349,0.28799474,1,0.041785229,0.095144697,0.18793022,0.02501178,0.028799474,0.031407088,23.466467,0.025118864,0.1,0,0,0.014693242,0.0340471,0,0,0.73333333,0.94480668,0.16382537,0,4
r-steady90-short,scrape-5s,routing,round_robin,4,c463256d7985,0,36870,36870,0,0,0,0,0,55.863636,1.3478291,0.052476619,0.29535245,1,0.041848361,0.10495324,0.23005447,0.025060505,0.029535245,0.032561184,22.79425,0.025118864,0.1,0,0,0.016640448,0.037044118,0,0,0.73333333,0.94720507,0.16333,0,4
r-steady90-short,scrape-5s,routing,round_robin,5,cfe90bd6b460,0,36855,36855,0,0,0,0,0,55.840909,1.3527342,0.054807341,0.2979269,1,0.042355658,0.10961468,0.24222722,0.025464906,0.02979269,0.032919142,23.485647,0.025118864,0.1,0,0,0.019529429,0.038872554,0,0,0.73333333,0.94579077,0.1683023,0,4
r-steady90-short,scrape-5s,routing,round_robin,6,e83aff9950e8,0,36625,36625,0,0,0,0,0,55.492424,1.3458293,0.051092534,0.29473673,1,0.042193265,0.10218507,0.23131704,0.02522112,0.029473673,0.032131481,23.653435,0.025118864,0.1,0,0,0.017670415,0.036464352,0,0,0.73333333,0.94570567,0.16742054,0,4
r-steady90-short,scrape-5s,routing,round_robin,7,32ef82c4f64f,0,36565,36565,0,0,0,0,0,55.401515,1.3404925,0.047947493,0.292545,1,0.041463386,0.095894986,0.18021718,0.024668887,0.0292545,0.032380711,22.719688,0.025118864,0.1,0,0,0.01357025,0.03423392,0,0,0.73333333,0.94538939,0.16007452,0,4
r-steady90-short,scrape-5s,routing,round_robin,8,135fadf89ec9,0,36858,36858,0,0,0,0,0,55.845455,1.3496038,0.050688496,0.29891533,1,0.04225271,0.10137699,0.20026524,0.025250551,0.029891533,0.032640112,23.381668,0.025118864,0.1,0,0,0.015051293,0.036144289,0,0,0.73333333,0.94879565,0.16900359,0,4
r-steady90-short,scrape-5s,routing,round_robin,9,be6bb6b55760,0,36839,36839,0,0,0,0,0,55.816667,1.3388906,0.048615355,0.29027521,1,0.041757746,0.09723071,0.18470867,0.025149227,0.029027521,0.032138792,23.147301,0.025118864,0.1,0,0,0.014367775,0.034721536,0,0,0.73333333,0.94390734,0.16389763,0,4
r-steady90-short,scrape-5s,routing,round_robin,10,b82847ea9607,0,36839,36839,0,0,0,0,0,55.816667,1.339627,0.046798727,0.29282828,1,0.041484296,0.093597454,0.17531072,0.024775349,0.029282828,0.032346364,22.656496,0.025118864,0.1,0,0,0.013346997,0.033101078,0,0,0.73333333,0.94483479,0.15973028,0,4
r-steady90-short,scrape-5s,routing,least_outstanding,1,b6b10c400dba,0,36871,36871,0,0,0,0,0,55.865152,1.338822,0.054799637,0.28402234,1,0.046874614,0.10959927,0.17714312,0.025142224,0.028402234,0.031383656,23.366759,0.025118864,0.1,0,0,0.016385019,0.044590282,0,0,0.73333333,0.94560127,0.16449233,0,4
r-steady90-short,scrape-5s,routing,least_outstanding,2,7cae3288f17c,0,36480,36480,0,0,0,0,0,55.272727,1.3391897,0.055546489,0.28364318,1,0.046724899,0.11109298,0.18289868,0.024850753,0.028364318,0.031014919,22.797668,0.025118864,0.1,0,0,0.016434641,0.044519344,0,0,0.73333333,0.94569822,0.16189707,0,4
r-steady90-short,scrape-5s,routing,least_outstanding,3,a981eaeead81,0,36520,36520,0,0,0,0,0,55.333333,1.3392604,0.054656057,0.28460432,1,0.046666544,0.10931211,0.18014537,0.024970906,0.028460432,0.031313047,23.411019,0.025118864,0.1,0,0,0.016338835,0.043621929,0,0,0.73333333,0.94468063,0.16286068,0,4
r-steady90-short,scrape-5s,routing,least_outstanding,4,c463256d7985,0,36870,36870,0,0,0,0,0,55.863636,1.3435261,0.055781103,0.28774496,1,0.04680449,0.11156221,0.18264993,0.02497415,0.028774496,0.03157896,22.719871,0.025118864,0.1,0,0,0.016442302,0.044504035,0,0,0.73333333,0.94693993,0.16206164,0,4
r-steady90-short,scrape-5s,routing,least_outstanding,5,cfe90bd6b460,0,36855,36855,0,0,0,0,0,55.840909,1.3454279,0.055263344,0.29016459,1,0.047273727,0.11052669,0.18308353,0.025378113,0.029016459,0.032002572,23.325522,0.025118864,0.1,0,0,0.016613088,0.044600121,0,0,0.73333333,0.94575133,0.16708172,0,4
r-steady90-short,scrape-5s,routing,least_outstanding,6,e83aff9950e8,0,36625,36625,0,0,0,0,0,55.492424,1.3423101,0.054910831,0.28739922,1,0.047034792,0.10982166,0.17914723,0.02518725,0.028739922,0.031604057,23.419664,0.025118864,0.1,0,0,0.016489832,0.044335023,0,0,0.73333333,0.94570733,0.16634415,0,4
r-steady90-short,scrape-5s,routing,least_outstanding,7,32ef82c4f64f,0,36565,36565,0,0,0,0,0,55.401515,1.3420768,0.056000124,0.28607671,1,0.046457472,0.11200025,0.18425084,0.02463067,0.028607671,0.031616026,22.492768,0.025118864,0.1,0,0,0.016433464,0.045072055,0,0,0.73333333,0.9468332,0.15910667,0,4
r-steady90-short,scrape-5s,routing,least_outstanding,8,135fadf89ec9,0,36858,36858,0,0,0,0,0,55.845455,1.3453344,0.056508353,0.28882601,1,0.047320728,0.11301671,0.18435506,0.025292613,0.028882601,0.03178663,23.214409,0.025118864,0.1,0,0,0.016801611,0.045476374,0,0,0.73333333,0.94537372,0.16775487,0,4
r-steady90-short,scrape-5s,routing,least_outstanding,9,be6bb6b55760,0,36839,36839,0,0,0,0,0,55.816667,1.3376041,0.055448671,0.28215539,1,0.046808279,0.11089734,0.17789927,0.025090371,0.028215539,0.031137339,22.916374,0.025118864,0.1,0,0,0.01638255,0.043998688,0,0,0.73333333,0.94364647,0.16264918,0,4
r-steady90-short,scrape-5s,routing,least_outstanding,10,b82847ea9607,0,36839,36839,0,0,0,0,0,55.816667,1.3385172,0.054879466,0.2836377,1,0.04661047,0.10975893,0.18004467,0.024681565,0.02836377,0.031166222,22.299582,0.025118864,0.1,0,0,0.016398057,0.044111378,0,0,0.73333333,0.94320564,0.15848477,0,4
r-steady90-short,scrape-5s,routing,power_of_two,1,b6b10c400dba,0,36871,36871,0,0,0,0,0,55.865152,1.3433459,0.059893899,0.28345198,1,0.047048491,0.1197878,0.18928593,0.025135382,0.028345198,0.031349668,23.308119,0.025118864,0.1,0,0,0.016208968,0.046443405,0,0,0.73333333,0.94625117,0.16453383,0,4
r-steady90-short,scrape-5s,routing,power_of_two,2,7cae3288f17c,0,36480,36480,0,0,0,0,0,55.272727,1.3443678,0.059905982,0.28446177,1,0.046735351,0.11981196,0.18618666,0.024835601,0.028446177,0.031471718,22.843909,0.025118864,0.1,0,0,0.016149113,0.04561988,0,0,0.73333333,0.94457692,0.16192185,0,4
r-steady90-short,scrape-5s,routing,power_of_two,3,a981eaeead81,0,36520,36520,0,0,0,0,0,55.333333,1.3422192,0.057573917,0.28464524,1,0.046878782,0.11514784,0.18577976,0.024955281,0.028464524,0.03130013,23.404284,0.025118864,0.1,0,0,0.015956031,0.044828846,0,0,0.73333333,0.94707352,0.16293296,0,4
r-steady90-short,scrape-5s,routing,power_of_two,4,c463256d7985,0,36870,36870,0,0,0,0,0,55.863636,1.3480256,0.060349602,0.28767597,1,0.046757993,0.1206992,0.19113396,0.024985954,0.028767597,0.031558571,22.850846,0.025118864,0.1,0,0,0.016143241,0.04562553,0,0,0.73333333,0.94688301,0.16208428,0,4
r-steady90-short,scrape-5s,routing,power_of_two,5,cfe90bd6b460,0,36855,36855,0,0,0,0,0,55.840909,1.3513785,0.060882321,0.29049613,1,0.047484991,0.12176464,0.19421567,0.025337487,0.029049613,0.032138318,23.451983,0.025118864,0.1,0,0,0.016505173,0.047173362,0,0,0.73333333,0.94562957,0.16710576,0,4
r-steady90-short,scrape-5s,routing,power_of_two,6,e83aff9950e8,0,36625,36625,0,0,0,0,0,55.492424,1.3477873,0.05939081,0.28839648,1,0.047177098,0.11878162,0.18883919,0.025150241,0.028839648,0.032164454,23.499279,0.025118864,0.1,0,0,0.016274987,0.046330475,0,0,0.73333333,0.94520311,0.16634697,0,4
r-steady90-short,scrape-5s,routing,power_of_two,7,32ef82c4f64f,0,36565,36565,0,0,0,0,0,55.401515,1.3463124,0.060012139,0.2863003,1,0.046571667,0.12002428,0.19491111,0.024643631,0.02863003,0.032052907,22.495357,0.025118864,0.1,0,0,0.016144451,0.045584529,0,0,0.73333333,0.94685834,0.15907366,0,4
r-steady90-short,scrape-5s,routing,power_of_two,8,135fadf89ec9,0,36858,36858,0,0,0,0,0,55.845455,1.3505452,0.061079297,0.2894659,1,0.04735865,0.12215859,0.19607838,0.02522722,0.02894659,0.032231932,23.255561,0.025118864,0.1,0,0,0.016475716,0.046921997,0,0,0.73333333,0.94659521,0.16776743,0,4
r-steady90-short,scrape-5s,routing,power_of_two,9,be6bb6b55760,0,36839,36839,0,0,0,0,0,55.816667,1.3419392,0.059559823,0.28237939,1,0.046764814,0.11911965,0.18805851,0.025095339,0.028237939,0.031423066,22.880283,0.025118864,0.1,0,0,0.016120137,0.045823211,0,0,0.73333333,0.94287067,0.16270136,0,4
r-steady90-short,scrape-5s,routing,power_of_two,10,b82847ea9607,0,36839,36839,0,0,0,0,0,55.816667,1.3431865,0.058823404,0.28436314,1,0.046648368,0.11764681,0.19416664,0.02467551,0.028436314,0.031362268,22.327776,0.025118864,0.1,0,0,0.016135855,0.045906788,0,0,0.73333333,0.9435846,0.15844784,0,4
r-steady90-short,scrape-5s,routing,latency_aware,1,b6b10c400dba,0,36871,36871,0,0,0,0,0,55.865152,1.3541571,0.059559374,0.29459768,1,0.047893452,0.11911875,0.19539529,0.025419303,0.029459768,0.032933758,23.397402,0.025118864,0.1,0,0,0.017672537,0.04856012,0,0,0.73333333,0.94631228,0.16508448,0,4
r-steady90-short,scrape-5s,routing,latency_aware,2,7cae3288f17c,0,36480,36480,0,0,0,0,0,55.272727,1.3614038,0.064457673,0.29694614,1,0.047803353,0.12891535,0.23332107,0.025319504,0.029694614,0.033309648,23.098505,0.025118864,0.1,0,0,0.020830614,0.051847814,0,0,0.73333333,0.94359482,0.16271696,0,4
r-steady90-short,scrape-5s,routing,latency_aware,3,a981eaeead81,0,36520,36520,0,0,0,0,0,55.333333,1.3687154,0.067618229,0.30109719,1,0.048142818,0.13523646,0.26738398,0.025307082,0.030109719,0.034003816,23.672586,0.025118864,0.1,0,0,0.021915192,0.057120013,0,0,0.73333333,0.94661703,0.16390953,0,4
r-steady90-short,scrape-5s,routing,latency_aware,4,c463256d7985,0,36870,36870,0,0,0,0,0.00035259018,55.843939,1.371803,0.07124679,0.29879325,1,0.047958167,0.14249358,0.56219531,0.02524784,0.029879325,0.033259974,22.892436,0.025118864,0.1,0,0,0.030088139,0.059952115,0,0,0.73333333,0.94569103,0.16266081,0,4
r-steady90-short,scrape-5s,routing,latency_aware,5,cfe90bd6b460,0,36855,36855,0,0,0,0,0,55.840909,1.3750311,0.071400671,0.3036304,1,0.048842672,0.14280134,0.34609824,0.02556716,0.03036304,0.033699213,23.607372,0.025118864,0.1,0,0,0.024618716,0.060691235,0,0,0.73333333,0.94271129,0.16774557,0,4
r-steady90-short,scrape-5s,routing,latency_aware,6,e83aff9950e8,0,36625,36625,0,0,0,0,0,55.492424,1.3688623,0.06711344,0.30174885,1,0.048256735,0.13422688,0.26292198,0.025418933,0.030174885,0.033886229,23.471635,0.025118864,0.1,0,0,0.022245862,0.055840457,0,0,0.73333333,0.94311176,0.16739936,0,4
r-steady90-short,scrape-5s,routing,latency_aware,7,32ef82c4f64f,0,36565,36565,0,0,0,0,0,55.401515,1.365214,0.065878435,0.29933553,1,0.04766042,0.13175687,0.25438237,0.024865401,0.029933553,0.033868626,22.643624,0.025118864,0.1,0,0,0.020812635,0.054827876,0,0,0.73333333,0.94657494,0.15989064,0,4
r-steady90-short,scrape-5s,routing,latency_aware,8,135fadf89ec9,0,36858,36858,0,0,0,0,0,55.845455,1.3601378,0.06348788,0.29664987,1,0.048118113,0.12697576,0.21626597,0.025567838,0.029664987,0.033427859,23.254325,0.025118864,0.1,0,0,0.018819736,0.051382537,0,0,0.73333333,0.94804613,0.16819311,0,4
r-steady90-short,scrape-5s,routing,latency_aware,9,be6bb6b55760,0,36839,36839,0,0,0,0,0,55.816667,1.3550718,0.060713582,0.29435822,1,0.048044762,0.12142717,0.19594128,0.025413569,0.029435822,0.032734701,23.01181,0.025118864,0.1,0,0,0.017793326,0.049199342,0,0,0.73333333,0.94407391,0.16338868,0,4
r-steady90-short,scrape-5s,routing,latency_aware,10,b82847ea9607,0,36839,36839,0,0,0,0,0,55.816667,1.3589343,0.06122208,0.29771218,1,0.047850104,0.12244416,0.20813494,0.025275393,0.029771218,0.032987959,22.501753,0.025118864,0.1,0,0,0.018343797,0.051026228,0,0,0.73333333,0.9465549,0.15969694,0,4
r-steady90-short,scrape-5s,routing,queue_aware,1,b6b10c400dba,0,36871,36871,0,0,0,0,0.5239348,26.595455,8.0646632,4.0146445,0.43034466,1,2.2582423,8.029289,9.5508687,0.029358258,0.043034466,0.063904675,27.240268,0.025118864,0.1,0,0,2.8705058,7.9840218,0,0,0.73333333,0.93703517,0.17161179,0,4
r-steady90-short,scrape-5s,routing,queue_aware,2,7cae3288f17c,0,36480,36480,0,0,0,0,0.51069079,27.045455,7.8595684,3.8653695,0.44074501,1,2.1065029,7.7307389,9.2191813,0.029511455,0.044074501,0.066781519,26.732773,0.025118864,0.1,0,0,2.7530616,7.6907363,0,0,0.73333333,0.93262494,0.16967663,0,4
r-steady90-short,scrape-5s,routing,queue_aware,3,a981eaeead81,0,36520,36520,0,0,0,0,0.51653888,26.751515,7.9719556,3.9611408,0.42812046,1,2.1590255,7.9222815,9.506792,0.029306094,0.042812046,0.065035044,27.184303,0.025118864,0.1,0,0,2.8068419,7.8778582,0,0,0.73333333,0.93616909,0.16994887,0,4
r-steady90-short,scrape-5s,routing,queue_aware,4,c463256d7985,0,36870,36870,0,0,0,0,0.51969081,26.831818,8.0272763,3.9995439,0.42927833,1,2.1901019,7.9990878,9.6745828,0.029524659,0.042927833,0.062866778,26.77159,0.025118864,0.1,0,0,2.8337526,7.958854,0,0,0.73333333,0.93822665,0.16946696,0,4
r-steady90-short,scrape-5s,routing,queue_aware,5,cfe90bd6b460,0,36855,36855,0,0,0,0,0.53474427,25.980303,8.2582902,4.1610838,0.42348501,1,2.3734408,8.3221676,9.868517,0.029592118,0.042348501,0.062831583,27.500917,0.025118864,0.1,0,0,2.9800516,8.2772826,0,0,0.73333333,0.93693981,0.17422842,0,4
r-steady90-short,scrape-5s,routing,queue_aware,6,e83aff9950e8,0,36625,36625,0,0,0,0,0.51896246,26.693939,8.0788597,4.0550263,0.42902105,1,2.1894872,8.1100527,9.7739716,0.029404919,0.042902105,0.066447811,27.304904,0.025118864,0.1,0,0,2.8531617,8.063476,0,0,0.73333333,0.93855626,0.17326977,0,4
r-steady90-short,scrape-5s,routing,queue_aware,7,32ef82c4f64f,0,36565,36565,0,0,0,0,0.50581157,27.378788,7.7607609,3.7961554,0.43554762,1,2.060638,7.5923109,9.0532714,0.02965196,0.043554762,0.065821478,26.129459,0.025118864,0.1,0,0,2.6796874,7.5478117,0,0,0.73333333,0.9381521,0.16707811,0,4
r-steady90-short,scrape-5s,routing,queue_aware,8,135fadf89ec9,0,36858,36858,0,0,0,0,0.52265451,26.657576,8.2176745,4.1761038,0.42829809,1,2.2497217,8.3522077,10.06303,0.029430297,0.042829809,0.063946139,27.251506,0.025118864,0.1,0,0,2.9306189,8.3060946,0,0,0.73333333,0.94062636,0.17450946,0,4
r-steady90-short,scrape-5s,routing,queue_aware,9,be6bb6b55760,0,36839,36839,0,0,0,0,0.52705014,26.398485,8.024604,3.9474054,0.44194792,1,2.2745968,7.8948107,9.4600792,0.029439366,0.044194792,0.067273607,26.923061,0.025118864,0.1,0,0,2.8628534,7.8465293,0,0,0.73333333,0.93652363,0.17011176,0,4
r-steady90-short,scrape-5s,routing,queue_aware,10,b82847ea9607,0,36839,36839,0,0,0,0,0.50780423,27.472727,7.8038976,3.8241585,0.440718,1,2.0803691,7.648317,8.8817073,0.029554547,0.0440718,0.068141533,26.115889,0.025118864,0.1,0,0,2.7107312,7.6046456,0,0,0.73333333,0.93803075,0.16627436,0,4
r-steady90-short,scrape-5s,routing,queue_aware_corrected,1,b6b10c400dba,0,36871,36871,0,0,0,0,0,55.865152,1.3385055,0.046999236,0.29150625,1,0.041989195,0.093998471,0.17293515,0.02507989,0.029150625,0.032123745,23.516102,0.025118864,0.1,0,0,0.013491927,0.033384329,0,0,0.73333333,0.94538129,0.16557552,0,4
r-steady90-short,scrape-5s,routing,queue_aware_corrected,2,7cae3288f17c,0,36480,36480,0,0,0,0,0,55.272727,1.3374606,0.047108367,0.29035225,1,0.041763733,0.094216735,0.17379332,0.024878344,0.029035225,0.032194903,22.893968,0.025118864,0.1,0,0,0.013271265,0.032697108,0,0,0.73333333,0.9429557,0.16275284,0,4
r-steady90-short,scrape-5s,routing,queue_aware_corrected,3,a981eaeead81,0,36520,36520,0,0,0,0,0,55.333333,1.3338108,0.045940924,0.28786987,1,0.041742202,0.091881848,0.17359166,0.024991535,0.028786987,0.031425871,23.580331,0.025118864,0.1,0,0,0.013255969,0.032540836,0,0,0.73333333,0.94460142,0.16370282,0,4
r-steady90-short,scrape-5s,routing,queue_aware_corrected,4,c463256d7985,0,36870,36870,0,0,0,0,0,55.863636,1.3402179,0.04848041,0.2917375,1,0.04177925,0.09696082,0.18279484,0.024994202,0.02917375,0.032121845,22.808525,0.025118864,0.1,0,0,0.014205714,0.033984409,0,0,0.73333333,0.94716419,0.16284679,0,4
r-steady90-short,scrape-5s,routing,queue_aware_corrected,5,cfe90bd6b460,0,36855,36855,0,0,0,0,0,55.840909,1.343245,0.049500197,0.29374483,1,0.042373469,0.099000394,0.18972744,0.025419526,0.029374483,0.032647291,23.55771,0.025118864,0.1,0,0,0.014803941,0.035828586,0,0,0.73333333,0.94579073,0.16802988,0,4
r-steady90-short,scrape-5s,routing,queue_aware_corrected,6,e83aff9950e8,0,36625,36625,0,0,0,0,0,55.492424,1.3406646,0.048081975,0.29258267,1,0.042091291,0.09616395,0.18718429,0.025223768,0.029258267,0.032272336,23.512268,0.025118864,0.1,0,0,0.014686093,0.034739248,0,0,0.73333333,0.94562753,0.16742899,0,4
r-steady90-short,scrape-5s,routing,queue_aware_corrected,7,32ef82c4f64f,0,36565,36565,0,0,0,0,0,55.401515,1.3403159,0.048033398,0.29228248,1,0.041532404,0.096066797,0.18573696,0.024731846,0.029228248,0.032022125,22.621272,0.025118864,0.1,0,0,0.013873733,0.034545015,0,0,0.73333333,0.94531537,0.16002408,0,4
r-steady90-short,scrape-5s,routing,queue_aware_corrected,8,135fadf89ec9,0,36858,36858,0,0,0,0,0,55.845455,1.3419471,0.049052347,0.29289476,1,0.042258862,0.098104694,0.18580201,0.025311142,0.029289476,0.032419807,23.363838,0.025118864,0.1,0,0,0.014811729,0.034912971,0,0,0.73333333,0.94883644,0.16844413,0,4
r-steady90-short,scrape-5s,routing,queue_aware_corrected,9,be6bb6b55760,0,36839,36839,0,0,0,0,0,55.816667,1.3328336,0.04666416,0.28616948,1,0.041848043,0.093328319,0.1729655,0.025150599,0.028616948,0.031765601,22.946063,0.025118864,0.1,0,0,0.013246175,0.033389702,0,0,0.73333333,0.94392422,0.16346229,0,4
r-steady90-short,scrape-5s,routing,queue_aware_corrected,10,b82847ea9607,0,36839,36839,0,0,0,0,0,55.816667,1.3369539,0.046737829,0.29021604,1,0.041503596,0.093475658,0.17554574,0.024718125,0.029021604,0.032246287,22.392842,0.025118864,0.1,0,0,0.013494109,0.032628822,0,0,0.73333333,0.94656089,0.15937356,0,4
r-steady90-short,scrape-5s,routing,capacity_weighted,1,b6b10c400dba,0,36871,36871,0,0,0,0,0.026552033,54.381818,2.0173764,0.57874722,0.30586901,1,0.043330649,1.1574944,2.7311302,0.025104405,0.030586901,0.033324712,23.866578,0.025118864,0.1,0,0,0.14511084,1.1108063,0,0,0.73333333,0.94753941,0.16704321,0,4
r-steady90-short,scrape-5s,routing,capacity_weighted,2,7cae3288f17c,0,36480,36480,0,0,0,0,0,55.272727,1.383343,0.084088377,0.29925462,1,0.042367633,0.16817675,0.83821797,0.024963816,0.029925462,0.03252916,23.185803,0.025118864,0.1,0,0,0.035943588,0.067624487,0,0,0.73333333,0.94424619,0.16395967,0,4
r-steady90-short,scrape-5s,routing,capacity_weighted,3,a981eaeead81,0,36520,36520,0,0,0,0,0,55.333333,1.385468,0.085200311,0.30026765,1,0.042485722,0.17040062,0.88741056,0.024975682,0.030026765,0.032548454,23.73464,0.025118864,0.1,0,0,0.036781999,0.075698272,0,0,0.73333333,0.94625362,0.16485118,0,4
r-steady90-short,scrape-5s,routing,capacity_weighted,4,c463256d7985,0,36870,36870,0,0,0,0,2.7122322e-05,55.862121,1.3937365,0.090805682,0.30279516,1,0.042465072,0.18161136,1.0397889,0.025051498,0.030279516,0.032963987,23.121335,0.025118864,0.1,0,0,0.042226424,0.091735497,0,0,0.73333333,0.94660152,0.16404034,0,4
r-steady90-short,scrape-5s,routing,capacity_weighted,5,cfe90bd6b460,0,36855,36855,0,0,0,0,0,55.840909,1.3655141,0.064966631,0.30054751,1,0.042564992,0.12993326,0.44805398,0.025415454,0.030054751,0.033047903,23.615623,0.025118864,0.1,0,0,0.022357386,0.047128142,0,0,0.73333333,0.94487862,0.16850728,0,4
r-steady90-short,scrape-5s,routing,capacity_weighted,6,e83aff9950e8,0,36625,36625,0,0,0,0,0.00027303754,55.477273,1.4624909,0.15959561,0.30153012,1,0.042870798,0.31919122,1.427033,0.025275248,0.030153012,0.033019584,23.755437,0.025118864,0.1,0,0,0.061772429,0.27858893,0,0,0.73333333,0.94740732,0.16809602,0,4
r-steady90-short,scrape-5s,routing,capacity_weighted,7,32ef82c4f64f,0,36565,36565,0,0,0,0,0,55.401515,1.3769826,0.076673086,0.30030947,1,0.04188018,0.15334617,1.0470945,0.024773599,0.030030947,0.032751191,22.825961,0.025118864,0.1,0,0,0.037919687,0.057147125,0,0,0.73333333,0.94720161,0.16069526,0,4
r-steady90-short,scrape-5s,routing,capacity_weighted,8,135fadf89ec9,0,36858,36858,0,0,0,0,0.0020890987,55.728788,1.5472568,0.23090628,0.30590508,1,0.043050379,0.46181255,1.465719,0.025126993,0.030590508,0.033448034,23.754695,0.025118864,0.1,0,0,0.067273409,0.4114595,0,0,0.73333333,0.94956008,0.16960664,0,4
r-steady90-short,scrape-5s,routing,capacity_weighted,9,be6bb6b55760,0,36839,36839,0,0,0,0,0,55.816667,1.3401543,0.047493044,0.29266126,1,0.041962635,0.094986089,0.17759013,0.025108684,0.029266126,0.032089456,23.068561,0.025118864,0.1,0,0,0.013946284,0.033574543,0,0,0.73333333,0.94359109,0.16391852,0,4
r-steady90-short,scrape-5s,routing,capacity_weighted,10,b82847ea9607,0,36839,36839,0,0,0,0,0.0074649149,55.4,1.429306,0.091282864,0.30069856,1,0.042113636,0.18256573,1.7659626,0.024719961,0.030069856,0.032871933,22.696657,0.025118864,0.1,0,0,0.069130648,0.076979275,0,0,0.73333333,0.94642513,0.16035273,0,4
r-steady90-short,scrape-5s,routing,oracle_jsq,1,b6b10c400dba,0,36871,36871,0,0,0,0,0,55.865152,1.3614595,0.054440089,0.30701943,1,0.04790236,0.10888018,0.25589279,0.025569398,0.030701943,0.034204869,23.568441,0.025118864,0.1,0,0,0.019564449,0.042990018,0,0,0.73333333,0.945991,0.16573132,0,4
r-steady90-short,scrape-5s,routing,oracle_jsq,2,7cae3288f17c,0,36480,36480,0,0,0,0,0,55.272727,1.3628611,0.058245516,0.30461559,1,0.047480819,0.11649103,0.28725213,0.025256339,0.030461559,0.033974901,22.870993,0.025118864,0.1,0,0,0.021147983,0.044772879,0,0,0.73333333,0.94516733,0.16314478,0,4
r-steady90-short,scrape-5s,routing,oracle_jsq,3,a981eaeead81,0,36520,36520,0,0,0,0,0,55.333333,1.358508,0.055036581,0.30347145,1,0.047645893,0.11007316,0.26687815,0.025347776,0.030347145,0.033852371,23.473766,0.025118864,0.1,0,0,0.020292479,0.043303729,0,0,0.73333333,0.94757295,0.16402327,0,4
r-steady90-short,scrape-5s,routing,oracle_jsq,4,c463256d7985,0,36870,36870,0,0,0,0,0,55.863636,1.359817,0.053836904,0.30598009,1,0.047723568,0.10767381,0.20002032,0.025403612,0.030598009,0.034462663,22.858702,0.025118864,0.1,0,0,0.018003815,0.041463274,0,0,0.73333333,0.94736576,0.16324818,0,4
r-steady90-short,scrape-5s,routing,oracle_jsq,5,cfe90bd6b460,0,36855,36855,0,0,0,0,0,55.840909,1.3687653,0.060902053,0.30786325,1,0.048426377,0.1218041,0.34529766,0.025757723,0.030786325,0.034608702,23.433891,0.025118864,0.1,0,0,0.022865459,0.046945721,0,0,0.73333333,0.94425097,0.16816099,0,4
r-steady90-short,scrape-5s,routing,oracle_jsq,6,e83aff9950e8,0,36625,36625,0,0,0,0,0,55.492424,1.3708371,0.063085093,0.30775201,1,0.048329568,0.12617019,0.35871755,0.025533056,0.030775201,0.034741858,23.667857,0.025118864,0.1,0,0,0.023464308,0.050072677,0,0,0.73333333,0.94551807,0.16738256,0,4
r-steady90-short,scrape-5s,routing,oracle_jsq,7,32ef82c4f64f,0,36565,36565,0,0,0,0,0,55.401515,1.3601041,0.054963751,0.3051403,1,0.047393186,0.1099275,0.21493534,0.025080803,0.03051403,0.03403971,22.653192,0.025118864,0.1,0,0,0.018642225,0.04336364,0,0,0.73333333,0.94703821,0.16021917,0,4
r-steady90-short,scrape-5s,routing,oracle_jsq,8,135fadf89ec9,0,36858,36858,0,0,0,0,0,55.845455,1.3689212,0.060516979,0.30840425,1,0.04826942,0.12103396,0.28722233,0.025676924,0.030840425,0.034911712,23.520571,0.025118864,0.1,0,0,0.021419015,0.047488191,0,0,0.73333333,0.94649112,0.16897136,0,4
r-steady90-short,scrape-5s,routing,oracle_jsq,9,be6bb6b55760,0,36839,36839,0,0,0,0,0,55.816667,1.3533136,0.051457115,0.30185648,1,0.047617808,0.10291423,0.17072504,0.025457124,0.030185648,0.034172407,23.20772,0.025118864,0.1,0,0,0.016535927,0.039999636,0,0,0.73333333,0.94359629,0.16367627,0,4
r-steady90-short,scrape-5s,routing,oracle_jsq,10,b82847ea9607,0,36839,36839,0,0,0,0,0,55.816667,1.3546239,0.051593047,0.30303086,1,0.04718939,0.10318609,0.17976747,0.025116161,0.030303086,0.03422815,22.384935,0.025118864,0.1,0,0,0.016789283,0.039733376,0,0,0.73333333,0.94677562,0.15953767,0,4
r-steady90-short,tail-light,routing,random,1,fd89e087090d,0,36871,36871,0,0,0,0,0,55.865152,1.2841703,0.054656664,0.22951367,1,0.03870002,0.10931333,0.17388346,0.019256526,0.022951367,0.025842413,9.3264906,0.015848932,0.079432823,0,0,0.013364171,0.041853184,0,0,0.73333333,0.92181691,0.067796009,0,4
r-steady90-short,tail-light,routing,random,2,d97859ccb7a4,0,36480,36480,0,0,0,0,0,55.272727,1.2854044,0.056616859,0.22878751,1,0.038423462,0.11323372,0.18137335,0.019169074,0.022878751,0.025391957,9.2892082,0.015848932,0.079432823,0,0,0.013447619,0.042132204,0,0,0.73333333,0.92763933,0.067028312,0,4
r-steady90-short,tail-light,routing,random,3,d1ee3a6a4578,0,36520,36520,0,0,0,0,0,55.333333,1.2840852,0.055326374,0.22875885,1,0.038356809,0.11065275,0.18129141,0.01908946,0.022875885,0.025114222,9.3737027,0.015848932,0.079432823,0,0,0.013304927,0.041741696,0,0,0.73333333,0.92492418,0.066914962,0,4
r-steady90-short,tail-light,routing,random,4,c140dc8e2644,0,36870,36870,0,0,0,0,0,55.863636,1.2900061,0.056539949,0.23346615,1,0.038525754,0.1130799,0.18766421,0.019261218,0.023346615,0.025644127,9.2032373,0.015848932,0.079432823,0,0,0.013638033,0.042497927,0,0,0.73333333,0.92749796,0.067976312,0,4
r-steady90-short,tail-light,routing,random,5,01139bb1dfa8,0,36855,36855,0,0,0,0,0,55.840909,1.2887928,0.056470957,0.23232187,1,0.038827634,0.11294191,0.18139952,0.019312174,0.023232187,0.025870903,9.3029153,0.015848932,0.079432823,0,0,0.013640689,0.042909044,0,0,0.73333333,0.92534007,0.068465954,0,4
r-steady90-short,tail-light,routing,random,6,1ed48c61baef,0,36625,36625,0,0,0,0,0,55.492424,1.2817787,0.05473438,0.22704432,1,0.038708967,0.10946876,0.18488056,0.019205098,0.022704432,0.025014482,9.3257268,0.015848932,0.079432823,0,0,0.013467084,0.04227917,0,0,0.73333333,0.92309907,0.067266883,0,4
r-steady90-short,tail-light,routing,random,7,75464a7270d4,0,36565,36565,0,0,0,0,0,55.401515,1.2885134,0.056649931,0.23186347,1,0.038484116,0.11329986,0.18780276,0.019134037,0.023186347,0.025919802,9.1986065,0.015848932,0.079432823,0,0,0.013553243,0.04252155,0,0,0.73333333,0.92439748,0.066825545,0,4
r-steady90-short,tail-light,routing,random,8,a9702b6c2915,0,36858,36858,0,0,0,0,0,55.845455,1.2912801,0.057091312,0.23418881,1,0.038792525,0.11418262,0.18498164,0.019369056,0.023418881,0.025880458,9.3462538,0.015848932,0.079432823,0,0,0.013754094,0.043440043,0,0,0.73333333,0.92418652,0.069160473,0,4
r-steady90-short,tail-light,routing,random,9,d48f3ae57ea5,0,36839,36839,0,0,0,0,0,55.816667,1.286834,0.056220931,0.23061302,1,0.038660874,0.11244186,0.18172603,0.019301007,0.023061302,0.02559421,9.316949,0.015848932,0.079432823,0,0,0.013486833,0.042762856,0,0,0.73333333,0.92495992,0.068059045,0,4
r-steady90-short,tail-light,routing,random,10,24daf9d78a7a,0,36839,36839,0,0,0,0,0,55.816667,1.2855549,0.055522359,0.23003256,1,0.038578829,0.11104472,0.18019121,0.019157729,0.023003256,0.025556848,9.1449385,0.015848932,0.079432823,0,0,0.013417779,0.041602697,0,0,0.73333333,0.92488465,0.067044193,0,4
r-steady90-short,tail-light,routing,round_robin,1,fd89e087090d,0,36871,36871,0,0,0,0,0,55.865152,1.2611986,0.040130068,0.22106854,1,0.03363657,0.080260136,0.15449789,0.019106426,0.022106854,0.023950714,9.2764181,0.015848932,0.079432823,0,0,0.010051856,0.025238377,0,0,0.73333333,0.92165398,0.067408872,0,4
r-steady90-short,tail-light,routing,round_robin,2,d97859ccb7a4,0,36480,36480,0,0,0,0,0,55.272727,1.2603064,0.04039494,0.21991141,1,0.03353112,0.08078988,0.15507916,0.019032399,0.021991141,0.024026096,9.1714308,0.015848932,0.079432823,0,0,0.010016856,0.02475678,0,0,0.73333333,0.9261407,0.066546917,0,4
r-steady90-short,tail-light,routing,round_robin,3,d1ee3a6a4578,0,36520,36520,0,0,0,0,0,55.333333,1.2586937,0.039592615,0.2191011,1,0.033521028,0.079185231,0.15622196,0.019023916,0.02191011,0.023896475,9.3200281,0.015848932,0.079432823,0,0,0.010036712,0.024452316,0,0,0.73333333,0.92446909,0.066600525,0,4
r-steady90-short,tail-light,routing,round_robin,4,c140dc8e2644,0,36870,36870,0,0,0,0,0,55.863636,1.2619996,0.040509499,0.22149008,1,0.033690508,0.081018998,0.15799569,0.019159379,0.022149008,0.024248035,9.1676628,0.015848932,0.079432823,0,0,0.010158315,0.025442334,0,0,0.73333333,0.92690782,0.067406866,0,4
r-steady90-short,tail-light,routing,round_robin,5,01139bb1dfa8,0,36855,36855,0,0,0,0,0,55.840909,1.2626201,0.040504722,0.22211536,1,0.033842682,0.081009445,0.1565197,0.019217543,0.022211536,0.024344896,9.2799241,0.015848932,0.079432823,0,0,0.010130209,0.025231102,0,0,0.73333333,0.92769133,0.067993453,0,4
r-steady90-short,tail-light,routing,round_robin,6,1ed48c61baef,0,36625,36625,0,0,0,0,0,55.492424,1.2605636,0.039777616,0.22078594,1,0.033600299,0.079555231,0.15458386,0.019073495,0.022078594,0.024059008,9.2769869,0.015848932,0.079432823,0,0,0.010076237,0.024860929,0,0,0.73333333,0.92260335,0.066979279,0,4
r-steady90-short,tail-light,routing,round_robin,7,75464a7270d4,0,36565,36565,0,0,0,0,0,55.401515,1.2627066,0.040744572,0.22196202,1,0.03356023,0.081489144,0.16011197,0.01902319,0.022196202,0.024609401,9.1547133,0.015848932,0.079432823,0,0,0.010227196,0.026217232,0,0,0.73333333,0.924103,0.066299427,0,4
r-steady90-short,tail-light,routing,round_robin,8,a9702b6c2915,0,36858,36858,0,0,0,0,0,55.845455,1.2637458,0.040828743,0.22291706,1,0.033740782,0.081657486,0.16079801,0.019198999,0.022291706,0.024271782,9.2880078,0.015848932,0.079432823,0,0,0.010236558,0.025953959,0,0,0.73333333,0.92516991,0.068521662,0,4
r-steady90-short,tail-light,routing,round_robin,9,d48f3ae57ea5,0,36839,36839,0,0,0,0,0,55.816667,1.2617954,0.040469827,0.22132559,1,0.033689917,0.080939655,0.15718812,0.019177766,0.022132559,0.02429559,9.2707749,0.015848932,0.079432823,0,0,0.010229365,0.02543595,0,0,0.73333333,0.92497791,0.067671147,0,4
r-steady90-short,tail-light,routing,round_robin,10,24daf9d78a7a,0,36839,36839,0,0,0,0,0,55.816667,1.2619356,0.040280047,0.22165559,1,0.033623135,0.080560094,0.15746862,0.019070612,0.022165559,0.024270567,9.1228199,0.015848932,0.079432823,0,0,0.010097521,0.025124901,0,0,0.73333333,0.92322968,0.066700283,0,4
r-steady90-short,tail-light,routing,least_outstanding,1,fd89e087090d,0,36871,36871,0,0,0,0,0,55.865152,1.2626964,0.046587899,0.21610846,1,0.037606788,0.093175797,0.15688694,0.019095091,0.021610846,0.023302458,9.1858885,0.015848932,0.079432823,0,0,0.012741724,0.036153047,0,0,0.73333333,0.92216924,0.066893322,0,4
r-steady90-short,tail-light,routing,least_outstanding,2,d97859ccb7a4,0,36480,36480,0,0,0,0,0,55.272727,1.2634555,0.046905563,0.21654996,1,0.03754212,0.093811126,0.16490549,0.018990405,0.021654996,0.023320986,9.1235975,0.015848932,0.079432823,0,0,0.012731508,0.036324918,0,0,0.73333333,0.92735868,0.066091079,0,4
r-steady90-short,tail-light,routing,least_outstanding,3,d1ee3a6a4578,0,36520,36520,0,0,0,0,0,55.333333,1.2609126,0.046526474,0.21438616,1,0.037504069,0.093052949,0.16414638,0.018979884,0.021438616,0.023148753,9.2613624,0.015848932,0.079432823,0,0,0.012697404,0.035866587,0,0,0.73333333,0.92382927,0.066115972,0,4
r-steady90-short,tail-light,routing,least_outstanding,4,c140dc8e2644,0,36870,36870,0,0,0,0,0,55.863636,1.2641925,0.04792594,0.21626655,1,0.03760531,0.095851881,0.16384098,0.019104928,0.021626655,0.023322729,9.101616,0.015848932,0.079432823,0,0,0.012892706,0.037184242,0,0,0.73333333,0.92781269,0.066899687,0,4
r-steady90-short,tail-light,routing,least_outstanding,5,01139bb1dfa8,0,36855,36855,0,0,0,0,0,55.840909,1.265653,0.047790876,0.2178621,1,0.037935125,0.095581752,0.16903962,0.019192062,0.02178621,0.023526188,9.2120221,0.015848932,0.079432823,0,0,0.013049765,0.037974906,0,0,0.73333333,0.9278698,0.067529113,0,4
r-steady90-short,tail-light,routing,least_outstanding,6,1ed48c61baef,0,36625,36625,0,0,0,0,0,55.492424,1.2631644,0.046771845,0.21639251,1,0.03765546,0.093543691,0.16499415,0.019031225,0.021639251,0.023513301,9.2154909,0.015848932,0.079432823,0,0,0.012856369,0.037306823,0,0,0.73333333,0.92338545,0.066492621,0,4
r-steady90-short,tail-light,routing,least_outstanding,7,75464a7270d4,0,36565,36565,0,0,0,0,0,55.401515,1.2662434,0.04769938,0.21854398,1,0.037388597,0.095398761,0.17004162,0.018948688,0.021854398,0.023844038,9.0543574,0.015848932,0.079432823,0,0,0.012925139,0.037472758,0,0,0.73333333,0.92444954,0.065833318,0,4
r-steady90-short,tail-light,routing,least_outstanding,8,a9702b6c2915,0,36858,36858,0,0,0,0,0,55.845455,1.2653523,0.047552072,0.21780022,1,0.037655048,0.095104143,0.16223457,0.019187864,0.021780022,0.023679468,9.2465509,0.015848932,0.079432823,0,0,0.012912213,0.037750397,0,0,0.73333333,0.92320642,0.068028529,0,4
r-steady90-short,tail-light,routing,least_outstanding,9,d48f3ae57ea5,0,36839,36839,0,0,0,0,0,55.816667,1.2645688,0.047377467,0.21719134,1,0.037725078,0.094754934,0.16430457,0.019132367,0.021719134,0.023703493,9.188217,0.015848932,0.079432823,0,0,0.012890015,0.036896647,0,0,0.73333333,0.92335622,0.067136875,0,4
r-steady90-short,tail-light,routing,least_outstanding,10,24daf9d78a7a,0,36839,36839,0,0,0,0,0,55.816667,1.2643014,0.047604819,0.2166966,1,0.037709381,0.095209639,0.16568142,0.019035696,0.02166966,0.023359468,9.0192182,0.015848932,0.079432823,0,0,0.012951384,0.037424758,0,0,0.73333333,0.9249405,0.066202001,0,4
r-steady90-short,tail-light,routing,power_of_two,1,fd89e087090d,0,36871,36871,0,0,0,0,0,55.865152,1.267001,0.050229729,0.21677131,1,0.037922517,0.10045946,0.16658282,0.019061421,0.021677131,0.023329753,9.1687883,0.015848932,0.079432823,0,0,0.012771804,0.038672318,0,0,0.73333333,0.92177139,0.066931898,0,4
r-steady90-short,tail-light,routing,power_of_two,2,d97859ccb7a4,0,36480,36480,0,0,0,0,0,55.272727,1.2689415,0.052354343,0.21658717,1,0.037852992,0.10470869,0.17212839,0.018970562,0.021658717,0.023478937,9.1003453,0.015848932,0.079432823,0,0,0.013057629,0.039729891,0,0,0.73333333,0.927046,0.066119294,0,4
r-steady90-short,tail-light,routing,power_of_two,3,d1ee3a6a4578,0,36520,36520,0,0,0,0,0,55.333333,1.2667184,0.051141207,0.21557719,1,0.037938566,0.10228241,0.17150647,0.018977595,0.021557719,0.023287576,9.260045,0.015848932,0.079432823,0,0,0.012923528,0.038758921,0,0,0.73333333,0.92376404,0.066154774,0,4
r-steady90-short,tail-light,routing,power_of_two,4,c140dc8e2644,0,36870,36870,0,0,0,0,0,55.863636,1.2701748,0.053203754,0.21697108,1,0.038084519,0.10640751,0.17170039,0.019089707,0.021697108,0.023559096,9.1001849,0.015848932,0.079432823,0,0,0.013115756,0.039529463,0,0,0.73333333,0.92555707,0.066886354,0,4
r-steady90-short,tail-light,routing,power_of_two,5,01139bb1dfa8,0,36855,36855,0,0,0,0,0,55.840909,1.2705918,0.05241229,0.21817955,1,0.038442597,0.10482458,0.17147069,0.019176083,0.021817955,0.023613468,9.2630552,0.015848932,0.079432823,0,0,0.013058531,0.039955747,0,0,0.73333333,0.92716806,0.067578493,0,4
r-steady90-short,tail-light,routing,power_of_two,6,1ed48c61baef,0,36625,36625,0,0,0,0,0,55.492424,1.2680628,0.051221808,0.21684099,1,0.037953203,0.10244362,0.17238639,0.019007111,0.021684099,0.023668484,9.211443,0.015848932,0.079432823,0,0,0.012957836,0.039315361,0,0,0.73333333,0.92312747,0.066528536,0,4
r-steady90-short,tail-light,routing,power_of_two,7,75464a7270d4,0,36565,36565,0,0,0,0,0,55.401515,1.2698999,0.051611922,0.21828796,1,0.037900247,0.10322384,0.17481936,0.018933798,0.021828796,0.023773704,9.0700357,0.015848932,0.079432823,0,0,0.01293074,0.039378967,0,0,0.73333333,0.92390309,0.065858814,0,4
r-steady90-short,tail-light,routing,power_of_two,8,a9702b6c2915,0,36858,36858,0,0,0,0,0,55.845455,1.269583,0.051986296,0.21759666,1,0.037924928,0.10397259,0.17230501,0.019183332,0.021759666,0.023608096,9.2398677,0.015848932,0.079432823,0,0,0.013028416,0.039557072,0,0,0.73333333,0.92511388,0.068034289,0,4
r-steady90-short,tail-light,routing,power_of_two,9,d48f3ae57ea5,0,36839,36839,0,0,0,0,0,55.816667,1.2694095,0.052558845,0.21685067,1,0.03799609,0.10511769,0.16931337,0.019126877,0.021685067,0.023500487,9.1611951,0.015848932,0.079432823,0,0,0.01301414,0.040149713,0,0,0.73333333,0.92503802,0.067137791,0,4
r-steady90-short,tail-light,routing,power_of_two,10,24daf9d78a7a,0,36839,36839,0,0,0,0,0,55.816667,1.2688318,0.052298354,0.21653344,1,0.038011795,0.10459671,0.17210487,0.019017554,0.021653344,0.023489629,9.018863,0.015848932,0.079432823,0,0,0.013033686,0.039692798,0,0,0.73333333,0.92381609,0.066234751,0,4
r-steady90-short,tail-light,routing,latency_aware,1,fd89e087090d,0,36871,36871,0,0,0,0,0,55.865152,1.2712753,0.049171281,0.22210403,1,0.038225479,0.098342562,0.16685319,0.019240329,0.022210403,0.024097613,9.2721623,0.015848932,0.079432823,0,0,0.013321296,0.038951702,0,0,0.73333333,0.92164794,0.067158857,0,4
r-steady90-short,tail-light,routing,latency_aware,2,d97859ccb7a4,0,36480,36480,0,0,0,0,0,55.272727,1.270593,0.048939776,0.22165318,1,0.038007858,0.097879552,0.16531988,0.019154751,0.022165318,0.023932623,9.1753832,0.015848932,0.079432823,0,0,0.013100199,0.037858454,0,0,0.73333333,0.9274618,0.066459425,0,4
r-steady90-short,tail-light,routing,latency_aware,3,d1ee3a6a4578,0,36520,36520,0,0,0,0,0,55.333333,1.2695977,0.048505796,0.22109195,1,0.037822964,0.097011592,0.16696099,0.019157738,0.022109195,0.023980608,9.2839815,0.015848932,0.079432823,0,0,0.013063966,0.038065442,0,0,0.73333333,0.92476261,0.06644005,0,4
r-steady90-short,tail-light,routing,latency_aware,4,c140dc8e2644,0,36870,36870,0,0,0,0,0,55.863636,1.2716408,0.049091604,0.2225492,1,0.037960189,0.098183209,0.16642739,0.019241095,0.02225492,0.02416452,9.2254923,0.015848932,0.079432823,0,0,0.013135585,0.038255305,0,0,0.73333333,0.92801443,0.067201357,0,4
r-steady90-short,tail-light,routing,latency_aware,5,01139bb1dfa8,0,36855,36855,0,0,0,0,0,55.840909,1.2740318,0.048719457,0.22531238,1,0.038294468,0.097438913,0.16569745,0.019342881,0.022531238,0.024308979,9.2933445,0.015848932,0.079432823,0,0,0.013269246,0.039196371,0,0,0.73333333,0.92702758,0.06785864,0,4
r-steady90-short,tail-light,routing,latency_aware,6,1ed48c61baef,0,36625,36625,0,0,0,0,0,55.492424,1.2707339,0.048450204,0.2222837,1,0.037941596,0.096900408,0.16780438,0.019224067,0.02222837,0.024067772,9.2207399,0.015848932,0.079432823,0,0,0.013166209,0.038402153,0,0,0.73333333,0.92333244,0.066777663,0,4
r-steady90-short,tail-light,routing,latency_aware,7,75464a7270d4,0,36565,36565,0,0,0,0,0,55.401515,1.273252,0.049714637,0.22353735,1,0.038094653,0.099429275,0.17327815,0.019118065,0.022353735,0.024432737,9.1247176,0.015848932,0.079432823,0,0,0.013401734,0.039674322,0,0,0.73333333,0.92481526,0.066084834,0,4
r-steady90-short,tail-light,routing,latency_aware,8,a9702b6c2915,0,36858,36858,0,0,0,0,0,55.845455,1.2746625,0.050055752,0.22460675,1,0.038307629,0.1001115,0.16549866,0.019304522,0.022460675,0.024578666,9.2909401,0.015848932,0.079432823,0,0,0.013207016,0.038874805,0,0,0.73333333,0.92479345,0.068274534,0,4
r-steady90-short,tail-light,routing,latency_aware,9,d48f3ae57ea5,0,36839,36839,0,0,0,0,0,55.816667,1.2733029,0.049324582,0.22397833,1,0.038274624,0.098649165,0.16460959,0.019286866,0.022397833,0.02442051,9.2260268,0.015848932,0.079432823,0,0,0.013301455,0.039383455,0,0,0.73333333,0.92311365,0.067453252,0,4
r-steady90-short,tail-light,routing,latency_aware,10,24daf9d78a7a,0,36839,36839,0,0,0,0,0,55.816667,1.2703582,0.049276313,0.22108191,1,0.038087142,0.098552625,0.16680727,0.019215822,0.022108191,0.023847801,9.1062882,0.015848932,0.079432823,0,0,0.013248557,0.039316194,0,0,0.73333333,0.92526987,0.06646514,0,4
r-steady90-short,tail-light,routing,queue_aware,1,fd89e087090d,0,36871,36871,0,0,0,0,0,55.865152,1.5157707,0.20158203,0.31418872,1,0.13261425,0.40316406,0.53728747,0.019995244,0.031418872,0.043193074,9.5347695,0.019952623,0.1,0,0,0.088447485,0.30444057,0,0,0.73333333,0.91996043,0.068727164,0,4
r-steady90-short,tail-light,routing,queue_aware,2,d97859ccb7a4,0,36480,36480,0,0,0,0,0,55.272727,1.5099805,0.19572411,0.31425638,1,0.13684388,0.39144822,0.53175102,0.019914875,0.031425638,0.043840218,9.461357,0.019952623,0.1,0,0,0.088149987,0.29359417,0,0,0.73333333,0.92331319,0.067922985,0,4
r-steady90-short,tail-light,routing,queue_aware,3,d1ee3a6a4578,0,36520,36520,0,0,0,0,0,55.333333,1.5061516,0.19668446,0.3094671,1,0.13252911,0.39336891,0.52038076,0.019884476,0.03094671,0.043347145,9.5967083,0.019952623,0.1,0,0,0.087576584,0.29429818,0,0,0.73333333,0.92364085,0.067862441,0,4
r-steady90-short,tail-light,routing,queue_aware,4,c140dc8e2644,0,36870,36870,0,0,0,0,0,55.863636,1.5111469,0.19691603,0.31423086,1,0.14186187,0.39383206,0.57314951,0.019995017,0.031423086,0.043529569,9.5013109,0.019952623,0.1,0,0,0.093064872,0.29928452,0,0,0.73333333,0.92473174,0.068657816,0,4
r-steady90-short,tail-light,routing,queue_aware,5,01139bb1dfa8,0,36855,36855,0,0,0,0,0,55.840909,1.5199604,0.20291044,0.31704995,1,0.14038227,0.40582087,0.57541231,0.020082004,0.031704995,0.043354012,9.6337158,0.019952623,0.1,0,0,0.092494917,0.30796006,0,0,0.73333333,0.92479406,0.069447049,0,4
r-steady90-short,tail-light,routing,queue_aware,6,1ed48c61baef,0,36625,36625,0,0,0,0,0,55.492424,1.5108357,0.19609438,0.3147413,1,0.13382844,0.39218877,0.57469838,0.019968234,0.03147413,0.04317086,9.5336107,0.019952623,0.1,0,0,0.089118695,0.29473363,0,0,0.73333333,0.91967611,0.068314885,0,4
r-steady90-short,tail-light,routing,queue_aware,7,75464a7270d4,0,36565,36565,0,0,0,0,0,55.401515,1.5315859,0.21542063,0.31616529,1,0.13250874,0.43084126,0.59603116,0.019921317,0.031616529,0.044581019,9.4243941,0.019952623,0.1,0,0,0.095063585,0.33492593,0,0,0.73333333,0.92286667,0.067728456,0,4
r-steady90-short,tail-light,routing,queue_aware,8,a9702b6c2915,0,36858,36858,0,0,0,0,0,55.845455,1.5185794,0.20345284,0.31512653,1,0.13444272,0.40690568,0.55604877,0.020093571,0.031512653,0.04454564,9.5888844,0.019952623,0.1,0,0,0.091222343,0.30973088,0,0,0.73333333,0.92200988,0.069840167,0,4
r-steady90-short,tail-light,routing,queue_aware,9,d48f3ae57ea5,0,36839,36839,0,0,0,0,0,55.816667,1.5225298,0.20757661,0.31495323,1,0.13774373,0.41515323,0.56202343,0.020057654,0.031495323,0.044262072,9.5182583,0.019952623,0.1,0,0,0.093175425,0.31801926,0,0,0.73333333,0.9223767,0.069046536,0,4
r-steady90-short,tail-light,routing,queue_aware,10,24daf9d78a7a,0,36839,36839,0,0,0,0,0,55.816667,1.5166455,0.20343012,0.31321541,1,0.13993703,0.40686025,0.56149074,0.020003006,0.031321541,0.043640699,9.3771228,0.019952623,0.1,0,0,0.092930744,0.30979908,0,0,0.73333333,0.92200166,0.068080262,0,4
r-steady90-short,tail-light,routing,queue_aware_corrected,1,fd89e087090d,0,36871,36871,0,0,0,0,0,55.865152,1.2589152,0.04031008,0.21860509,1,0.033667554,0.08062016,0.15340158,0.019124217,0.021860509,0.023667989,9.2609708,0.015848932,0.079432823,0,0,0.01018583,0.026216844,0,0,0.73333333,0.92240223,0.067228805,0,4
r-steady90-short,tail-light,routing,queue_aware_corrected,2,d97859ccb7a4,0,36480,36480,0,0,0,0,0,55.272727,1.2600748,0.041153342,0.21892144,1,0.033698496,0.082306684,0.1573441,0.019014848,0.021892144,0.023639953,9.169187,0.015848932,0.079432823,0,0,0.010187732,0.025851771,0,0,0.73333333,0.92759545,0.066438159,0,4
r-steady90-short,tail-light,routing,queue_aware_corrected,3,d1ee3a6a4578,0,36520,36520,0,0,0,0,0,55.333333,1.2569094,0.039798867,0.21711054,1,0.033590511,0.079597734,0.15812985,0.018995562,0.021711054,0.023440134,9.3134223,0.015848932,0.079432823,0,0,0.010162956,0.025639899,0,0,0.73333333,0.92475679,0.066469941,0,4
r-steady90-short,tail-light,routing,queue_aware_corrected,4,c140dc8e2644,0,36870,36870,0,0,0,0,0,55.863636,1.26051,0.040863493,0.21964647,1,0.033797814,0.081726985,0.15754282,0.01913063,0.021964647,0.02383699,9.1292381,0.015848932,0.079432823,0,0,0.010259637,0.02583831,0,0,0.73333333,0.92641469,0.067241382,0,4
r-steady90-short,tail-light,routing,queue_aware_corrected,5,01139bb1dfa8,0,36855,36855,0,0,0,0,0,55.840909,1.2612517,0.040787228,0.22046451,1,0.033797741,0.081574455,0.15788737,0.019231222,0.022046451,0.02390509,9.2726325,0.015848932,0.079432823,0,0,0.010224965,0.026272678,0,0,0.73333333,0.92607226,0.067912406,0,4
r-steady90-short,tail-light,routing,queue_aware_corrected,6,1ed48c61baef,0,36625,36625,0,0,0,0,0,55.492424,1.2587912,0.04002273,0.21876846,1,0.033716152,0.08004546,0.15324391,0.019058806,0.021876846,0.023826412,9.291283,0.015848932,0.079432823,0,0,0.010138376,0.025227124,0,0,0.73333333,0.92344162,0.066791032,0,4
r-steady90-short,tail-light,routing,queue_aware_corrected,7,75464a7270d4,0,36565,36565,0,0,0,0,0,55.401515,1.2609927,0.04081746,0.22017526,1,0.033615358,0.081634921,0.16066223,0.019000221,0.022017526,0.023884751,9.1013711,0.015848932,0.079432823,0,0,0.010343158,0.027239202,0,0,0.73333333,0.92399235,0.066155159,0,4
r-steady90-short,tail-light,routing,queue_aware_corrected,8,a9702b6c2915,0,36858,36858,0,0,0,0,0,55.845455,1.2618694,0.040980496,0.22088892,1,0.033739784,0.081960992,0.15974026,0.019196387,0.022088892,0.023938525,9.273132,0.015848932,0.079432823,0,0,0.010305797,0.026688134,0,0,0.73333333,0.92342314,0.068370084,0,4
r-steady90-short,tail-light,routing,queue_aware_corrected,9,d48f3ae57ea5,0,36839,36839,0,0,0,0,0,55.816667,1.2597433,0.040933721,0.21880953,1,0.033724318,0.081867442,0.15881518,0.019160958,0.021880953,0.023974033,9.2051869,0.015848932,0.079432823,0,0,0.010276066,0.026448659,0,0,0.73333333,0.92336322,0.067496232,0,4
r-steady90-short,tail-light,routing,queue_aware_corrected,10,24daf9d78a7a,0,36839,36839,0,0,0,0,0,55.816667,1.260327,0.040583682,0.21974327,1,0.033748026,0.081167363,0.15673419,0.019068253,0.021974327,0.023916496,9.1043571,0.015848932,0.079432823,0,0,0.010294312,0.026130978,0,0,0.73333333,0.92387061,0.066577582,0,4
r-steady90-short,tail-light,routing,capacity_weighted,1,fd89e087090d,0,36871,36871,0,0,0,0,0,55.865152,1.2814729,0.0413723,0.24010059,1,0.034174208,0.0827446,0.15664225,0.019309079,0.024010059,0.026776635,9.5015443,0.019952623,0.079432823,0,0,0.010442476,0.027192094,0,0,0.73333333,0.92190531,0.068577224,0,4
r-steady90-short,tail-light,routing,capacity_weighted,2,d97859ccb7a4,0,36480,36480,0,0,0,0,0,55.272727,1.2718984,0.041541378,0.23035703,1,0.03384028,0.083082756,0.15790906,0.019130138,0.023035703,0.02498653,9.2951059,0.015848932,0.079432823,0,0,0.010258016,0.026306516,0,0,0.73333333,0.92664655,0.067173861,0,4
r-steady90-short,tail-light,routing,capacity_weighted,3,d1ee3a6a4578,0,36520,36520,0,0,0,0,0,55.333333,1.2702027,0.040186933,0.23001573,1,0.033832832,0.080373865,0.1570579,0.019144935,0.023001573,0.02572523,9.4401008,0.015848932,0.079432823,0,0,0.010238967,0.026256138,0,0,0.73333333,0.92435399,0.06722817,0,4
r-steady90-short,tail-light,routing,capacity_weighted,4,c140dc8e2644,0,36870,36870,0,0,0,0,0,55.863636,1.2719098,0.041543695,0.23036606,1,0.033928878,0.08308739,0.15927738,0.019289745,0.023036606,0.025485457,9.2527781,0.015848932,0.079432823,0,0,0.010317018,0.026412612,0,0,0.73333333,0.92669837,0.067954293,0,4
r-steady90-short,tail-light,routing,capacity_weighted,5,01139bb1dfa8,0,36855,36855,0,0,0,0,0,55.840909,1.2699094,0.041152293,0.22875713,1,0.03411117,0.082304586,0.15812188,0.01936628,0.022875713,0.025060287,9.3717502,0.015848932,0.079432823,0,0,0.010355256,0.026553027,0,0,0.73333333,0.92587973,0.068519441,0,4
r-steady90-short,tail-light,routing,capacity_weighted,6,1ed48c61baef,0,36625,36625,0,0,0,0,0,55.492424,1.2732158,0.040774093,0.23244174,1,0.034020685,0.081548187,0.15572198,0.019294016,0.023244174,0.025134706,9.4444918,0.019952623,0.079432823,0,0,0.010300531,0.026488556,0,0,0.73333333,0.92306369,0.067872271,0,4
r-steady90-short,tail-light,routing,capacity_weighted,7,75464a7270d4,0,36565,36565,0,0,0,0,0,55.401515,1.2744881,0.041823578,0.23266456,1,0.033960962,0.083647157,0.16158728,0.019158879,0.023266456,0.025851459,9.2434188,0.015848932,0.079432823,0,0,0.010545662,0.027879731,0,0,0.73333333,0.92479747,0.067001125,0,4
r-steady90-short,tail-light,routing,capacity_weighted,8,a9702b6c2915,0,36858,36858,0,0,0,0,0,55.845455,1.2835621,0.041891459,0.24167062,1,0.034267306,0.083782918,0.16267682,0.019291072,0.024167062,0.026869701,9.4721607,0.019952623,0.079432823,0,0,0.010656333,0.028337452,0,0,0.73333333,0.9256383,0.069571218,0,4
r-steady90-short,tail-light,routing,capacity_weighted,9,d48f3ae57ea5,0,36839,36839,0,0,0,0,0,55.816667,1.2784643,0.041801466,0.23666286,1,0.034077223,0.083602932,0.16066352,0.019334326,0.023666286,0.027261649,9.404759,0.019952623,0.079432823,0,0,0.010463032,0.027406246,0,0,0.73333333,0.92335104,0.068654118,0,4
r-steady90-short,tail-light,routing,capacity_weighted,10,24daf9d78a7a,0,36839,36839,0,0,0,0,0,55.816667,1.2774063,0.041163012,0.23624327,1,0.034136516,0.082326025,0.16115005,0.01912676,0.023624327,0.025484581,9.2653208,0.015848932,0.079432823,0,0,0.010495957,0.02726059,0,0,0.73333333,0.92304464,0.06758058,0,4
r-steady90-short,tail-light,routing,oracle_jsq,1,fd89e087090d,0,36871,36871,0,0,0,0,0,55.865152,1.267222,0.038501025,0.22872094,1,0.036178441,0.077002049,0.12981096,0.01935622,0.022872094,0.025016327,9.2488386,0.015848932,0.079432823,0,0,0.010601802,0.024385181,0,0,0.73333333,0.92198279,0.067562817,0,4
r-steady90-short,tail-light,routing,oracle_jsq,2,d97859ccb7a4,0,36480,36480,0,0,0,0,0,55.272727,1.2649706,0.038425579,0.22654499,1,0.036006202,0.076851158,0.13403003,0.019316344,0.022654499,0.024889553,9.170578,0.015848932,0.079432823,0,0,0.010469657,0.023516346,0,0,0.73333333,0.92637083,0.066687764,0,4
r-steady90-short,tail-light,routing,oracle_jsq,3,d1ee3a6a4578,0,36520,36520,0,0,0,0,0,55.333333,1.264214,0.03803304,0.226181,1,0.035952138,0.07606608,0.1307631,0.019293475,0.0226181,0.0246368,9.2625887,0.015848932,0.079432823,0,0,0.01049583,0.023948193,0,0,0.73333333,0.92488002,0.066700776,0,4
r-steady90-short,tail-light,routing,oracle_jsq,4,c140dc8e2644,0,36870,36870,0,0,0,0,0,55.863636,1.2659641,0.038684783,0.22727929,1,0.036122453,0.077369565,0.13216459,0.019367916,0.022727929,0.024748373,9.162665,0.015848932,0.079432823,0,0,0.010560036,0.02399062,0,0,0.73333333,0.92751974,0.067424539,0,4
r-steady90-short,tail-light,routing,oracle_jsq,5,01139bb1dfa8,0,36855,36855,0,0,0,0,0,55.840909,1.2670685,0.03885027,0.22821822,1,0.036256018,0.077700541,0.13333663,0.019496958,0.022821822,0.024818827,9.2792923,0.015848932,0.079432823,0,0,0.010612372,0.024162102,0,0,0.73333333,0.92723899,0.068203783,0,4
r-steady90-short,tail-light,routing,oracle_jsq,6,1ed48c61baef,0,36625,36625,0,0,0,0,0,55.492424,1.2660625,0.038516584,0.22754594,1,0.036066253,0.077033169,0.13049376,0.019296973,0.022754594,0.02488895,9.2289019,0.015848932,0.079432823,0,0,0.010582871,0.024120364,0,0,0.73333333,0.92296941,0.067046782,0,4
r-steady90-short,tail-light,routing,oracle_jsq,7,75464a7270d4,0,36565,36565,0,0,0,0,0,55.401515,1.2690259,0.038948384,0.23007748,1,0.036039894,0.077896767,0.13297453,0.019237025,0.023007748,0.025525119,9.1074431,0.015848932,0.079432823,0,0,0.010579318,0.024604036,0,0,0.73333333,0.92493715,0.066449079,0,4
r-steady90-short,tail-light,routing,oracle_jsq,8,a9702b6c2915,0,36858,36858,0,0,0,0,0,55.845455,1.2679693,0.038609927,0.22935938,1,0.036260609,0.077219853,0.13222292,0.019529875,0.022935938,0.02506111,9.2938796,0.015848932,0.079432823,0,0,0.010597246,0.024225883,0,0,0.73333333,0.92438044,0.068690584,0,4
r-steady90-short,tail-light,routing,oracle_jsq,9,d48f3ae57ea5,0,36839,36839,0,0,0,0,0,55.816667,1.2667877,0.03847632,0.22831135,1,0.036192221,0.076952639,0.1315623,0.019419128,0.022831135,0.024852343,9.2213227,0.015848932,0.079432823,0,0,0.010562109,0.024044008,0,0,0.73333333,0.92495711,0.067777973,0,4
r-steady90-short,tail-light,routing,oracle_jsq,10,24daf9d78a7a,0,36839,36839,0,0,0,0,0,55.816667,1.2639996,0.038419844,0.22557973,1,0.0359612,0.076839688,0.13023701,0.019358169,0.022557973,0.02446652,9.1249798,0.015848932,0.079432823,0,0,0.01042237,0.023815695,0,0,0.73333333,0.92396951,0.066756628,0,4
r-steady90-short,tail-heavy,routing,random,1,0d0eed9b7815,0,36871,33699,0,0,0,3172,0.91692658,4.6409091,54.573075,48.666401,0.32204177,1,47.84434,97.332801,115.67949,0.029187283,0.032204177,0.036320584,114.61512,0.025118864,0.1,0,0,48.158699,97.291297,0,0,0.73333333,0.99987751,0.28676413,0,4
r-steady90-short,tail-heavy,routing,random,2,d3e40858a099,0,36480,33483,0,0,0,2997,0.92489035,4.1515152,55.692509,49.744446,0.32361136,1,44.680759,99.488893,108.41839,0.029285206,0.032361136,0.0365177,112.05498,0.025118864,0.1,0,0,47.173064,99.45184,0,0,0.73333333,0.99985042,0.29108277,0,4
r-steady90-short,tail-heavy,routing,random,3,4a719802367a,0,36520,33286,0,0,0,3234,0.92174151,4.330303,54.015965,48.086961,0.32029616,1,49.44592,96.173922,105.41911,0.029140904,0.032029616,0.036479495,109.93051,0.025118864,0.1,0,0,47.456671,96.130721,0,0,0.73333333,0.99986424,0.28835297,0,4
r-steady90-short,tail-heavy,routing,random,4,e4590a5f1ded,0,36870,33708,0,0,0,3162,0.89766748,5.7166667,53.122275,47.309619,0.32431779,1,42.219145,94.619239,103.02949,0.029226856,0.032431779,0.036475133,107.99619,0.025118864,0.1,0,0,45.361296,94.579907,0,0,0.73333333,0.99990532,0.28893537,0,4
r-steady90-short,tail-heavy,routing,random,5,cbd128ce49be,0,36855,33839,0,0,0,3016,0.91680912,4.6454545,54.272516,48.363035,0.32543558,1,48.853936,96.72607,105.85447,0.029332545,0.032543558,0.036936134,110.2949,0.025118864,0.1,0,0,48.699216,96.683531,0,0,0.73333333,0.99984786,0.28942528,0,4
r-steady90-short,tail-heavy,routing,random,6,a5a38f93d7df,0,36625,33397,0,0,0,3228,0.91546758,4.6909091,56.693396,50.793576,0.32248177,1,49.362457,101.58715,115.29291,0.029173504,0.032248177,0.036728044,116.33832,0.025118864,0.1,0,0,49.023947,101.55451,0,0,0.73333333,0.99989576,0.28833717,0,4
r-steady90-short,tail-heavy,routing,random,7,8daa2eb73379,0,36565,33788,0,0,0,2777,0.91420758,4.7530303,53.41545,47.519294,0.32511842,1,45.23379,95.038587,104.90965,0.02931739,0.032511842,0.037172965,107.56749,0.025118864,0.1,0,0,45.029453,94.991304,0,0,0.73333333,0.99994359,0.2887901,0,4
r-steady90-short,tail-heavy,routing,random,8,9c4534f08a40,0,36858,33608,0,0,0,3250,0.92981171,3.919697,55.525356,49.551724,0.32457256,1,45.236212,99.103449,111.9181,0.029250425,0.032457256,0.036861433,113.51436,0.025118864,0.1,0,0,47.421945,99.061641,0,0,0.73333333,0.99990726,0.28953065,0,4
r-steady90-short,tail-heavy,routing,random,9,1c4ae2ca3db0,0,36839,33640,0,0,0,3199,0.9181031,4.5712121,55.855145,49.940968,0.32366143,1,49.666256,99.881937,105.88494,0.029245955,0.032366143,0.036656013,111.20301,0.025118864,0.1,0,0,48.44518,99.836518,0,0,0.73333333,0.99985793,0.28943994,0,4
r-steady90-short,tail-heavy,routing,random,10,48d51929b049,0,36839,34091,0,0,0,2748,0.90947094,5.0530303,54.297019,48.426019,0.3236454,1,38.567136,96.852039,101.46376,0.029336496,0.03236454,0.036274463,105.85726,0.025118864,0.1,0,0,42.396938,96.811397,0,0,0.73333333,0.99988622,0.28747831,0,4
r-steady90-short,tail-heavy,routing,round_robin,1,0d0eed9b7815,0,36871,33736,0,0,0,3135,0.91635703,4.6727273,54.275385,48.371912,0.32168756,1,47.429622,96.743824,105.73861,0.02917846,0.032168756,0.035927584,109.687,0.025118864,0.1,0,0,47.957591,96.699573,0,0,0.73333333,0.99992336,0.28713949,0,4
r-steady90-short,tail-heavy,routing,round_robin,2,d3e40858a099,0,36480,33493,0,0,0,2987,0.92527412,4.130303,54.150409,48.199811,0.32422769,1,45.364179,96.399621,106.92704,0.029289555,0.032422769,0.036979503,110.69284,0.025118864,0.1,0,0,47.19618,96.355963,0,0,0.73333333,0.99991268,0.29095639,0,4
r-steady90-short,tail-heavy,routing,round_robin,3,4a719802367a,0,36520,33263,0,0,0,3257,0.9236035,4.2272727,53.875611,47.937616,0.31997703,1,47.164798,95.875233,101.98144,0.02915949,0.031997703,0.036270557,108.82665,0.025118864,0.1,0,0,47.443125,95.83726,0,0,0.73333333,0.99989646,0.28835914,0,4
r-steady90-short,tail-heavy,routing,round_robin,4,e4590a5f1ded,0,36870,33717,0,0,0,3153,0.91114727,4.9636364,55.277493,49.397984,0.3237721,1,43.571655,98.795968,109.13325,0.029258652,0.03237721,0.036411438,111.41021,0.025118864,0.1,0,0,45.418322,98.768885,0,0,0.73333333,0.99990118,0.28862795,0,4
r-steady90-short,tail-heavy,routing,round_robin,5,cbd128ce49be,0,36855,33843,0,0,0,3012,0.91553385,4.7166667,55.280954,49.377663,0.32562247,1,49.134453,98.755325,103.31725,0.029326335,0.032562247,0.036953965,109.12128,0.025118864,0.1,0,0,48.689027,98.709848,0,0,0.73333333,0.9999045,0.28922641,0,4
r-steady90-short,tail-heavy,routing,round_robin,6,a5a38f93d7df,0,36625,33437,0,0,0,3188,0.91369283,4.7893939,54.189562,48.298612,0.32248592,1,51.171319,96.597224,109.37006,0.029161331,0.032248592,0.036303795,112.74728,0.025118864,0.1,0,0,48.948596,96.555211,0,0,0.73333333,0.9999018,0.28871197,0,4
r-steady90-short,tail-heavy,routing,round_robin,7,8daa2eb73379,0,36565,33810,0,0,0,2755,0.91188295,4.8818182,51.530936,45.647051,0.32447068,1,45.532278,91.294101,99.294919,0.029302962,0.032447068,0.036695421,105.01551,0.025118864,0.1,0,0,45.058781,91.247822,0,0,0.73333333,0.99995039,0.28871898,0,4
r-steady90-short,tail-heavy,routing,round_robin,8,9c4534f08a40,0,36858,33606,0,0,0,3252,0.92582343,4.1424242,55.063909,49.113189,0.32160265,1,47.069345,98.226379,106.47447,0.029215056,0.032160265,0.036044358,110.51863,0.025118864,0.1,0,0,47.441343,98.178566,0,0,0.73333333,0.99991906,0.28934944,0,4
r-steady90-short,tail-heavy,routing,round_robin,9,1c4ae2ca3db0,0,36839,33658,0,0,0,3181,0.92581232,4.1409091,54.525525,48.573837,0.32262645,1,47.89792,97.147674,104.56234,0.029292334,0.032262645,0.036123645,109.97578,0.025118864,0.1,0,0,48.494791,97.111877,0,0,0.73333333,0.99987796,0.28956483,0,4
r-steady90-short,tail-heavy,routing,round_robin,10,48d51929b049,0,36839,34101,0,0,0,2738,0.90602351,5.2454545,50.857454,45.001662,0.32567433,1,39.080576,90.003324,102.96415,0.02928842,0.032567433,0.036742852,104.54402,0.025118864,0.1,0,0,42.589305,89.966136,0,0,0.73333333,0.99995163,0.2874886,0,4
r-steady90-short,tail-heavy,routing,least_outstanding,1,0d0eed9b7815,0,36871,33749,0,0,0,3122,0.91923192,4.5121212,54.715223,48.796218,0.32284533,1,47.601265,97.592436,101.73796,0.02915694,0.032284533,0.036155383,108.82632,0.025118864,0.1,0,0,47.918388,97.546469,0,0,0.73333333,0.99993983,0.28718805,0,4
r-steady90-short,tail-heavy,routing,least_outstanding,2,d3e40858a099,0,36480,33502,0,0,0,2978,0.92648026,4.0636364,54.42649,48.471621,0.32246724,1,45.623666,96.943242,101.23329,0.029270536,0.032246724,0.036175268,108.2892,0.025118864,0.1,0,0,47.187204,96.896943,0,0,0.73333333,0.99991731,0.29098402,0,4
r-steady90-short,tail-heavy,routing,least_outstanding,3,4a719802367a,0,36520,33295,0,0,0,3225,0.92538335,4.1287879,53.948842,48.000745,0.32118068,1,47.783592,96.001489,101.35202,0.029162778,0.032118068,0.036406153,108.00694,0.025118864,0.1,0,0,47.38057,95.955458,0,0,0.73333333,0.99990488,0.28844161,0,4
r-steady90-short,tail-heavy,routing,least_outstanding,4,e4590a5f1ded,0,36870,33693,0,0,0,3177,0.91480879,4.7590909,53.638455,47.740355,0.32405628,1,43.045842,95.48071,101.78028,0.029250294,0.032405628,0.036620139,107.30033,0.025118864,0.1,0,0,45.272789,95.437584,0,0,0.73333333,0.99991411,0.28904269,0,4
r-steady90-short,tail-heavy,routing,least_outstanding,5,cbd128ce49be,0,36855,33855,0,0,0,3000,0.91347171,4.8318182,54.472241,48.581322,0.32356101,1,49.304358,97.162643,101.33509,0.029330235,0.032356101,0.036315181,108.32809,0.025118864,0.1,0,0,48.524038,97.113097,0,0,0.73333333,0.99990951,0.28943979,0,4
r-steady90-short,tail-heavy,routing,least_outstanding,6,a5a38f93d7df,0,36625,33420,0,0,0,3205,0.91019795,4.9833333,54.492787,48.617989,0.32380852,1,50.700525,97.235978,104.01878,0.029126391,0.032380852,0.037005534,110.41216,0.025118864,0.1,0,0,48.881418,97.176879,0,0,0.73333333,0.99991888,0.28880573,0,4
r-steady90-short,tail-heavy,routing,least_outstanding,7,8daa2eb73379,0,36565,33801,0,0,0,2764,0.91896622,4.4893939,51.995981,46.076465,0.32468559,1,46.200123,92.15293,96.351136,0.02930423,0.032468559,0.03701512,104.43612,0.025118864,0.1,0,0,44.960551,92.105507,0,0,0.73333333,0.99996896,0.28877999,0,4
r-steady90-short,tail-heavy,routing,least_outstanding,8,9c4534f08a40,0,36858,33589,0,0,0,3269,0.93081556,3.8636364,53.691569,47.712275,0.32521652,1,47.480394,95.424549,101.77882,0.029211604,0.032521652,0.037047178,108.58992,0.025118864,0.1,0,0,47.38586,95.382882,0,0,0.73333333,0.99990429,0.2896286,0,4
r-steady90-short,tail-heavy,routing,least_outstanding,9,1c4ae2ca3db0,0,36839,33696,0,0,0,3143,0.92054616,4.4348485,53.64051,47.714501,0.32327826,1,48.481102,95.429003,105.3686,0.029277823,0.032327826,0.036572011,110.37732,0.025118864,0.1,0,0,48.362623,95.399412,0,0,0.73333333,0.99988577,0.28963995,0,4
r-steady90-short,tail-heavy,routing,least_outstanding,10,48d51929b049,0,36839,34104,0,0,0,2735,0.91115394,4.9590909,50.956625,45.075225,0.3256305,1,40.338008,90.150449,94.687447,0.029351546,0.03256305,0.0366592,101.30746,0.025118864,0.1,0,0,42.466517,90.106303,0,0,0.73333333,0.99995153,0.28757686,0,4
r-steady90-short,tail-heavy,routing,power_of_two,1,0d0eed9b7815,0,36871,33753,0,0,0,3118,0.91936752,4.5045455,54.285033,48.366269,0.32192618,1,46.713843,96.732538,103.10913,0.029179656,0.032192618,0.036137697,108.96449,0.025118864,0.1,0,0,47.924079,96.700037,0,0,0.73333333,0.9999154,0.28703536,0,4
r-steady90-short,tail-heavy,routing,power_of_two,2,d3e40858a099,0,36480,33499,0,0,0,2981,0.92691886,4.0393939,54.764123,48.805089,0.32443968,1,45.422765,97.610178,99.756673,0.029268446,0.032443968,0.03653307,108.18224,0.025118864,0.1,0,0,47.169024,97.558123,0,0,0.73333333,0.999895,0.29108036,0,4
r-steady90-short,tail-heavy,routing,power_of_two,3,4a719802367a,0,36520,33294,0,0,0,3226,0.92543812,4.1257576,53.657712,47.709748,0.32077288,1,47.820073,95.419496,100.90428,0.029124715,0.032077288,0.036137524,108.15645,0.025118864,0.1,0,0,47.428703,95.37662,0,0,0.73333333,0.99989571,0.28835124,0,4
r-steady90-short,tail-heavy,routing,power_of_two,4,e4590a5f1ded,0,36870,33706,0,0,0,3164,0.91597505,4.6939394,53.068432,47.165069,0.32348823,1,43.025603,94.330138,100.48003,0.029249165,0.032348823,0.036468244,106.69936,0.025118864,0.1,0,0,45.295348,94.280971,0,0,0.73333333,0.99991742,0.28906704,0,4
r-steady90-short,tail-heavy,routing,power_of_two,5,cbd128ce49be,0,36855,33866,0,0,0,2989,0.91339031,4.8363636,54.459535,48.568495,0.32408824,1,49.676254,97.13699,101.71492,0.029308415,0.032408824,0.036763435,108.11344,0.025118864,0.1,0,0,48.56935,97.102052,0,0,0.73333333,0.99987308,0.28942353,0,4
r-steady90-short,tail-heavy,routing,power_of_two,6,a5a38f93d7df,0,36625,33415,0,0,0,3210,0.90858703,5.0727273,54.421437,48.555212,0.3232904,1,50.515771,97.110424,101.55364,0.029144292,0.03232904,0.036520779,109.61012,0.025118864,0.1,0,0,48.925588,97.066267,0,0,0.73333333,0.99994135,0.28877048,0,4
r-steady90-short,tail-heavy,routing,power_of_two,7,8daa2eb73379,0,36565,33813,0,0,0,2752,0.92014221,4.4242424,51.83282,45.904871,0.32723818,1,44.913291,91.809742,96.027787,0.029263603,0.032723818,0.037109148,104.1256,0.025118864,0.1,0,0,45.014352,91.779905,0,0,0.73333333,0.99992125,0.28876448,0,4
r-steady90-short,tail-heavy,routing,power_of_two,8,9c4534f08a40,0,36858,33617,0,0,0,3241,0.93114114,3.8454545,53.349402,47.369428,0.32426754,1,47.065108,94.738857,104.26124,0.02923555,0.032426754,0.03671745,108.96701,0.025118864,0.1,0,0,47.354842,94.696296,0,0,0.73333333,0.99991937,0.28938091,0,4
r-steady90-short,tail-heavy,routing,power_of_two,9,1c4ae2ca3db0,0,36839,33646,0,0,0,3193,0.92119764,4.3984848,54.955854,49.026674,0.32319251,1,49.211634,98.053347,102.40932,0.029278815,0.032319251,0.036532287,109.0896,0.025118864,0.1,0,0,48.359678,98.011113,0,0,0.73333333,0.99982011,0.28968419,0,4
r-steady90-short,tail-heavy,routing,power_of_two,10,48d51929b049,0,36839,34126,0,0,0,2713,0.91096392,4.969697,51.789383,45.911494,0.32307009,1,39.916384,91.822987,95.802451,0.029346718,0.032307009,0.036214306,101.75052,0.025118864,0.1,0,0,42.458533,91.777769,0,0,0.73333333,0.99995187,0.28748559,0,4
r-steady90-short,tail-heavy,routing,latency_aware,1,0d0eed9b7815,0,36871,33724,0,0,0,3147,0.91961162,4.4909091,55.102238,49.181464,0.32271578,1,47.387713,98.362929,103.55807,0.029187325,0.032271578,0.036191475,109.9191,0.025118864,0.1,0,0,48.075772,98.330164,0,0,0.73333333,0.9998802,0.28680501,0,4
r-steady90-short,tail-heavy,routing,latency_aware,2,d3e40858a099,0,36480,33463,0,0,0,3017,0.9292489,3.9106061,54.512759,48.541517,0.32499704,1,45.761646,97.083035,103.5997,0.029303899,0.032499704,0.036905985,109.58672,0.025118864,0.1,0,0,47.346258,97.046621,0,0,0.73333333,0.99983671,0.29092114,0,4
r-steady90-short,tail-heavy,routing,latency_aware,3,4a719802367a,0,36520,33293,0,0,0,3227,0.92168675,4.3333333,54.215521,48.284787,0.32230003,1,48.681171,96.569574,103.92036,0.029148583,0.032230003,0.036583927,109.1386,0.025118864,0.1,0,0,47.525677,96.507191,0,0,0.73333333,0.99982967,0.28825264,0,4
r-steady90-short,tail-heavy,routing,latency_aware,4,e4590a5f1ded,0,36870,33731,0,0,0,3139,0.91415785,4.7954545,53.468632,47.573799,0.32404348,1,44.300464,95.147599,103.45945,0.029285515,0.032404348,0.036504215,108.176,0.025118864,0.1,0,0,45.540565,95.111951,0,0,0.73333333,0.99985073,0.28854611,0,4
r-steady90-short,tail-heavy,routing,latency_aware,5,cbd128ce49be,0,36855,33839,0,0,0,3016,0.92001085,4.4666667,54.492988,48.567074,0.3258598,1,48.92837,97.134148,101.84342,0.029314908,0.03258598,0.037010892,108.60474,0.025118864,0.1,0,0,48.895883,97.087899,0,0,0.73333333,0.99975738,0.28908338,0,4
r-steady90-short,tail-heavy,routing,latency_aware,6,a5a38f93d7df,0,36625,33419,0,0,0,3206,0.9120273,4.8818182,55.622666,49.7395,0.32303008,1,51.203859,99.478999,103.48089,0.029170442,0.032303008,0.037113346,111.93008,0.025118864,0.1,0,0,49.259042,99.436993,0,0,0.73333333,0.99983327,0.28835602,0,4
r-steady90-short,tail-heavy,routing,latency_aware,7,8daa2eb73379,0,36565,33796,0,0,0,2769,0.91387939,4.7712121,52.871641,46.975874,0.32637051,1,45.148784,93.951747,99.778303,0.029302542,0.032637051,0.037169413,106.29135,0.025118864,0.1,0,0,45.027123,93.906894,0,0,0.73333333,0.99985686,0.28853973,0,4
r-steady90-short,tail-heavy,routing,latency_aware,8,9c4534f08a40,0,36858,33598,0,0,0,3260,0.93011015,3.9030303,55.313168,49.338152,0.32446512,1,47.530266,98.676304,109.57339,0.029275095,0.032446512,0.036675272,111.88276,0.025118864,0.1,0,0,47.493528,98.64014,0,0,0.73333333,0.99976486,0.28935022,0,4
r-steady90-short,tail-heavy,routing,latency_aware,9,1c4ae2ca3db0,0,36839,33629,0,0,0,3210,0.92532371,4.1681818,54.564635,48.614416,0.32360105,1,49.292849,97.228832,103.92978,0.029284169,0.032360105,0.036829598,110.3593,0.025118864,0.1,0,0,48.588137,97.180653,0,0,0.73333333,0.99978486,0.28947849,0,4
r-steady90-short,tail-heavy,routing,latency_aware,10,48d51929b049,0,36839,34057,0,0,0,2782,0.91017671,5.0136364,50.991982,45.115057,0.32604096,1,40.900938,90.230114,99.40112,0.029341326,0.032604096,0.03705355,102.84505,0.025118864,0.1,0,0,42.703241,90.18557,0,0,0.73333333,0.99995752,0.28736661,0,4
r-steady90-short,tail-heavy,routing,queue_aware,1,0d0eed9b7815,0,36871,33710,0,0,0,3161,0.92316455,4.2924242,55.07198,49.130055,0.32610197,1,48.310431,98.26011,102.97043,0.029207597,0.032610197,0.040066362,109.69345,0.025118864,0.1,0,0,48.170366,98.221916,0,0,0.73333333,0.99766541,0.28709428,0,4
r-steady90-short,tail-heavy,routing,queue_aware,2,d3e40858a099,0,36480,33488,0,0,0,2992,0.93089364,3.819697,54.349213,48.368826,0.32591862,1,45.64479,96.737653,101.17625,0.029332194,0.032591862,0.039362673,108.54529,0.025118864,0.1,0,0,47.443473,96.689395,0,0,0.73333333,0.99764927,0.29096132,0,4
r-steady90-short,tail-heavy,routing,queue_aware,3,4a719802367a,0,36520,33278,0,0,0,3242,0.92814896,3.9757576,53.509392,47.543528,0.32511933,1,48.036118,95.087056,103.75568,0.029160028,0.032511933,0.03917318,108.95973,0.025118864,0.1,0,0,47.658458,95.041471,0,0,0.73333333,0.99767567,0.2882697,0,4
r-steady90-short,tail-heavy,routing,queue_aware,4,e4590a5f1ded,0,36870,33698,0,0,0,3172,0.91776512,4.5939394,53.006054,47.088894,0.32833468,1,43.270943,94.177787,100.3468,0.029278731,0.032833468,0.039824588,106.89813,0.025118864,0.1,0,0,45.655629,94.138608,0,0,0.73333333,0.99768885,0.28876771,0,4
r-steady90-short,tail-heavy,routing,queue_aware,5,cbd128ce49be,0,36855,33848,0,0,0,3007,0.92193732,4.3590909,54.66126,48.722306,0.32926699,1,49.483366,97.444612,102.39144,0.02937996,0.032926699,0.039570813,108.55208,0.025118864,0.1,0,0,48.992836,97.398384,0,0,0.73333333,0.99765308,0.28931258,0,4
r-steady90-short,tail-heavy,routing,queue_aware,6,a5a38f93d7df,0,36625,33386,0,0,0,3239,0.91486689,4.7242424,54.801369,48.899592,0.32744311,1,49.849454,97.799183,102.80012,0.029225649,0.032744311,0.04075158,110.24662,0.025118864,0.1,0,0,49.194631,97.760712,0,0,0.73333333,0.99765919,0.28867995,0,4
r-steady90-short,tail-heavy,routing,queue_aware,7,8daa2eb73379,0,36565,33786,0,0,0,2779,0.91970464,4.4484848,52.034668,46.10526,0.33088496,1,45.534196,92.210519,98.77196,0.029331508,0.033088496,0.041564476,105.13596,0.025118864,0.1,0,0,45.266558,92.16191,0,0,0.73333333,0.99769844,0.28870713,0,4
r-steady90-short,tail-heavy,routing,queue_aware,8,9c4534f08a40,0,36858,33590,0,0,0,3268,0.9345054,3.6575758,53.525148,47.526549,0.32607219,1,48.177962,95.053098,102.95806,0.029267513,0.032607219,0.038647141,108.74668,0.025118864,0.1,0,0,47.693247,94.998574,0,0,0.73333333,0.99768368,0.28937785,0,4
r-steady90-short,tail-heavy,routing,queue_aware,9,1c4ae2ca3db0,0,36839,33657,0,0,0,3182,0.9259209,4.1348485,55.036742,49.079477,0.32766015,1,48.915444,98.158954,102.83104,0.029310607,0.032766015,0.040143873,109.53457,0.025118864,0.1,0,0,48.633374,98.095966,0,0,0.73333333,0.99766732,0.28959578,0,4
r-steady90-short,tail-heavy,routing,queue_aware,10,48d51929b049,0,36839,34079,0,0,0,2760,0.91604007,4.6863636,51.37224,45.461722,0.33031772,1,40.170261,90.923443,95.393182,0.029353795,0.033031772,0.041354511,101.95734,0.025118864,0.1,0,0,42.813149,90.876573,0,0,0.73333333,0.99768713,0.28745241,0,4
r-steady90-short,tail-heavy,routing,queue_aware_corrected,1,0d0eed9b7815,0,36871,33753,0,0,0,3118,0.91909631,4.519697,54.859337,48.942279,0.32157618,1,48.158179,97.884558,103.20502,0.029170861,0.032157618,0.03607548,109.14452,0.025118864,0.1,0,0,47.919679,97.831739,0,0,0.73333333,0.99993,0.28711255,0,4
r-steady90-short,tail-heavy,routing,queue_aware_corrected,2,d3e40858a099,0,36480,33479,0,0,0,3001,0.92787829,3.9863636,54.763859,48.798821,0.32564587,1,45.790275,97.597643,101.11763,0.029291556,0.032564587,0.037074663,108.1224,0.025118864,0.1,0,0,47.168874,97.554401,0,0,0.73333333,0.99992007,0.29106667,0,4
r-steady90-short,tail-heavy,routing,queue_aware_corrected,3,4a719802367a,0,36520,33284,0,0,0,3236,0.925,4.15,53.592858,47.646117,0.32174057,1,48.194497,95.292234,101.45769,0.029162993,0.032174057,0.036483654,107.84132,0.025118864,0.1,0,0,47.411421,95.241624,0,0,0.73333333,0.99989369,0.28829768,0,4
r-steady90-short,tail-heavy,routing,queue_aware_corrected,4,e4590a5f1ded,0,36870,33711,0,0,0,3159,0.9144562,4.7787879,53.506683,47.611562,0.32283923,1,43.378241,95.223125,100.3462,0.029247221,0.032283923,0.036462859,106.56333,0.025118864,0.1,0,0,45.323698,95.184169,0,0,0.73333333,0.99989401,0.28886587,0,4
r-steady90-short,tail-heavy,routing,queue_aware_corrected,5,cbd128ce49be,0,36855,33849,0,0,0,3006,0.91401438,4.8015152,54.288619,48.392529,0.32601894,1,49.49389,96.785057,101.82156,0.029329767,0.032601894,0.037035443,108.29395,0.025118864,0.1,0,0,48.608109,96.746744,0,0,0.73333333,0.9998964,0.28945365,0,4
r-steady90-short,tail-heavy,routing,queue_aware_corrected,6,a5a38f93d7df,0,36625,33399,0,0,0,3226,0.91030717,4.9772727,55.059527,49.185443,0.32254834,1,49.860645,98.370885,102.69699,0.029160043,0.032254834,0.036345676,110.18404,0.025118864,0.1,0,0,48.867729,98.333456,0,0,0.73333333,0.99990711,0.28879941,0,4
r-steady90-short,tail-heavy,routing,queue_aware_corrected,7,8daa2eb73379,0,36565,33838,0,0,0,2727,0.91800903,4.5424242,51.658893,45.743138,0.32570941,1,45.16626,91.486277,97.353965,0.029323406,0.032570941,0.036417376,104.34316,0.025118864,0.1,0,0,45.022676,91.440309,0,0,0.73333333,0.99996675,0.2885489,0,4
r-steady90-short,tail-heavy,routing,queue_aware_corrected,8,9c4534f08a40,0,36858,33591,0,0,0,3267,0.93149384,3.8257576,53.570727,47.589862,0.32339568,1,46.523576,95.179723,101.88144,0.029277568,0.032339568,0.036568583,108.37016,0.025118864,0.1,0,0,47.376461,95.141095,0,0,0.73333333,0.99993151,0.28948203,0,4
r-steady90-short,tail-heavy,routing,queue_aware_corrected,9,1c4ae2ca3db0,0,36839,33651,0,0,0,3188,0.92122479,4.3969697,54.421778,48.490851,0.32480312,1,49.015106,96.981702,102.62982,0.029267394,0.032480312,0.037052655,109.14589,0.025118864,0.1,0,0,48.349573,96.948915,0,0,0.73333333,0.99988214,0.28969336,0,4
r-steady90-short,tail-heavy,routing,queue_aware_corrected,10,48d51929b049,0,36839,34087,0,0,0,2752,0.9102853,5.0075758,51.048918,45.173031,0.32446078,1,39.60826,90.346062,96.291084,0.02932036,0.032446078,0.036642025,101.70893,0.025118864,0.1,0,0,42.480836,90.311771,0,0,0.73333333,0.99994049,0.28759313,0,4
r-steady90-short,tail-heavy,routing,capacity_weighted,1,0d0eed9b7815,0,36871,33725,0,0,0,3146,0.91440427,4.7818182,55.159914,49.266728,0.32116468,1,48.380355,98.533455,108.66023,0.029165095,0.032116468,0.035812363,111.77599,0.025118864,0.1,0,0,47.960125,98.497,0,0,0.73333333,0.99993998,0.28722149,0,4
r-steady90-short,tail-heavy,routing,capacity_weighted,2,d3e40858a099,0,36480,33470,0,0,0,3010,0.92192982,4.3151515,56.398714,50.466379,0.32268594,1,43.907288,100.93276,109.87808,0.029299803,0.032268594,0.036650695,112.36392,0.025118864,0.1,0,0,47.167101,100.88302,0,0,0.73333333,0.99993654,0.29085261,0,4
r-steady90-short,tail-heavy,routing,capacity_weighted,3,4a719802367a,0,36520,33271,0,0,0,3249,0.92045455,4.4015152,54.783678,48.859417,0.32198762,1,45.930957,97.718835,107.36541,0.029138855,0.032198762,0.036296139,111.20733,0.025118864,0.1,0,0,47.366622,97.68231,0,0,0.73333333,0.99986308,0.28837992,0,4
r-steady90-short,tail-heavy,routing,capacity_weighted,4,e4590a5f1ded,0,36870,33691,0,0,0,3179,0.91600217,4.6924242,52.655999,46.752458,0.3235303,1,43.38079,93.504916,100.55166,0.029231488,0.03235303,0.03646408,106.67659,0.025118864,0.1,0,0,45.520881,93.463842,0,0,0.73333333,0.99990128,0.28876397,0,4
r-steady90-short,tail-heavy,routing,capacity_weighted,5,cbd128ce49be,0,36855,33811,0,0,0,3044,0.91295618,4.8606061,55.858035,49.968638,0.32461581,1,47.820106,99.937276,111.94933,0.029315845,0.032461581,0.036789377,113.09545,0.025118864,0.1,0,0,48.454944,99.900123,0,0,0.73333333,0.99989942,0.28944627,0,4
r-steady90-short,tail-heavy,routing,capacity_weighted,6,a5a38f93d7df,0,36625,33351,0,0,0,3274,0.90670307,5.1772727,56.810889,50.95456,0.3228137,1,49.239776,101.90912,108.31446,0.029121224,0.03228137,0.036432255,112.75985,0.025118864,0.1,0,0,49.163219,101.85539,0,0,0.73333333,0.99992026,0.2887479,0,4
r-steady90-short,tail-heavy,routing,capacity_weighted,7,8daa2eb73379,0,36565,33790,0,0,0,2775,0.90589361,5.2136364,51.64959,45.794785,0.32533708,1,43.962646,91.589569,99.251082,0.029302332,0.032533708,0.03687382,105.47423,0.025118864,0.1,0,0,45.429477,91.550067,0,0,0.73333333,0.9999614,0.28846561,0,4
r-steady90-short,tail-heavy,routing,capacity_weighted,8,9c4534f08a40,0,36858,33598,0,0,0,3260,0.93086982,3.8606061,53.449958,47.472861,0.32274842,1,47.485745,94.945721,103.17515,0.029252176,0.032274842,0.036241217,108.44405,0.025118864,0.1,0,0,47.47617,94.906674,0,0,0.73333333,0.99991613,0.28949213,0,4
r-steady90-short,tail-heavy,routing,capacity_weighted,9,1c4ae2ca3db0,0,36839,33653,0,0,0,3186,0.92567659,4.1484848,54.587216,48.63452,0.32431336,1,49.4082,97.26904,106.64992,0.029277133,0.032431336,0.036543742,111.09471,0.025118864,0.1,0,0,48.375194,97.225729,0,0,0.73333333,0.99988191,0.28973925,0,4
r-steady90-short,tail-heavy,routing,capacity_weighted,10,48d51929b049,0,36839,34076,0,0,0,2763,0.91199544,4.9121212,52.887966,47.003859,0.32413027,1,38.911039,94.007718,112.07318,0.029327564,0.032413027,0.036456069,110.61087,0.025118864,0.1,0,0,42.268446,93.94752,0,0,0.73333333,0.99994108,0.28769934,0,4
r-steady90-short,tail-heavy,routing,oracle_jsq,1,0d0eed9b7815,0,36871,33750,0,0,0,3121,0.91904207,4.5227273,54.648788,48.731247,0.32233101,1,47.145771,97.462494,101.76494,0.02916464,0.032233101,0.036262437,108.77196,0.025118864,0.1,0,0,47.946244,97.427615,0,0,0.73333333,0.99992805,0.28718592,0,4
r-steady90-short,tail-heavy,routing,oracle_jsq,2,d3e40858a099,0,36480,33487,0,0,0,2993,0.92661732,4.0560606,54.19416,48.238072,0.32300128,1,45.50965,96.476144,100.15648,0.029291088,0.032300128,0.036714278,107.78785,0.025118864,0.1,0,0,47.154056,96.426044,0,0,0.73333333,0.99992283,0.29105876,0,4
r-steady90-short,tail-heavy,routing,oracle_jsq,3,4a719802367a,0,36520,33288,0,0,0,3232,0.925931,4.0984848,53.482306,47.530632,0.32201934,1,46.892566,95.061264,101.63096,0.02912833,0.032201934,0.036277753,107.92402,0.025118864,0.1,0,0,47.488893,95.019984,0,0,0.73333333,0.999889,0.28833445,0,4
r-steady90-short,tail-heavy,routing,oracle_jsq,4,e4590a5f1ded,0,36870,33692,0,0,0,3178,0.91979929,4.480303,52.757982,46.834514,0.32447131,1,43.442569,93.669029,99.658547,0.029238261,0.032447131,0.03663933,106.33438,0.025118864,0.1,0,0,45.425426,93.622828,0,0,0.73333333,0.999919,0.28891286,0,4
r-steady90-short,tail-heavy,routing,oracle_jsq,5,cbd128ce49be,0,36855,33871,0,0,0,2984,0.91830145,4.5621212,54.304132,48.386799,0.32582573,1,49.622768,96.773597,100.56973,0.029361408,0.032582573,0.036701476,108.08048,0.025118864,0.1,0,0,48.700877,96.735831,0,0,0.73333333,0.99990797,0.28934395,0,4
r-steady90-short,tail-heavy,routing,oracle_jsq,6,a5a38f93d7df,0,36625,33425,0,0,0,3200,0.91079863,4.95,54.354308,48.477162,0.32315326,1,50.679861,96.954323,101.61439,0.029176531,0.032315326,0.036741065,109.63683,0.025118864,0.1,0,0,48.948391,96.909246,0,0,0.73333333,0.99991773,0.28878173,0,4
r-steady90-short,tail-heavy,routing,oracle_jsq,7,8daa2eb73379,0,36565,33811,0,0,0,2754,0.92082593,4.3863636,51.863438,45.933563,0.32574504,1,45.988061,91.867126,95.593139,0.029286748,0.032574504,0.036842604,103.98283,0.025118864,0.1,0,0,45.038976,91.817907,0,0,0.73333333,0.99996754,0.2886864,0,4
r-steady90-short,tail-heavy,routing,oracle_jsq,8,9c4534f08a40,0,36858,33603,0,0,0,3255,0.93271474,3.7575758,53.632092,47.644078,0.32444041,1,47.373314,95.288156,102.67637,0.029272131,0.032444041,0.036571937,108.17357,0.025118864,0.1,0,0,47.437876,95.244304,0,0,0.73333333,0.99992089,0.28955495,0,4
r-steady90-short,tail-heavy,routing,oracle_jsq,9,1c4ae2ca3db0,0,36839,33660,0,0,0,3179,0.922012,4.3530303,54.6545,48.720863,0.32357657,1,48.36051,97.441727,102.31868,0.02931258,0.032357657,0.03678662,109.01143,0.025118864,0.1,0,0,48.416195,97.403799,0,0,0.73333333,0.99986397,0.28975243,0,4
r-steady90-short,tail-heavy,routing,oracle_jsq,10,48d51929b049,0,36839,34104,0,0,0,2735,0.91204973,4.9090909,50.646111,44.759992,0.32587092,1,39.936986,89.519984,95.146154,0.029342037,0.032587092,0.036866835,101.24968,0.025118864,0.1,0,0,42.565391,89.479243,0,0,0.73333333,0.99995154,0.28753733,0,4
s-bursty-short,warmup-x0.5,scaling,static_min,1,c39db69c51db,0,102821,31939,0,0,0,70882,0.99627508,0.20591398,706.05454,700.67899,0.32956502,0.064614345,667.64336,1401.358,1439.9762,0.029741422,0.032956502,0.036152547,1408.3134,0.025118864,0.1,0,0,684.33044,1401.2953,0,0,0.53414525,0.99980217,0.23092197,4,5
s-bursty-short,warmup-x0.5,scaling,static_min,2,f566abcda885,0,90448,31745,0,0,0,58703,0.99523483,0.23172043,702.23859,696.86942,0.32816059,0.064840663,647.78739,1393.7388,1456.9703,0.029863456,0.032816059,0.036013881,1400.5711,0.025118864,0.1,0,0,667.90792,1393.7022,0,0,0.53601614,0.99965151,0.23220972,4,5
s-bursty-short,warmup-x0.5,scaling,static_min,3,1fc1c1dca02c,0,127097,32187,0,0,0,94910,0.99385509,0.41989247,752.44784,747.08556,0.32665208,0.066356338,798.65773,1494.1711,1546.6436,0.029713975,0.032665208,0.036053727,1502.0616,0.025118864,0.1,0,0,779.39004,1494.1469,0,0,0.54854573,0.99991925,0.22746593,4,5
s-bursty-short,warmup-x0.5,scaling,static_min,4,d0e2f79f5d55,0,145301,32073,0,0,0,113228,0.99668963,0.25860215,634.80089,629.42194,0.33094963,0.064557839,504.1161,1258.8439,1323.2242,0.029858689,0.033094963,0.03623251,1265.7157,0.025118864,0.1,0,0,574.82024,1258.8113,0,0,0.53367813,0.99979155,0.23189769,4,5
s-bursty-short,warmup-x0.5,scaling,static_min,5,06bc7fdc7c6c,0,123252,31820,0,0,0,91432,0.99651933,0.23064516,608.56997,603.1911,0.33128834,0.064993796,491.05723,1206.3822,1271.4988,0.029914138,0.033128834,0.03618776,1213.7979,0.025118864,0.1,0,0,562.0759,1206.3545,0,0,0.53728204,0.99969066,0.23283325,4,5
s-bursty-short,warmup-x0.5,scaling,static_min,6,376d05259c1d,0,120768,31621,0,0,0,89147,0.99634837,0.23709677,670.58013,665.20392,0.32897863,0.065490616,645.09903,1330.4078,1366.5226,0.029788368,0.032897863,0.036421248,1338.3733,0.025118864,0.1,0,0,660.62213,1330.3765,0,0,0.54138909,0.99988595,0.23034363,4,5
s-bursty-short,warmup-x0.5,scaling,static_min,7,1ae66c3ddb33,0,144260,32062,0,0,0,112198,0.99712325,0.22311828,645.69175,640.30713,0.3338474,0.065156822,694.0585,1280.6143,1345.7369,0.029933489,0.03338474,0.036680656,1288.5337,0.025118864,0.1,0,0,660.72953,1280.5781,0,0,0.53862973,0.99984116,0.23020727,4,5
s-bursty-short,warmup-x0.5,scaling,static_min,8,32ad69b77d17,0,159742,32416,0,0,0,127326,0.99517973,0.41397849,773.07665,767.70433,0.33011577,0.066307117,788.15778,1535.4087,1604.6569,0.029803662,0.033011577,0.03638382,1543.8214,0.025118864,0.1,0,0,790.47667,1535.3774,0,0,0.54813884,0.99991117,0.22891139,4,5
s-bursty-short,warmup-x0.5,scaling,static_min,9,8e892c5b9715,0,112248,31933,0,0,0,80315,0.99584848,0.25053763,667.39468,662.02019,0.33018152,0.065060241,586.80049,1324.0404,1390.6203,0.029867954,0.033018152,0.036298006,1331.5721,0.025118864,0.1,0,0,638.41153,1324.0094,0,0,0.53783133,0.99960588,0.23057425,4,5
s-bursty-short,warmup-x0.5,scaling,static_min,10,ef1c2e71ac9b,0,87416,32853,0,0,0,54563,0.99097419,0.42419355,596.6323,591.28061,0.33100269,0.065808563,637.55007,1182.5612,1246.6329,0.029972815,0.033100269,0.036225769,1190.0513,0.025118864,0.1,0,0,613.83152,1182.5333,0,0,0.54401745,0.99994689,0.22856084,4,5
s-bursty-short,warmup-x0.5,scaling,static_tuned,1,c39db69c51db,0,102821,102821,0,0,0,0,0,55.280108,0.95089162,0.035085579,0.22931411,0.68649194,0.031761752,0.070171158,0.13609048,0.01638504,0.022931411,0.024825915,15.897163,0.015848932,0.063095734,0,0,0.0079237441,0.016358091,0,0,5.675,0.979076,0.040552457,6,11
s-bursty-short,warmup-x0.5,scaling,static_tuned,2,f566abcda885,0,90448,90448,0,0,0,0,0,48.627957,0.94479686,0.034200042,0.22410488,0.68649194,0.030384788,0.068400085,0.13274168,0.012715899,0.022410488,0.024322033,14.817603,0.012589254,0.063095734,0,0,0.0074032994,0.015482707,0,0,5.675,0.97297319,0.033349368,6,11
s-bursty-short,warmup-x0.5,scaling,static_tuned,3,1fc1c1dca02c,0,127097,127097,0,0,0,0,0.049599912,64.942473,2.2035493,0.97765385,0.29140391,0.68649194,0.033880982,1.9553077,20.534201,0.019304945,0.029140391,0.031292843,21.260607,0.019952623,0.079432823,0,0,0.633957,1.9133097,0,0,5.675,0.97899725,0.05373048,6,11
s-bursty-short,warmup-x0.5,scaling,static_tuned,4,d0e2f79f5d55,0,145301,145301,0,0,0,0,0,78.118817,0.95603433,0.037047598,0.2324948,0.68649194,0.034007003,0.074095195,0.14388994,0.020194361,0.02324948,0.025365303,17.257905,0.019952623,0.079432823,0,0,0.0088228405,0.017042664,0,0,5.675,0.97554005,0.063392081,6,11
s-bursty-short,warmup-x0.5,scaling,static_tuned,5,06bc7fdc7c6c,0,123252,123252,0,0,0,0,0,66.264516,0.94756551,0.035606165,0.22546741,0.68649194,0.03248512,0.07121233,0.13897453,0.018831684,0.022546741,0.024511377,16.333119,0.019952623,0.063095734,0,0,0.0082134708,0.01630844,0,0,5.675,0.97425474,0.050284015,6,11
s-bursty-short,warmup-x0.5,scaling,static_tuned,6,376d05259c1d,0,120768,120768,0,0,0,0,0,64.929032,0.95135198,0.035680835,0.22917921,0.68649194,0.032672173,0.071361669,0.13840713,0.019284754,0.022917921,0.024911223,16.630164,0.019952623,0.063095734,0,0,0.0082791713,0.016570965,0,0,5.675,0.9750737,0.04970738,6,11
s-bursty-short,warmup-x0.5,scaling,static_tuned,7,1ae66c3ddb33,0,144260,144260,0,0,0,0,0,77.55914,0.95810149,0.036920927,0.23468863,0.68649194,0.034104517,0.073841855,0.14551883,0.02030992,0.023468863,0.02555931,17.384415,0.019952623,0.079432823,0,0,0.0088757255,0.017147596,0,0,5.675,0.9789676,0.063272441,6,11
s-bursty-short,warmup-x0.5,scaling,static_tuned,8,32ad69b77d17,0,159742,159742,0,0,0,0,0.027406693,83.529032,1.1448827,0.059833648,0.26152369,0.68649194,0.035256809,0.1196673,13.569162,0.020705595,0.026152369,0.030713888,20.059297,0.019952623,0.079432823,0,0,0.31675575,0.028666574,0,0,5.675,0.9731984,0.074107378,6,11
s-bursty-short,warmup-x0.5,scaling,static_tuned,9,8e892c5b9715,0,112248,112248,0,0,0,0,0,60.348387,0.94719685,0.035007173,0.22569774,0.68649194,0.031729422,0.070014346,0.13545809,0.017446789,0.022569774,0.024461538,15.666582,0.015848932,0.063095734,0,0,0.0079682901,0.016036847,0,0,5.675,0.97436797,0.043560588,6,11
s-bursty-short,warmup-x0.5,scaling,static_tuned,10,ef1c2e71ac9b,0,87416,87416,0,0,0,0,0,46.997849,0.93970507,0.033823626,0.21938951,0.68649194,0.029663028,0.067647252,0.13297821,0.012625141,0.021938951,0.024434528,14.026288,0.012589254,0.050118723,0,0,0.0072529574,0.014929945,0,0,5.675,0.97773145,0.030698094,6,11
s-bursty-short,warmup-x0.5,scaling,static_peak_oracle,1,c39db69c51db,0,102821,102821,0,0,0,0,0,55.280108,0.95089162,0.035085579,0.22931411,0.68649194,0.031761752,0.070171158,0.13609048,0.01638504,0.022931411,0.024825915,15.897163,0.015848932,0.063095734,0,0,0.0079237441,0.016358091,0,0,5.675,0.979076,0.040552457,6,11
s-bursty-short,warmup-x0.5,scaling,static_peak_oracle,2,f566abcda885,0,90448,90448,0,0,0,0,0,48.627957,0.94479686,0.034200042,0.22410488,0.68649194,0.030384788,0.068400085,0.13274168,0.012715899,0.022410488,0.024322033,14.817603,0.012589254,0.063095734,0,0,0.0074032994,0.015482707,0,0,5.675,0.97297319,0.033349368,6,11
s-bursty-short,warmup-x0.5,scaling,static_peak_oracle,3,1fc1c1dca02c,0,127097,127097,0,0,0,0,0.049599912,64.942473,2.2035493,0.97765385,0.29140391,0.68649194,0.033880982,1.9553077,20.534201,0.019304945,0.029140391,0.031292843,21.260607,0.019952623,0.079432823,0,0,0.633957,1.9133097,0,0,5.675,0.97899725,0.05373048,6,11
s-bursty-short,warmup-x0.5,scaling,static_peak_oracle,4,d0e2f79f5d55,0,145301,145301,0,0,0,0,0,78.118817,0.95603433,0.037047598,0.2324948,0.68649194,0.034007003,0.074095195,0.14388994,0.020194361,0.02324948,0.025365303,17.257905,0.019952623,0.079432823,0,0,0.0088228405,0.017042664,0,0,5.675,0.97554005,0.063392081,6,11
s-bursty-short,warmup-x0.5,scaling,static_peak_oracle,5,06bc7fdc7c6c,0,123252,123252,0,0,0,0,0,66.264516,0.94756551,0.035606165,0.22546741,0.68649194,0.03248512,0.07121233,0.13897453,0.018831684,0.022546741,0.024511377,16.333119,0.019952623,0.063095734,0,0,0.0082134708,0.01630844,0,0,5.675,0.97425474,0.050284015,6,11
s-bursty-short,warmup-x0.5,scaling,static_peak_oracle,6,376d05259c1d,0,120768,120768,0,0,0,0,0,64.929032,0.95135198,0.035680835,0.22917921,0.68649194,0.032672173,0.071361669,0.13840713,0.019284754,0.022917921,0.024911223,16.630164,0.019952623,0.063095734,0,0,0.0082791713,0.016570965,0,0,5.675,0.9750737,0.04970738,6,11
s-bursty-short,warmup-x0.5,scaling,static_peak_oracle,7,1ae66c3ddb33,0,144260,144260,0,0,0,0,0,77.55914,0.95810149,0.036920927,0.23468863,0.68649194,0.034104517,0.073841855,0.14551883,0.02030992,0.023468863,0.02555931,17.384415,0.019952623,0.079432823,0,0,0.0088757255,0.017147596,0,0,5.675,0.9789676,0.063272441,6,11
s-bursty-short,warmup-x0.5,scaling,static_peak_oracle,8,32ad69b77d17,0,159742,159742,0,0,0,0,0.027406693,83.529032,1.1448827,0.059833648,0.26152369,0.68649194,0.035256809,0.1196673,13.569162,0.020705595,0.026152369,0.030713888,20.059297,0.019952623,0.079432823,0,0,0.31675575,0.028666574,0,0,5.675,0.9731984,0.074107378,6,11
s-bursty-short,warmup-x0.5,scaling,static_peak_oracle,9,8e892c5b9715,0,112248,112248,0,0,0,0,0,60.348387,0.94719685,0.035007173,0.22569774,0.68649194,0.031729422,0.070014346,0.13545809,0.017446789,0.022569774,0.024461538,15.666582,0.015848932,0.063095734,0,0,0.0079682901,0.016036847,0,0,5.675,0.97436797,0.043560588,6,11
s-bursty-short,warmup-x0.5,scaling,static_peak_oracle,10,ef1c2e71ac9b,0,87416,87416,0,0,0,0,0,46.997849,0.93970507,0.033823626,0.21938951,0.68649194,0.029663028,0.067647252,0.13297821,0.012625141,0.021938951,0.024434528,14.026288,0.012589254,0.050118723,0,0,0.0072529574,0.014929945,0,0,5.675,0.97773145,0.030698094,6,11
s-bursty-short,warmup-x0.5,scaling,threshold_cooldown,1,c39db69c51db,0,102821,102821,0,0,0,0,0.2037716,44.015591,13.417126,11.257889,0.30913279,0.83124635,0.032918353,22.515778,27.328911,0.015328553,0.030913279,0.034347225,30.118506,0.015848932,0.079432823,0,0,3.4757819,22.467173,0,0,6.8716365,0.97655733,0.035180562,17,16
s-bursty-short,warmup-x0.5,scaling,threshold_cooldown,2,f566abcda885,0,90448,90448,0,0,0,0,0.2614541,35.913978,13.255092,10.854763,0.31369669,0.77936268,0.034301846,21.709525,25.475972,0.013059355,0.031369669,0.034591142,29.679149,0.015848932,0.079432823,0,0,3.8182444,21.66868,0,0,6.4427315,0.96705987,0.033797872,14,15
s-bursty-short,warmup-x0.5,scaling,threshold_cooldown,3,1fc1c1dca02c,0,127097,127097,0,0,0,0,0.13430687,59.154301,11.31305,9.4169788,0.30179591,0.92274058,0.031702068,18.833958,25.097026,0.015955867,0.030179591,0.032800256,26.613459,0.015848932,0.079432823,0,0,2.2717234,18.791577,0,0,7.6279888,0.97738051,0.037321818,19,16
s-bursty-short,warmup-x0.5,scaling,threshold_cooldown,4,d0e2f79f5d55,0,145301,145301,0,0,0,0,0.16507801,65.223118,11.941537,10.018229,0.30775557,0.79016314,0.03329182,20.036457,26.694889,0.016275329,0.030775557,0.033949447,28.519769,0.015848932,0.079432823,0,0,2.5233271,19.994533,0,0,6.5320153,0.96671315,0.053958121,15,16
s-bursty-short,warmup-x0.5,scaling,threshold_cooldown,5,06bc7fdc7c6c,0,123252,123252,0,0,0,0,0.094781423,59.983871,8.7497065,7.1961072,0.30408354,0.77560866,0.032313565,14.392214,23.902361,0.015800119,0.030408354,0.033351603,24.696387,0.015848932,0.079432823,0,0,1.3788457,14.344086,0,0,6.4116983,0.96385466,0.045096435,15,16
s-bursty-short,warmup-x0.5,scaling,threshold_cooldown,6,376d05259c1d,0,120768,120768,0,0,0,0,0.068768217,60.463978,3.0567217,1.5476195,0.2983524,0.86690873,0.031425912,3.095239,6.5114909,0.015826646,0.02983524,0.032318456,16.756353,0.015848932,0.063095734,0,0,0.33888036,3.0508934,0,0,7.1664455,0.97485002,0.037844928,17,16
s-bursty-short,warmup-x0.5,scaling,threshold_cooldown,7,1ae66c3ddb33,0,144260,144260,0,0,0,0,0.066338555,72.413978,5.9049406,4.4074006,0.28951658,0.87633069,0.031660037,8.8148011,22.255587,0.016483627,0.028951658,0.031834924,22.969965,0.015848932,0.063095734,0,0,1.0039904,8.7692738,0,0,7.2443337,0.97419236,0.045113809,19,16
s-bursty-short,warmup-x0.5,scaling,threshold_cooldown,8,32ad69b77d17,0,159742,159742,0,0,0,0,0.11608093,75.913441,6.9718192,5.1381058,0.30391131,0.94939752,0.032569821,10.276212,15.512949,0.016453012,0.030391131,0.033049812,20.997492,0.015848932,0.079432823,0,0,1.1658901,10.230805,0,0,7.8483529,0.97441795,0.048732465,21,16
s-bursty-short,warmup-x0.5,scaling,threshold_cooldown,9,8e892c5b9715,0,112248,112248,0,0,0,0,0.02436569,58.877957,1.3076363,0.052546908,0.26381724,0.86944366,0.030723366,0.10509382,7.1951818,0.015339558,0.026381724,0.030910493,15.766424,0.015848932,0.063095734,0,0,0.1705822,0.019598905,0,0,7.1874009,0.96923099,0.033479677,19,16
s-bursty-short,warmup-x0.5,scaling,threshold_cooldown,10,ef1c2e71ac9b,0,87416,87416,0,0,0,0,0.036526494,45.281183,1.5084723,0.22119143,0.2860739,0.81857449,0.029726547,0.44238285,4.1845438,0.01237834,0.02860739,0.031699068,14.684719,0.012589254,0.063095734,0,0,0.15491837,0.39418889,0,0,6.7668824,0.97932877,0.026141831,15,16
s-bursty-short,warmup-x0.5,scaling,target_tracking,1,c39db69c51db,0,102821,102821,0,0,0,0,0,55.280108,1.1839395,0.032245984,0.17639111,0.97530242,0.028886864,0.064491968,0.12231396,0.014441613,0.017639111,0.019028949,13.405944,0.015848932,0.050118723,0,0,0.0067031427,0.013086085,0,0,8.0625,0.97721117,0.02445385,11,16
s-bursty-short,warmup-x0.5,scaling,target_tracking,2,f566abcda885,0,90448,90448,0,0,0,0,0,48.627957,1.1842559,0.031809364,0.17227184,0.98017473,0.028263264,0.063618729,0.12159903,0.012146459,0.017227184,0.018446479,12.737517,0.012589254,0.039810717,0,0,0.006474002,0.012646475,0,0,8.1027778,0.97186312,0.020487055,11,16
s-bursty-short,warmup-x0.5,scaling,target_tracking,3,1fc1c1dca02c,0,127097,127097,0,0,0,0,0.041928606,65.466667,1.5893394,0.1044108,0.27965381,0.99563172,0.030077872,0.20882159,20.534201,0.015402711,0.027965381,0.031205358,18.770432,0.015848932,0.063095734,0,0,0.59823534,0.11549609,0,0,8.2305556,0.97767099,0.031398078,11,16
s-bursty-short,warmup-x0.5,scaling,target_tracking,4,d0e2f79f5d55,0,145301,145301,0,0,0,0,0,78.118817,1.1781444,0.033177554,0.17756098,0.96740591,0.029847105,0.066355109,0.12506963,0.015794444,0.017756098,0.019179682,14.009109,0.015848932,0.050118723,0,0,0.0070733673,0.013493468,0,0,7.9972222,0.97310436,0.036897332,11,16
s-bursty-short,warmup-x0.5,scaling,target_tracking,5,06bc7fdc7c6c,0,123252,123252,0,0,0,0,0,66.264516,1.1743799,0.032456043,0.17485401,0.96706989,0.02928426,0.064912086,0.12245693,0.0152697,0.017485401,0.018859919,13.677665,0.015848932,0.050118723,0,0,0.0068319465,0.013176012,0,0,7.9944444,0.9717055,0.030362806,11,16
s-bursty-short,warmup-x0.5,scaling,target_tracking,6,376d05259c1d,0,120768,120768,0,0,0,0,0,64.929032,1.1867848,0.0325057,0.17561642,0.97866263,0.029237132,0.0650114,0.12289909,0.015339357,0.017561642,0.019368768,13.771617,0.015848932,0.050118723,0,0,0.0068762357,0.013299985,0,0,8.0902778,0.9731236,0.029306659,11,16
s-bursty-short,warmup-x0.5,scaling,target_tracking,7,1ae66c3ddb33,0,144260,144260,0,0,0,0,0,77.55914,1.1941247,0.033303716,0.18350245,0.97731855,0.030013584,0.066607432,0.12640115,0.015914563,0.018350245,0.021097669,14.165718,0.015848932,0.050118723,0,0,0.0071934329,0.013687653,0,0,8.0791667,0.97682321,0.036603701,11,16
s-bursty-short,warmup-x0.5,scaling,target_tracking,8,32ad69b77d17,0,159742,159742,0,0,0,0,0.027406693,83.529032,1.3979883,0.054030434,0.21129271,0.99563172,0.030632633,0.10806087,13.569162,0.016026704,0.021129271,0.030735545,17.122647,0.015848932,0.063095734,0,0,0.31599505,0.015323401,0,0,8.2305556,0.97193169,0.041766577,11,16
s-bursty-short,warmup-x0.5,scaling,target_tracking,9,8e892c5b9715,0,112248,112248,0,0,0,0,0,60.348387,1.1826067,0.032175245,0.1734489,0.97698253,0.028786493,0.06435049,0.12105402,0.014736427,0.01734489,0.018669184,13.209779,0.015848932,0.050118723,0,0,0.0067105531,0.01298128,0,0,8.0763889,0.97220523,0.026316692,11,16
s-bursty-short,warmup-x0.5,scaling,target_tracking,10,ef1c2e71ac9b,0,87416,87416,0,0,0,0,0,46.997849,1.1981898,0.032020146,0.17053789,0.99563172,0.027909924,0.064040293,0.12343867,0.012007313,0.017053789,0.020637055,12.421652,0.012589254,0.039810717,0,0,0.0064843855,0.012399943,0,0,8.2305556,0.9772875,0.018925855,11,16
s-bursty-short,warmup-x0.5,scaling,slo_feedback,1,c39db69c51db,0,102821,101912,0,0,0,909,0.32139349,37.513441,20.050033,17.546947,0.31705695,0.57906185,0.045403656,35.093893,61.105444,0.020692458,0.031705695,0.035016097,46.636639,0.019952623,0.1,0,0,5.7026353,35.052971,0,0,4.7869113,0.99987123,0.066038156,86,16
s-bursty-short,warmup-x0.5,scaling,slo_feedback,2,f566abcda885,0,90448,90448,0,0,0,0,0.089067752,44.296774,16.508323,15.212228,0.30438469,0.5463716,0.034265657,30.424456,69.031676,0.017693542,0.030438469,0.033089145,41.396003,0.015848932,0.079432823,0,0,3.3318528,30.384424,0,0,4.5166719,0.98266623,0.055529958,90,16
s-bursty-short,warmup-x0.5,scaling,slo_feedback,3,1fc1c1dca02c,0,127097,127097,0,0,0,0,0.21195622,53.848387,24.311349,22.318997,0.31228348,0.6202869,0.038907774,44.637994,70.96702,0.019338328,0.031228348,0.034328831,53.600437,0.019952623,0.079432823,0,0,5.7805293,44.602564,0,0,5.1277051,0.966404,0.074974344,92,16
s-bursty-short,warmup-x0.5,scaling,slo_feedback,4,d0e2f79f5d55,0,145301,145301,0,0,0,0,0.14892533,66.484946,9.1840635,7.5379067,0.31166752,0.58986258,0.040238176,15.075813,55.864405,0.021459501,0.031166752,0.034077836,31.697345,0.019952623,0.1,0,0,2.5635186,15.037614,0,0,4.8761974,0.98661892,0.096343723,89,16
s-bursty-short,warmup-x0.5,scaling,slo_feedback,5,06bc7fdc7c6c,0,123252,123252,0,0,0,0,0.25288028,49.507527,15.690361,13.462162,0.31623287,0.64756521,0.041058304,26.924324,44.59353,0.020851691,0.031623287,0.035082339,37.798543,0.019952623,0.079432823,0,0,4.4281811,26.867887,0,0,5.3532057,0.97706433,0.070845567,89,16
s-bursty-short,warmup-x0.5,scaling,slo_feedback,6,376d05259c1d,0,120768,120768,0,0,0,0,0.31609367,44.405376,54.959578,52.453551,0.31688498,0.60867431,0.042962646,104.9071,211.28954,0.019741156,0.031688498,0.034965097,115.8179,0.019952623,0.1,0,0,19.180798,104.87427,0,0,5.0317077,0.9912694,0.072915683,78,16
s-bursty-short,warmup-x0.5,scaling,slo_feedback,7,1ae66c3ddb33,0,144260,144260,0,0,0,0,0.34189658,51.041935,43.558122,40.861106,0.3195498,0.66798279,0.050055786,81.722213,171.70639,0.022942588,0.03195498,0.035433577,90.273483,0.025118864,0.1,0,0,12.062677,81.68391,0,0,5.5219911,0.97787868,0.084624238,81,16
s-bursty-short,warmup-x0.5,scaling,slo_feedback,8,32ad69b77d17,0,159742,159742,0,0,0,0,0.28380138,61.50914,17.128955,14.697901,0.31748238,0.69456496,0.044493385,29.395802,56.647234,0.021616036,0.031748238,0.034811996,40.489158,0.019952623,0.1,0,0,4.6396924,29.353764,0,0,5.741737,0.97650176,0.08943722,87,16
s-bursty-short,warmup-x0.5,scaling,slo_feedback,9,8e892c5b9715,0,112248,112248,0,0,0,0,0.14385112,51.667204,23.173296,21.537486,0.30768896,0.60886611,0.035235362,43.074972,208.42797,0.017128849,0.030768896,0.03340371,53.699506,0.015848932,0.079432823,0,0,7.5727887,43.038802,0,0,5.0332931,0.96732661,0.062101818,84,16
s-bursty-short,warmup-x0.5,scaling,slo_feedback,10,ef1c2e71ac9b,0,87416,87365,0,0,0,51,0.23222293,36.083871,46.365966,44.290843,0.31117734,0.60283078,0.036722204,88.581686,164.21233,0.01621629,0.031117734,0.03398105,97.040765,0.015848932,0.079432823,0,0,11.016221,88.531005,0,0,4.9834011,0.99795307,0.048891331,87,16
s-bursty-short,warmup-x0.5,scaling,predictive,1,c39db69c51db,0,102821,102821,0,0,0,0,0.11875006,48.715591,9.1058299,7.6968054,0.30662669,0.50864752,0.034140417,15.393611,24.185299,0.016410956,0.030662669,0.034487163,25.825331,0.015848932,0.079432823,0,0,1.6249146,15.341958,0,0,4.2048195,0.97897186,0.070135852,116,16
s-bursty-short,warmup-x0.5,scaling,predictive,2,f566abcda885,0,90448,90448,0,0,0,0,0.12548647,42.525806,8.7807077,7.4058098,0.30760645,0.43985912,0.033298419,14.81162,23.632159,0.015896328,0.030760645,0.0353754,25.191453,0.015848932,0.079432823,0,0,1.6243062,14.765667,0,0,3.6361688,0.99635428,0.066585132,94,16
s-bursty-short,warmup-x0.5,scaling,predictive,3,1fc1c1dca02c,0,127097,127097,0,0,0,0,0.24799956,51.385484,15.446423,13.228902,0.31685856,0.66066441,0.03962158,26.457805,46.420333,0.0173817,0.031685856,0.036294476,36.177978,0.015848932,0.079432823,0,0,4.2123938,26.404791,0,0,5.4614924,0.9755508,0.076640728,199,17
s-bursty-short,warmup-x0.5,scaling,predictive,4,d0e2f79f5d55,0,145301,145301,0,0,0,0,0.10849891,69.643011,8.1189691,6.6155862,0.3045481,0.65634031,0.033781653,13.231172,24.473984,0.016666988,0.03045481,0.03443951,25.109158,0.015848932,0.079432823,0,0,1.4508246,13.184518,0,0,5.4257466,0.97521049,0.074149894,123,19
s-bursty-short,warmup-x0.5,scaling,predictive,5,06bc7fdc7c6c,0,123252,123252,0,0,0,0,0.22526206,51.337634,18.470451,16.395907,0.31418929,0.63404456,0.037206702,32.791814,66.988128,0.017397358,0.031418929,0.035177695,42.642489,0.015848932,0.079432823,0,0,5.1452846,32.737755,0,0,5.241435,0.99605985,0.075926804,190,18
s-bursty-short,warmup-x0.5,scaling,predictive,6,376d05259c1d,0,120768,120768,0,0,0,0,0.18678789,52.801075,10.334612,8.4992579,0.31408868,0.58732574,0.03758117,16.998516,24.78329,0.017843857,0.031408868,0.036325208,27.490798,0.015848932,0.079432823,0,0,2.3654695,16.957625,0,0,4.8552261,0.99725424,0.079583892,168,16
s-bursty-short,warmup-x0.5,scaling,predictive,7,1ae66c3ddb33,0,144260,144260,0,0,0,0,0.16186053,65.005376,10.525259,8.7546247,0.31096247,0.65036894,0.035745254,17.509249,26.794372,0.017121342,0.031096247,0.035885176,27.898423,0.015848932,0.079432823,0,0,2.1817401,17.469084,0,0,5.3763833,0.97656821,0.078228087,129,16
s-bursty-short,warmup-x0.5,scaling,predictive,8,32ad69b77d17,0,159742,159742,0,0,0,0,0.12200924,75.404301,8.1525545,6.522014,0.30659835,0.71389599,0.035028392,13.044028,23.10214,0.01707916,0.030659835,0.034191617,24.941518,0.015848932,0.079432823,0,0,1.4420841,13.000105,0,0,5.9015402,0.99769707,0.078766833,138,18
s-bursty-short,warmup-x0.5,scaling,predictive,9,8e892c5b9715,0,112248,112248,0,0,0,0,0.26719407,44.223656,17.199232,14.893329,0.31727984,0.65265281,0.038937197,29.786659,107.53219,0.017380991,0.031727984,0.035913859,42.609424,0.015848932,0.079432823,0,0,6.477925,29.741552,0,0,5.3952632,0.99699604,0.070226991,224,18
s-bursty-short,warmup-x0.5,scaling,predictive,10,ef1c2e71ac9b,0,87416,87416,0,0,0,0,0.14166743,40.339785,81.994384,80.40561,0.30658932,0.57384708,0.032632419,160.81122,334.67654,0.015482652,0.030658932,0.033392374,168.15186,0.015848932,0.079432823,0,0,17.069889,160.75868,0,0,4.7438025,0.99387967,0.04839921,122,17
s-bursty-short,warmup-x2,scaling,static_min,1,c39db69c51db,0,102821,31939,0,0,0,70882,0.99627508,0.20591398,706.05454,700.67899,0.32956502,0.064614345,667.64336,1401.358,1439.9762,0.029741422,0.032956502,0.036152547,1408.3134,0.025118864,0.1,0,0,684.33044,1401.2953,0,0,0.53414525,0.99980217,0.23092197,4,5
s-bursty-short,warmup-x2,scaling,static_min,2,f566abcda885,0,90448,31745,0,0,0,58703,0.99523483,0.23172043,702.23859,696.86942,0.32816059,0.064840663,647.78739,1393.7388,1456.9703,0.029863456,0.032816059,0.036013881,1400.5711,0.025118864,0.1,0,0,667.90792,1393.7022,0,0,0.53601614,0.99965151,0.23220972,4,5
s-bursty-short,warmup-x2,scaling,static_min,3,1fc1c1dca02c,0,127097,32187,0,0,0,94910,0.99385509,0.41989247,752.44784,747.08556,0.32665208,0.066356338,798.65773,1494.1711,1546.6436,0.029713975,0.032665208,0.036053727,1502.0616,0.025118864,0.1,0,0,779.39004,1494.1469,0,0,0.54854573,0.99991925,0.22746593,4,5
s-bursty-short,warmup-x2,scaling,static_min,4,d0e2f79f5d55,0,145301,32073,0,0,0,113228,0.99668963,0.25860215,634.80089,629.42194,0.33094963,0.064557839,504.1161,1258.8439,1323.2242,0.029858689,0.033094963,0.03623251,1265.7157,0.025118864,0.1,0,0,574.82024,1258.8113,0,0,0.53367813,0.99979155,0.23189769,4,5
s-bursty-short,warmup-x2,scaling,static_min,5,06bc7fdc7c6c,0,123252,31820,0,0,0,91432,0.99651933,0.23064516,608.56997,603.1911,0.33128834,0.064993796,491.05723,1206.3822,1271.4988,0.029914138,0.033128834,0.03618776,1213.7979,0.025118864,0.1,0,0,562.0759,1206.3545,0,0,0.53728204,0.99969066,0.23283325,4,5
s-bursty-short,warmup-x2,scaling,static_min,6,376d05259c1d,0,120768,31621,0,0,0,89147,0.99634837,0.23709677,670.58013,665.20392,0.32897863,0.065490616,645.09903,1330.4078,1366.5226,0.029788368,0.032897863,0.036421248,1338.3733,0.025118864,0.1,0,0,660.62213,1330.3765,0,0,0.54138909,0.99988595,0.23034363,4,5
s-bursty-short,warmup-x2,scaling,static_min,7,1ae66c3ddb33,0,144260,32062,0,0,0,112198,0.99712325,0.22311828,645.69175,640.30713,0.3338474,0.065156822,694.0585,1280.6143,1345.7369,0.029933489,0.03338474,0.036680656,1288.5337,0.025118864,0.1,0,0,660.72953,1280.5781,0,0,0.53862973,0.99984116,0.23020727,4,5
s-bursty-short,warmup-x2,scaling,static_min,8,32ad69b77d17,0,159742,32416,0,0,0,127326,0.99517973,0.41397849,773.07665,767.70433,0.33011577,0.066307117,788.15778,1535.4087,1604.6569,0.029803662,0.033011577,0.03638382,1543.8214,0.025118864,0.1,0,0,790.47667,1535.3774,0,0,0.54813884,0.99991117,0.22891139,4,5
s-bursty-short,warmup-x2,scaling,static_min,9,8e892c5b9715,0,112248,31933,0,0,0,80315,0.99584848,0.25053763,667.39468,662.02019,0.33018152,0.065060241,586.80049,1324.0404,1390.6203,0.029867954,0.033018152,0.036298006,1331.5721,0.025118864,0.1,0,0,638.41153,1324.0094,0,0,0.53783133,0.99960588,0.23057425,4,5
s-bursty-short,warmup-x2,scaling,static_min,10,ef1c2e71ac9b,0,87416,32853,0,0,0,54563,0.99097419,0.42419355,596.6323,591.28061,0.33100269,0.065808563,637.55007,1182.5612,1246.6329,0.029972815,0.033100269,0.036225769,1190.0513,0.025118864,0.1,0,0,613.83152,1182.5333,0,0,0.54401745,0.99994689,0.22856084,4,5
s-bursty-short,warmup-x2,scaling,static_tuned,1,c39db69c51db,0,102821,102821,0,0,0,0,0,55.280108,0.95347293,0.035681905,0.23129909,0.68649194,0.032039084,0.071363811,0.13958006,0.016676198,0.023129909,0.025863302,16.015292,0.015848932,0.063095734,0,0,0.008199796,0.016553958,0,0,5.675,0.9776686,0.042665498,6,11
s-bursty-short,warmup-x2,scaling,static_tuned,2,f566abcda885,0,90448,90448,0,0,0,0,0,48.627957,0.94523378,0.034364604,0.22437724,0.68649194,0.030595541,0.068729207,0.13467029,0.013169247,0.022437724,0.024339047,14.931831,0.015848932,0.063095734,0,0,0.0074934637,0.01556343,0,0,5.675,0.97221629,0.035053874,6,11
s-bursty-short,warmup-x2,scaling,static_tuned,3,1fc1c1dca02c,0,127097,127097,0,0,0,0,0.20192451,54.533871,34.229049,32.225533,0.30740073,0.68649194,0.036566886,64.451067,82.988917,0.019910166,0.030740073,0.033038597,71.026935,0.019952623,0.079432823,0,0,7.4567178,64.411732,0,0,5.675,0.97788064,0.060188245,6,11
s-bursty-short,warmup-x2,scaling,static_tuned,4,d0e2f79f5d55,0,145301,145301,0,0,0,0,0,78.118817,0.95590228,0.037093519,0.23231683,0.68649194,0.034042003,0.074187039,0.14399342,0.020198449,0.023231683,0.025355725,17.317044,0.019952623,0.079432823,0,0,0.0088372057,0.017012172,0,0,5.675,0.97451779,0.066291023,6,11
s-bursty-short,warmup-x2,scaling,static_tuned,5,06bc7fdc7c6c,0,123252,123252,0,0,0,0,0,66.264516,0.94780895,0.035779217,0.2255378,0.68649194,0.032626275,0.071558433,0.13869863,0.018843496,0.02255378,0.024607947,16.459053,0.019952623,0.063095734,0,0,0.0082682302,0.016269705,0,0,5.675,0.97330082,0.052662927,6,11
s-bursty-short,warmup-x2,scaling,static_tuned,6,376d05259c1d,0,120768,120768,0,0,0,0,0,64.929032,0.95159976,0.035821741,0.22928608,0.68649194,0.032874492,0.071643483,0.13908982,0.019335431,0.022928608,0.025036144,16.732198,0.019952623,0.063095734,0,0,0.008404934,0.016649811,0,0,5.675,0.97363666,0.05216443,6,11
s-bursty-short,warmup-x2,scaling,static_tuned,7,1ae66c3ddb33,0,144260,144260,0,0,0,0,0.069957022,72.133333,7.9974101,6.6694839,0.29164907,0.68649194,0.035319459,13.338968,38.809145,0.020647765,0.029164907,0.031800945,30.415924,0.019952623,0.079432823,0,0,1.630027,13.306115,0,0,5.675,0.97867891,0.068718147,6,11
s-bursty-short,warmup-x2,scaling,static_tuned,8,32ad69b77d17,0,159742,159742,0,0,0,0,0.20506191,68.271505,37.03156,35.01065,0.3091086,0.68649194,0.0384761,70.0213,101.61257,0.021057502,0.03091086,0.03320929,77.569226,0.019952623,0.079432823,0,0,8.5325325,69.974854,0,0,5.675,0.97160444,0.083170558,6,11
s-bursty-short,warmup-x2,scaling,static_tuned,9,8e892c5b9715,0,112248,112248,0,0,0,0,0.02436569,58.877957,1.105,0.054753565,0.24192603,0.68649194,0.032422003,0.10950713,7.1951818,0.017978481,0.024192603,0.030859251,16.783777,0.015848932,0.063095734,0,0,0.17112237,0.022587589,0,0,5.675,0.97448139,0.046774282,6,11
s-bursty-short,warmup-x2,scaling,static_tuned,10,ef1c2e71ac9b,0,87416,87416,0,0,0,0,0.091459229,42.699462,8.8398914,7.3971067,0.29899661,0.68649194,0.031100566,14.794213,26.525692,0.01269976,0.029899661,0.032189796,25.125189,0.012589254,0.063095734,0,0,1.454041,14.753691,0,0,5.675,0.9762786,0.034558071,6,11
s-bursty-short,warmup-x2,scaling,static_peak_oracle,1,c39db69c51db,0,102821,102821,0,0,0,0,0,55.280108,0.95347293,0.035681905,0.23129909,0.68649194,0.032039084,0.071363811,0.13958006,0.016676198,0.023129909,0.025863302,16.015292,0.015848932,0.063095734,0,0,0.008199796,0.016553958,0,0,5.675,0.9776686,0.042665498,6,11
s-bursty-short,warmup-x2,scaling,static_peak_oracle,2,f566abcda885,0,90448,90448,0,0,0,0,0,48.627957,0.94523378,0.034364604,0.22437724,0.68649194,0.030595541,0.068729207,0.13467029,0.013169247,0.022437724,0.024339047,14.931831,0.015848932,0.063095734,0,0,0.0074934637,0.01556343,0,0,5.675,0.97221629,0.035053874,6,11
s-bursty-short,warmup-x2,scaling,static_peak_oracle,3,1fc1c1dca02c,0,127097,127097,0,0,0,0,0.20192451,54.533871,34.229049,32.225533,0.30740073,0.68649194,0.036566886,64.451067,82.988917,0.019910166,0.030740073,0.033038597,71.026935,0.019952623,0.079432823,0,0,7.4567178,64.411732,0,0,5.675,0.97788064,0.060188245,6,11
s-bursty-short,warmup-x2,scaling,static_peak_oracle,4,d0e2f79f5d55,0,145301,145301,0,0,0,0,0,78.118817,0.95590228,0.037093519,0.23231683,0.68649194,0.034042003,0.074187039,0.14399342,0.020198449,0.023231683,0.025355725,17.317044,0.019952623,0.079432823,0,0,0.0088372057,0.017012172,0,0,5.675,0.97451779,0.066291023,6,11
s-bursty-short,warmup-x2,scaling,static_peak_oracle,5,06bc7fdc7c6c,0,123252,123252,0,0,0,0,0,66.264516,0.94780895,0.035779217,0.2255378,0.68649194,0.032626275,0.071558433,0.13869863,0.018843496,0.02255378,0.024607947,16.459053,0.019952623,0.063095734,0,0,0.0082682302,0.016269705,0,0,5.675,0.97330082,0.052662927,6,11
s-bursty-short,warmup-x2,scaling,static_peak_oracle,6,376d05259c1d,0,120768,120768,0,0,0,0,0,64.929032,0.95159976,0.035821741,0.22928608,0.68649194,0.032874492,0.071643483,0.13908982,0.019335431,0.022928608,0.025036144,16.732198,0.019952623,0.063095734,0,0,0.008404934,0.016649811,0,0,5.675,0.97363666,0.05216443,6,11
s-bursty-short,warmup-x2,scaling,static_peak_oracle,7,1ae66c3ddb33,0,144260,144260,0,0,0,0,0.069957022,72.133333,7.9974101,6.6694839,0.29164907,0.68649194,0.035319459,13.338968,38.809145,0.020647765,0.029164907,0.031800945,30.415924,0.019952623,0.079432823,0,0,1.630027,13.306115,0,0,5.675,0.97867891,0.068718147,6,11
s-bursty-short,warmup-x2,scaling,static_peak_oracle,8,32ad69b77d17,0,159742,159742,0,0,0,0,0.20506191,68.271505,37.03156,35.01065,0.3091086,0.68649194,0.0384761,70.0213,101.61257,0.021057502,0.03091086,0.03320929,77.569226,0.019952623,0.079432823,0,0,8.5325325,69.974854,0,0,5.675,0.97160444,0.083170558,6,11
s-bursty-short,warmup-x2,scaling,static_peak_oracle,9,8e892c5b9715,0,112248,112248,0,0,0,0,0.02436569,58.877957,1.105,0.054753565,0.24192603,0.68649194,0.032422003,0.10950713,7.1951818,0.017978481,0.024192603,0.030859251,16.783777,0.015848932,0.063095734,0,0,0.17112237,0.022587589,0,0,5.675,0.97448139,0.046774282,6,11
s-bursty-short,warmup-x2,scaling,static_peak_oracle,10,ef1c2e71ac9b,0,87416,87416,0,0,0,0,0.091459229,42.699462,8.8398914,7.3971067,0.29899661,0.68649194,0.031100566,14.794213,26.525692,0.01269976,0.029899661,0.032189796,25.125189,0.012589254,0.063095734,0,0,1.454041,14.753691,0,0,5.675,0.9762786,0.034558071,6,11
s-bursty-short,warmup-x2,scaling,threshold_cooldown,1,c39db69c51db,0,102821,102821,0,0,0,0,0.22078175,43.075269,44.91826,42.901293,0.31191563,0.60114247,0.039859167,85.802585,102.11577,0.022912378,0.031191563,0.033921314,93.358988,0.019952623,0.079432823,0,0,12.220941,85.758405,0,0,4.9694444,0.97022501,0.061867967,10,13
s-bursty-short,warmup-x2,scaling,threshold_cooldown,2,f566abcda885,0,90448,90448,0,0,0,0,0.32991332,32.584946,53.034789,50.534984,0.3163005,0.53393817,0.039601622,101.06997,117.06374,0.014815446,0.03163005,0.034386172,107.90921,0.015848932,0.079432823,0,0,17.364019,101.02818,0,0,4.4138889,0.96917968,0.057358855,6,11
s-bursty-short,warmup-x2,scaling,threshold_cooldown,3,1fc1c1dca02c,0,127097,127097,0,0,0,0,0.23974602,51.949462,34.482071,32.225533,0.30937619,0.74843163,0.037731879,64.451067,82.988917,0.020086194,0.030937619,0.033356255,72.182719,0.019952623,0.079432823,0,0,10.088682,64.411732,0,0,6.1870348,0.97464007,0.058845759,14,15
s-bursty-short,warmup-x2,scaling,threshold_cooldown,4,d0e2f79f5d55,0,145301,145301,0,0,0,0,0.56080825,34.30914,56.975839,53.187999,0.32452453,0.65927419,22.993742,106.376,116.67706,0.02820563,0.032452453,0.035864598,115.7235,0.025118864,0.1,0,0,40.217691,106.32531,0,0,5.45,0.96070823,0.090597289,10,15
s-bursty-short,warmup-x2,scaling,threshold_cooldown,5,06bc7fdc7c6c,0,123252,123252,0,0,0,0,0.32271282,44.880108,39.34916,36.76843,0.31646059,0.65070565,0.042926361,73.53686,85.662341,0.021195543,0.031646059,0.034529252,80.878116,0.019952623,0.1,0,0,15.209859,73.492925,0,0,5.3791667,0.95659389,0.072306002,11,16
s-bursty-short,warmup-x2,scaling,threshold_cooldown,6,376d05259c1d,0,120768,120768,0,0,0,0,0.15590223,54.806452,13.033207,11.217753,0.30553876,0.73040431,0.035811249,22.435506,30.167336,0.018751148,0.030553876,0.033226971,31.535081,0.019952623,0.079432823,0,0,2.9360087,22.390839,0,0,6.0380089,0.97067599,0.055831305,12,15
s-bursty-short,warmup-x2,scaling,threshold_cooldown,7,1ae66c3ddb33,0,144260,144260,0,0,0,0,0.27098988,56.541398,17.338163,14.974533,0.31412474,0.69455645,0.039271715,29.949065,38.945563,0.019995278,0.031412474,0.034082091,39.254705,0.019952623,0.079432823,0,0,5.3098994,29.907998,0,0,5.7416667,0.96660165,0.075959195,11,16
s-bursty-short,warmup-x2,scaling,threshold_cooldown,8,32ad69b77d17,0,159742,159742,0,0,0,0,0.23821537,65.424194,45.303942,42.979476,0.31176584,0.82162316,0.039215176,85.958952,101.61257,0.019925072,0.031176584,0.033753478,92.265214,0.019952623,0.079432823,0,0,13.525609,85.91529,0,0,6.7920848,0.96294546,0.072895893,15,16
s-bursty-short,warmup-x2,scaling,threshold_cooldown,9,8e892c5b9715,0,112248,112248,0,0,0,0,0.26521631,44.343011,15.549862,13.143213,0.31309392,0.76747312,0.037409336,26.286426,34.022761,0.016285848,0.031309392,0.034019141,35.352234,0.015848932,0.079432823,0,0,4.5272432,26.238566,0,0,6.3444444,0.96234703,0.04912073,11,16
s-bursty-short,warmup-x2,scaling,threshold_cooldown,10,ef1c2e71ac9b,0,87416,87416,0,0,0,0,0.091459229,42.699462,8.8513262,7.3971067,0.3006867,0.69623656,0.032143238,14.794213,26.525692,0.013082622,0.03006867,0.032470505,25.364976,0.012589254,0.079432823,0,0,1.4546404,14.753691,0,0,5.7555556,0.97599868,0.036519387,10,13
s-bursty-short,warmup-x2,scaling,target_tracking,1,c39db69c51db,0,102821,102821,0,0,0,0,0.052858852,52.358065,2.6576181,1.1217978,0.29454351,0.97698253,0.03021116,2.2435955,16.834379,0.014806103,0.029454351,0.033435076,18.29683,0.015848932,0.063095734,0,0,0.55869506,2.204008,0,0,8.0763889,0.97613785,0.02785881,11,16
s-bursty-short,warmup-x2,scaling,target_tracking,2,f566abcda885,0,90448,90448,0,0,0,0,0,48.627957,1.2000072,0.033120422,0.18671206,0.98017473,0.028698455,0.066240844,0.13184943,0.012583307,0.018671206,0.026063603,13.175616,0.012589254,0.050118723,0,0,0.0075681951,0.013243355,0,0,8.1027778,0.97013967,0.022252621,11,16
s-bursty-short,warmup-x2,scaling,target_tracking,3,1fc1c1dca02c,0,127097,127097,0,0,0,0,0.15259998,57.904301,34.287482,32.225533,0.30331718,0.99563172,0.031782556,64.451067,82.988917,0.015693495,0.030331718,0.032443271,70.955803,0.015848932,0.079432823,0,0,7.1971191,64.411732,0,0,8.2305556,0.97613366,0.036622313,11,16
s-bursty-short,warmup-x2,scaling,target_tracking,4,d0e2f79f5d55,0,145301,145301,0,0,0,0,0,78.118817,1.1801773,0.033113071,0.1796583,0.96740591,0.030094035,0.066226142,0.1258743,0.01586924,0.01796583,0.019370922,14.176798,0.015848932,0.050118723,0,0,0.0071673975,0.013591237,0,0,7.9972222,0.97142033,0.039375424,11,16
s-bursty-short,warmup-x2,scaling,target_tracking,5,06bc7fdc7c6c,0,123252,123252,0,0,0,0,0,66.264516,1.1843651,0.032538209,0.17366828,0.9781586,0.029311066,0.065076419,0.12258559,0.015266097,0.017366828,0.018817305,13.716135,0.015848932,0.050118723,0,0,0.0068532298,0.013174599,0,0,8.0861111,0.97038821,0.031818789,11,16
s-bursty-short,warmup-x2,scaling,target_tracking,6,376d05259c1d,0,120768,120768,0,0,0,0,0,64.929032,1.1907956,0.032748935,0.17938408,0.97866263,0.029488662,0.06549787,0.12329483,0.015461465,0.017938408,0.019967033,13.965525,0.015848932,0.050118723,0,0,0.0069927338,0.013400303,0,0,8.0902778,0.97264917,0.031362809,11,16
s-bursty-short,warmup-x2,scaling,target_tracking,7,1ae66c3ddb33,0,144260,144260,0,0,0,0,0.078365451,71.481183,9.7610093,8.0979463,0.29391724,0.97731855,0.030950188,16.195893,38.809145,0.01599031,0.029391724,0.03185953,28.403227,0.015848932,0.063095734,0,0,1.7749151,16.151097,0,0,8.0791667,0.97574053,0.041246914,11,16
s-bursty-short,warmup-x2,scaling,target_tracking,8,32ad69b77d17,0,159742,159742,0,0,0,0,0.15063039,72.946237,37.065368,35.01065,0.30593384,0.99563172,0.032793593,70.0213,101.61257,0.016257126,0.030593384,0.033142072,77.569226,0.015848932,0.079432823,0,0,7.8391644,69.974854,0,0,8.2305556,0.97019076,0.049097858,11,16
s-bursty-short,warmup-x2,scaling,target_tracking,9,8e892c5b9715,0,112248,112248,0,0,0,0,0.02436569,58.877957,1.3395207,0.049890863,0.19065089,0.97715054,0.029362269,0.099781725,7.1951818,0.014967068,0.019065089,0.030766845,14.560306,0.015848932,0.050118723,0,0,0.16991493,0.014282266,0,0,8.0777778,0.97135191,0.02892934,11,16
s-bursty-short,warmup-x2,scaling,target_tracking,10,ef1c2e71ac9b,0,87416,87416,0,0,0,0,0.091459229,42.699462,9.1489213,7.3971067,0.29888671,0.99563172,0.029245963,14.794213,26.525692,0.012069638,0.029888671,0.032158236,24.21653,0.012589254,0.063095734,0,0,1.4534021,14.753691,0,0,8.2305556,0.97547651,0.022239475,11,16
s-bursty-short,warmup-x2,scaling,slo_feedback,1,c39db69c51db,0,102821,101900,0,0,0,921,0.31740598,37.733871,388.76669,386.19388,0.3137831,0.67199932,0.037477964,772.38776,984.25507,0.016804056,0.03137831,0.033920016,779.34357,0.015848932,0.079432823,0,0,105.38581,772.32924,0,0,5.5551944,0.99993124,0.055307692,38,16
s-bursty-short,warmup-x2,scaling,slo_feedback,2,f566abcda885,0,90448,81331,0,0,0,9117,0.52806032,22.949462,303.89387,300.33277,0.32141836,0.59937884,0.078813908,600.66555,763.96446,0.023644637,0.032141836,0.035247177,607.42009,0.025118864,0.1,0,0,104.64097,600.59533,0,0,4.9548651,0.98777893,0.059096689,42,16
s-bursty-short,warmup-x2,scaling,slo_feedback,3,1fc1c1dca02c,0,127097,127090,0,0,0,7,0.64588464,24.197312,130.19277,126.07535,0.32769949,0.56028972,21.006485,252.15071,295.80973,0.028986031,0.032769949,0.036507004,259.62133,0.025118864,0.1,0,0,62.202968,252.12031,0,0,4.6317284,0.99936843,0.12054682,49,16
s-bursty-short,warmup-x2,scaling,slo_feedback,4,d0e2f79f5d55,0,145301,144004,0,0,0,1297,0.66333336,26.3,99.948468,95.763293,0.32636743,0.54214137,21.531049,191.52659,227.42882,0.029093008,0.032636743,0.036415357,198.62501,0.025118864,0.1,0,0,50.563173,191.47661,0,0,4.481702,0.99082694,0.15398094,49,16
s-bursty-short,warmup-x2,scaling,slo_feedback,5,06bc7fdc7c6c,0,123252,119239,0,0,0,4013,0.54907831,29.880108,84.251607,80.680163,0.32440678,0.50164611,5.5265973,161.36033,284.38123,0.028175471,0.032440678,0.035967355,168.74111,0.025118864,0.1,0,0,29.033978,161.33288,0,0,4.1469412,0.98381688,0.13405246,51,16
s-bursty-short,warmup-x2,scaling,slo_feedback,6,376d05259c1d,0,120768,120768,0,0,0,0,0.55025338,29.201613,57.993216,54.403379,0.32397793,0.51459275,9.9154845,108.80676,141.45431,0.028755426,0.032397793,0.035773549,115.99025,0.025118864,0.1,0,0,26.023717,108.755,0,0,4.2539667,0.99685029,0.12590461,54,13
s-bursty-short,warmup-x2,scaling,slo_feedback,7,1ae66c3ddb33,0,144260,126388,0,0,0,17872,0.63773049,28.097312,147.0323,142.94492,0.32550643,0.57321291,27.700146,285.88985,547.50155,0.028795913,0.032550643,0.035848188,296.13363,0.025118864,0.1,0,0,63.851888,285.83635,0,0,4.73856,0.96163182,0.12426767,47,16
s-bursty-short,warmup-x2,scaling,slo_feedback,8,32ad69b77d17,0,159742,158751,0,0,0,991,0.60394261,34.014516,105.53894,101.6036,0.3245761,0.5910465,16.963794,203.2072,450.73009,0.028799953,0.03245761,0.035880187,211.66299,0.025118864,0.1,0,0,55.633408,203.15823,0,0,4.8859844,0.95695343,0.15589371,47,16
s-bursty-short,warmup-x2,scaling,slo_feedback,9,8e892c5b9715,0,112248,112248,0,0,0,0,0.60615779,23.767742,132.45924,128.57935,0.32635922,0.52274758,14.827785,257.15869,355.05773,0.028952049,0.032635922,0.036302219,265.05103,0.025118864,0.1,0,0,58.261031,257.12391,0,0,4.32138,0.97444732,0.11973385,53,16
s-bursty-short,warmup-x2,scaling,slo_feedback,10,ef1c2e71ac9b,0,87416,87416,0,0,0,0,0.29238355,33.256452,178.7993,176.43838,0.31504465,0.58395747,0.040023341,352.87677,482.1936,0.01916069,0.031504465,0.034312158,360.72677,0.019952623,0.079432823,0,0,54.962681,352.82742,0,0,4.8273818,0.97726109,0.065658253,52,16
s-bursty-short,warmup-x2,scaling,predictive,1,c39db69c51db,0,102821,101022,0,0,0,1799,0.60917517,21.604839,111.00352,106.7764,0.32370216,0.85753961,40.33083,213.55281,283.57113,0.028600175,0.032370216,0.035874206,223.70062,0.025118864,0.1,0,0,70.04475,213.50461,0,0,7.0889941,0.96871154,0.0732052,124,20
s-bursty-short,warmup-x2,scaling,predictive,2,f566abcda885,0,90448,90446,0,0,0,2,0.4690651,25.81828,51.992048,48.700423,0.32225233,0.62404771,0.10800285,97.400845,151.26923,0.023522403,0.032225233,0.036140963,105.53774,0.025118864,0.1,0,0,24.481442,97.354118,0,0,5.1587944,0.99979536,0.089722455,172,19
s-bursty-short,warmup-x2,scaling,predictive,3,1fc1c1dca02c,0,127097,122327,0,0,0,4770,0.7224246,18.967204,143.55438,138.71143,0.32563633,0.90519382,24.418364,277.42286,427.65322,0.029238484,0.032563633,0.035659888,294.85698,0.025118864,0.1,0,0,74.730829,277.37774,0,0,7.4829356,0.97144423,0.10404336,174,19
s-bursty-short,warmup-x2,scaling,predictive,4,d0e2f79f5d55,0,145301,140201,0,0,0,5100,0.39861391,46.97957,67.861342,64.797969,0.32129659,0.74900717,0.065897265,129.59594,169.59549,0.025266573,0.032129659,0.035806317,139.58654,0.025118864,0.1,0,0,28.754243,129.55491,0,0,6.1917926,0.99983363,0.13608276,194,21
s-bursty-short,warmup-x2,scaling,predictive,5,06bc7fdc7c6c,2,123252,121873,0,255,0,1124,0.69995619,19.882258,177.55872,172.95478,0.32609773,0.778062,35.076542,345.90955,454.38162,0.029201786,0.032609773,0.036363648,353.46162,0.025118864,0.1,0,0,84.088516,339.5588,265,0,6.4319792,0.9995315,0.13300218,190,19
s-bursty-short,warmup-x2,scaling,predictive,6,376d05259c1d,0,120768,93866,0,0,0,26902,0.58815249,26.74086,446.72775,442.59898,0.32088202,0.86712213,0.12256526,885.19796,999.47162,0.027797463,0.032088202,0.035582484,893.0948,0.025118864,0.1,0,0,152.25986,885.16601,0,0,7.1682096,0.96128481,0.097318337,183,21
s-bursty-short,warmup-x2,scaling,predictive,7,1ae66c3ddb33,0,144260,136212,0,0,0,8048,0.26511854,56.996774,71.5734,69.030045,0.3136283,0.90413349,0.03999924,138.06009,229.53198,0.019239196,0.03136283,0.034733333,147.94206,0.019952623,0.079432823,0,0,21.781459,138.01886,0,0,7.4741702,0.97897217,0.086482197,137,19
s-bursty-short,warmup-x2,scaling,predictive,8,32ad69b77d17,0,159742,157046,0,0,0,2696,0.57758135,36.278495,294.52307,290.38769,0.32696631,0.9205095,6.7974227,580.77537,780.32326,0.028693529,0.032696631,0.037174424,587.39242,0.025118864,0.1,0,0,80.899451,580.74021,0,0,7.6095452,0.99979336,0.12435789,166,20
s-bursty-short,warmup-x2,scaling,predictive,9,8e892c5b9715,0,112248,110433,0,0,0,1815,0.4972828,30.338172,218.21358,214.58196,0.32447085,0.82073319,1.3561059,429.16393,598.54007,0.028270133,0.032447085,0.035845603,436.78992,0.025118864,0.1,0,0,62.475521,429.0756,0,0,6.7847277,0.99932835,0.11498187,231,19
s-bursty-short,warmup-x2,scaling,predictive,10,ef1c2e71ac9b,0,87416,87416,0,0,0,0,0.33183857,31.402151,223.91917,221.18964,0.31669724,0.7536345,0.041272652,442.37928,546.51429,0.017531298,0.031669724,0.034651059,449.28434,0.015848932,0.079432823,0,0,68.520108,442.29479,0,0,6.2300452,0.98199387,0.07315938,183,19
s-bursty-short,scrape-0.25s,scaling,static_min,1,c39db69c51db,0,102821,31944,0,0,0,70877,0.99629453,0.20483871,705.79021,700.41389,0.32969171,0.065148811,667.13657,1400.8278,1439.5767,0.029739988,0.032969171,0.036188949,1407.914,0.025118864,0.1,0,0,683.91791,1400.7922,0,0,0.5385635,0.99982037,0.2290029,4,5
s-bursty-short,scrape-0.25s,scaling,static_min,2,f566abcda885,0,90448,31745,0,0,0,58703,0.99522377,0.23225806,702.23271,696.86346,0.32817646,0.064960716,647.77811,1393.7269,1457.0015,0.029862475,0.032817646,0.036062246,1400.5796,0.025118864,0.1,0,0,667.88904,1393.6903,0,0,0.53700858,0.9996468,0.2317497,4,5
s-bursty-short,scrape-0.25s,scaling,static_min,3,1fc1c1dca02c,0,127097,32177,0,0,0,94920,0.99385509,0.41989247,752.58769,747.22559,0.3264803,0.06634167,799.13306,1494.4512,1547.1565,0.029705956,0.03264803,0.03595704,1502.3368,0.025118864,0.1,0,0,779.76527,1494.4263,0,0,0.54842447,0.9999224,0.2274171,4,5
s-bursty-short,scrape-0.25s,scaling,static_min,4,d0e2f79f5d55,0,145301,32085,0,0,0,113216,0.99657951,0.2672043,634.73352,629.35473,0.33069667,0.065197399,503.74703,1258.7095,1323.094,0.029856927,0.033069667,0.03620348,1265.4452,0.025118864,0.1,0,0,574.36085,1258.6791,0,0,0.53896516,0.99979229,0.22958257,4,5
s-bursty-short,scrape-0.25s,scaling,static_min,5,06bc7fdc7c6c,0,123252,31829,0,0,0,91423,0.99652744,0.23010753,608.56005,603.18074,0.33099945,0.065679566,490.77028,1206.3615,1271.4118,0.029919925,0.033099945,0.03622737,1213.8606,0.025118864,0.1,0,0,561.85365,1206.3252,0,0,0.54295108,0.99968923,0.2303968,4,5
s-bursty-short,scrape-0.25s,scaling,static_min,6,376d05259c1d,0,120768,31620,0,0,0,89148,0.99634009,0.23763441,670.60983,665.23367,0.32895543,0.065506335,645.11358,1330.4673,1366.58,0.029789141,0.032895543,0.036452366,1338.4286,0.025118864,0.1,0,0,660.68056,1330.4281,0,0,0.54151903,0.99987369,0.2302591,4,5
s-bursty-short,scrape-0.25s,scaling,static_min,7,1ae66c3ddb33,0,144260,32067,0,0,0,112193,0.99710939,0.22419355,645.64664,640.26209,0.33356384,0.065434919,693.88338,1280.5242,1345.7898,0.029936595,0.033356384,0.036608285,1288.4216,0.025118864,0.1,0,0,660.61237,1280.4663,0,0,0.54092866,0.99985646,0.22919686,4,5
s-bursty-short,scrape-0.25s,scaling,static_min,8,32ad69b77d17,0,159742,32437,0,0,0,127305,0.99517973,0.41397849,772.92258,767.55025,0.33017991,0.06625663,787.34489,1535.1005,1604.7829,0.029810632,0.033017991,0.036395135,1543.3248,0.025118864,0.1,0,0,789.77569,1535.0617,0,0,0.54772147,0.99988726,0.22912703,4,5
s-bursty-short,scrape-0.25s,scaling,static_min,9,8e892c5b9715,0,112248,31930,0,0,0,80318,0.9958663,0.24946237,667.44223,662.06767,0.33006429,0.065160976,586.94094,1324.1353,1390.6386,0.029867443,0.033006429,0.036279883,1331.6285,0.025118864,0.1,0,0,638.49757,1324.0503,0,0,0.53866407,0.99959595,0.23020428,4,5
s-bursty-short,scrape-0.25s,scaling,static_min,10,ef1c2e71ac9b,0,87416,32829,0,0,0,54587,0.99108859,0.4188172,596.77664,591.42444,0.330807,0.065942538,638.57242,1182.8489,1247.0853,0.029962654,0.0330807,0.036125039,1190.1908,0.025118864,0.1,0,0,614.67149,1182.8127,0,0,0.54512498,0.99995088,0.22806918,4,5
s-bursty-short,scrape-0.25s,scaling,static_tuned,1,c39db69c51db,0,102821,102821,0,0,0,0,0,55.280108,0.94914786,0.035492335,0.22716359,0.68649194,0.031793767,0.070984671,0.13778973,0.016408673,0.022716359,0.024588348,15.856518,0.015848932,0.063095734,0,0,0.0080915257,0.016604519,0,0,5.675,0.97900414,0.041021119,6,11
s-bursty-short,scrape-0.25s,scaling,static_tuned,2,f566abcda885,0,90448,90448,0,0,0,0,0,48.627957,0.94326707,0.034479811,0.22229532,0.68649194,0.030515706,0.068959623,0.13371264,0.012720803,0.022229532,0.023985002,14.77811,0.012589254,0.063095734,0,0,0.0075381992,0.015694295,0,0,5.675,0.97300337,0.033741733,6,11
s-bursty-short,scrape-0.25s,scaling,static_tuned,3,1fc1c1dca02c,0,127097,127097,0,0,0,0,0.11628127,60.386022,14.97575,13.40832,0.29953179,0.68649194,0.034576932,26.816639,52.567247,0.019464377,0.029953179,0.032178459,37.259865,0.019952623,0.079432823,0,0,2.8935778,26.77078,0,0,5.675,0.97871496,0.055436242,6,11
s-bursty-short,scrape-0.25s,scaling,static_tuned,4,d0e2f79f5d55,0,145301,145301,0,0,0,0,0,78.118817,0.95343985,0.037573055,0.22937486,0.68649194,0.034106888,0.075146109,0.14592214,0.020330943,0.022937486,0.025106634,17.231842,0.019952623,0.079432823,0,0,0.0090417321,0.01720337,0,0,5.675,0.9751,0.06407299,6,11
s-bursty-short,scrape-0.25s,scaling,static_tuned,5,06bc7fdc7c6c,0,123252,123252,0,0,0,0,0,66.264516,0.94612217,0.036028815,0.22360142,0.68649194,0.032596779,0.07205763,0.13907074,0.018910057,0.022360142,0.024357498,16.333668,0.019952623,0.063095734,0,0,0.0083841591,0.01652543,0,0,5.675,0.97274893,0.050855374,6,11
s-bursty-short,scrape-0.25s,scaling,static_tuned,6,376d05259c1d,0,120768,120768,0,0,0,0,0,64.929032,0.9500236,0.036243563,0.2272881,0.68649194,0.032896585,0.072487126,0.13871671,0.019453455,0.02272881,0.024881408,16.652193,0.019952623,0.063095734,0,0,0.0084953386,0.016831705,0,0,5.675,0.97450998,0.050364371,6,11
s-bursty-short,scrape-0.25s,scaling,static_tuned,7,1ae66c3ddb33,0,144260,144260,0,0,0,0,0.001164564,77.468817,0.96670046,0.039117808,0.2352679,0.68649194,0.034401606,0.078235617,0.17318072,0.020515886,0.02352679,0.027809441,17.44925,0.019952623,0.079432823,0,0,0.016157315,0.017884806,0,0,5.675,0.97915885,0.064304528,6,11
s-bursty-short,scrape-0.25s,scaling,static_tuned,8,32ad69b77d17,0,159742,159742,0,0,0,0,0.1084311,76.57043,8.2919336,6.7606972,0.30258905,0.68649194,0.036850713,13.521394,37.085874,0.020953379,0.030258905,0.032598739,29.062252,0.019952623,0.079432823,0,0,1.7112469,13.47623,0,0,5.675,0.97242969,0.077985915,6,11
s-bursty-short,scrape-0.25s,scaling,static_tuned,9,8e892c5b9715,0,112248,112248,0,0,0,0,0,60.348387,0.94530934,0.035359311,0.22345809,0.68649194,0.03180438,0.070718622,0.13625041,0.017512091,0.022345809,0.024251062,15.659002,0.015848932,0.063095734,0,0,0.0081291295,0.016269808,0,0,5.675,0.97405708,0.044076032,6,11
s-bursty-short,scrape-0.25s,scaling,static_tuned,10,ef1c2e71ac9b,0,87416,87416,0,0,0,0,0.033666606,45.415591,1.2031171,0.069186376,0.27910572,0.68649194,0.030330462,0.13837275,10.648933,0.01255843,0.027910572,0.0313811,16.077423,0.012589254,0.063095734,0,0,0.27689588,0.036733428,0,0,5.675,0.97785251,0.03210317,6,11
s-bursty-short,scrape-0.25s,scaling,static_peak_oracle,1,c39db69c51db,0,102821,102821,0,0,0,0,0,55.280108,0.94914786,0.035492335,0.22716359,0.68649194,0.031793767,0.070984671,0.13778973,0.016408673,0.022716359,0.024588348,15.856518,0.015848932,0.063095734,0,0,0.0080915257,0.016604519,0,0,5.675,0.97900414,0.041021119,6,11
s-bursty-short,scrape-0.25s,scaling,static_peak_oracle,2,f566abcda885,0,90448,90448,0,0,0,0,0,48.627957,0.94326707,0.034479811,0.22229532,0.68649194,0.030515706,0.068959623,0.13371264,0.012720803,0.022229532,0.023985002,14.77811,0.012589254,0.063095734,0,0,0.0075381992,0.015694295,0,0,5.675,0.97300337,0.033741733,6,11
s-bursty-short,scrape-0.25s,scaling,static_peak_oracle,3,1fc1c1dca02c,0,127097,127097,0,0,0,0,0.11628127,60.386022,14.97575,13.40832,0.29953179,0.68649194,0.034576932,26.816639,52.567247,0.019464377,0.029953179,0.032178459,37.259865,0.019952623,0.079432823,0,0,2.8935778,26.77078,0,0,5.675,0.97871496,0.055436242,6,11
s-bursty-short,scrape-0.25s,scaling,static_peak_oracle,4,d0e2f79f5d55,0,145301,145301,0,0,0,0,0,78.118817,0.95343985,0.037573055,0.22937486,0.68649194,0.034106888,0.075146109,0.14592214,0.020330943,0.022937486,0.025106634,17.231842,0.019952623,0.079432823,0,0,0.0090417321,0.01720337,0,0,5.675,0.9751,0.06407299,6,11
s-bursty-short,scrape-0.25s,scaling,static_peak_oracle,5,06bc7fdc7c6c,0,123252,123252,0,0,0,0,0,66.264516,0.94612217,0.036028815,0.22360142,0.68649194,0.032596779,0.07205763,0.13907074,0.018910057,0.022360142,0.024357498,16.333668,0.019952623,0.063095734,0,0,0.0083841591,0.01652543,0,0,5.675,0.97274893,0.050855374,6,11
s-bursty-short,scrape-0.25s,scaling,static_peak_oracle,6,376d05259c1d,0,120768,120768,0,0,0,0,0,64.929032,0.9500236,0.036243563,0.2272881,0.68649194,0.032896585,0.072487126,0.13871671,0.019453455,0.02272881,0.024881408,16.652193,0.019952623,0.063095734,0,0,0.0084953386,0.016831705,0,0,5.675,0.97450998,0.050364371,6,11
s-bursty-short,scrape-0.25s,scaling,static_peak_oracle,7,1ae66c3ddb33,0,144260,144260,0,0,0,0,0.001164564,77.468817,0.96670046,0.039117808,0.2352679,0.68649194,0.034401606,0.078235617,0.17318072,0.020515886,0.02352679,0.027809441,17.44925,0.019952623,0.079432823,0,0,0.016157315,0.017884806,0,0,5.675,0.97915885,0.064304528,6,11
s-bursty-short,scrape-0.25s,scaling,static_peak_oracle,8,32ad69b77d17,0,159742,159742,0,0,0,0,0.1084311,76.57043,8.2919336,6.7606972,0.30258905,0.68649194,0.036850713,13.521394,37.085874,0.020953379,0.030258905,0.032598739,29.062252,0.019952623,0.079432823,0,0,1.7112469,13.47623,0,0,5.675,0.97242969,0.077985915,6,11
s-bursty-short,scrape-0.25s,scaling,static_peak_oracle,9,8e892c5b9715,0,112248,112248,0,0,0,0,0,60.348387,0.94530934,0.035359311,0.22345809,0.68649194,0.03180438,0.070718622,0.13625041,0.017512091,0.022345809,0.024251062,15.659002,0.015848932,0.063095734,0,0,0.0081291295,0.016269808,0,0,5.675,0.97405708,0.044076032,6,11
s-bursty-short,scrape-0.25s,scaling,static_peak_oracle,10,ef1c2e71ac9b,0,87416,87416,0,0,0,0,0.033666606,45.415591,1.2031171,0.069186376,0.27910572,0.68649194,0.030330462,0.13837275,10.648933,0.01255843,0.027910572,0.0313811,16.077423,0.012589254,0.063095734,0,0,0.27689588,0.036733428,0,0,5.675,0.97785251,0.03210317,6,11
s-bursty-short,scrape-0.25s,scaling,threshold_cooldown,1,c39db69c51db,0,102821,102821,0,0,0,0,0.21713463,43.276882,27.631167,25.506376,0.30978392,0.72933468,0.034983456,51.012751,56.48176,0.01743817,0.030978392,0.0334821,57.043197,0.015848932,0.079432823,0,0,7.9661431,50.969396,0,0,6.0291667,0.96949734,0.043611279,13,16
s-bursty-short,scrape-0.25s,scaling,threshold_cooldown,2,f566abcda885,0,90448,90448,0,0,0,0,0.30091323,33.995161,29.337212,26.879226,0.31565133,0.63776882,0.036459427,53.758451,57.827287,0.014189356,0.031565133,0.034664482,60.268062,0.015848932,0.079432823,0,0,10.639558,53.713087,0,0,5.2722222,0.96483155,0.043947416,8,13
s-bursty-short,scrape-0.25s,scaling,threshold_cooldown,3,1fc1c1dca02c,0,127097,127097,0,0,0,0,0.14961801,58.108065,23.001067,21.069556,0.30425846,0.87916207,0.03362832,42.139112,52.567247,0.016780263,0.030425846,0.032825624,48.002083,0.015848932,0.079432823,0,0,4.7702571,42.09276,0,0,7.2677398,0.97744028,0.043280726,19,16
s-bursty-short,scrape-0.25s,scaling,threshold_cooldown,4,d0e2f79f5d55,0,145301,145301,0,0,0,0,0.33011473,52.330645,28.83375,26.099177,0.31599243,0.76800756,0.040415337,52.198353,59.455253,0.01757717,0.031599243,0.034556222,59.92142,0.015848932,0.079432823,0,0,10.8187,52.156177,0,0,6.3488625,0.96518742,0.064632598,15,16
s-bursty-short,scrape-0.25s,scaling,threshold_cooldown,5,06bc7fdc7c6c,0,123252,123252,0,0,0,0,0.27172784,48.258602,19.181216,16.755291,0.31435734,0.75292821,0.035732112,33.510582,42.030911,0.016429846,0.031435734,0.034359684,42.01959,0.015848932,0.079432823,0,0,6.8916039,33.467534,0,0,6.2242065,0.96261794,0.05229518,15,16
s-bursty-short,scrape-0.25s,scaling,threshold_cooldown,6,376d05259c1d,0,120768,120768,0,0,0,0,0.12313692,56.933871,7.0736349,5.3350464,0.30213975,0.82076408,0.03264239,10.670093,14.941861,0.016216861,0.030213975,0.032679032,20.875029,0.015848932,0.079432823,0,0,1.1878257,10.623837,0,0,6.784983,0.97253276,0.042610064,13,16
s-bursty-short,scrape-0.25s,scaling,threshold_cooldown,7,1ae66c3ddb33,0,144260,144260,0,0,0,0,0.06861916,72.237097,7.6201092,6.1609896,0.293459,0.82256483,0.033349056,12.321979,39.146824,0.016926898,0.0293459,0.031758861,28.74232,0.015848932,0.079432823,0,0,1.5953102,12.28971,0,0,6.7998692,0.97450325,0.052920868,17,16
s-bursty-short,scrape-0.25s,scaling,threshold_cooldown,8,32ad69b77d17,0,159742,159742,0,0,0,0,0.21638642,67.298925,21.755841,19.475025,0.30994119,0.88894205,0.034540853,38.950051,47.26752,0.016775585,0.030994119,0.033498558,47.093039,0.015848932,0.079432823,0,0,6.6092136,38.903434,0,0,7.3485876,0.97185541,0.056553882,17,16
s-bursty-short,scrape-0.25s,scaling,threshold_cooldown,9,8e892c5b9715,0,112248,112248,0,0,0,0,0.23315337,46.277957,7.1726307,4.9089825,0.31162154,0.78625981,0.035376936,9.8179649,13.883659,0.016149021,0.031162154,0.034215507,22.425455,0.015848932,0.079432823,0,0,1.8336326,9.7757351,0,0,6.4997477,0.96470963,0.044116288,15,16
s-bursty-short,scrape-0.25s,scaling,threshold_cooldown,10,ef1c2e71ac9b,0,87416,87416,0,0,0,0,0.074734602,43.485484,5.2793688,3.85128,0.29872443,0.75569133,0.031395275,7.7025601,11.765481,0.012678471,0.029872443,0.032517731,18.28641,0.012589254,0.079432823,0,0,0.65924736,7.6467867,0,0,6.2470483,0.97547528,0.031338292,12,15
s-bursty-short,scrape-0.25s,scaling,target_tracking,1,c39db69c51db,0,102821,102821,0,0,0,0,0,55.280108,1.1831623,0.032350774,0.1755091,0.97530242,0.028873233,0.064701548,0.12339054,0.014589165,0.01755091,0.0189654,13.405102,0.015848932,0.050118723,0,0,0.006729619,0.013186697,0,0,8.0625,0.97680918,0.024891332,11,16
s-bursty-short,scrape-0.25s,scaling,target_tracking,2,f566abcda885,0,90448,90448,0,0,0,0,0,48.627957,1.1807892,0.032054702,0.17393607,0.97479839,0.028381372,0.064109404,0.12338294,0.012214011,0.017393607,0.018730454,12.828759,0.012589254,0.050118723,0,0,0.0065544896,0.01279906,0,0,8.0583333,0.97107196,0.02107473,11,16
s-bursty-short,scrape-0.25s,scaling,target_tracking,3,1fc1c1dca02c,0,127097,127097,0,0,0,0,0.092354658,62.020968,15.162246,13.40832,0.29652161,0.99563172,0.030730582,26.816639,52.567247,0.015507981,0.029652161,0.032026794,34.236948,0.015848932,0.063095734,0,0,2.759633,26.77078,0,0,8.2305556,0.97687608,0.033218647,11,16
s-bursty-short,scrape-0.25s,scaling,target_tracking,4,d0e2f79f5d55,0,145301,145301,0,0,0,0,0,78.118817,1.1777693,0.033374757,0.17682065,0.96757392,0.029927634,0.066749514,0.12701216,0.015877146,0.017682065,0.019133332,14.01963,0.015848932,0.050118723,0,0,0.0071681353,0.013547952,0,0,7.9986111,0.97268429,0.037512441,11,16
s-bursty-short,scrape-0.25s,scaling,target_tracking,5,06bc7fdc7c6c,0,123252,123252,0,0,0,0,0,66.264516,1.173289,0.032582392,0.17363674,0.96706989,0.02925289,0.065164784,0.12405184,0.01536254,0.017363674,0.018778178,13.710277,0.015848932,0.050118723,0,0,0.0068831588,0.013223385,0,0,7.9944444,0.97133149,0.030875453,11,16
s-bursty-short,scrape-0.25s,scaling,target_tracking,6,376d05259c1d,0,120768,120768,0,0,0,0,0,64.929032,1.1857861,0.032633668,0.17448977,0.97866263,0.029312419,0.065267336,0.12395724,0.015455412,0.017448977,0.019407275,13.792352,0.015848932,0.050118723,0,0,0.0069491758,0.013360698,0,0,8.0902778,0.97303358,0.029796565,11,16
s-bursty-short,scrape-0.25s,scaling,target_tracking,7,1ae66c3ddb33,0,144260,144260,0,0,0,0,0.04568834,74.015591,2.276883,0.78684714,0.2839396,0.97765457,0.030629897,1.5736943,16.624463,0.015983877,0.02839396,0.032075442,17.900193,0.015848932,0.063095734,0,0,0.4709866,1.5270929,0,0,8.0819444,0.97675977,0.038531923,11,16
s-bursty-short,scrape-0.25s,scaling,target_tracking,8,32ad69b77d17,0,159742,159742,0,0,0,0,0.068372751,80.010753,8.3902078,6.7606972,0.29201514,0.99563172,0.031332043,13.521394,37.085874,0.016134926,0.029201514,0.0321251,25.827728,0.015848932,0.063095734,0,0,1.4908419,13.47623,0,0,8.2305556,0.97155474,0.044114741,11,16
s-bursty-short,scrape-0.25s,scaling,target_tracking,9,8e892c5b9715,0,112248,112248,0,0,0,0,0.0034833583,60.138172,1.2115921,0.036963217,0.17989354,0.97731855,0.029191254,0.073926435,0.34957821,0.014892018,0.017989354,0.029611329,13.474554,0.015848932,0.050118723,0,0,0.023860495,0.013684485,0,0,8.0791667,0.97228353,0.027131537,11,16
s-bursty-short,scrape-0.25s,scaling,target_tracking,10,ef1c2e71ac9b,0,87416,87416,0,0,0,0,0.033781001,45.410215,1.5209087,0.076133777,0.28023822,0.99563172,0.028628738,0.15226755,10.648933,0.011970307,0.028023822,0.032104914,14.849483,0.012589254,0.050118723,0,0,0.27883211,0.043054645,0,0,8.2305556,0.97651131,0.0201635,11,16
s-bursty-short,scrape-0.25s,scaling,slo_feedback,1,c39db69c51db,0,102821,102821,0,0,0,0,0.55374875,24.668817,76.718335,73.029002,0.32461732,0.59597148,7.6912363,146.058,303.60981,0.028199521,0.032461732,0.036433439,153.54232,0.025118864,0.1,0,0,33.704097,146.01863,0,0,4.9266976,0.99310267,0.07516986,64,16
s-bursty-short,scrape-0.25s,scaling,slo_feedback,2,f566abcda885,0,90448,90160,0,0,0,288,0.51156466,23.751613,60.349505,56.948839,0.32505535,0.51778761,3.1822537,113.89768,146.13247,0.027667032,0.032505535,0.036347859,120.73351,0.025118864,0.1,0,0,30.253691,113.83522,0,0,4.2803776,0.97377435,0.081365287,73,16
s-bursty-short,scrape-0.25s,scaling,slo_feedback,3,1fc1c1dca02c,0,127097,127087,0,0,0,10,0.52882444,32.196237,55.734493,52.174001,0.32594447,0.59042442,2.9914079,104.348,157.88673,0.028193425,0.032594447,0.036305661,112.19869,0.025118864,0.1,0,0,21.944523,104.31692,0,0,4.8808419,0.98425553,0.097787262,70,16
s-bursty-short,scrape-0.25s,scaling,slo_feedback,4,d0e2f79f5d55,0,145301,145301,0,0,0,0,0.27613024,56.547849,9.3117887,7.0640871,0.31465082,0.5523996,0.046681696,14.128174,100.23748,0.023115759,0.031465082,0.034083244,42.593455,0.025118864,0.1,0,0,4.7514386,14.093782,0,0,4.5665034,0.96846817,0.11818236,70,16
s-bursty-short,scrape-0.25s,scaling,slo_feedback,5,06bc7fdc7c6c,0,123252,122024,0,0,0,1228,0.3002142,46.370968,48.784517,46.39366,0.31544796,0.57433804,0.044925346,92.787319,277.04405,0.021810033,0.031544796,0.034338506,100.01259,0.019952623,0.1,0,0,15.61303,92.750158,0,0,4.7478612,0.94491371,0.093621935,69,16
s-bursty-short,scrape-0.25s,scaling,slo_feedback,6,376d05259c1d,0,120768,120377,0,0,0,391,0.33002948,43.500538,58.949879,56.40303,0.31719036,0.5795116,0.048280046,112.80606,173.50049,0.023790984,0.031719036,0.034796375,119.85215,0.025118864,0.1,0,0,14.138428,112.77168,0,0,4.7906292,0.9942174,0.089590346,74,16
s-bursty-short,scrape-0.25s,scaling,slo_feedback,7,1ae66c3ddb33,0,144260,144260,0,0,0,0,0.31119506,53.423118,56.393586,53.918978,0.31731856,0.60131391,0.049033746,107.83796,227.0654,0.024021501,0.031731856,0.034415095,115.58825,0.025118864,0.1,0,0,14.26644,107.80774,0,0,4.9708616,0.98746818,0.10722109,70,16
s-bursty-short,scrape-0.25s,scaling,slo_feedback,8,32ad69b77d17,0,159742,159742,0,0,0,0,0.43332373,48.667742,39.391323,36.280855,0.32269871,0.62115089,0.081338862,72.561709,104.13508,0.025818372,0.032269871,0.03573709,81.393055,0.025118864,0.1,0,0,13.95886,72.511559,0,0,5.1348473,0.99009431,0.11557605,68,16
s-bursty-short,scrape-0.25s,scaling,slo_feedback,9,8e892c5b9715,0,112248,112248,0,0,0,0,0.19473844,48.596237,92.364837,90.471808,0.31134409,0.60799283,0.038468547,180.94362,275.87517,0.019341202,0.031134409,0.033806347,187.89706,0.019952623,0.079432823,0,0,18.682729,180.91062,0,0,5.0260741,0.97972555,0.070407184,67,16
s-bursty-short,scrape-0.25s,scaling,slo_feedback,10,ef1c2e71ac9b,0,87416,87416,0,0,0,0,0.2668619,34.455914,62.956735,60.807243,0.31749633,0.49768607,0.041306942,121.61449,169.90885,0.019452758,0.031749633,0.035469674,128.93751,0.019952623,0.079432823,0,0,16.438384,121.57058,0,0,4.1142049,0.99350378,0.070642728,71,16
s-bursty-short,scrape-0.25s,scaling,predictive,1,c39db69c51db,0,102821,102821,0,0,0,0,0.26421645,40.674194,40.943731,38.768492,0.31445737,0.53969878,0.041108406,77.536985,93.525449,0.019328264,0.031445737,0.034988946,85.145251,0.019952623,0.079432823,0,0,12.005338,77.494047,0,0,4.4615099,0.98609732,0.092673618,158,17
s-bursty-short,scrape-0.25s,scaling,predictive,2,f566abcda885,0,90448,90448,0,0,0,0,0.22638422,37.619355,25.151025,23.226453,0.31363466,0.4790171,0.038074806,46.452905,58.361488,0.017192088,0.031363466,0.034367718,53.973879,0.015848932,0.079432823,0,0,6.7756322,46.412049,0,0,3.9598747,0.9832872,0.085614545,133,18
s-bursty-short,scrape-0.25s,scaling,predictive,3,1fc1c1dca02c,0,127097,127097,0,0,0,0,0.42637513,39.196774,30.262968,27.09285,0.32134433,0.71689791,0.075063226,54.185701,129.08437,0.024248102,0.032134433,0.036045776,63.88243,0.025118864,0.1,0,0,11.813343,54.126176,0,0,5.926356,0.99272695,0.10142054,229,18
s-bursty-short,scrape-0.25s,scaling,predictive,4,d0e2f79f5d55,0,145301,143622,0,0,0,1679,0.19944804,62.538172,25.501041,23.525043,0.31168952,0.667068,0.037904604,47.050086,68.692861,0.019041022,0.031168952,0.03454397,55.707248,0.019952623,0.079432823,0,0,6.3939036,47.005939,0,0,5.5144288,0.98529875,0.094053304,139,19
s-bursty-short,scrape-0.25s,scaling,predictive,5,06bc7fdc7c6c,0,123252,123252,0,0,0,0,0.38147048,40.986559,41.174646,38.306759,0.31996993,0.64056472,0.057178189,76.613518,161.04524,0.025190711,0.031996993,0.035466743,82.94045,0.025118864,0.1,0,0,14.131116,76.587754,0,0,5.2953351,0.99605278,0.1140073,202,20
s-bursty-short,scrape-0.25s,scaling,predictive,6,376d05259c1d,0,120768,120768,0,0,0,0,0.42237182,37.504839,34.500698,31.450492,0.32293463,0.61541246,0.070793032,62.900984,70.516197,0.02358,0.032293463,0.037569902,69.748072,0.025118864,0.1,0,0,13.274786,62.864493,0,0,5.0874097,0.99667982,0.10960513,180,16
s-bursty-short,scrape-0.25s,scaling,predictive,7,1ae66c3ddb33,0,144260,144260,0,0,0,0,0.2453972,58.526344,26.50032,24.272028,0.31692432,0.68438189,0.042040154,48.544056,57.827205,0.020526766,0.031692432,0.035625428,55.658445,0.019952623,0.1,0,0,7.6489958,48.500273,0,0,5.6575569,0.97275494,0.099655852,153,16
s-bursty-short,scrape-0.25s,scaling,predictive,8,32ad69b77d17,0,159742,159544,0,0,0,198,0.3212743,58.29086,19.200009,16.503082,0.31900166,0.7715537,0.046954656,33.006163,47.594826,0.022304975,0.031900166,0.035656509,44.102981,0.019952623,0.1,0,0,6.4727341,32.970833,0,0,6.3781772,0.97179479,0.10484842,168,20
s-bursty-short,scrape-0.25s,scaling,predictive,9,8e892c5b9715,0,112248,112248,0,0,0,0,0.42783836,34.529032,57.586439,54.421392,0.32419368,0.70166172,0.07348573,108.84278,210.78501,0.024190025,0.032419368,0.037386414,116.16046,0.025118864,0.1,0,0,17.485155,108.78658,0,0,5.8004035,0.99676757,0.094096671,228,20
s-bursty-short,scrape-0.25s,scaling,predictive,10,ef1c2e71ac9b,0,87416,87416,0,0,0,0,0.1899881,38.068817,138.80961,136.95669,0.31229429,0.59068663,0.035075547,273.91338,441.76421,0.016309027,0.031229429,0.034483894,281.29216,0.015848932,0.079432823,0,0,28.520139,273.8633,0,0,4.8830095,0.99272509,0.060969627,160,18
s-bursty-short,scrape-5s,scaling,static_min,1,c39db69c51db,0,102821,31941,0,0,0,70880,0.99633343,0.20268817,705.92542,700.54922,0.32981695,0.064718026,667.38855,1401.0984,1439.7231,0.029736543,0.032981695,0.036192776,1408.0526,0.025118864,0.1,0,0,684.11523,1401.0442,0,0,0.53500235,0.99982464,0.23050509,4,5
s-bursty-short,scrape-5s,scaling,static_min,2,f566abcda885,0,90448,31750,0,0,0,58698,0.99502477,0.24193548,702.17453,696.80623,0.32820844,0.064964914,647.65994,1393.6125,1456.8249,0.029862609,0.032820844,0.036021268,1400.5205,0.025118864,0.1,0,0,667.7709,1393.583,0,0,0.53704329,0.99965266,0.23173694,4,5
s-bursty-short,scrape-5s,scaling,static_min,3,1fc1c1dca02c,0,127097,32203,0,0,0,94894,0.99383935,0.42096774,752.44418,747.082,0.32654587,0.066435991,798.07392,1494.164,1546.1455,0.029709829,0.032654587,0.035962713,1501.7667,0.025118864,0.1,0,0,778.75862,1494.1252,0,0,0.5492042,0.99992699,0.22710893,4,5
s-bursty-short,scrape-5s,scaling,static_min,4,d0e2f79f5d55,0,145301,32085,0,0,0,113216,0.9965864,0.26666667,634.73782,629.35864,0.33094587,0.065306678,503.75369,1258.7173,1323.075,0.029864694,0.033094587,0.036221697,1265.4739,0.025118864,0.1,0,0,574.38214,1258.6869,0,0,0.53986854,0.99979644,0.22920414,4,5
s-bursty-short,scrape-5s,scaling,static_min,5,06bc7fdc7c6c,0,123252,31817,0,0,0,91435,0.99652744,0.23010753,608.66405,603.28479,0.33130804,0.065320285,491.2531,1206.5696,1271.6129,0.029910462,0.033130804,0.036226884,1213.9266,0.025118864,0.1,0,0,562.20668,1206.4497,0,0,0.53998102,0.99969645,0.2316696,4,5
s-bursty-short,scrape-5s,scaling,static_min,6,376d05259c1d,0,120768,31623,0,0,0,89145,0.99633181,0.23817204,670.54498,665.16867,0.32895553,0.065688774,645.05074,1330.3373,1366.4019,0.029788501,0.032895553,0.036499091,1338.3386,0.025118864,0.1,0,0,660.56352,1330.2981,0,0,0.5430272,0.99986247,0.22961206,4,5
s-bursty-short,scrape-5s,scaling,static_min,7,1ae66c3ddb33,0,144260,32066,0,0,0,112194,0.99711632,0.22365591,645.64854,640.26391,0.33360671,0.065439866,693.8812,1280.5278,1345.6965,0.029936334,0.033360671,0.036613209,1288.4065,0.025118864,0.1,0,0,660.59308,1280.4791,0,0,0.54096956,0.99984875,0.22916632,4,5
s-bursty-short,scrape-5s,scaling,static_min,8,32ad69b77d17,0,159742,32406,0,0,0,127336,0.99521103,0.41129032,773.17062,767.79821,0.33022626,0.066130919,788.52343,1535.5964,1604.3832,0.029814889,0.033022626,0.036427727,1543.7271,0.025118864,0.1,0,0,790.7904,1535.5562,0,0,0.54668227,0.99992013,0.22965735,4,5
s-bursty-short,scrape-5s,scaling,static_min,9,8e892c5b9715,0,112248,31934,0,0,0,80314,0.99589302,0.24784946,667.39665,662.02163,0.32996831,0.0655887,586.66627,1324.0433,1390.5605,0.029865332,0.032996831,0.036279943,1331.4797,0.025118864,0.1,0,0,638.30311,1324.0158,0,0,0.54219992,0.99960537,0.22867455,4,5
s-bursty-short,scrape-5s,scaling,static_min,10,ef1c2e71ac9b,0,87416,32849,0,0,0,54567,0.99107715,0.41935484,596.53739,591.18508,0.33066179,0.066259314,637.68309,1182.3702,1246.7045,0.029966888,0.033066179,0.036228072,1190.0792,0.025118864,0.1,0,0,613.92729,1182.3462,0,0,0.54774366,0.99995132,0.22696365,4,5
s-bursty-short,scrape-5s,scaling,static_tuned,1,c39db69c51db,0,102821,102821,0,0,0,0,0,55.280108,0.95392579,0.035029105,0.23240475,0.68649194,0.031756217,0.07005821,0.13618522,0.016337521,0.023240475,0.02519446,15.938437,0.015848932,0.063095734,0,0,0.007884595,0.016322972,0,0,5.675,0.97886505,0.041289663,6,11
s-bursty-short,scrape-5s,scaling,static_tuned,2,f566abcda885,0,90448,90448,0,0,0,0,0,48.627957,0.9473091,0.034245646,0.22657152,0.68649194,0.030470081,0.068491292,0.13252838,0.012882839,0.022657152,0.024723943,14.87801,0.012589254,0.063095734,0,0,0.0074124055,0.015495753,0,0,5.675,0.97270773,0.033999553,6,11
s-bursty-short,scrape-5s,scaling,static_tuned,3,1fc1c1dca02c,0,127097,127097,0,0,0,0,0.11552594,60.437634,14.983953,13.420124,0.2997076,0.68649194,0.034519024,26.840248,53.012344,0.019284618,0.02997076,0.032105777,37.597344,0.019952623,0.079432823,0,0,2.8919176,26.805925,0,0,5.675,0.97884798,0.055738583,6,11
s-bursty-short,scrape-5s,scaling,static_tuned,4,d0e2f79f5d55,0,145301,145301,0,0,0,0,0,78.118817,0.95948798,0.036979366,0.23601668,0.68649194,0.033986386,0.073958732,0.14380518,0.020102161,0.023601668,0.025843796,17.327256,0.019952623,0.079432823,0,0,0.0087703326,0.016929265,0,0,5.675,0.9752363,0.064550152,6,11
s-bursty-short,scrape-5s,scaling,static_tuned,5,06bc7fdc7c6c,0,123252,123252,0,0,0,0,0,66.264516,0.95134206,0.035483361,0.22936676,0.68649194,0.032495798,0.070966723,0.13843166,0.018733957,0.022936676,0.024857209,16.410299,0.019952623,0.063095734,0,0,0.0081319423,0.016259287,0,0,5.675,0.97348083,0.051218682,6,11
s-bursty-short,scrape-5s,scaling,static_tuned,6,376d05259c1d,0,120768,120768,0,0,0,0,0,64.929032,0.95593599,0.035710452,0.2337336,0.68649194,0.032702288,0.071420904,0.13824786,0.019190252,0.02337336,0.025608158,16.708767,0.019952623,0.063095734,0,0,0.0082695017,0.016573574,0,0,5.675,0.97503475,0.05076855,6,11
s-bursty-short,scrape-5s,scaling,static_tuned,7,1ae66c3ddb33,0,144260,144260,0,0,0,0,0.0011714959,77.46828,0.97230763,0.038520241,0.24143797,0.68649194,0.034273064,0.077040482,0.17168743,0.020310044,0.024143797,0.02798131,17.574878,0.019952623,0.079432823,0,0,0.016033608,0.017510499,0,0,5.675,0.97902135,0.064775271,6,11
s-bursty-short,scrape-5s,scaling,static_tuned,8,32ad69b77d17,0,159742,159742,0,0,0,0,0.10621502,76.760753,8.2423139,6.7223049,0.30244202,0.68649194,0.036711289,13.44461,36.55889,0.02085181,0.030244202,0.032368428,29.160946,0.019952623,0.079432823,0,0,1.7118972,13.414921,0,0,5.675,0.97205002,0.078369468,6,11
s-bursty-short,scrape-5s,scaling,static_tuned,9,8e892c5b9715,0,112248,112248,0,0,0,0,0,60.348387,0.94937105,0.034898481,0.22798063,0.68649194,0.031736733,0.069796962,0.13575279,0.017420289,0.022798063,0.024707792,15.708347,0.015848932,0.063095734,0,0,0.0079082822,0.016014119,0,0,5.675,0.97402984,0.044354634,6,11
s-bursty-short,scrape-5s,scaling,static_tuned,10,ef1c2e71ac9b,0,87416,87416,0,0,0,0,0.033609408,45.41828,1.2045978,0.069977448,0.28008136,0.68649194,0.030387976,0.1399549,10.239655,0.01267949,0.028008136,0.031206485,16.184555,0.012589254,0.063095734,0,0,0.27938082,0.034226419,0,0,5.675,0.97794247,0.0322993,6,11
s-bursty-short,scrape-5s,scaling,static_peak_oracle,1,c39db69c51db,0,102821,102821,0,0,0,0,0,55.280108,0.95392579,0.035029105,0.23240475,0.68649194,0.031756217,0.07005821,0.13618522,0.016337521,0.023240475,0.02519446,15.938437,0.015848932,0.063095734,0,0,0.007884595,0.016322972,0,0,5.675,0.97886505,0.041289663,6,11
s-bursty-short,scrape-5s,scaling,static_peak_oracle,2,f566abcda885,0,90448,90448,0,0,0,0,0,48.627957,0.9473091,0.034245646,0.22657152,0.68649194,0.030470081,0.068491292,0.13252838,0.012882839,0.022657152,0.024723943,14.87801,0.012589254,0.063095734,0,0,0.0074124055,0.015495753,0,0,5.675,0.97270773,0.033999553,6,11
s-bursty-short,scrape-5s,scaling,static_peak_oracle,3,1fc1c1dca02c,0,127097,127097,0,0,0,0,0.11552594,60.437634,14.983953,13.420124,0.2997076,0.68649194,0.034519024,26.840248,53.012344,0.019284618,0.02997076,0.032105777,37.597344,0.019952623,0.079432823,0,0,2.8919176,26.805925,0,0,5.675,0.97884798,0.055738583,6,11
s-bursty-short,scrape-5s,scaling,static_peak_oracle,4,d0e2f79f5d55,0,145301,145301,0,0,0,0,0,78.118817,0.95948798,0.036979366,0.23601668,0.68649194,0.033986386,0.073958732,0.14380518,0.020102161,0.023601668,0.025843796,17.327256,0.019952623,0.079432823,0,0,0.0087703326,0.016929265,0,0,5.675,0.9752363,0.064550152,6,11
s-bursty-short,scrape-5s,scaling,static_peak_oracle,5,06bc7fdc7c6c,0,123252,123252,0,0,0,0,0,66.264516,0.95134206,0.035483361,0.22936676,0.68649194,0.032495798,0.070966723,0.13843166,0.018733957,0.022936676,0.024857209,16.410299,0.019952623,0.063095734,0,0,0.0081319423,0.016259287,0,0,5.675,0.97348083,0.051218682,6,11
s-bursty-short,scrape-5s,scaling,static_peak_oracle,6,376d05259c1d,0,120768,120768,0,0,0,0,0,64.929032,0.95593599,0.035710452,0.2337336,0.68649194,0.032702288,0.071420904,0.13824786,0.019190252,0.02337336,0.025608158,16.708767,0.019952623,0.063095734,0,0,0.0082695017,0.016573574,0,0,5.675,0.97503475,0.05076855,6,11
s-bursty-short,scrape-5s,scaling,static_peak_oracle,7,1ae66c3ddb33,0,144260,144260,0,0,0,0,0.0011714959,77.46828,0.97230763,0.038520241,0.24143797,0.68649194,0.034273064,0.077040482,0.17168743,0.020310044,0.024143797,0.02798131,17.574878,0.019952623,0.079432823,0,0,0.016033608,0.017510499,0,0,5.675,0.97902135,0.064775271,6,11
s-bursty-short,scrape-5s,scaling,static_peak_oracle,8,32ad69b77d17,0,159742,159742,0,0,0,0,0.10621502,76.760753,8.2423139,6.7223049,0.30244202,0.68649194,0.036711289,13.44461,36.55889,0.02085181,0.030244202,0.032368428,29.160946,0.019952623,0.079432823,0,0,1.7118972,13.414921,0,0,5.675,0.97205002,0.078369468,6,11
s-bursty-short,scrape-5s,scaling,static_peak_oracle,9,8e892c5b9715,0,112248,112248,0,0,0,0,0,60.348387,0.94937105,0.034898481,0.22798063,0.68649194,0.031736733,0.069796962,0.13575279,0.017420289,0.022798063,0.024707792,15.708347,0.015848932,0.063095734,0,0,0.0079082822,0.016014119,0,0,5.675,0.97402984,0.044354634,6,11
s-bursty-short,scrape-5s,scaling,static_peak_oracle,10,ef1c2e71ac9b,0,87416,87416,0,0,0,0,0.033609408,45.41828,1.2045978,0.069977448,0.28008136,0.68649194,0.030387976,0.1399549,10.239655,0.01267949,0.028008136,0.031206485,16.184555,0.012589254,0.063095734,0,0,0.27938082,0.034226419,0,0,5.675,0.97794247,0.0322993,6,11
s-bursty-short,scrape-5s,scaling,threshold_cooldown,1,c39db69c51db,0,102821,102821,0,0,0,0,0.217086,43.27957,27.501329,25.400792,0.30893873,0.70616793,0.035354754,50.801585,57.764778,0.01812258,0.030893873,0.033603637,57.194402,0.019952623,0.079432823,0,0,7.9622,50.75524,0,0,5.8376549,0.97425599,0.045995901,16,15
s-bursty-short,scrape-5s,scaling,threshold_cooldown,2,f566abcda885,0,90448,90448,0,0,0,0,0.30050416,34.015054,29.397664,26.941777,0.31559745,0.63776882,0.036354497,53.883555,59.088812,0.014116683,0.031559745,0.034869808,60.876469,0.015848932,0.079432823,0,0,10.646936,53.839907,0,0,5.2722222,0.96495456,0.044100452,8,13
s-bursty-short,scrape-5s,scaling,threshold_cooldown,3,1fc1c1dca02c,0,127097,127097,0,0,0,0,0.14960227,58.10914,22.975214,21.044442,0.30436892,0.87839235,0.033203752,42.088883,53.276824,0.016217113,0.030436892,0.032861103,48.053051,0.015848932,0.079432823,0,0,4.776118,42.058908,0,0,7.2613768,0.97754351,0.042672403,15,16
s-bursty-short,scrape-5s,scaling,threshold_cooldown,4,d0e2f79f5d55,0,145301,145301,0,0,0,0,0.32770593,52.518817,28.770977,26.048875,0.31567461,0.76789784,0.040437311,52.09775,59.776441,0.017695009,0.031567461,0.034580212,60.225484,0.015848932,0.079432823,0,0,10.824091,52.054759,0,0,6.3479555,0.96487843,0.064924589,15,16
s-bursty-short,scrape-5s,scaling,threshold_cooldown,5,06bc7fdc7c6c,0,123252,123252,0,0,0,0,0.27137085,48.282258,19.206107,16.78286,0.31378515,0.75260805,0.035715739,33.565719,41.821145,0.016444941,0.031378515,0.034335319,42.250065,0.015848932,0.079432823,0,0,6.8905212,33.52374,0,0,6.2215599,0.96176252,0.052550774,15,16
s-bursty-short,scrape-5s,scaling,threshold_cooldown,6,376d05259c1d,0,120768,120768,0,0,0,0,0.12172099,57.025806,6.6791285,4.9459743,0.30267471,0.82187449,0.032610913,9.8919487,15.438092,0.016150002,0.030267471,0.032695289,20.865105,0.015848932,0.079432823,0,0,1.1233267,9.8486051,0,0,6.7941624,0.97172551,0.042746996,13,16
s-bursty-short,scrape-5s,scaling,threshold_cooldown,7,1ae66c3ddb33,0,144260,144260,0,0,0,0,0.068529045,72.244086,7.5786894,6.1192134,0.29317641,0.8236544,0.033274058,12.238427,38.121055,0.016989025,0.029317641,0.031972983,28.617651,0.015848932,0.079432823,0,0,1.5950809,12.198548,0,0,6.8088763,0.97424639,0.053159185,17,16
s-bursty-short,scrape-5s,scaling,threshold_cooldown,8,32ad69b77d17,0,159742,159742,0,0,0,0,0.21641772,67.296237,21.843644,19.563037,0.30941175,0.88910696,0.034539473,39.126074,47.822389,0.016843257,0.030941175,0.033353839,47.202742,0.015848932,0.079432823,0,0,6.6024857,39.082826,0,0,7.3499509,0.9713798,0.056824009,17,16
s-bursty-short,scrape-5s,scaling,threshold_cooldown,9,8e892c5b9715,0,112248,112248,0,0,0,0,0.23118452,46.396774,7.4589478,5.2055936,0.31113253,0.78629905,0.035465877,10.411187,14.800609,0.016150353,0.031113253,0.033900396,22.89416,0.015848932,0.079432823,0,0,1.8492167,10.363319,0,0,6.5000722,0.96395859,0.044294075,15,16
s-bursty-short,scrape-5s,scaling,threshold_cooldown,10,ef1c2e71ac9b,0,87416,87416,0,0,0,0,0.074848998,43.480108,4.867664,3.4387449,0.29869728,0.75597684,0.031355996,6.8774899,13.101624,0.012742788,0.029869728,0.032687906,18.563215,0.012589254,0.063095734,0,0,0.65684911,6.8318545,0,0,6.2494086,0.97536681,0.031509382,12,15
s-bursty-short,scrape-5s,scaling,target_tracking,1,c39db69c51db,0,102821,102821,0,0,0,0,0,55.280108,1.1877201,0.032206659,0.17639185,0.97912163,0.028885068,0.064413319,0.12191576,0.014752665,0.017639185,0.018903998,13.425759,0.015848932,0.050118723,0,0,0.0066947963,0.013093305,0,0,8.0940722,0.97678119,0.024977282,13,16
s-bursty-short,scrape-5s,scaling,target_tracking,2,f566abcda885,0,90448,90448,0,0,0,0,0,48.627957,1.1859921,0.031845517,0.17329982,0.98084677,0.028266201,0.063691034,0.12198098,0.012294675,0.017329982,0.018554337,12.782578,0.012589254,0.050118723,0,0,0.006438135,0.012591492,0,0,8.1083333,0.97089615,0.020957845,11,16
s-bursty-short,scrape-5s,scaling,target_tracking,3,1fc1c1dca02c,0,127097,127097,0,0,0,0,0.092362526,62.02043,15.174262,13.420124,0.29669428,0.99563172,0.03073668,26.840248,53.012344,0.015397247,0.029669428,0.032046816,34.419793,0.015848932,0.063095734,0,0,2.7562688,26.805925,0,0,8.2305556,0.97722033,0.03346688,11,16
s-bursty-short,scrape-5s,scaling,target_tracking,4,d0e2f79f5d55,0,145301,145301,0,0,0,0,0,78.118817,1.1808775,0.033104224,0.1801994,0.96757392,0.029946273,0.066208447,0.12459644,0.015775423,0.01801994,0.019434482,14.103986,0.015848932,0.050118723,0,0,0.0070819559,0.013522179,0,0,7.9986111,0.97310604,0.037791373,11,16
s-bursty-short,scrape-5s,scaling,target_tracking,5,06bc7fdc7c6c,0,123252,123252,0,0,0,0,0,66.264516,1.1856114,0.032339852,0.17561698,0.97765457,0.029262027,0.064679704,0.12246425,0.015174253,0.017561698,0.01898115,13.782366,0.015848932,0.050118723,0,0,0.0068206415,0.013155366,0,0,8.0819444,0.97209937,0.030638571,11,16
s-bursty-short,scrape-5s,scaling,target_tracking,6,376d05259c1d,0,120768,120768,0,0,0,0,0,64.929032,1.1889339,0.032506715,0.17776454,0.97866263,0.029299943,0.065013431,0.1220799,0.015324068,0.017776454,0.019700524,13.828154,0.015848932,0.050118723,0,0,0.0068740018,0.013291843,0,0,8.0902778,0.97318203,0.030020534,11,16
s-bursty-short,scrape-5s,scaling,target_tracking,7,1ae66c3ddb33,0,144260,144260,0,0,0,0,0.049265216,73.738172,2.4412305,0.934558,0.28336386,0.97698253,0.030760949,1.869116,17.082491,0.01590867,0.028336386,0.032337798,18.387565,0.015848932,0.063095734,0,0,0.54359837,1.8361831,0,0,8.0763889,0.9761837,0.038840633,11,16
s-bursty-short,scrape-5s,scaling,target_tracking,8,32ad69b77d17,0,159742,159742,0,0,0,0,0.068441612,80.004839,8.3532801,6.7223049,0.29313546,0.99563172,0.031351724,13.44461,36.55889,0.016096284,0.029313546,0.031929258,25.775113,0.015848932,0.063095734,0,0,1.4905412,13.414921,0,0,8.2305556,0.97103986,0.044441743,11,16
s-bursty-short,scrape-5s,scaling,target_tracking,9,8e892c5b9715,0,112248,112248,0,0,0,0,0.0039733447,60.108602,1.2183317,0.036970151,0.1840083,0.97748656,0.029193678,0.073940303,0.53798936,0.014791738,0.01840083,0.029935246,13.64449,0.015848932,0.050118723,0,0,0.025500888,0.013686781,0,0,8.0805556,0.97210397,0.027397271,11,16
s-bursty-short,scrape-5s,scaling,target_tracking,10,ef1c2e71ac9b,0,87416,87416,0,0,0,0,0.033735243,45.412366,1.5229062,0.076757081,0.28184123,0.99563172,0.028675579,0.15351416,10.239655,0.012068393,0.028184123,0.032100741,14.938003,0.012589254,0.050118723,0,0,0.28136605,0.042046834,0,0,8.2305556,0.97626056,0.020354743,11,16
s-bursty-short,scrape-5s,scaling,slo_feedback,1,c39db69c51db,0,102821,102821,0,0,0,0,0.52606958,26.198925,76.910365,73.360195,0.3235131,0.59630824,4.1588372,146.72039,304.44546,0.028089723,0.03235131,0.036194781,153.59588,0.025118864,0.1,0,0,30.35536,146.66858,0,0,4.9294815,0.99679289,0.074896283,66,16
s-bursty-short,scrape-5s,scaling,slo_feedback,2,f566abcda885,0,90448,90166,0,0,0,282,0.51136565,23.76129,60.351421,56.953678,0.32556377,0.51535067,3.1707002,113.90736,146.34347,0.027729018,0.032556377,0.036037782,121.12987,0.025118864,0.1,0,0,30.299305,113.86201,0,0,4.2602322,0.97339139,0.082143058,73,16
s-bursty-short,scrape-5s,scaling,slo_feedback,3,1fc1c1dca02c,0,127097,127081,0,0,0,16,0.52291557,32.6,56.152349,52.619602,0.32672526,0.59144365,3.058541,105.2392,163.35747,0.028171477,0.032672526,0.036493363,113.17449,0.025118864,0.1,0,0,22.873204,105.21261,0,0,4.8892675,0.98539238,0.097607818,70,16
s-bursty-short,scrape-5s,scaling,slo_feedback,4,d0e2f79f5d55,0,145301,145301,0,0,0,0,0.24005341,59.366129,9.7098849,7.6347377,0.31515099,0.55972914,0.046048953,15.269475,101.67513,0.02341673,0.031515099,0.034522615,43.251286,0.025118864,0.1,0,0,4.5149005,15.238732,0,0,4.6270942,0.96446162,0.11775539,71,16
s-bursty-short,scrape-5s,scaling,slo_feedback,5,06bc7fdc7c6c,0,123252,123252,0,0,0,0,0.3069078,45.927419,26.614426,24.189766,0.31781677,0.57230391,0.045369825,48.379532,121.70704,0.021546702,0.031781677,0.034748671,63.185298,0.019952623,0.1,0,0,9.7584527,48.328365,0,0,4.7310456,0.96310682,0.093257728,71,16
s-bursty-short,scrape-5s,scaling,slo_feedback,6,376d05259c1d,0,120768,120768,0,0,0,0,0.33656267,43.076344,62.693044,60.111701,0.31601392,0.58251609,0.046663114,120.2234,181.87004,0.02336986,0.031601392,0.034700193,128.48117,0.025118864,0.1,0,0,16.453244,120.18211,0,0,4.8154664,0.97628019,0.091276063,69,16
s-bursty-short,scrape-5s,scaling,slo_feedback,7,1ae66c3ddb33,0,144260,144260,0,0,0,0,0.30802024,53.669355,55.926612,53.466159,0.31667478,0.60367658,0.04830677,106.93232,226.47739,0.024190355,0.031667478,0.03452959,114.62069,0.025118864,0.1,0,0,14.270446,106.89593,0,0,4.990393,0.98750443,0.10713472,70,16
s-bursty-short,scrape-5s,scaling,slo_feedback,8,32ad69b77d17,0,159742,159742,0,0,0,0,0.39647682,51.832258,35.950205,33.041685,0.3215836,0.60455239,0.058834146,66.08337,103.95753,0.024679263,0.03215836,0.035413566,77.022528,0.025118864,0.1,0,0,11.796798,66.037494,0,0,4.9976331,0.9959841,0.11754052,68,16
s-bursty-short,scrape-5s,scaling,slo_feedback,9,8e892c5b9715,0,112248,112248,0,0,0,0,0.18944658,48.915591,92.322324,90.460428,0.31179059,0.60287291,0.038349928,180.92086,276.06362,0.019439621,0.031179059,0.034092103,188.07178,0.019952623,0.079432823,0,0,18.677432,180.8784,0,0,4.9837494,0.98516065,0.070684038,64,16
s-bursty-short,scrape-5s,scaling,slo_feedback,10,ef1c2e71ac9b,0,87416,87416,0,0,0,0,0.26609545,34.491935,62.59698,60.436131,0.31604226,0.51432933,0.04074265,120.87226,170.07868,0.018717181,0.031604226,0.035219655,129.23512,0.019952623,0.079432823,0,0,16.523873,120.83672,0,0,4.2517892,0.99058753,0.068156575,72,16
s-bursty-short,scrape-5s,scaling,predictive,1,c39db69c51db,0,102821,102821,0,0,0,0,0.25883818,40.971505,41.299281,39.160823,0.31502373,0.5292427,0.03967831,78.321647,94.307502,0.019100771,0.031502373,0.035214777,85.586631,0.019952623,0.079432823,0,0,12.032799,78.286687,0,0,4.375073,0.98562957,0.09170924,140,17
s-bursty-short,scrape-5s,scaling,predictive,2,f566abcda885,0,90448,90448,0,0,0,0,0.22637316,37.619892,25.168413,23.243653,0.3130096,0.47988435,0.037923695,46.487307,58.902999,0.01729801,0.03130096,0.03437705,54.060681,0.015848932,0.079432823,0,0,6.8021653,46.445692,0,0,3.9670439,0.9835729,0.086178187,135,19
s-bursty-short,scrape-5s,scaling,predictive,3,1fc1c1dca02c,0,127097,127097,0,0,0,0,0.42364493,39.383333,30.375442,27.219744,0.32234267,0.71512993,0.073498823,54.439489,129.30222,0.024489232,0.032234267,0.036241431,64.414289,0.025118864,0.1,0,0,11.653892,54.403427,0,0,5.9117408,0.99259487,0.1032309,233,18
s-bursty-short,scrape-5s,scaling,predictive,4,d0e2f79f5d55,0,145301,143625,0,0,0,1676,0.19922781,62.555376,25.818121,23.843425,0.31139216,0.6671642,0.037739832,47.68685,69.301966,0.019122295,0.031139216,0.034401086,56.281887,0.019952623,0.079432823,0,0,6.4177886,47.644448,0,0,5.515224,0.98493669,0.094762487,143,19
s-bursty-short,scrape-5s,scaling,predictive,5,06bc7fdc7c6c,0,123252,123252,0,0,0,0,0.38144614,40.988172,41.360838,38.492948,0.31968864,0.64097024,0.056351891,76.985896,162.38636,0.025300389,0.031968864,0.035460735,83.386188,0.025118864,0.1,0,0,14.094975,76.946877,0,0,5.2986873,0.99562251,0.1148205,202,19
s-bursty-short,scrape-5s,scaling,predictive,6,376d05259c1d,0,120768,120768,0,0,0,0,0.41953166,37.689247,34.371796,31.332752,0.3233484,0.61803758,0.068220362,62.665503,73.884628,0.024294215,0.03233484,0.037515675,70.156134,0.025118864,0.1,0,0,12.921563,62.6223,0,0,5.1091107,0.99672312,0.10988858,192,16
s-bursty-short,scrape-5s,scaling,predictive,7,1ae66c3ddb33,0,144260,144260,0,0,0,0,0.24959795,58.200538,26.362072,24.107485,0.31555414,0.69104271,0.041204384,48.21497,60.630517,0.020265361,0.031555414,0.03553092,55.606845,0.019952623,0.1,0,0,7.6907722,48.172168,0,0,5.7126198,0.97399927,0.098916729,159,16
s-bursty-short,scrape-5s,scaling,predictive,8,32ad69b77d17,0,159742,159539,0,0,0,203,0.31489527,58.83871,19.599041,16.939207,0.31951042,0.76584694,0.046606777,33.878414,49.28614,0.022534852,0.031951042,0.035939487,44.184133,0.025118864,0.1,0,0,6.4904314,33.841979,0,0,6.3310014,0.97110951,0.10667067,168,18
s-bursty-short,scrape-5s,scaling,predictive,9,8e892c5b9715,0,112248,112248,0,0,0,0,0.43573159,34.052688,57.378163,54.173202,0.32250809,0.70379495,0.076481792,108.3464,209.29664,0.024625302,0.032250809,0.037068735,116.99438,0.025118864,0.1,0,0,17.827902,108.31887,0,0,5.8180382,0.99654877,0.094775411,226,19
s-bursty-short,scrape-5s,scaling,predictive,10,ef1c2e71ac9b,0,87416,87416,0,0,0,0,0.1899881,38.068817,138.91704,137.06684,0.31142553,0.5888324,0.034988643,274.13369,441.97595,0.016350156,0.031142553,0.034374419,281.50246,0.015848932,0.079432823,0,0,28.546552,274.0836,0,0,4.8676812,0.99262161,0.061611013,162,18
s-bursty-short,tail-light,scaling,static_min,1,934391807300,0,102821,42913,0,0,0,59908,0.99639179,0.19946237,555.93706,550.546,0.34532599,0.063779233,638.6662,1101.092,1127.7491,0.031326062,0.034532599,0.036873912,1106.8082,0.025118864,0.1,0,0,605.01437,1101.0457,0,0,0.52724166,0.9998098,0.175989,4,5
s-bursty-short,tail-light,scaling,static_min,2,e1e78db2d877,0,90448,42882,0,0,0,47566,0.99452724,0.26612903,605.62743,600.24652,0.34442044,0.063853755,613.47557,1200.493,1223.0118,0.031447384,0.034442044,0.036905319,1205.5007,0.025118864,0.1,0,0,615.50524,1200.4498,0,0,0.52785771,0.99964104,0.17681063,4,5
s-bursty-short,tail-light,scaling,static_min,3,fd1ba267e35b,0,127097,43343,0,0,0,83754,0.99376854,0.42580645,676.96208,671.58626,0.34215702,0.064820798,721.63263,1343.1725,1407.9514,0.031196165,0.034215702,0.036636632,1348.9085,0.025118864,0.1,0,0,720.53973,1343.1259,0,0,0.53585193,0.99991388,0.17474401,4,5
s-bursty-short,tail-light,scaling,static_min,4,80ec16f9df23,0,145301,42904,0,0,0,102397,0.9964281,0.27903226,599.00943,593.61828,0.34523198,0.063778084,481.52131,1187.2366,1251.8432,0.031317379,0.034523198,0.036765263,1193.2458,0.025118864,0.1,0,0,527.89373,1187.1668,0,0,0.52723216,0.99975323,0.17661732,4,5
s-bursty-short,tail-light,scaling,static_min,5,314e815f1a91,0,123252,42869,0,0,0,80383,0.99643819,0.23602151,572.4845,567.09237,0.34607398,0.063859843,450.15367,1134.1847,1197.295,0.031383322,0.034607398,0.037017578,1139.7852,0.025118864,0.1,0,0,501.70929,1134.1262,0,0,0.52790804,0.99969093,0.1773964,4,5
s-bursty-short,tail-light,scaling,static_min,6,40ee84c1598f,0,120768,42830,0,0,0,77938,0.99619932,0.24677419,602.47215,597.083,0.34412523,0.064027819,607.86147,1194.166,1255.0075,0.0312308,0.034412523,0.036753986,1199.3966,0.025118864,0.1,0,0,590.66118,1194.1344,0,0,0.52929664,0.99987336,0.17549452,4,5
s-bursty-short,tail-light,scaling,static_min,7,3796fe6505e8,0,144260,42938,0,0,0,101322,0.99697768,0.2344086,610.01153,604.6143,0.34826449,0.064067971,537.6526,1209.2286,1272.5622,0.03142162,0.034826449,0.037401709,1215.0699,0.025118864,0.1,0,0,595.04282,1209.1926,0,0,0.52962856,0.99984826,0.17699123,4,5
s-bursty-short,tail-light,scaling,static_min,8,fbe22f211fa2,0,159742,43238,0,0,0,116504,0.99521103,0.41129032,688.75256,683.36465,0.34740128,0.06445461,757.03063,1366.7293,1406.5407,0.031342414,0.034740128,0.037127174,1372.1737,0.025118864,0.1,0,0,745.60106,1366.6743,0,0,0.53282477,0.99991845,0.17829745,4,5
s-bursty-short,tail-light,scaling,static_min,9,d28eb7e5c0cd,0,112248,42776,0,0,0,69472,0.99552776,0.26989247,631.75297,626.36669,0.34462753,0.064006737,551.50869,1252.7334,1318.2359,0.031343529,0.034462753,0.036683556,1258.5125,0.025118864,0.1,0,0,590.83747,1252.7092,0,0,0.52912236,0.99959566,0.17663418,4,5
s-bursty-short,tail-light,scaling,static_min,10,02e4997779a6,0,87416,43546,0,0,0,43870,0.99110003,0.41827957,561.56549,556.20112,0.34444896,0.064419186,488.04854,1112.4022,1149.4661,0.031399157,0.034444896,0.036531099,1118.2832,0.025118864,0.1,0,0,536.64589,1112.3371,0,0,0.53253194,0.99994801,0.17656239,4,5
s-bursty-short,tail-light,scaling,static_tuned,1,934391807300,0,102821,102821,0,0,0,0,0,55.280108,0.90735831,0.033157704,0.18770867,0.68649194,0.028833072,0.066315407,0.12999586,0.015113882,0.018770867,0.02013276,7.2662586,0.015848932,0.063095734,0,0,0.0069404476,0.013313559,0,0,5.675,0.97260153,0.019277386,6,11
s-bursty-short,tail-light,scaling,static_tuned,2,e1e78db2d877,0,90448,90448,0,0,0,0,0,48.627957,0.90365593,0.032713117,0.18445088,0.68649194,0.028237059,0.065426233,0.12735959,0.01232899,0.018445088,0.019877048,6.8996472,0.012589254,0.050118723,0,0,0.0066644084,0.012849776,0,0,5.675,0.96883046,0.01620867,6,11
s-bursty-short,tail-light,scaling,static_tuned,3,fd1ba267e35b,0,127097,127097,0,0,0,0,0.088223955,62.303226,6.5485444,5.1100624,0.31087023,0.68649194,0.030946459,10.220125,19.966723,0.016582026,0.031087023,0.033127854,16.384051,0.015848932,0.079432823,0,0,1.0594768,10.183456,0,0,5.675,0.97337789,0.027227413,6,11
s-bursty-short,tail-light,scaling,static_tuned,4,80ec16f9df23,0,145301,145301,0,0,0,0,0,78.118817,0.9123012,0.034585986,0.19122328,0.68649194,0.029953019,0.069171972,0.13534075,0.016743208,0.019122328,0.020635265,7.7130434,0.015848932,0.063095734,0,0,0.0075248333,0.013824485,0,0,5.675,0.96945463,0.029472608,6,11
s-bursty-short,tail-light,scaling,static_tuned,5,314e815f1a91,0,123252,123252,0,0,0,0,0,66.264516,0.90919894,0.033763264,0.18894374,0.68649194,0.029412461,0.067526528,0.13175529,0.016301606,0.018894374,0.020304543,7.504115,0.015848932,0.063095734,0,0,0.0072142792,0.013549997,0,0,5.675,0.96857963,0.024006258,6,11
s-bursty-short,tail-light,scaling,static_tuned,6,40ee84c1598f,0,120768,120768,0,0,0,0,0,64.929032,0.91022153,0.03374992,0.18997968,0.68649194,0.029304604,0.067499839,0.13146944,0.016278766,0.018997968,0.020776291,7.5197505,0.015848932,0.063095734,0,0,0.0072459035,0.013574997,0,0,5.675,0.97092958,0.023347912,6,11
s-bursty-short,tail-light,scaling,static_tuned,7,3796fe6505e8,0,144260,144260,0,0,0,0,0.00017329821,77.545699,0.91754877,0.035956139,0.1942342,0.68649194,0.030059256,0.071912278,0.16018251,0.016786651,0.01942342,0.024871075,7.8026655,0.015848932,0.063095734,0,0,0.010940173,0.0140477,0,0,5.675,0.97166748,0.029398475,6,11
s-bursty-short,tail-light,scaling,static_tuned,8,fbe22f211fa2,0,159742,159742,0,0,0,0,0.058394161,80.867742,2.8578214,1.5742931,0.30506557,0.68649194,0.031282879,3.1485862,9.2456335,0.01707775,0.030506557,0.033070768,10.848157,0.015848932,0.079432823,0,0,0.3797063,3.1055427,0,0,5.675,0.9688965,0.035421281,6,11
s-bursty-short,tail-light,scaling,static_tuned,9,d28eb7e5c0cd,0,112248,112248,0,0,0,0,0,60.348387,0.90723459,0.033195675,0.18754698,0.68649194,0.02897618,0.066391349,0.12920586,0.015810971,0.018754698,0.020196327,7.2880427,0.015848932,0.063095734,0,0,0.0070558298,0.013397172,0,0,5.675,0.96964295,0.021166058,6,11
s-bursty-short,tail-light,scaling,static_tuned,10,02e4997779a6,0,87416,87416,0,0,0,0,0.021357646,45.994086,1.117734,0.061799401,0.26265441,0.68649194,0.028473038,0.1235988,4.0036569,0.01216729,0.026265441,0.032600784,7.8208002,0.012589254,0.063095734,0,0,0.10688411,0.025528056,0,0,5.675,0.97283234,0.016092384,6,11
s-bursty-short,tail-light,scaling,static_peak_oracle,1,934391807300,0,102821,102821,0,0,0,0,0,55.280108,0.90735831,0.033157704,0.18770867,0.68649194,0.028833072,0.066315407,0.12999586,0.015113882,0.018770867,0.02013276,7.2662586,0.015848932,0.063095734,0,0,0.0069404476,0.013313559,0,0,5.675,0.97260153,0.019277386,6,11
s-bursty-short,tail-light,scaling,static_peak_oracle,2,e1e78db2d877,0,90448,90448,0,0,0,0,0,48.627957,0.90365593,0.032713117,0.18445088,0.68649194,0.028237059,0.065426233,0.12735959,0.01232899,0.018445088,0.019877048,6.8996472,0.012589254,0.050118723,0,0,0.0066644084,0.012849776,0,0,5.675,0.96883046,0.01620867,6,11
s-bursty-short,tail-light,scaling,static_peak_oracle,3,fd1ba267e35b,0,127097,127097,0,0,0,0,0.088223955,62.303226,6.5485444,5.1100624,0.31087023,0.68649194,0.030946459,10.220125,19.966723,0.016582026,0.031087023,0.033127854,16.384051,0.015848932,0.079432823,0,0,1.0594768,10.183456,0,0,5.675,0.97337789,0.027227413,6,11
s-bursty-short,tail-light,scaling,static_peak_oracle,4,80ec16f9df23,0,145301,145301,0,0,0,0,0,78.118817,0.9123012,0.034585986,0.19122328,0.68649194,0.029953019,0.069171972,0.13534075,0.016743208,0.019122328,0.020635265,7.7130434,0.015848932,0.063095734,0,0,0.0075248333,0.013824485,0,0,5.675,0.96945463,0.029472608,6,11
s-bursty-short,tail-light,scaling,static_peak_oracle,5,314e815f1a91,0,123252,123252,0,0,0,0,0,66.264516,0.90919894,0.033763264,0.18894374,0.68649194,0.029412461,0.067526528,0.13175529,0.016301606,0.018894374,0.020304543,7.504115,0.015848932,0.063095734,0,0,0.0072142792,0.013549997,0,0,5.675,0.96857963,0.024006258,6,11
s-bursty-short,tail-light,scaling,static_peak_oracle,6,40ee84c1598f,0,120768,120768,0,0,0,0,0,64.929032,0.91022153,0.03374992,0.18997968,0.68649194,0.029304604,0.067499839,0.13146944,0.016278766,0.018997968,0.020776291,7.5197505,0.015848932,0.063095734,0,0,0.0072459035,0.013574997,0,0,5.675,0.97092958,0.023347912,6,11
s-bursty-short,tail-light,scaling,static_peak_oracle,7,3796fe6505e8,0,144260,144260,0,0,0,0,0.00017329821,77.545699,0.91754877,0.035956139,0.1942342,0.68649194,0.030059256,0.071912278,0.16018251,0.016786651,0.01942342,0.024871075,7.8026655,0.015848932,0.063095734,0,0,0.010940173,0.0140477,0,0,5.675,0.97166748,0.029398475,6,11
s-bursty-short,tail-light,scaling,static_peak_oracle,8,fbe22f211fa2,0,159742,159742,0,0,0,0,0.058394161,80.867742,2.8578214,1.5742931,0.30506557,0.68649194,0.031282879,3.1485862,9.2456335,0.01707775,0.030506557,0.033070768,10.848157,0.015848932,0.079432823,0,0,0.3797063,3.1055427,0,0,5.675,0.9688965,0.035421281,6,11
s-bursty-short,tail-light,scaling,static_peak_oracle,9,d28eb7e5c0cd,0,112248,112248,0,0,0,0,0,60.348387,0.90723459,0.033195675,0.18754698,0.68649194,0.02897618,0.066391349,0.12920586,0.015810971,0.018754698,0.020196327,7.2880427,0.015848932,0.063095734,0,0,0.0070558298,0.013397172,0,0,5.675,0.96964295,0.021166058,6,11
s-bursty-short,tail-light,scaling,static_peak_oracle,10,02e4997779a6,0,87416,87416,0,0,0,0,0.021357646,45.994086,1.117734,0.061799401,0.26265441,0.68649194,0.028473038,0.1235988,4.0036569,0.01216729,0.026265441,0.032600784,7.8208002,0.012589254,0.063095734,0,0,0.10688411,0.025528056,0,0,5.675,0.97283234,0.016092384,6,11
s-bursty-short,tail-light,scaling,threshold_cooldown,1,934391807300,0,102821,102821,0,0,0,0,0.20551249,43.919355,10.008013,8.0176557,0.32494904,0.63784591,0.033144959,16.035311,22.855575,0.015983867,0.032494904,0.034710114,23.036246,0.015848932,0.079432823,0,0,2.6771184,15.979224,0,0,5.2728595,0.96966296,0.026341722,14,13
s-bursty-short,tail-light,scaling,threshold_cooldown,2,e1e78db2d877,0,90448,90448,0,0,0,0,0.26647355,35.669892,8.9344784,6.7006999,0.32996716,0.5714436,0.034371326,13.4014,19.086598,0.012919426,0.032996716,0.035472858,20.742546,0.012589254,0.1,0,0,2.6727275,13.351159,0,0,4.7239338,0.96161554,0.026131256,10,11
s-bursty-short,tail-light,scaling,threshold_cooldown,3,fd1ba267e35b,0,127097,127097,0,0,0,0,0.13540052,59.07957,7.9841609,6.2559701,0.31741131,0.73377692,0.031357572,12.51194,19.966723,0.016133159,0.031741131,0.033836174,18.559123,0.015848932,0.079432823,0,0,1.5697719,12.469022,0,0,6.0658892,0.9744632,0.026583118,16,13
s-bursty-short,tail-light,scaling,threshold_cooldown,4,80ec16f9df23,0,145301,145301,0,0,0,0,0.17785838,64.224731,8.7926945,6.9337784,0.32456097,0.64506329,0.033118332,13.867557,21.75117,0.016378531,0.032456097,0.034602185,20.375474,0.015848932,0.079432823,0,0,2.0900278,13.816429,0,0,5.3325232,0.96061946,0.037464155,12,13
s-bursty-short,tail-light,scaling,threshold_cooldown,5,314e815f1a91,0,123252,123252,0,0,0,0,0.078400351,61.069355,5.1961628,3.8549984,0.31269542,0.63646724,0.031810076,7.7099967,15.588128,0.016221956,0.031269542,0.033685541,14.307127,0.015848932,0.079432823,0,0,0.77169524,7.6728431,0,0,5.2614625,0.95903586,0.030626967,12,13
s-bursty-short,tail-light,scaling,threshold_cooldown,6,40ee84c1598f,0,120768,120768,0,0,0,0,0.14418555,55.567204,9.057772,7.3411699,0.3199825,0.67569191,0.031839532,14.68234,21.369898,0.016058074,0.03199825,0.034350739,20.545638,0.015848932,0.079432823,0,0,1.8395428,14.63325,0,0,5.5857198,0.96998746,0.027904507,14,13
s-bursty-short,tail-light,scaling,threshold_cooldown,7,3796fe6505e8,0,144260,144260,0,0,0,0,0.060938583,72.832796,3.4494,2.0923775,0.30372137,0.74860826,0.030691416,4.1847549,13.314872,0.016136751,0.030372137,0.033201163,11.806928,0.015848932,0.079432823,0,0,0.52486274,4.1341894,0,0,6.1884949,0.9686527,0.028851121,16,15
s-bursty-short,tail-light,scaling,threshold_cooldown,8,fbe22f211fa2,0,159742,159742,0,0,0,0,0.11292584,76.184409,4.3400055,2.7241967,0.31996847,0.73121119,0.032017636,5.4483933,9.2515431,0.016276444,0.031996847,0.034192977,12.163038,0.015848932,0.079432823,0,0,0.65044468,5.4054297,0,0,6.0446792,0.97041493,0.03499057,14,13
s-bursty-short,tail-light,scaling,threshold_cooldown,9,d28eb7e5c0cd,0,112248,112248,0,0,0,0,0.013452355,59.536559,1.0849094,0.050072734,0.27959101,0.68798388,0.030707789,0.10014547,2.654529,0.015430045,0.027959101,0.032160213,8.6577206,0.015848932,0.079432823,0,0,0.06200508,0.026968552,0,0,5.6873334,0.96317171,0.024049727,12,13
s-bursty-short,tail-light,scaling,threshold_cooldown,10,02e4997779a6,0,87416,87416,0,0,0,0,0.030200421,45.578495,1.6246654,0.5065984,0.31109743,0.65596743,0.029344218,1.0131968,4.0036569,0.01234306,0.031109743,0.033521511,8.5122787,0.012589254,0.079432823,0,0,0.15161969,0.95993486,0,0,5.4226641,0.97664968,0.018067861,12,13
s-bursty-short,tail-light,scaling,target_tracking,1,934391807300,0,102821,102821,0,0,0,0,0,55.280108,1.01653,0.033291402,0.19696906,0.78626949,0.028848358,0.066582804,0.12883363,0.013944102,0.019696906,0.021239617,7.2830168,0.015848932,0.063095734,0,0,0.0070195917,0.013577241,0,0,6.4998278,0.9772275,0.017529063,29,16
s-bursty-short,tail-light,scaling,target_tracking,2,e1e78db2d877,0,90448,90448,0,0,0,0,0,48.627957,0.99578403,0.032648702,0.1907125,0.77242283,0.028169488,0.065297403,0.12763868,0.012373593,0.01907125,0.020561146,6.8896212,0.012589254,0.050118723,0,0,0.0066679953,0.012758967,0,0,6.3853621,0.95770873,0.01487972,21,16
s-bursty-short,tail-light,scaling,target_tracking,3,fd1ba267e35b,0,127097,127097,0,0,0,0,0.088853395,62.260215,6.7793637,5.1100624,0.31176843,0.91326585,0.029582648,10.220125,19.966723,0.01436353,0.031176843,0.033367389,16.143407,0.015848932,0.079432823,0,0,1.062739,10.183456,0,0,7.5496644,0.98108159,0.01984279,33,16
s-bursty-short,tail-light,scaling,target_tracking,4,80ec16f9df23,0,145301,145301,0,0,0,0,0,78.118817,1.085611,0.0332069,0.18852596,0.86387813,0.028709829,0.066413801,0.1273343,0.014525488,0.018852596,0.020453237,7.112217,0.015848932,0.063095734,0,0,0.0068908985,0.012773594,0,0,7.1413925,0.96305518,0.022321477,21,16
s-bursty-short,tail-light,scaling,target_tracking,5,314e815f1a91,0,123252,123252,0,0,0,0,0,66.264516,1.0901468,0.032372866,0.18580809,0.87196587,0.028192985,0.064745732,0.12389533,0.014122973,0.018580809,0.02013346,6.9304547,0.015848932,0.050118723,0,0,0.0066512777,0.012416915,0,0,7.2082512,0.96279628,0.018055885,21,16
s-bursty-short,tail-light,scaling,target_tracking,6,40ee84c1598f,0,120768,120768,0,0,0,0,0,64.929032,1.1058155,0.031933284,0.16616192,0.9077203,0.027848493,0.063866569,0.12161058,0.014220891,0.016616192,0.018380642,6.7769243,0.015848932,0.050118723,0,0,0.006493513,0.012210398,0,0,7.5038212,0.97975635,0.016319173,21,16
s-bursty-short,tail-light,scaling,target_tracking,7,3796fe6505e8,0,144260,144260,0,0,0,0,0.03389713,74.930108,1.5924688,0.21283179,0.28939136,0.92076005,0.029057051,0.42566357,5.5136423,0.014423977,0.028939136,0.033084962,8.4854159,0.015848932,0.063095734,0,0,0.175294,0.36473738,0,0,7.6116164,0.96748049,0.021405577,21,16
s-bursty-short,tail-light,scaling,target_tracking,8,fbe22f211fa2,0,159742,159742,0,0,0,0,0.058970089,80.81828,3.142187,1.5844547,0.30705729,0.95582453,0.029370065,3.1689095,9.2456335,0.014518204,0.030705729,0.033417162,10.259601,0.015848932,0.063095734,0,0,0.38283757,3.1252777,0,0,7.9014828,0.9661469,0.023624284,23,16
s-bursty-short,tail-light,scaling,target_tracking,9,d28eb7e5c0cd,0,112248,112248,0,0,0,0,0.00024053881,60.333871,1.1503003,0.034344446,0.17440547,0.9403477,0.027778191,0.068688891,0.16607279,0.013813868,0.017440547,0.029411278,6.7746895,0.012589254,0.050118723,0,0,0.011373052,0.01232793,0,0,7.773541,0.96629183,0.01469273,21,16
s-bursty-short,tail-light,scaling,target_tracking,10,02e4997779a6,0,87416,87416,0,0,0,0,0.021597877,45.982796,1.323103,0.070136449,0.28159697,0.86338015,0.028136166,0.1402729,4.0036569,0.011981685,0.028159697,0.032977559,7.7090949,0.012589254,0.063095734,0,0,0.11021128,0.035401599,0,0,7.1372759,0.97756282,0.012904201,26,16
s-bursty-short,tail-light,scaling,slo_feedback,1,934391807300,0,102821,102821,0,0,0,0,0.55557717,24.567742,78.591552,74.993154,0.33752354,0.48298895,6.7988991,149.98631,195.71522,0.029571848,0.033752354,0.036233835,155.96003,0.025118864,0.1,0,0,26.333989,149.95342,0,0,3.9927086,0.99712264,0.053890865,67,16
s-bursty-short,tail-light,scaling,slo_feedback,2,e1e78db2d877,0,90448,90448,0,0,0,0,0.40779232,28.797849,45.277825,42.470975,0.33540888,0.43247997,0.056389349,84.941949,111.20069,0.024915351,0.033540888,0.035786251,90.5074,0.025118864,0.1,0,0,17.151499,84.902094,0,0,3.5751677,0.97575185,0.05251017,71,15
s-bursty-short,tail-light,scaling,slo_feedback,3,fd1ba267e35b,0,127097,123614,0,0,0,3483,0.3279385,45.923118,27.352186,24.955132,0.33270619,0.42465547,0.048067131,49.910264,63.282452,0.024592856,0.033270619,0.035433489,55.596647,0.025118864,0.1,0,0,8.0264719,49.849905,0,0,3.5104852,0.99984936,0.075002898,71,16
s-bursty-short,tail-light,scaling,slo_feedback,4,80ec16f9df23,0,145301,142987,0,0,0,2314,0.32296405,52.889247,12.238218,9.8891059,0.33482047,0.39947117,0.055842169,19.778212,55.035316,0.026420368,0.033482047,0.035747124,29.173152,0.025118864,0.1,0,0,3.444864,19.74137,0,0,3.302295,0.99986564,0.099101009,68,11
s-bursty-short,tail-light,scaling,slo_feedback,5,314e815f1a91,0,123252,123252,0,0,0,0,0.31301723,45.522581,22.588959,20.22186,0.33600711,0.46600597,0.069849289,40.443719,112.71373,0.027302118,0.033600711,0.036017891,46.030259,0.025118864,0.1,0,0,6.8234809,40.385321,0,0,3.852316,0.94675977,0.068700997,71,15
s-bursty-short,tail-light,scaling,slo_feedback,6,40ee84c1598f,0,120768,120768,0,0,0,0,0.37114964,40.830645,151.84102,149.05965,0.33206301,0.59356662,0.042256565,298.11929,471.12791,0.017435793,0.033206301,0.035486441,303.61139,0.015848932,0.1,0,0,45.60053,298.09148,0,0,4.9068174,0.97909282,0.042241213,59,16
s-bursty-short,tail-light,scaling,slo_feedback,7,3796fe6505e8,0,144260,144253,0,0,0,7,0.42953695,44.244624,162.33402,159.3028,0.33604477,0.54748915,0.061516374,318.6056,532.24338,0.02413538,0.033604477,0.036026789,324.35792,0.025118864,0.1,0,0,46.22368,318.5708,0,0,4.5259103,0.94120781,0.063621628,57,16
s-bursty-short,tail-light,scaling,slo_feedback,8,fbe22f211fa2,0,159742,159742,0,0,0,0,0.38515231,52.804839,19.161458,16.397134,0.33706738,0.50149536,0.080542544,32.794268,51.218249,0.027874624,0.033706738,0.036138465,39.961709,0.025118864,0.1,0,0,6.6774578,32.739667,0,0,4.145695,0.9959066,0.081791128,68,16
s-bursty-short,tail-light,scaling,slo_feedback,9,d28eb7e5c0cd,0,112248,112248,0,0,0,0,0.21459625,47.397849,79.953516,78.091226,0.3292852,0.46002387,0.040950419,156.18245,245.6404,0.01997006,0.03292852,0.035314733,161.38593,0.019952623,0.1,0,0,17.819202,156.13655,0,0,3.802864,0.93157212,0.058070848,67,16
s-bursty-short,tail-light,scaling,slo_feedback,10,02e4997779a6,0,87416,87401,0,0,0,15,0.36884552,29.662903,43.542239,40.922214,0.33553799,0.44025963,0.050024158,81.844429,108.67748,0.020876277,0.033553799,0.036031522,87.028707,0.019952623,0.1,0,0,11.957753,81.785178,0,0,3.6394796,0.99674986,0.047278387,78,14
s-bursty-short,tail-light,scaling,predictive,1,934391807300,0,102821,102821,0,0,0,0,0.27248325,40.217204,40.638995,38.497965,0.3281732,0.4504408,0.038001737,76.99593,92.678516,0.016817741,0.03281732,0.035366323,82.639182,0.015848932,0.1,0,0,12.224208,76.952498,0,0,3.723644,0.98508646,0.058600377,116,16
s-bursty-short,tail-light,scaling,predictive,2,e1e78db2d877,0,90448,90448,0,0,0,0,0.27705422,35.155376,26.204849,24.026869,0.33049161,0.46221772,0.037520177,48.053738,60.415233,0.016638659,0.033049161,0.035539778,53.454849,0.015848932,0.1,0,0,8.5635946,48.014633,0,0,3.8209998,0.9750206,0.052682847,138,17
s-bursty-short,tail-light,scaling,predictive,3,fd1ba267e35b,0,127097,127097,0,0,0,0,0.37988308,42.373656,61.57769,58.591045,0.33538057,0.75184907,0.0601282,117.18209,228.64358,0.026144812,0.033538057,0.036247188,122.72609,0.025118864,0.1,0,0,16.237821,117.14206,0,0,6.2152856,0.99097637,0.056163654,233,18
s-bursty-short,tail-light,scaling,predictive,4,80ec16f9df23,0,145301,144903,0,0,0,398,0.21016373,61.701075,30.168216,28.195163,0.32808073,0.59415286,0.036720608,56.390327,69.970357,0.017168146,0.032808073,0.035431448,61.575765,0.015848932,0.1,0,0,7.9484808,56.353811,0,0,4.9116636,0.98793309,0.062106001,155,17
s-bursty-short,tail-light,scaling,predictive,5,314e815f1a91,0,123252,123252,0,0,0,0,0.36933275,41.79086,57.310428,54.532979,0.33402972,0.59675617,0.046464677,109.06596,263.83974,0.018937232,0.033402972,0.035873434,114.94923,0.019952623,0.1,0,0,18.64233,109.03619,0,0,4.9331843,0.99434807,0.069281236,214,17
s-bursty-short,tail-light,scaling,predictive,6,40ee84c1598f,0,120768,120768,0,0,0,0,0.40606783,38.563441,30.570094,27.597817,0.33617991,0.60575846,0.066002869,55.195633,61.779669,0.023172328,0.033617991,0.037157441,60.864335,0.025118864,0.1,0,0,12.888725,55.148567,0,0,5.0076033,0.9955951,0.065495617,200,16
s-bursty-short,tail-light,scaling,predictive,7,3796fe6505e8,0,144260,144260,0,0,0,0,0.29981284,54.305914,30.713371,28.1846,0.33239524,0.69731169,0.037517593,56.369201,64.611665,0.016260276,0.033239524,0.035938576,61.414331,0.015848932,0.1,0,0,10.207591,56.319197,0,0,5.7644433,0.9691624,0.051976186,169,16
s-bursty-short,tail-light,scaling,predictive,8,fbe22f211fa2,0,159742,159742,0,0,0,0,0.28043971,61.797849,25.093479,22.594877,0.33222843,0.7641751,0.039801038,45.189754,81.673351,0.017563826,0.033222843,0.036044486,50.795333,0.015848932,0.1,0,0,7.443662,45.154419,0,0,6.3171808,0.96060495,0.060685434,216,18
s-bursty-short,tail-light,scaling,predictive,9,d28eb7e5c0cd,0,112248,112248,0,0,0,0,0.36251871,38.470968,94.833359,92.0316,0.33423082,0.65493454,0.048904588,184.0632,349.3635,0.020119977,0.033423082,0.036109493,189.71744,0.019952623,0.1,0,0,23.477792,184.02531,0,0,5.4141255,0.99586389,0.051799082,206,17
s-bursty-short,tail-light,scaling,predictive,10,02e4997779a6,0,87416,87416,0,0,0,0,0.14643772,40.115591,94.414574,92.787287,0.32253995,0.57255786,0.035001324,185.57457,301.52476,0.016707634,0.032253995,0.03480611,191.17015,0.015848932,0.079432823,0,0,19.388494,185.52606,0,0,4.733145,0.9917117,0.038054555,166,17
s-bursty-short,tail-heavy,scaling,static_min,1,318120e57d45,0,102821,23909,0,0,0,78912,0.99636261,0.20107527,737.82883,732.45759,0.3244066,0.065020652,694.92919,1464.9152,1536.8488,0.029197381,0.03244066,0.037132402,1476.0486,0.025118864,0.1,0,0,714.46579,1464.8723,0,0,0.53750405,0.99982044,0.28371142,4,5
s-bursty-short,tail-heavy,scaling,static_min,2,ed32d63e0db9,0,90448,23757,0,0,0,66691,0.99547806,0.21989247,724.46213,719.09665,0.32237429,0.06571743,662.203,1438.1933,1509.3524,0.029321319,0.032237429,0.036352076,1448.228,0.025118864,0.1,0,0,696.96272,1438.1667,0,0,0.54326408,0.99958897,0.28317977,4,5
s-bursty-short,tail-heavy,scaling,static_min,3,a11fe586408a,0,127097,24169,0,0,0,102928,0.99383935,0.42096774,779.52187,774.16422,0.32172719,0.066719773,815.15827,1548.3284,1622.0979,0.029208958,0.032172719,0.036490779,1559.7632,0.025118864,0.1,0,0,807.4584,1548.292,0,0,0.55155012,0.99992494,0.2809928,4,5
s-bursty-short,tail-heavy,scaling,static_min,4,62c1a184782e,0,145301,24154,0,0,0,121147,0.99679286,0.25053763,659.10728,653.73239,0.32549707,0.065430293,558.86023,1307.4648,1378.3251,0.029299234,0.032549707,0.036648991,1317.3227,0.025118864,0.1,0,0,616.97147,1307.4386,0,0,0.54089043,0.99978376,0.28257083,4,5
s-bursty-short,tail-heavy,scaling,static_min,5,75e370ff45ce,0,123252,24104,0,0,0,99148,0.99655989,0.22795699,642.83011,637.45521,0.3262617,0.065843094,581.78663,1274.9104,1338.1437,0.029351815,0.03262617,0.036711138,1282.9588,0.025118864,0.1,0,0,617.35835,1274.8827,0,0,0.54430291,0.99969296,0.2812303,4,5
s-bursty-short,tail-heavy,scaling,static_min,6,46cfac75f69a,0,120768,23762,0,0,0,97006,0.99639805,0.23387097,719.80363,714.43184,0.32364351,0.066162859,667.90026,1428.8637,1500.4569,0.029275639,0.032364351,0.036789999,1440.4649,0.025118864,0.1,0,0,694.98819,1428.8299,0,0,0.5469463,0.99988077,0.28008867,4,5
s-bursty-short,tail-heavy,scaling,static_min,7,5c2a4fbd5232,0,144260,24091,0,0,0,120169,0.997047,0.22903226,672.42107,667.04235,0.32740338,0.066082082,777.74239,1334.0847,1399.0365,0.029384733,0.032740338,0.037343368,1345.8217,0.025118864,0.1,0,0,724.61684,1334.0509,0,0,0.54627855,0.99985493,0.27982427,4,5
s-bursty-short,tail-heavy,scaling,static_min,8,337075fc5468,0,159742,24396,0,0,0,135346,0.99521103,0.41129032,800.43359,795.06562,0.32511781,0.066792185,803.78473,1590.1312,1659.4274,0.02928398,0.032511781,0.036885048,1599.1602,0.025118864,0.1,0,0,808.49998,1590.1011,0,0,0.55214873,0.99991089,0.28142049,4,5
s-bursty-short,tail-heavy,scaling,static_min,9,4faf22cfc670,0,112248,23925,0,0,0,88323,0.99614247,0.2327957,694.60939,689.23888,0.32391,0.065887256,659.43074,1378.4778,1445.49,0.029348618,0.032391,0.036661114,1388.567,0.025118864,0.1,0,0,681.71545,1378.4034,0,0,0.54466798,0.99959796,0.28118707,4,5
s-bursty-short,tail-heavy,scaling,static_min,10,0c36844f3e14,0,87416,24790,0,0,0,62626,0.99095131,0.42526882,646.88068,641.53369,0.32558018,0.066655568,738.62451,1283.0674,1330.4227,0.029358939,0.032558018,0.036801171,1293.134,0.025118864,0.1,0,0,693.17438,1283.0372,0,0,0.55101936,0.99991844,0.27959287,4,5
s-bursty-short,tail-heavy,scaling,static_tuned,1,318120e57d45,0,102821,102821,0,0,0,0,0.13352331,47.898925,3.7124975,2.0520239,0.30636511,0.68649194,0.040346476,4.1040479,5.830394,0.018438042,0.030636511,0.033573798,30.59688,0.019952623,0.079432823,0,0,0.64907726,4.0616573,0,0,5.675,0.98127045,0.084197502,6,11
s-bursty-short,tail-heavy,scaling,static_tuned,2,ed32d63e0db9,0,90448,90448,0,0,0,0,0.097138687,43.904301,2.9632119,1.4903593,0.30066721,0.68649194,0.034730235,2.9807186,4.0431547,0.013503513,0.030066721,0.032649526,26.996313,0.015848932,0.079432823,0,0,0.3540972,2.9381556,0,0,5.675,0.97685409,0.067227044,6,11
s-bursty-short,tail-heavy,scaling,static_tuned,3,a11fe586408a,0,127097,127097,0,0,0,0,0.15132537,57.991398,26.786033,25.03273,0.31018388,0.68649194,0.046169663,50.06546,97.021608,0.02433155,0.031018388,0.034480889,62.400593,0.025118864,0.079432823,0,0,5.7512915,50.021759,0,0,5.675,0.98240383,0.11089685,6,11
s-bursty-short,tail-heavy,scaling,static_tuned,4,62c1a184782e,0,145301,145301,0,0,0,0,0.33452626,51.986022,5.8502985,3.1762937,0.31488161,0.68649194,0.065147686,6.3525873,7.8354144,0.027643474,0.031488161,0.034756173,40.641946,0.025118864,0.1,0,0,1.6512897,6.3095684,0,0,5.675,0.97924035,0.14035474,6,11
s-bursty-short,tail-heavy,scaling,static_tuned,5,75e370ff45ce,0,123252,123252,0,0,0,0,0.0036186025,66.024731,1.3549923,0.3500399,0.30036746,0.68649194,0.038767549,0.7000798,1.5628946,0.02192815,0.030036746,0.032812943,32.639164,0.019952623,0.079432823,0,0,0.090815753,0.6579823,0,0,5.675,0.97638087,0.10276891,6,11
s-bursty-short,tail-heavy,scaling,static_tuned,6,46cfac75f69a,0,120768,120768,0,0,0,0,0.031225159,62.901613,1.9879817,0.83916327,0.3062007,0.68649194,0.041800753,1.6783265,2.645821,0.023798728,0.03062007,0.033672945,34.403894,0.025118864,0.079432823,0,0,0.23275631,1.6349132,0,0,5.675,0.97753479,0.10495956,6,11
s-bursty-short,tail-heavy,scaling,static_tuned,7,5c2a4fbd5232,0,144260,144260,0,0,0,0,0.27804658,55.994086,6.8596938,4.4691272,0.31384179,0.68649194,0.056826186,8.9382544,11.002965,0.027079398,0.031384179,0.034863705,41.106748,0.025118864,0.079432823,0,0,1.7219121,8.8958743,0,0,5.675,0.98422055,0.13737136,6,11
s-bursty-short,tail-heavy,scaling,static_tuned,8,337075fc5468,0,159742,159742,0,0,0,0,0.40656809,50.965591,22.879122,19.844895,0.31489537,0.68649194,0.13689965,39.689789,74.038165,0.027621718,0.031489537,0.035013085,61.145346,0.025118864,0.1,0,0,8.8141488,39.646613,0,0,5.675,0.9762711,0.15913614,6,11
s-bursty-short,tail-heavy,scaling,static_tuned,9,4faf22cfc670,0,112248,112248,0,0,0,0,0.060018887,56.726344,2.4730083,1.1852821,0.3011398,0.68649194,0.037013874,2.3705642,4.6795126,0.019293406,0.03011398,0.032794479,30.682401,0.019952623,0.079432823,0,0,0.29643432,2.3266169,0,0,5.675,0.97741917,0.088374822,6,11
s-bursty-short,tail-heavy,scaling,static_tuned,10,0c36844f3e14,0,87416,87416,0,0,0,0,0.050288277,44.634409,2.2605755,1.0281426,0.29449957,0.68649194,0.033173676,2.0562853,21.477943,0.013335705,0.029449957,0.032254013,27.254566,0.015848932,0.063095734,0,0,0.65468363,2.0159194,0,0,5.675,0.97977238,0.060734518,6,11
s-bursty-short,tail-heavy,scaling,static_peak_oracle,1,318120e57d45,0,102821,102821,0,0,0,0,0.13352331,47.898925,3.7124975,2.0520239,0.30636511,0.68649194,0.040346476,4.1040479,5.830394,0.018438042,0.030636511,0.033573798,30.59688,0.019952623,0.079432823,0,0,0.64907726,4.0616573,0,0,5.675,0.98127045,0.084197502,6,11
s-bursty-short,tail-heavy,scaling,static_peak_oracle,2,ed32d63e0db9,0,90448,90448,0,0,0,0,0.097138687,43.904301,2.9632119,1.4903593,0.30066721,0.68649194,0.034730235,2.9807186,4.0431547,0.013503513,0.030066721,0.032649526,26.996313,0.015848932,0.079432823,0,0,0.3540972,2.9381556,0,0,5.675,0.97685409,0.067227044,6,11
s-bursty-short,tail-heavy,scaling,static_peak_oracle,3,a11fe586408a,0,127097,127097,0,0,0,0,0.15132537,57.991398,26.786033,25.03273,0.31018388,0.68649194,0.046169663,50.06546,97.021608,0.02433155,0.031018388,0.034480889,62.400593,0.025118864,0.079432823,0,0,5.7512915,50.021759,0,0,5.675,0.98240383,0.11089685,6,11
s-bursty-short,tail-heavy,scaling,static_peak_oracle,4,62c1a184782e,0,145301,145301,0,0,0,0,0.33452626,51.986022,5.8502985,3.1762937,0.31488161,0.68649194,0.065147686,6.3525873,7.8354144,0.027643474,0.031488161,0.034756173,40.641946,0.025118864,0.1,0,0,1.6512897,6.3095684,0,0,5.675,0.97924035,0.14035474,6,11
s-bursty-short,tail-heavy,scaling,static_peak_oracle,5,75e370ff45ce,0,123252,123252,0,0,0,0,0.0036186025,66.024731,1.3549923,0.3500399,0.30036746,0.68649194,0.038767549,0.7000798,1.5628946,0.02192815,0.030036746,0.032812943,32.639164,0.019952623,0.079432823,0,0,0.090815753,0.6579823,0,0,5.675,0.97638087,0.10276891,6,11
s-bursty-short,tail-heavy,scaling,static_peak_oracle,6,46cfac75f69a,0,120768,120768,0,0,0,0,0.031225159,62.901613,1.9879817,0.83916327,0.3062007,0.68649194,0.041800753,1.6783265,2.645821,0.023798728,0.03062007,0.033672945,34.403894,0.025118864,0.079432823,0,0,0.23275631,1.6349132,0,0,5.675,0.97753479,0.10495956,6,11
s-bursty-short,tail-heavy,scaling,static_peak_oracle,7,5c2a4fbd5232,0,144260,144260,0,0,0,0,0.27804658,55.994086,6.8596938,4.4691272,0.31384179,0.68649194,0.056826186,8.9382544,11.002965,0.027079398,0.031384179,0.034863705,41.106748,0.025118864,0.079432823,0,0,1.7219121,8.8958743,0,0,5.675,0.98422055,0.13737136,6,11
s-bursty-short,tail-heavy,scaling,static_peak_oracle,8,337075fc5468,0,159742,159742,0,0,0,0,0.40656809,50.965591,22.879122,19.844895,0.31489537,0.68649194,0.13689965,39.689789,74.038165,0.027621718,0.031489537,0.035013085,61.145346,0.025118864,0.1,0,0,8.8141488,39.646613,0,0,5.675,0.9762711,0.15913614,6,11
s-bursty-short,tail-heavy,scaling,static_peak_oracle,9,4faf22cfc670,0,112248,112248,0,0,0,0,0.060018887,56.726344,2.4730083,1.1852821,0.3011398,0.68649194,0.037013874,2.3705642,4.6795126,0.019293406,0.03011398,0.032794479,30.682401,0.019952623,0.079432823,0,0,0.29643432,2.3266169,0,0,5.675,0.97741917,0.088374822,6,11
s-bursty-short,tail-heavy,scaling,static_peak_oracle,10,0c36844f3e14,0,87416,87416,0,0,0,0,0.050288277,44.634409,2.2605755,1.0281426,0.29449957,0.68649194,0.033173676,2.0562853,21.477943,0.013335705,0.029449957,0.032254013,27.254566,0.015848932,0.063095734,0,0,0.65468363,2.0159194,0,0,5.675,0.97977238,0.060734518,6,11
s-bursty-short,tail-heavy,scaling,threshold_cooldown,1,318120e57d45,0,102821,102821,0,0,0,0,0.20658231,43.860215,26.062908,23.914414,0.30190657,0.81367608,0.037029237,47.828828,54.354606,0.018478069,0.030190657,0.033061827,56.012965,0.019952623,0.079432823,0,0,7.1804341,47.779142,0,0,6.7263889,0.97703608,0.067950392,13,16
s-bursty-short,tail-heavy,scaling,threshold_cooldown,2,ed32d63e0db9,0,90448,90448,0,0,0,0,0.27623607,35.195161,29.038232,26.507745,0.30538876,0.84391801,0.036197488,53.015491,59.496723,0.014698063,0.030538876,0.033671959,62.634939,0.015848932,0.079432823,0,0,9.9546221,52.975187,0,0,6.9763889,0.97113347,0.055581168,11,16
s-bursty-short,tail-heavy,scaling,threshold_cooldown,3,a11fe586408a,0,127097,127097,0,0,0,0,0.23059553,52.574731,43.647219,41.288863,0.30232071,0.9030578,0.037351434,82.577726,100.10353,0.018959095,0.030232071,0.033305776,92.274039,0.019952623,0.079432823,0,0,12.691059,82.531625,0,0,7.4652778,0.97978757,0.075527761,13,16
s-bursty-short,tail-heavy,scaling,threshold_cooldown,4,62c1a184782e,0,145301,145301,0,0,0,0,0.38626025,47.944624,29.494554,26.4255,0.31130776,0.82644489,0.049282657,52.851,59.946342,0.02034708,0.031130776,0.035301579,65.447069,0.019952623,0.079432823,0,0,12.760221,52.810267,0,0,6.8319444,0.97455446,0.10684889,13,16
s-bursty-short,tail-heavy,scaling,threshold_cooldown,5,75e370ff45ce,0,123252,123252,0,0,0,0,0.26030409,49.015591,17.581917,15.163416,0.30599267,0.8109879,0.037656929,30.326831,35.564966,0.018244572,0.030599267,0.033924083,42.686407,0.019952623,0.079432823,0,0,6.2969019,30.284309,0,0,6.7041667,0.973743,0.083091587,13,16
s-bursty-short,tail-heavy,scaling,threshold_cooldown,6,46cfac75f69a,0,120768,120768,0,0,0,0,0.1507767,55.139247,21.884119,19.964317,0.29763875,0.86827957,0.035783795,39.928634,48.333235,0.0187096,0.029763875,0.032573144,47.785951,0.019952623,0.079432823,0,0,4.4781713,39.887434,0,0,7.1777778,0.97620649,0.073771278,13,16
s-bursty-short,tail-heavy,scaling,threshold_cooldown,7,5c2a4fbd5232,0,144260,144260,0,0,0,0,0.078455566,71.474194,11.214095,9.6479969,0.29512398,0.87869624,0.036657178,19.295994,72.068997,0.019483642,0.029512398,0.031914063,44.286272,0.019952623,0.079432823,0,0,2.873637,19.253987,0,0,7.2638889,0.97916955,0.090782946,13,16
s-bursty-short,tail-heavy,scaling,threshold_cooldown,8,337075fc5468,0,159742,159742,0,0,0,0,0.22962652,66.161828,51.889415,49.518134,0.30396125,0.91918683,0.038501289,99.036268,109.73453,0.01961078,0.030396125,0.033351137,107.0751,0.019952623,0.079432823,0,0,15.576105,98.998281,0,0,7.5986111,0.97606426,0.09924976,13,16
s-bursty-short,tail-heavy,scaling,threshold_cooldown,9,4faf22cfc670,0,112248,112248,0,0,0,0,0.2429531,45.686559,10.2469,7.8507449,0.30554959,0.87584005,0.036569454,15.70149,18.585421,0.016942431,0.030554959,0.034408446,33.752004,0.015848932,0.079432823,0,0,3.0361578,15.658281,0,0,7.2402778,0.97592498,0.067037946,13,16
s-bursty-short,tail-heavy,scaling,threshold_cooldown,10,0c36844f3e14,0,87416,87416,0,0,0,0,0.090990208,42.721505,10.210299,8.5924328,0.29782763,0.86508737,0.032950756,17.184866,27.828484,0.013034218,0.029782763,0.032882444,31.020489,0.015848932,0.063095734,0,0,1.6390584,17.143426,0,0,7.1513889,0.97787155,0.048352642,13,16
s-bursty-short,tail-heavy,scaling,target_tracking,1,318120e57d45,0,102821,102821,0,0,0,0,0,55.280108,1.2238722,0.033730879,0.20795045,0.98219086,0.031374214,0.067461758,0.12715672,0.015974622,0.020795045,0.022387143,25.112339,0.015848932,0.050118723,0,0,0.0074578224,0.01548611,0,0,8.1194444,0.97939727,0.046399766,11,16
s-bursty-short,tail-heavy,scaling,target_tracking,2,ed32d63e0db9,0,90448,90448,0,0,0,0,0,48.627957,1.219781,0.033245525,0.2041766,0.98235887,0.030277854,0.066491051,0.12632036,0.012679632,0.02041766,0.02183164,24.892095,0.012589254,0.050118723,0,0,0.0071149671,0.014794579,0,0,8.1208333,0.9744864,0.038637753,11,16
s-bursty-short,tail-heavy,scaling,target_tracking,3,a11fe586408a,0,127097,127097,0,0,0,0,0.094305924,61.887634,26.791129,25.03273,0.29123715,0.99563172,0.033595255,50.06546,97.021608,0.017758123,0.029123715,0.031566472,59.779476,0.019952623,0.063095734,0,0,5.101321,50.021759,0,0,8.2305556,0.98025268,0.061470397,11,16
s-bursty-short,tail-heavy,scaling,target_tracking,4,62c1a184782e,0,145301,145301,0,0,0,0,0,78.118817,1.226086,0.034886984,0.20984818,0.98135081,0.033317948,0.069773967,0.13197182,0.018509266,0.020984818,0.022757339,27.841621,0.019952623,0.063095734,0,0,0.0080967939,0.016001978,0,0,8.1125,0.97704388,0.071336487,11,16
s-bursty-short,tail-heavy,scaling,target_tracking,5,75e370ff45ce,0,123252,123252,0,0,0,0,0,66.264516,1.2196281,0.033906994,0.20353026,0.98219086,0.031868091,0.067813987,0.12762623,0.016972737,0.020353026,0.021987848,25.61158,0.015848932,0.050118723,0,0,0.0076371245,0.015296163,0,0,8.1194444,0.97502647,0.056775105,11,16
s-bursty-short,tail-heavy,scaling,target_tracking,6,46cfac75f69a,0,120768,120768,0,0,0,0,0,64.929032,1.2242693,0.034130455,0.20777999,0.98235887,0.032253346,0.068260911,0.12826429,0.017695154,0.020777999,0.0230751,25.916203,0.019952623,0.063095734,0,0,0.0077627779,0.015693434,0,0,8.1208333,0.97659861,0.056777079,11,16
s-bursty-short,tail-heavy,scaling,target_tracking,7,5c2a4fbd5232,0,144260,144260,0,0,0,0,0.039518924,74.494086,1.7317466,0.27588635,0.27674684,0.98151882,0.034322076,0.5517727,34.24611,0.01884373,0.027674684,0.031766868,34.46663,0.019952623,0.063095734,0,0,0.88243838,0.50050942,0,0,8.1138889,0.98042372,0.073209853,11,16
s-bursty-short,tail-heavy,scaling,target_tracking,8,337075fc5468,0,159742,159742,0,0,0,0,0.069530869,79.91129,15.754385,14.117908,0.29319093,0.99563172,0.035767533,28.235817,74.038165,0.019160043,0.029319093,0.032180802,42.170691,0.019952623,0.079432823,0,0,3.0496158,28.200693,0,0,8.2305556,0.97495491,0.085704316,11,16
s-bursty-short,tail-heavy,scaling,target_tracking,9,4faf22cfc670,0,112248,112248,0,0,0,0,0.0072785261,59.90914,1.2684402,0.038890046,0.2114707,0.98168683,0.031547191,0.077780092,1.0441755,0.016240692,0.02114707,0.029779709,25.256281,0.015848932,0.050118723,0,0,0.049094161,0.016108371,0,0,8.1152778,0.97522916,0.050337117,11,16
s-bursty-short,tail-heavy,scaling,target_tracking,10,0c36844f3e14,0,87416,87416,0,0,0,0,0.038070834,45.208602,1.5478356,0.086085198,0.27576453,0.99563172,0.030154017,0.1721704,21.477943,0.012445557,0.027576453,0.031629621,25.269889,0.012589254,0.050118723,0,0,0.5779833,0.056848473,0,0,8.2305556,0.9792605,0.036511341,11,16
s-bursty-short,tail-heavy,scaling,slo_feedback,1,318120e57d45,0,102821,102821,0,0,0,0,0.56220033,24.201613,100.36529,96.609047,0.31806265,0.62717408,13.341959,193.21809,271.80283,0.027816166,0.031806265,0.03626318,203.32146,0.025118864,0.079432823,0,0,43.702736,193.17055,0,0,5.1846391,0.98984743,0.1179598,55,16
s-bursty-short,tail-heavy,scaling,slo_feedback,2,ed32d63e0db9,0,90448,90448,0,0,0,0,0.56014506,21.389247,66.667752,63.006,0.3207776,0.54024931,8.9329524,126.012,171.98576,0.028017717,0.03207776,0.037324005,135.47655,0.025118864,0.1,0,0,28.012382,125.96672,0,0,4.466061,0.9596875,0.13425265,64,16
s-bursty-short,tail-heavy,scaling,slo_feedback,3,a11fe586408a,0,127097,125249,0,0,0,1848,0.53736123,31.612903,112.75293,109.09588,0.31946302,0.65078479,5.4910932,218.19176,311.07581,0.027769847,0.031946302,0.036705545,231.64893,0.025118864,0.1,0,0,48.808983,218.15922,0,0,5.379821,0.99994196,0.13810349,56,16
s-bursty-short,tail-heavy,scaling,slo_feedback,4,62c1a184782e,0,145301,140136,0,0,0,5165,0.47274279,41.18871,88.273275,84.946663,0.31633231,0.64656617,0.3137656,169.89333,272.1969,0.027526731,0.031633231,0.035789261,180.90221,0.025118864,0.1,0,0,23.824726,169.84812,0,0,5.344947,0.97231697,0.17075365,63,16
s-bursty-short,tail-heavy,scaling,slo_feedback,5,75e370ff45ce,0,123252,123252,0,0,0,0,0.41052478,39.06129,24.768157,21.796628,0.31410529,0.60479966,0.070786163,43.593257,135.80605,0.026515003,0.031410529,0.035266769,74.424566,0.025118864,0.079432823,0,0,11.958506,43.539053,0,0,4.9996772,0.97059425,0.15522954,61,16
s-bursty-short,tail-heavy,scaling,slo_feedback,6,46cfac75f69a,0,120768,120768,0,0,0,0,0.45233837,35.55914,21.950321,18.672295,0.31419602,0.70213831,0.16818655,37.344589,47.481779,0.026917823,0.031419602,0.035548335,56.929578,0.025118864,0.079432823,0,0,10.06195,37.303279,0,0,5.8043433,0.99252227,0.12327076,66,16
s-bursty-short,tail-heavy,scaling,slo_feedback,7,5c2a4fbd5232,0,144260,144073,0,0,0,187,0.42297934,44.753226,74.273658,71.171158,0.31348623,0.6741172,0.065866715,142.34232,334.3385,0.025109995,0.031348623,0.035345847,152.59454,0.025118864,0.079432823,0,0,22.524494,142.3101,0,0,5.5727022,0.99348325,0.1586405,59,16
s-bursty-short,tail-heavy,scaling,slo_feedback,8,337075fc5468,0,159742,159742,0,0,0,0,0.58630166,35.52957,81.432521,77.44819,0.32040813,0.73241436,9.3824014,154.89638,222.57184,0.028221167,0.032040813,0.036850961,165.36666,0.025118864,0.1,0,0,34.762484,154.85179,0,0,6.0546254,0.97542171,0.16992402,59,16
s-bursty-short,tail-heavy,scaling,slo_feedback,9,4faf22cfc670,0,112248,112248,0,0,0,0,0.45553596,32.857527,66.518792,63.307214,0.3151066,0.61879125,0.12449859,126.61443,152.56681,0.026223659,0.03151066,0.035505097,137.68209,0.025118864,0.079432823,0,0,20.770357,126.55181,0,0,5.115341,0.97592391,0.13155682,62,16
s-bursty-short,tail-heavy,scaling,slo_feedback,10,0c36844f3e14,0,87416,87285,0,0,0,131,0.27338245,34.149462,110.85924,108.597,0.30729206,0.58803875,0.041249175,217.19399,260.02603,0.020467628,0.030729206,0.03437293,225.51607,0.019952623,0.079432823,0,0,31.287338,217.14677,0,0,4.8611203,0.99633352,0.097942812,64,16
s-bursty-short,tail-heavy,scaling,predictive,1,318120e57d45,0,102821,102821,0,0,0,0,0.31291273,37.982258,31.230814,28.705671,0.31175292,0.64882588,0.049618658,57.411342,70.481496,0.024393913,0.031175292,0.035535077,67.775928,0.025118864,0.079432823,0,0,9.0511607,57.373059,0,0,5.3636273,0.98586082,0.13054067,152,18
s-bursty-short,tail-heavy,scaling,predictive,2,ed32d63e0db9,0,90448,90448,0,0,0,0,0.2199717,37.931183,19.667075,17.696072,0.3047051,0.56644012,0.040692905,35.392143,43.170665,0.01931816,0.03047051,0.03416239,46.637753,0.019952623,0.079432823,0,0,4.9309275,35.342686,0,0,4.6825716,0.98875091,0.121368,146,18
s-bursty-short,tail-heavy,scaling,predictive,3,a11fe586408a,0,127097,127097,0,0,0,0,0.46492049,36.562903,50.607016,47.133513,0.3150387,0.83386268,0.43470674,94.267025,114.26891,0.027078002,0.03150387,0.035867724,107.23291,0.025118864,0.1,0,0,20.998762,94.222545,0,0,6.8932649,0.991821,0.14572307,212,20
s-bursty-short,tail-heavy,scaling,predictive,4,62c1a184782e,0,145301,142472,0,0,0,2829,0.25726595,58.021505,25.802553,23.445949,0.30959775,0.7606758,0.046322982,46.891898,58.600635,0.02317931,0.030959775,0.034836422,57.33488,0.025118864,0.079432823,0,0,6.2823101,46.840847,0,0,6.2882533,0.98227538,0.15060362,151,20
s-bursty-short,tail-heavy,scaling,predictive,5,75e370ff45ce,0,123252,123252,0,0,0,0,0.53089605,31.084946,64.358334,60.628423,0.31788262,0.7575481,3.4967759,121.25685,245.36405,0.02796819,0.031788262,0.036303779,131.35102,0.025118864,0.1,0,0,25.087179,121.2206,0,0,6.2623976,0.99685925,0.16219927,212,20
s-bursty-short,tail-heavy,scaling,predictive,6,46cfac75f69a,0,120768,120768,0,0,0,0,0.45305048,35.512903,29.894056,26.57485,0.32094148,0.73301211,0.4331686,53.149699,63.653183,0.027076809,0.032094148,0.041388079,65.656598,0.025118864,0.1,0,0,12.143426,53.111285,0,0,6.0595667,0.99383545,0.16318766,214,16
s-bursty-short,tail-heavy,scaling,predictive,7,5c2a4fbd5232,0,144260,144260,0,0,0,0,0.30622487,53.808602,27.458969,24.811614,0.31168611,0.8045439,0.049565773,49.623229,64.835121,0.023566184,0.031168611,0.036249243,61.564489,0.025118864,0.079432823,0,0,8.3921505,49.579588,0,0,6.6508963,0.98229574,0.15172753,167,20
s-bursty-short,tail-heavy,scaling,predictive,8,337075fc5468,0,159742,159742,0,0,0,0,0.47641196,44.967204,24.380642,20.84409,0.32014457,0.83434734,1.0836162,41.688181,74.038165,0.027401167,0.032014457,0.040137474,61.876205,0.025118864,0.1,0,0,9.283222,41.64012,0,0,6.8972713,0.97819116,0.17934039,184,20
s-bursty-short,tail-heavy,scaling,predictive,9,4faf22cfc670,0,112248,112248,0,0,0,0,0.34505737,39.524731,82.941552,80.145321,0.31536726,0.75557747,0.053558739,160.29064,308.69119,0.024200041,0.031536726,0.037811258,171.701,0.025118864,0.079432823,0,0,21.269024,160.26096,0,0,6.2461071,0.99736099,0.13004608,202,20
s-bursty-short,tail-heavy,scaling,predictive,10,0c36844f3e14,0,87416,87416,0,0,0,0,0.12697904,41.030108,200.69662,199.06001,0.29813058,0.70358473,0.035647647,398.12003,630.69208,0.01767818,0.029813058,0.032406426,407.62219,0.019952623,0.079432823,0,0,40.309004,398.06906,0,0,5.8163004,0.99028472,0.084627897,169,20
