scenario,variant,family,policy,seed,trace_sha,ejections,requests,completed,rejected,failed,timed_out,unfinished,violation_rate,goodput,J,j_ttft,j_tpot,j_gpu,ttft_p50,ttft_p95,ttft_p99,tpot_p50,tpot_p95,tpot_p99,e2e_p95,itl_p50,itl_p99,router_q_mean,router_q_p95,replica_q_mean,replica_q_p95,retries,preemptions,gpu_hours,utilization,kv_occupancy,scale_actions,peak_replicas
replay-azure-conv,base,routing,random,1,2c998776ac51,0,1445,1282,0,0,0,163,0.47681661,2.1,41.5541,36.392447,1.77757,1,0.35433807,72.784894,85.747594,0.035939832,0.177757,0.19979429,106.74113,0.025118864,0.63095734,0,0,13.85061,72.323276,0,79,0.2,0.91180808,0.17528647,0,2
replay-azure-conv,base,routing,random,2,2c998776ac51,0,1445,1264,0,0,0,181,0.48304498,2.075,45.147253,39.812336,1.9196926,1,0.29747212,79.624672,94.495094,0.033697469,0.19196926,0.21489637,111.77435,0.025118864,0.63095734,0,0,16.232657,78.413145,0,72,0.2,0.91369116,0.17504765,0,2
replay-azure-conv,base,routing,random,3,2c998776ac51,0,1445,1287,0,0,0,158,0.47681661,2.1,40.420046,35.245453,1.7905092,1,0.39635044,70.490907,86.041335,0.039344281,0.17905092,0.20978232,103.07486,0.025118864,0.63095734,0,0,14.526774,69.896515,0,87,0.2,0.90677409,0.17799727,0,2
replay-azure-conv,base,routing,random,4,2c998776ac51,0,1445,1249,0,0,0,196,0.49480969,2.0277778,46.376079,41.085822,1.8162094,1,0.30465467,82.171643,100.77187,0.032280568,0.18162094,0.21029768,117.38754,0.025118864,0.63095734,0,0,15.907713,81.585428,0,77,0.2,0.90926764,0.17204364,0,2
replay-azure-conv,base,routing,random,5,2c998776ac51,0,1445,1304,0,0,0,141,0.46228374,2.1583333,36.79632,31.721683,1.7632185,1,0.41651673,63.443366,79.348225,0.038941549,0.17632185,0.20199322,99.364309,0.025118864,0.63095734,0,0,13.022813,62.876367,0,103,0.2,0.91146073,0.17791863,0,2
replay-azure-conv,base,routing,random,6,2c998776ac51,0,1445,1289,0,0,0,156,0.47543253,2.1055556,43.455657,38.238074,1.8404206,1,0.36119438,76.476148,87.306585,0.035677168,0.18404206,0.2220613,107.78524,0.025118864,0.63095734,0,0,14.971354,76.106975,0,83,0.2,0.90437421,0.17718068,0,2
replay-azure-conv,base,routing,random,7,2c998776ac51,0,1445,1297,0,0,0,148,0.46089965,2.1638889,39.309749,34.236094,1.7691571,1,0.33960507,68.472188,79.819579,0.035969737,0.17691571,0.2147169,102.84775,0.025118864,0.63095734,0,0,12.52409,67.647746,0,73,0.2,0.90780976,0.17647973,0,2
replay-azure-conv,base,routing,random,8,2c998776ac51,0,1445,1220,0,0,0,225,0.50657439,1.9805556,49.40146,43.864259,2.0043287,1,0.30015006,87.728519,107.37185,0.034437473,0.20043288,0.25722423,123.83606,0.025118864,0.63095734,0,0,18.615864,87.314469,0,85,0.2,0.91227963,0.17193615,0,2
replay-azure-conv,base,routing,random,9,2c998776ac51,0,1445,1280,0,0,0,165,0.48096886,2.0833333,41.795843,36.596954,1.794045,1,0.3370123,73.193907,86.831528,0.035675514,0.1794045,0.21976523,108.38531,0.025118864,0.63095734,0,0,15.096623,72.593824,0,82,0.2,0.9081207,0.17507741,0,2
replay-azure-conv,base,routing,random,10,2c998776ac51,0,1445,1285,0,0,0,160,0.47058824,2.125,41.878624,36.701013,1.8246693,1,0.2970256,73.402026,89.564347,0.036022309,0.18246693,0.20663517,111.72696,0.025118864,0.63095734,0,0,14.427463,72.844075,0,74,0.2,0.90906484,0.17445346,0,2
replay-azure-conv,base,routing,random,11,2c998776ac51,0,1445,1263,0,0,0,182,0.49411765,2.0305556,44.685214,39.413395,1.8012302,1,0.31702693,78.826791,96.30185,0.03444594,0.18012302,0.20174291,117.14959,0.025118864,0.63095734,0,0,15.084884,78.123388,0,50,0.2,0.90769593,0.17148498,0,2
replay-azure-conv,base,routing,random,12,2c998776ac51,0,1445,1280,0,0,0,165,0.45397924,2.1916667,41.529444,36.523943,1.7356047,1,0.33678615,73.047886,83.040043,0.034039752,0.17356047,0.20579295,105.38987,0.025118864,0.63095734,0,0,11.759962,72.436184,0,63,0.2,0.91035966,0.17019168,0,2
replay-azure-conv,base,routing,random,13,2c998776ac51,0,1445,1288,0,0,0,157,0.45605536,2.1833333,39.168521,34.061527,1.8267164,1,0.33495697,68.123055,82.926373,0.034434719,0.18267164,0.19903273,103.17478,0.025118864,0.63095734,0,0,12.121118,67.069032,0,88,0.2,0.91153435,0.17449558,0,2
replay-azure-conv,base,routing,random,14,2c998776ac51,0,1445,1307,0,0,0,138,0.4650519,2.1472222,35.450508,30.344697,1.7805516,1,0.33871924,60.689394,72.204584,0.037897807,0.17805516,0.19321131,106.59019,0.025118864,0.63095734,0,0,12.21335,59.868757,0,71,0.2,0.91144858,0.17618454,0,2
replay-azure-conv,base,routing,random,15,2c998776ac51,0,1445,1280,0,0,0,165,0.48788927,2.0555556,40.565247,35.173753,1.9520475,1,0.3532028,70.347507,79.734635,0.03710978,0.19520475,0.26727844,105.67237,0.025118864,0.63095734,0,0,14.637797,69.87495,0,87,0.2,0.90533319,0.17797687,0,2
replay-azure-conv,base,routing,random,16,2c998776ac51,0,1445,1285,0,0,0,160,0.46920415,2.1305556,41.240715,36.176322,1.7183721,1,0.29655597,72.352645,80.900616,0.035115835,0.17183721,0.18972321,104.43961,0.025118864,0.63095734,0,0,11.768744,71.673096,0,68,0.2,0.90942349,0.17336229,0,2
replay-azure-conv,base,routing,random,17,2c998776ac51,0,1445,1305,0,0,0,140,0.46782007,2.1361111,42.645018,37.519627,1.7862906,1,0.37258633,75.039253,85.621332,0.038377918,0.17862907,0.21140628,104.56097,0.025118864,0.63095734,0,0,14.096487,74.168399,0,89,0.2,0.90696901,0.1771825,0,2
replay-azure-conv,base,routing,random,18,2c998776ac51,0,1445,1281,0,0,0,164,0.47750865,2.0972222,40.803198,35.470981,1.9446738,1,0.33107618,70.941962,88.468923,0.036311024,0.19446738,0.21376407,104.32115,0.025118864,0.63095734,0,0,13.978729,70.182477,0,76,0.2,0.90999528,0.17355802,0,2
replay-azure-conv,base,routing,random,19,2c998776ac51,0,1445,1280,0,0,0,165,0.48512111,2.0666667,45.893183,40.746509,1.7210683,1,0.35734142,81.493017,92.821953,0.034782474,0.17210683,0.19240257,114.19684,0.025118864,0.63095734,0,0,16.01762,80.624841,0,68,0.2,0.90604914,0.17401133,0,2
replay-azure-conv,base,routing,random,20,2c998776ac51,0,1445,1277,0,0,0,168,0.47474048,2.1083333,40.453862,35.362377,1.7177827,1,0.34385492,70.724754,83.220751,0.035013355,0.17177827,0.18965911,107.37372,0.025118864,0.63095734,0,0,13.22238,70.019201,0,79,0.2,0.9127293,0.17377606,0,2
replay-azure-conv,base,routing,round_robin,1,2c998776ac51,0,1445,1293,0,0,0,152,0.47612457,2.1027778,40.230158,35.094423,1.7551122,1,0.28491394,70.188846,81.10218,0.036015246,0.17551122,0.18816153,104.57068,0.025118864,0.63095734,0,0,13.988821,69.313528,0,97,0.2,0.9113412,0.17585522,0,2
replay-azure-conv,base,routing,round_robin,2,2c998776ac51,0,1445,1293,0,0,0,152,0.47612457,2.1027778,40.230158,35.094423,1.7551122,1,0.28491394,70.188846,81.10218,0.036015246,0.17551122,0.18816153,104.57068,0.025118864,0.63095734,0,0,13.988821,69.313528,0,97,0.2,0.9113412,0.17585522,0,2
replay-azure-conv,base,routing,round_robin,3,2c998776ac51,0,1445,1293,0,0,0,152,0.47612457,2.1027778,40.230158,35.094423,1.7551122,1,0.28491394,70.188846,81.10218,0.036015246,0.17551122,0.18816153,104.57068,0.025118864,0.63095734,0,0,13.988821,69.313528,0,97,0.2,0.9113412,0.17585522,0,2
replay-azure-conv,base,routing,round_robin,4,2c998776ac51,0,1445,1293,0,0,0,152,0.47612457,2.1027778,40.230158,35.094423,1.7551122,1,0.28491394,70.188846,81.10218,0.036015246,0.17551122,0.18816153,104.57068,0.025118864,0.63095734,0,0,13.988821,69.313528,0,97,0.2,0.9113412,0.17585522,0,2
replay-azure-conv,base,routing,round_robin,5,2c998776ac51,0,1445,1293,0,0,0,152,0.47612457,2.1027778,40.230158,35.094423,1.7551122,1,0.28491394,70.188846,81.10218,0.036015246,0.17551122,0.18816153,104.57068,0.025118864,0.63095734,0,0,13.988821,69.313528,0,97,0.2,0.9113412,0.17585522,0,2
replay-azure-conv,base,routing,round_robin,6,2c998776ac51,0,1445,1293,0,0,0,152,0.47612457,2.1027778,40.230158,35.094423,1.7551122,1,0.28491394,70.188846,81.10218,0.036015246,0.17551122,0.18816153,104.57068,0.025118864,0.63095734,0,0,13.988821,69.313528,0,97,0.2,0.9113412,0.17585522,0,2
replay-azure-conv,base,routing,round_robin,7,2c998776ac51,0,1445,1293,0,0,0,152,0.47612457,2.1027778,40.230158,35.094423,1.7551122,1,0.28491394,70.188846,81.10218,0.036015246,0.17551122,0.18816153,104.57068,0.025118864,0.63095734,0,0,13.988821,69.313528,0,97,0.2,0.9113412,0.17585522,0,2
replay-azure-conv,base,routing,round_robin,8,2c998776ac51,0,1445,1293,0,0,0,152,0.47612457,2.1027778,40.230158,35.094423,1.7551122,1,0.28491394,70.188846,81.10218,0.036015246,0.17551122,0.18816153,104.57068,0.025118864,0.63095734,0,0,13.988821,69.313528,0,97,0.2,0.9113412,0.17585522,0,2
replay-azure-conv,base,routing,round_robin,9,2c998776ac51,0,1445,1293,0,0,0,152,0.47612457,2.1027778,40.230158,35.094423,1.7551122,1,0.28491394,70.188846,81.10218,0.036015246,0.17551122,0.18816153,104.57068,0.025118864,0.63095734,0,0,13.988821,69.313528,0,97,0.2,0.9113412,0.17585522,0,2
replay-azure-conv,base,routing,round_robin,10,2c998776ac51,0,1445,1293,0,0,0,152,0.47612457,2.1027778,40.230158,35.094423,1.7551122,1,0.28491394,70.188846,81.10218,0.036015246,0.17551122,0.18816153,104.57068,0.025118864,0.63095734,0,0,13.988821,69.313528,0,97,0.2,0.9113412,0.17585522,0,2
replay-azure-conv,base,routing,round_robin,11,2c998776ac51,0,1445,1293,0,0,0,152,0.47612457,2.1027778,40.230158,35.094423,1.7551122,1,0.28491394,70.188846,81.10218,0.036015246,0.17551122,0.18816153,104.57068,0.025118864,0.63095734,0,0,13.988821,69.313528,0,97,0.2,0.9113412,0.17585522,0,2
replay-azure-conv,base,routing,round_robin,12,2c998776ac51,0,1445,1293,0,0,0,152,0.47612457,2.1027778,40.230158,35.094423,1.7551122,1,0.28491394,70.188846,81.10218,0.036015246,0.17551122,0.18816153,104.57068,0.025118864,0.63095734,0,0,13.988821,69.313528,0,97,0.2,0.9113412,0.17585522,0,2
replay-azure-conv,base,routing,round_robin,13,2c998776ac51,0,1445,1293,0,0,0,152,0.47612457,2.1027778,40.230158,35.094423,1.7551122,1,0.28491394,70.188846,81.10218,0.036015246,0.17551122,0.18816153,104.57068,0.025118864,0.63095734,0,0,13.988821,69.313528,0,97,0.2,0.9113412,0.17585522,0,2
replay-azure-conv,base,routing,round_robin,14,2c998776ac51,0,1445,1293,0,0,0,152,0.47612457,2.1027778,40.230158,35.094423,1.7551122,1,0.28491394,70.188846,81.10218,0.036015246,0.17551122,0.18816153,104.57068,0.025118864,0.63095734,0,0,13.988821,69.313528,0,97,0.2,0.9113412,0.17585522,0,2
replay-azure-conv,base,routing,round_robin,15,2c998776ac51,0,1445,1293,0,0,0,152,0.47612457,2.1027778,40.230158,35.094423,1.7551122,1,0.28491394,70.188846,81.10218,0.036015246,0.17551122,0.18816153,104.57068,0.025118864,0.63095734,0,0,13.988821,69.313528,0,97,0.2,0.9113412,0.17585522,0,2
replay-azure-conv,base,routing,round_robin,16,2c998776ac51,0,1445,1293,0,0,0,152,0.47612457,2.1027778,40.230158,35.094423,1.7551122,1,0.28491394,70.188846,81.10218,0.036015246,0.17551122,0.18816153,104.57068,0.025118864,0.63095734,0,0,13.988821,69.313528,0,97,0.2,0.9113412,0.17585522,0,2
replay-azure-conv,base,routing,round_robin,17,2c998776ac51,0,1445,1293,0,0,0,152,0.47612457,2.1027778,40.230158,35.094423,1.7551122,1,0.28491394,70.188846,81.10218,0.036015246,0.17551122,0.18816153,104.57068,0.025118864,0.63095734,0,0,13.988821,69.313528,0,97,0.2,0.9113412,0.17585522,0,2
replay-azure-conv,base,routing,round_robin,18,2c998776ac51,0,1445,1293,0,0,0,152,0.47612457,2.1027778,40.230158,35.094423,1.7551122,1,0.28491394,70.188846,81.10218,0.036015246,0.17551122,0.18816153,104.57068,0.025118864,0.63095734,0,0,13.988821,69.313528,0,97,0.2,0.9113412,0.17585522,0,2
replay-azure-conv,base,routing,round_robin,19,2c998776ac51,0,1445,1293,0,0,0,152,0.47612457,2.1027778,40.230158,35.094423,1.7551122,1,0.28491394,70.188846,81.10218,0.036015246,0.17551122,0.18816153,104.57068,0.025118864,0.63095734,0,0,13.988821,69.313528,0,97,0.2,0.9113412,0.17585522,0,2
replay-azure-conv,base,routing,round_robin,20,2c998776ac51,0,1445,1293,0,0,0,152,0.47612457,2.1027778,40.230158,35.094423,1.7551122,1,0.28491394,70.188846,81.10218,0.036015246,0.17551122,0.18816153,104.57068,0.025118864,0.63095734,0,0,13.988821,69.313528,0,97,0.2,0.9113412,0.17585522,0,2
replay-azure-conv,base,routing,least_outstanding,1,2c998776ac51,0,1445,1445,0,0,0,0,0.11418685,3.5555556,3.4182767,0.69852589,1.1488165,1,0.19655289,1.3970518,2.5106119,0.046485535,0.11488165,0.13538593,42.617385,0.031622777,0.63095734,0,0,0.12652017,0.56116254,0,0,0.2,0.86446822,0.13937075,0,2
replay-azure-conv,base,routing,least_outstanding,2,2c998776ac51,0,1445,1445,0,0,0,0,0.11418685,3.5555556,3.4182767,0.69852589,1.1488165,1,0.19655289,1.3970518,2.5106119,0.046485535,0.11488165,0.13538593,42.617385,0.031622777,0.63095734,0,0,0.12652017,0.56116254,0,0,0.2,0.86446822,0.13937075,0,2
replay-azure-conv,base,routing,least_outstanding,3,2c998776ac51,0,1445,1445,0,0,0,0,0.11418685,3.5555556,3.4182767,0.69852589,1.1488165,1,0.19655289,1.3970518,2.5106119,0.046485535,0.11488165,0.13538593,42.617385,0.031622777,0.63095734,0,0,0.12652017,0.56116254,0,0,0.2,0.86446822,0.13937075,0,2
replay-azure-conv,base,routing,least_outstanding,4,2c998776ac51,0,1445,1445,0,0,0,0,0.11418685,3.5555556,3.4182767,0.69852589,1.1488165,1,0.19655289,1.3970518,2.5106119,0.046485535,0.11488165,0.13538593,42.617385,0.031622777,0.63095734,0,0,0.12652017,0.56116254,0,0,0.2,0.86446822,0.13937075,0,2
replay-azure-conv,base,routing,least_outstanding,5,2c998776ac51,0,1445,1445,0,0,0,0,0.11418685,3.5555556,3.4182767,0.69852589,1.1488165,1,0.19655289,1.3970518,2.5106119,0.046485535,0.11488165,0.13538593,42.617385,0.031622777,0.63095734,0,0,0.12652017,0.56116254,0,0,0.2,0.86446822,0.13937075,0,2
replay-azure-conv,base,routing,least_outstanding,6,2c998776ac51,0,1445,1445,0,0,0,0,0.11418685,3.5555556,3.4182767,0.69852589,1.1488165,1,0.19655289,1.3970518,2.5106119,0.046485535,0.11488165,0.13538593,42.617385,0.031622777,0.63095734,0,0,0.12652017,0.56116254,0,0,0.2,0.86446822,0.13937075,0,2
replay-azure-conv,base,routing,least_outstanding,7,2c998776ac51,0,1445,1445,0,0,0,0,0.11418685,3.5555556,3.4182767,0.69852589,1.1488165,1,0.19655289,1.3970518,2.5106119,0.046485535,0.11488165,0.13538593,42.617385,0.031622777,0.63095734,0,0,0.12652017,0.56116254,0,0,0.2,0.86446822,0.13937075,0,2
replay-azure-conv,base,routing,least_outstanding,8,2c998776ac51,0,1445,1445,0,0,0,0,0.11418685,3.5555556,3.4182767,0.69852589,1.1488165,1,0.19655289,1.3970518,2.5106119,0.046485535,0.11488165,0.13538593,42.617385,0.031622777,0.63095734,0,0,0.12652017,0.56116254,0,0,0.2,0.86446822,0.13937075,0,2
replay-azure-conv,base,routing,least_outstanding,9,2c998776ac51,0,1445,1445,0,0,0,0,0.11418685,3.5555556,3.4182767,0.69852589,1.1488165,1,0.19655289,1.3970518,2.5106119,0.046485535,0.11488165,0.13538593,42.617385,0.031622777,0.63095734,0,0,0.12652017,0.56116254,0,0,0.2,0.86446822,0.13937075,0,2
replay-azure-conv,base,routing,least_outstanding,10,2c998776ac51,0,1445,1445,0,0,0,0,0.11418685,3.5555556,3.4182767,0.69852589,1.1488165,1,0.19655289,1.3970518,2.5106119,0.046485535,0.11488165,0.13538593,42.617385,0.031622777,0.63095734,0,0,0.12652017,0.56116254,0,0,0.2,0.86446822,0.13937075,0,2
replay-azure-conv,base,routing,least_outstanding,11,2c998776ac51,0,1445,1445,0,0,0,0,0.11418685,3.5555556,3.4182767,0.69852589,1.1488165,1,0.19655289,1.3970518,2.5106119,0.046485535,0.11488165,0.13538593,42.617385,0.031622777,0.63095734,0,0,0.12652017,0.56116254,0,0,0.2,0.86446822,0.13937075,0,2
replay-azure-conv,base,routing,least_outstanding,12,2c998776ac51,0,1445,1445,0,0,0,0,0.11418685,3.5555556,3.4182767,0.69852589,1.1488165,1,0.19655289,1.3970518,2.5106119,0.046485535,0.11488165,0.13538593,42.617385,0.031622777,0.63095734,0,0,0.12652017,0.56116254,0,0,0.2,0.86446822,0.13937075,0,2
replay-azure-conv,base,routing,least_outstanding,13,2c998776ac51,0,1445,1445,0,0,0,0,0.11418685,3.5555556,3.4182767,0.69852589,1.1488165,1,0.19655289,1.3970518,2.5106119,0.046485535,0.11488165,0.13538593,42.617385,0.031622777,0.63095734,0,0,0.12652017,0.56116254,0,0,0.2,0.86446822,0.13937075,0,2
replay-azure-conv,base,routing,least_outstanding,14,2c998776ac51,0,1445,1445,0,0,0,0,0.11418685,3.5555556,3.4182767,0.69852589,1.1488165,1,0.19655289,1.3970518,2.5106119,0.046485535,0.11488165,0.13538593,42.617385,0.031622777,0.63095734,0,0,0.12652017,0.56116254,0,0,0.2,0.86446822,0.13937075,0,2
replay-azure-conv,base,routing,least_outstanding,15,2c998776ac51,0,1445,1445,0,0,0,0,0.11418685,3.5555556,3.4182767,0.69852589,1.1488165,1,0.19655289,1.3970518,2.5106119,0.046485535,0.11488165,0.13538593,42.617385,0.031622777,0.63095734,0,0,0.12652017,0.56116254,0,0,0.2,0.86446822,0.13937075,0,2
replay-azure-conv,base,routing,least_outstanding,16,2c998776ac51,0,1445,1445,0,0,0,0,0.11418685,3.5555556,3.4182767,0.69852589,1.1488165,1,0.19655289,1.3970518,2.5106119,0.046485535,0.11488165,0.13538593,42.617385,0.031622777,0.63095734,0,0,0.12652017,0.56116254,0,0,0.2,0.86446822,0.13937075,0,2
replay-azure-conv,base,routing,least_outstanding,17,2c998776ac51,0,1445,1445,0,0,0,0,0.11418685,3.5555556,3.4182767,0.69852589,1.1488165,1,0.19655289,1.3970518,2.5106119,0.046485535,0.11488165,0.13538593,42.617385,0.031622777,0.63095734,0,0,0.12652017,0.56116254,0,0,0.2,0.86446822,0.13937075,0,2
replay-azure-conv,base,routing,least_outstanding,18,2c998776ac51,0,1445,1445,0,0,0,0,0.11418685,3.5555556,3.4182767,0.69852589,1.1488165,1,0.19655289,1.3970518,2.5106119,0.046485535,0.11488165,0.13538593,42.617385,0.031622777,0.63095734,0,0,0.12652017,0.56116254,0,0,0.2,0.86446822,0.13937075,0,2
replay-azure-conv,base,routing,least_outstanding,19,2c998776ac51,0,1445,1445,0,0,0,0,0.11418685,3.5555556,3.4182767,0.69852589,1.1488165,1,0.19655289,1.3970518,2.5106119,0.046485535,0.11488165,0.13538593,42.617385,0.031622777,0.63095734,0,0,0.12652017,0.56116254,0,0,0.2,0.86446822,0.13937075,0,2
replay-azure-conv,base,routing,least_outstanding,20,2c998776ac51,0,1445,1445,0,0,0,0,0.11418685,3.5555556,3.4182767,0.69852589,1.1488165,1,0.19655289,1.3970518,2.5106119,0.046485535,0.11488165,0.13538593,42.617385,0.031622777,0.63095734,0,0,0.12652017,0.56116254,0,0,0.2,0.86446822,0.13937075,0,2
replay-azure-conv,base,routing,power_of_two,1,2c998776ac51,0,1445,1445,0,0,0,0,0.11903114,3.5361111,3.5035485,0.69749236,1.2109004,1,0.21196271,1.3949847,2.0402436,0.046621501,0.12109004,0.15072158,41.875063,0.031622777,0.63095734,0,0,0.11535316,0.55150642,0,0,0.2,0.86931264,0.13979215,0,2
replay-azure-conv,base,routing,power_of_two,2,2c998776ac51,0,1445,1445,0,0,0,0,0.13148789,3.4861111,3.4713994,0.60513897,1.2088209,1,0.22981092,1.2102779,2.1532601,0.046425949,0.12088209,0.14798997,41.313018,0.031622777,0.63095734,0,0,0.11777068,0.51200516,0,0,0.2,0.86618637,0.13870143,0,2
replay-azure-conv,base,routing,power_of_two,3,2c998776ac51,0,1445,1445,0,0,0,0,0.12041522,3.5305556,3.5984294,0.72219176,1.2741615,1,0.20143326,1.4443835,2.0945895,0.046427025,0.12741615,0.16223065,40.745455,0.031622777,0.63095734,0,0,0.12151016,0.56821338,0,0,0.2,0.86371416,0.13969078,0,2
replay-azure-conv,base,routing,power_of_two,4,2c998776ac51,0,1445,1445,0,0,0,0,0.13979239,3.4527778,3.6065352,0.6872984,1.2202749,1,0.21851644,1.3745968,2.3757691,0.045921152,0.12202749,0.15156919,43.323273,0.031622777,0.63095734,0,0,0.13032684,0.579027,0,0,0.2,0.86829746,0.14031725,0,2
replay-azure-conv,base,routing,power_of_two,5,2c998776ac51,0,1445,1445,0,0,0,0,0.12733564,3.5027778,3.6963886,0.76993376,1.2897767,1,0.22585187,1.5398675,2.8764475,0.045997425,0.12897767,0.16416984,43.666248,0.031622777,0.63095734,0,0,0.13904787,0.53587393,0,2,0.2,0.86457732,0.14174466,0,2
replay-azure-conv,base,routing,power_of_two,6,2c998776ac51,0,1445,1445,0,0,0,0,0.12456747,3.5138889,3.432598,0.67354243,1.1362182,1,0.2141737,1.3470849,2.1061864,0.046744801,0.11362182,0.13328976,41.261729,0.031622777,0.63095734,0,0,0.1148229,0.55959671,0,0,0.2,0.86420022,0.13996385,0,2
replay-azure-conv,base,routing,power_of_two,7,2c998776ac51,0,1445,1445,0,0,0,0,0.12041522,3.5305556,3.3991217,0.60615505,1.1908905,1,0.21550898,1.2123101,2.7230447,0.046585137,0.11908905,0.14402052,42.94438,0.031622777,0.63095734,0,0,0.12596546,0.51189212,0,0,0.2,0.8639184,0.13933049,0,2
replay-azure-conv,base,routing,power_of_two,8,2c998776ac51,0,1445,1445,0,0,0,0,0.1266436,3.5055556,3.3599109,0.59936202,1.1273309,1,0.21878654,1.198724,2.2277949,0.047667901,0.11273309,0.13597801,41.581384,0.031622777,0.63095734,0,0,0.11120736,0.44802524,0,0,0.2,0.8632194,0.13895438,0,2
replay-azure-conv,base,routing,power_of_two,9,2c998776ac51,0,1445,1445,0,0,0,0,0.1266436,3.5055556,3.5520995,0.73215017,1.1867313,1,0.21510302,1.4643003,2.1605903,0.046548374,0.11867313,0.14674531,42.582366,0.031622777,0.63095734,0,0,0.12271113,0.61878463,0,1,0.2,0.86839744,0.14006999,0,2
replay-azure-conv,base,routing,power_of_two,10,2c998776ac51,0,1445,1445,0,0,0,0,0.12387543,3.5166667,3.5752454,0.71366463,1.2422036,1,0.22069917,1.4273293,2.6610072,0.046711916,0.12422036,0.15245024,42.148338,0.031622777,0.63095734,0,0,0.13276788,0.58415234,0,0,0.2,0.86320332,0.13987911,0,2
replay-azure-conv,base,routing,power_of_two,11,2c998776ac51,0,1445,1445,0,0,0,0,0.11903114,3.5361111,3.3473431,0.59632845,1.155859,1,0.22606848,1.1926569,2.5280674,0.046782844,0.1155859,0.14224206,43.022122,0.031622777,0.63095734,0,0,0.1209612,0.49832827,0,0,0.2,0.86525937,0.13944259,0,2
replay-azure-conv,base,routing,power_of_two,12,2c998776ac51,0,1445,1445,0,0,0,0,0.13910035,3.4555556,3.7392942,0.78222502,1.2615674,1,0.19586555,1.56445,2.8219947,0.044805023,0.12615674,0.16257376,44.219347,0.031622777,0.63095734,0,0,0.14731365,0.64270413,0,0,0.2,0.86949296,0.14145253,0,2
replay-azure-conv,base,routing,power_of_two,13,2c998776ac51,0,1445,1445,0,0,0,0,0.12525952,3.5111111,3.4509087,0.63280004,1.191811,1,0.22755296,1.2656001,1.9691147,0.046791518,0.1191811,0.15793998,41.587958,0.031622777,0.63095734,0,0,0.11523277,0.46691164,0,0,0.2,0.86457651,0.13921079,0,2
replay-azure-conv,base,routing,power_of_two,14,2c998776ac51,0,1445,1445,0,0,0,0,0.13287197,3.4805556,3.8540915,0.82945966,1.360272,1,0.21537443,1.6589193,2.7115609,0.045413646,0.1360272,0.1805144,40.78662,0.031622777,0.63095734,0,0,0.15128465,0.79806545,0,2,0.2,0.86643812,0.141437,0,2
replay-azure-conv,base,routing,power_of_two,15,2c998776ac51,0,1445,1445,0,0,0,0,0.12941176,3.4944444,3.5631927,0.64289597,1.2732379,1,0.20621945,1.2857919,2.3482916,0.046248902,0.12732379,0.15924246,41.712697,0.031622777,0.63095734,0,0,0.12362688,0.58227081,0,0,0.2,0.86652632,0.14041862,0,2
replay-azure-conv,base,routing,power_of_two,16,2c998776ac51,0,1445,1445,0,0,0,0,0.1266436,3.5055556,3.4464849,0.65692098,1.1563459,1,0.2112976,1.313842,2.3997069,0.04733501,0.11563459,0.14472128,42.271182,0.031622777,0.63095734,0,0,0.11746817,0.50683033,0,0,0.2,0.86677736,0.13922273,0,2
replay-azure-conv,base,routing,power_of_two,17,2c998776ac51,0,1445,1445,0,0,0,0,0.12041522,3.5305556,3.3724499,0.61482411,1.1555497,1,0.22100159,1.2296482,1.8934665,0.046982382,0.11555497,0.14052484,40.923674,0.031622777,0.63095734,0,0,0.11163831,0.50283501,0,0,0.2,0.86476815,0.13924759,0,2
replay-azure-conv,base,routing,power_of_two,18,2c998776ac51,0,1445,1445,0,0,0,0,0.13702422,3.4638889,3.4886132,0.61592808,1.187564,1,0.22997901,1.2318562,2.1347576,0.046422447,0.1187564,0.14459438,42.164311,0.031622777,0.63095734,0,0,0.11800796,0.49547741,0,1,0.2,0.86894335,0.14003207,0,2
replay-azure-conv,base,routing,power_of_two,19,2c998776ac51,0,1445,1445,0,0,0,0,0.11626298,3.5472222,3.2706616,0.57001025,1.1193365,1,0.21804754,1.1400205,1.9932442,0.047647309,0.11193365,0.13526477,41.482714,0.031622777,0.50118723,0,0,0.10810219,0.44765004,0,0,0.2,0.86473614,0.13986232,0,2
replay-azure-conv,base,routing,power_of_two,20,2c998776ac51,0,1445,1445,0,0,0,0,0.13148789,3.4861111,3.7434583,0.74936552,1.3366534,1,0.20852513,1.498731,3.121557,0.044723177,0.13366534,0.1859195,42.766122,0.031622777,0.63095734,0,0,0.14602426,0.59897487,0,0,0.2,0.86921955,0.14181003,0,2
replay-azure-conv,base,routing,latency_aware,1,2c998776ac51,0,1445,1445,0,0,0,0,0.040138408,3.8527778,2.7407866,0.61267587,0.92741874,1,0.24251393,1.2253517,1.7765881,0.048505523,0.092741874,0.1238061,33.850487,0.031622777,0.39810717,0,0,0.11475147,0.52228545,0,0,0.2,0.86184609,0.13055864,0,2
replay-azure-conv,base,routing,latency_aware,2,2c998776ac51,0,1445,1445,0,0,0,0,0.040138408,3.8527778,2.7407866,0.61267587,0.92741874,1,0.24251393,1.2253517,1.7765881,0.048505523,0.092741874,0.1238061,33.850487,0.031622777,0.39810717,0,0,0.11475147,0.52228545,0,0,0.2,0.86184609,0.13055864,0,2
replay-azure-conv,base,routing,latency_aware,3,2c998776ac51,0,1445,1445,0,0,0,0,0.040138408,3.8527778,2.7407866,0.61267587,0.92741874,1,0.24251393,1.2253517,1.7765881,0.048505523,0.092741874,0.1238061,33.850487,0.031622777,0.39810717,0,0,0.11475147,0.52228545,0,0,0.2,0.86184609,0.13055864,0,2
replay-azure-conv,base,routing,latency_aware,4,2c998776ac51,0,1445,1445,0,0,0,0,0.040138408,3.8527778,2.7407866,0.61267587,0.92741874,1,0.24251393,1.2253517,1.7765881,0.048505523,0.092741874,0.1238061,33.850487,0.031622777,0.39810717,0,0,0.11475147,0.52228545,0,0,0.2,0.86184609,0.13055864,0,2
replay-azure-conv,base,routing,latency_aware,5,2c998776ac51,0,1445,1445,0,0,0,0,0.040138408,3.8527778,2.7407866,0.61267587,0.92741874,1,0.24251393,1.2253517,1.7765881,0.048505523,0.092741874,0.1238061,33.850487,0.031622777,0.39810717,0,0,0.11475147,0.52228545,0,0,0.2,0.86184609,0.13055864,0,2
replay-azure-conv,base,routing,latency_aware,6,2c998776ac51,0,1445,1445,0,0,0,0,0.040138408,3.8527778,2.7407866,0.61267587,0.92741874,1,0.24251393,1.2253517,1.7765881,0.048505523,0.092741874,0.1238061,33.850487,0.031622777,0.39810717,0,0,0.11475147,0.52228545,0,0,0.2,0.86184609,0.13055864,0,2
replay-azure-conv,base,routing,latency_aware,7,2c998776ac51,0,1445,1445,0,0,0,0,0.040138408,3.8527778,2.7407866,0.61267587,0.92741874,1,0.24251393,1.2253517,1.7765881,0.048505523,0.092741874,0.1238061,33.850487,0.031622777,0.39810717,0,0,0.11475147,0.52228545,0,0,0.2,0.86184609,0.13055864,0,2
replay-azure-conv,base,routing,latency_aware,8,2c998776ac51,0,1445,1445,0,0,0,0,0.040138408,3.8527778,2.7407866,0.61267587,0.92741874,1,0.24251393,1.2253517,1.7765881,0.048505523,0.092741874,0.1238061,33.850487,0.031622777,0.39810717,0,0,0.11475147,0.52228545,0,0,0.2,0.86184609,0.13055864,0,2
replay-azure-conv,base,routing,latency_aware,9,2c998776ac51,0,1445,1445,0,0,0,0,0.040138408,3.8527778,2.7407866,0.61267587,0.92741874,1,0.24251393,1.2253517,1.7765881,0.048505523,0.092741874,0.1238061,33.850487,0.031622777,0.39810717,0,0,0.11475147,0.52228545,0,0,0.2,0.86184609,0.13055864,0,2
replay-azure-conv,base,routing,latency_aware,10,2c998776ac51,0,1445,1445,0,0,0,0,0.040138408,3.8527778,2.7407866,0.61267587,0.92741874,1,0.24251393,1.2253517,1.7765881,0.048505523,0.092741874,0.1238061,33.850487,0.031622777,0.39810717,0,0,0.11475147,0.52228545,0,0,0.2,0.86184609,0.13055864,0,2
replay-azure-conv,base,routing,latency_aware,11,2c998776ac51,0,1445,1445,0,0,0,0,0.040138408,3.8527778,2.7407866,0.61267587,0.92741874,1,0.24251393,1.2253517,1.7765881,0.048505523,0.092741874,0.1238061,33.850487,0.031622777,0.39810717,0,0,0.11475147,0.52228545,0,0,0.2,0.86184609,0.13055864,0,2
replay-azure-conv,base,routing,latency_aware,12,2c998776ac51,0,1445,1445,0,0,0,0,0.040138408,3.8527778,2.7407866,0.61267587,0.92741874,1,0.24251393,1.2253517,1.7765881,0.048505523,0.092741874,0.1238061,33.850487,0.031622777,0.39810717,0,0,0.11475147,0.52228545,0,0,0.2,0.86184609,0.13055864,0,2
replay-azure-conv,base,routing,latency_aware,13,2c998776ac51,0,1445,1445,0,0,0,0,0.040138408,3.8527778,2.7407866,0.61267587,0.92741874,1,0.24251393,1.2253517,1.7765881,0.048505523,0.092741874,0.1238061,33.850487,0.031622777,0.39810717,0,0,0.11475147,0.52228545,0,0,0.2,0.86184609,0.13055864,0,2
replay-azure-conv,base,routing,latency_aware,14,2c998776ac51,0,1445,1445,0,0,0,0,0.040138408,3.8527778,2.7407866,0.61267587,0.92741874,1,0.24251393,1.2253517,1.7765881,0.048505523,0.092741874,0.1238061,33.850487,0.031622777,0.39810717,0,0,0.11475147,0.52228545,0,0,0.2,0.86184609,0.13055864,0,2
replay-azure-conv,base,routing,latency_aware,15,2c998776ac51,0,1445,1445,0,0,0,0,0.040138408,3.8527778,2.7407866,0.61267587,0.92741874,1,0.24251393,1.2253517,1.7765881,0.048505523,0.092741874,0.1238061,33.850487,0.031622777,0.39810717,0,0,0.11475147,0.52228545,0,0,0.2,0.86184609,0.13055864,0,2
replay-azure-conv,base,routing,latency_aware,16,2c998776ac51,0,1445,1445,0,0,0,0,0.040138408,3.8527778,2.7407866,0.61267587,0.92741874,1,0.24251393,1.2253517,1.7765881,0.048505523,0.092741874,0.1238061,33.850487,0.031622777,0.39810717,0,0,0.11475147,0.52228545,0,0,0.2,0.86184609,0.13055864,0,2
replay-azure-conv,base,routing,latency_aware,17,2c998776ac51,0,1445,1445,0,0,0,0,0.040138408,3.8527778,2.7407866,0.61267587,0.92741874,1,0.24251393,1.2253517,1.7765881,0.048505523,0.092741874,0.1238061,33.850487,0.031622777,0.39810717,0,0,0.11475147,0.52228545,0,0,0.2,0.86184609,0.13055864,0,2
replay-azure-conv,base,routing,latency_aware,18,2c998776ac51,0,1445,1445,0,0,0,0,0.040138408,3.8527778,2.7407866,0.61267587,0.92741874,1,0.24251393,1.2253517,1.7765881,0.048505523,0.092741874,0.1238061,33.850487,0.031622777,0.39810717,0,0,0.11475147,0.52228545,0,0,0.2,0.86184609,0.13055864,0,2
replay-azure-conv,base,routing,latency_aware,19,2c998776ac51,0,1445,1445,0,0,0,0,0.040138408,3.8527778,2.7407866,0.61267587,0.92741874,1,0.24251393,1.2253517,1.7765881,0.048505523,0.092741874,0.1238061,33.850487,0.031622777,0.39810717,0,0,0.11475147,0.52228545,0,0,0.2,0.86184609,0.13055864,0,2
replay-azure-conv,base,routing,latency_aware,20,2c998776ac51,0,1445,1445,0,0,0,0,0.040138408,3.8527778,2.7407866,0.61267587,0.92741874,1,0.24251393,1.2253517,1.7765881,0.048505523,0.092741874,0.1238061,33.850487,0.031622777,0.39810717,0,0,0.11475147,0.52228545,0,0,0.2,0.86184609,0.13055864,0,2
replay-azure-conv,base,routing,queue_aware,1,2c998776ac51,0,1445,1445,0,0,0,0,0.033217993,3.8805556,2.7412062,0.76027777,0.81483844,1,0.30194418,1.5205555,2.3240127,0.050928611,0.081483844,0.11241877,28.686014,0.031622777,0.31622777,0,0,0.17807738,0.78534435,0,0,0.2,0.85889758,0.12926605,0,2
replay-azure-conv,base,routing,queue_aware,2,2c998776ac51,0,1445,1445,0,0,0,0,0.033217993,3.8805556,2.7412062,0.76027777,0.81483844,1,0.30194418,1.5205555,2.3240127,0.050928611,0.081483844,0.11241877,28.686014,0.031622777,0.31622777,0,0,0.17807738,0.78534435,0,0,0.2,0.85889758,0.12926605,0,2
replay-azure-conv,base,routing,queue_aware,3,2c998776ac51,0,1445,1445,0,0,0,0,0.033217993,3.8805556,2.7412062,0.76027777,0.81483844,1,0.30194418,1.5205555,2.3240127,0.050928611,0.081483844,0.11241877,28.686014,0.031622777,0.31622777,0,0,0.17807738,0.78534435,0,0,0.2,0.85889758,0.12926605,0,2
replay-azure-conv,base,routing,queue_aware,4,2c998776ac51,0,1445,1445,0,0,0,0,0.033217993,3.8805556,2.7412062,0.76027777,0.81483844,1,0.30194418,1.5205555,2.3240127,0.050928611,0.081483844,0.11241877,28.686014,0.031622777,0.31622777,0,0,0.17807738,0.78534435,0,0,0.2,0.85889758,0.12926605,0,2
replay-azure-conv,base,routing,queue_aware,5,2c998776ac51,0,1445,1445,0,0,0,0,0.033217993,3.8805556,2.7412062,0.76027777,0.81483844,1,0.30194418,1.5205555,2.3240127,0.050928611,0.081483844,0.11241877,28.686014,0.031622777,0.31622777,0,0,0.17807738,0.78534435,0,0,0.2,0.85889758,0.12926605,0,2
replay-azure-conv,base,routing,queue_aware,6,2c998776ac51,0,1445,1445,0,0,0,0,0.033217993,3.8805556,2.7412062,0.76027777,0.81483844,1,0.30194418,1.5205555,2.3240127,0.050928611,0.081483844,0.11241877,28.686014,0.031622777,0.31622777,0,0,0.17807738,0.78534435,0,0,0.2,0.85889758,0.12926605,0,2
replay-azure-conv,base,routing,queue_aware,7,2c998776ac51,0,1445,1445,0,0,0,0,0.033217993,3.8805556,2.7412062,0.76027777,0.81483844,1,0.30194418,1.5205555,2.3240127,0.050928611,0.081483844,0.11241877,28.686014,0.031622777,0.31622777,0,0,0.17807738,0.78534435,0,0,0.2,0.85889758,0.12926605,0,2
replay-azure-conv,base,routing,queue_aware,8,2c998776ac51,0,1445,1445,0,0,0,0,0.033217993,3.8805556,2.7412062,0.76027777,0.81483844,1,0.30194418,1.5205555,2.3240127,0.050928611,0.081483844,0.11241877,28.686014,0.031622777,0.31622777,0,0,0.17807738,0.78534435,0,0,0.2,0.85889758,0.12926605,0,2
replay-azure-conv,base,routing,queue_aware,9,2c998776ac51,0,1445,1445,0,0,0,0,0.033217993,3.8805556,2.7412062,0.76027777,0.81483844,1,0.30194418,1.5205555,2.3240127,0.050928611,0.081483844,0.11241877,28.686014,0.031622777,0.31622777,0,0,0.17807738,0.78534435,0,0,0.2,0.85889758,0.12926605,0,2
replay-azure-conv,base,routing,queue_aware,10,2c998776ac51,0,1445,1445,0,0,0,0,0.033217993,3.8805556,2.7412062,0.76027777,0.81483844,1,0.30194418,1.5205555,2.3240127,0.050928611,0.081483844,0.11241877,28.686014,0.031622777,0.31622777,0,0,0.17807738,0.78534435,0,0,0.2,0.85889758,0.12926605,0,2
replay-azure-conv,base,routing,queue_aware,11,2c998776ac51,0,1445,1445,0,0,0,0,0.033217993,3.8805556,2.7412062,0.76027777,0.81483844,1,0.30194418,1.5205555,2.3240127,0.050928611,0.081483844,0.11241877,28.686014,0.031622777,0.31622777,0,0,0.17807738,0.78534435,0,0,0.2,0.85889758,0.12926605,0,2
replay-azure-conv,base,routing,queue_aware,12,2c998776ac51,0,1445,1445,0,0,0,0,0.033217993,3.8805556,2.7412062,0.76027777,0.81483844,1,0.30194418,1.5205555,2.3240127,0.050928611,0.081483844,0.11241877,28.686014,0.031622777,0.31622777,0,0,0.17807738,0.78534435,0,0,0.2,0.85889758,0.12926605,0,2
replay-azure-conv,base,routing,queue_aware,13,2c998776ac51,0,1445,1445,0,0,0,0,0.033217993,3.8805556,2.7412062,0.76027777,0.81483844,1,0.30194418,1.5205555,2.3240127,0.050928611,0.081483844,0.11241877,28.686014,0.031622777,0.31622777,0,0,0.17807738,0.78534435,0,0,0.2,0.85889758,0.12926605,0,2
replay-azure-conv,base,routing,queue_aware,14,2c998776ac51,0,1445,1445,0,0,0,0,0.033217993,3.8805556,2.7412062,0.76027777,0.81483844,1,0.30194418,1.5205555,2.3240127,0.050928611,0.081483844,0.11241877,28.686014,0.031622777,0.31622777,0,0,0.17807738,0.78534435,0,0,0.2,0.85889758,0.12926605,0,2
replay-azure-conv,base,routing,queue_aware,15,2c998776ac51,0,1445,1445,0,0,0,0,0.033217993,3.8805556,2.7412062,0.76027777,0.81483844,1,0.30194418,1.5205555,2.3240127,0.050928611,0.081483844,0.11241877,28.686014,0.031622777,0.31622777,0,0,0.17807738,0.78534435,0,0,0.2,0.85889758,0.12926605,0,2
replay-azure-conv,base,routing,queue_aware,16,2c998776ac51,0,1445,1445,0,0,0,0,0.033217993,3.8805556,2.7412062,0.76027777,0.81483844,1,0.30194418,1.5205555,2.3240127,0.050928611,0.081483844,0.11241877,28.686014,0.031622777,0.31622777,0,0,0.17807738,0.78534435,0,0,0.2,0.85889758,0.12926605,0,2
replay-azure-conv,base,routing,queue_aware,17,2c998776ac51,0,1445,1445,0,0,0,0,0.033217993,3.8805556,2.7412062,0.76027777,0.81483844,1,0.30194418,1.5205555,2.3240127,0.050928611,0.081483844,0.11241877,28.686014,0.031622777,0.31622777,0,0,0.17807738,0.78534435,0,0,0.2,0.85889758,0.12926605,0,2
replay-azure-conv,base,routing,queue_aware,18,2c998776ac51,0,1445,1445,0,0,0,0,0.033217993,3.8805556,2.7412062,0.76027777,0.81483844,1,0.30194418,1.5205555,2.3240127,0.050928611,0.081483844,0.11241877,28.686014,0.031622777,0.31622777,0,0,0.17807738,0.78534435,0,0,0.2,0.85889758,0.12926605,0,2
replay-azure-conv,base,routing,queue_aware,19,2c998776ac51,0,1445,1445,0,0,0,0,0.033217993,3.8805556,2.7412062,0.76027777,0.81483844,1,0.30194418,1.5205555,2.3240127,0.050928611,0.081483844,0.11241877,28.686014,0.031622777,0.31622777,0,0,0.17807738,0.78534435,0,0,0.2,0.85889758,0.12926605,0,2
replay-azure-conv,base,routing,queue_aware,20,2c998776ac51,0,1445,1445,0,0,0,0,0.033217993,3.8805556,2.7412062,0.76027777,0.81483844,1,0.30194418,1.5205555,2.3240127,0.050928611,0.081483844,0.11241877,28.686014,0.031622777,0.31622777,0,0,0.17807738,0.78534435,0,0,0.2,0.85889758,0.12926605,0,2
replay-azure-conv,base,routing,queue_aware_corrected,1,2c998776ac51,0,1445,1445,0,0,0,0,0.017301038,3.9444444,2.4766741,0.51760374,0.87256521,1,0.19940028,1.0352075,1.8067521,0.050052842,0.087256521,0.10343252,31.16661,0.031622777,0.39810717,0,0,0.096121103,0.44296094,0,0,0.2,0.86528371,0.12912688,0,2
replay-azure-conv,base,routing,queue_aware_corrected,2,2c998776ac51,0,1445,1445,0,0,0,0,0.017301038,3.9444444,2.4766741,0.51760374,0.87256521,1,0.19940028,1.0352075,1.8067521,0.050052842,0.087256521,0.10343252,31.16661,0.031622777,0.39810717,0,0,0.096121103,0.44296094,0,0,0.2,0.86528371,0.12912688,0,2
replay-azure-conv,base,routing,queue_aware_corrected,3,2c998776ac51,0,1445,1445,0,0,0,0,0.017301038,3.9444444,2.4766741,0.51760374,0.87256521,1,0.19940028,1.0352075,1.8067521,0.050052842,0.087256521,0.10343252,31.16661,0.031622777,0.39810717,0,0,0.096121103,0.44296094,0,0,0.2,0.86528371,0.12912688,0,2
replay-azure-conv,base,routing,queue_aware_corrected,4,2c998776ac51,0,1445,1445,0,0,0,0,0.017301038,3.9444444,2.4766741,0.51760374,0.87256521,1,0.19940028,1.0352075,1.8067521,0.050052842,0.087256521,0.10343252,31.16661,0.031622777,0.39810717,0,0,0.096121103,0.44296094,0,0,0.2,0.86528371,0.12912688,0,2
replay-azure-conv,base,routing,queue_aware_corrected,5,2c998776ac51,0,1445,1445,0,0,0,0,0.017301038,3.9444444,2.4766741,0.51760374,0.87256521,1,0.19940028,1.0352075,1.8067521,0.050052842,0.087256521,0.10343252,31.16661,0.031622777,0.39810717,0,0,0.096121103,0.44296094,0,0,0.2,0.86528371,0.12912688,0,2
replay-azure-conv,base,routing,queue_aware_corrected,6,2c998776ac51,0,1445,1445,0,0,0,0,0.017301038,3.9444444,2.4766741,0.51760374,0.87256521,1,0.19940028,1.0352075,1.8067521,0.050052842,0.087256521,0.10343252,31.16661,0.031622777,0.39810717,0,0,0.096121103,0.44296094,0,0,0.2,0.86528371,0.12912688,0,2
replay-azure-conv,base,routing,queue_aware_corrected,7,2c998776ac51,0,1445,1445,0,0,0,0,0.017301038,3.9444444,2.4766741,0.51760374,0.87256521,1,0.19940028,1.0352075,1.8067521,0.050052842,0.087256521,0.10343252,31.16661,0.031622777,0.39810717,0,0,0.096121103,0.44296094,0,0,0.2,0.86528371,0.12912688,0,2
replay-azure-conv,base,routing,queue_aware_corrected,8,2c998776ac51,0,1445,1445,0,0,0,0,0.017301038,3.9444444,2.4766741,0.51760374,0.87256521,1,0.19940028,1.0352075,1.8067521,0.050052842,0.087256521,0.10343252,31.16661,0.031622777,0.39810717,0,0,0.096121103,0.44296094,0,0,0.2,0.86528371,0.12912688,0,2
replay-azure-conv,base,routing,queue_aware_corrected,9,2c998776ac51,0,1445,1445,0,0,0,0,0.017301038,3.9444444,2.4766741,0.51760374,0.87256521,1,0.19940028,1.0352075,1.8067521,0.050052842,0.087256521,0.10343252,31.16661,0.031622777,0.39810717,0,0,0.096121103,0.44296094,0,0,0.2,0.86528371,0.12912688,0,2
replay-azure-conv,base,routing,queue_aware_corrected,10,2c998776ac51,0,1445,1445,0,0,0,0,0.017301038,3.9444444,2.4766741,0.51760374,0.87256521,1,0.19940028,1.0352075,1.8067521,0.050052842,0.087256521,0.10343252,31.16661,0.031622777,0.39810717,0,0,0.096121103,0.44296094,0,0,0.2,0.86528371,0.12912688,0,2
replay-azure-conv,base,routing,queue_aware_corrected,11,2c998776ac51,0,1445,1445,0,0,0,0,0.017301038,3.9444444,2.4766741,0.51760374,0.87256521,1,0.19940028,1.0352075,1.8067521,0.050052842,0.087256521,0.10343252,31.16661,0.031622777,0.39810717,0,0,0.096121103,0.44296094,0,0,0.2,0.86528371,0.12912688,0,2
replay-azure-conv,base,routing,queue_aware_corrected,12,2c998776ac51,0,1445,1445,0,0,0,0,0.017301038,3.9444444,2.4766741,0.51760374,0.87256521,1,0.19940028,1.0352075,1.8067521,0.050052842,0.087256521,0.10343252,31.16661,0.031622777,0.39810717,0,0,0.096121103,0.44296094,0,0,0.2,0.86528371,0.12912688,0,2
replay-azure-conv,base,routing,queue_aware_corrected,13,2c998776ac51,0,1445,1445,0,0,0,0,0.017301038,3.9444444,2.4766741,0.51760374,0.87256521,1,0.19940028,1.0352075,1.8067521,0.050052842,0.087256521,0.10343252,31.16661,0.031622777,0.39810717,0,0,0.096121103,0.44296094,0,0,0.2,0.86528371,0.12912688,0,2
replay-azure-conv,base,routing,queue_aware_corrected,14,2c998776ac51,0,1445,1445,0,0,0,0,0.017301038,3.9444444,2.4766741,0.51760374,0.87256521,1,0.19940028,1.0352075,1.8067521,0.050052842,0.087256521,0.10343252,31.16661,0.031622777,0.39810717,0,0,0.096121103,0.44296094,0,0,0.2,0.86528371,0.12912688,0,2
replay-azure-conv,base,routing,queue_aware_corrected,15,2c998776ac51,0,1445,1445,0,0,0,0,0.017301038,3.9444444,2.4766741,0.51760374,0.87256521,1,0.19940028,1.0352075,1.8067521,0.050052842,0.087256521,0.10343252,31.16661,0.031622777,0.39810717,0,0,0.096121103,0.44296094,0,0,0.2,0.86528371,0.12912688,0,2
replay-azure-conv,base,routing,queue_aware_corrected,16,2c998776ac51,0,1445,1445,0,0,0,0,0.017301038,3.9444444,2.4766741,0.51760374,0.87256521,1,0.19940028,1.0352075,1.8067521,0.050052842,0.087256521,0.10343252,31.16661,0.031622777,0.39810717,0,0,0.096121103,0.44296094,0,0,0.2,0.86528371,0.12912688,0,2
replay-azure-conv,base,routing,queue_aware_corrected,17,2c998776ac51,0,1445,1445,0,0,0,0,0.017301038,3.9444444,2.4766741,0.51760374,0.87256521,1,0.19940028,1.0352075,1.8067521,0.050052842,0.087256521,0.10343252,31.16661,0.031622777,0.39810717,0,0,0.096121103,0.44296094,0,0,0.2,0.86528371,0.12912688,0,2
replay-azure-conv,base,routing,queue_aware_corrected,18,2c998776ac51,0,1445,1445,0,0,0,0,0.017301038,3.9444444,2.4766741,0.51760374,0.87256521,1,0.19940028,1.0352075,1.8067521,0.050052842,0.087256521,0.10343252,31.16661,0.031622777,0.39810717,0,0,0.096121103,0.44296094,0,0,0.2,0.86528371,0.12912688,0,2
replay-azure-conv,base,routing,queue_aware_corrected,19,2c998776ac51,0,1445,1445,0,0,0,0,0.017301038,3.9444444,2.4766741,0.51760374,0.87256521,1,0.19940028,1.0352075,1.8067521,0.050052842,0.087256521,0.10343252,31.16661,0.031622777,0.39810717,0,0,0.096121103,0.44296094,0,0,0.2,0.86528371,0.12912688,0,2
replay-azure-conv,base,routing,queue_aware_corrected,20,2c998776ac51,0,1445,1445,0,0,0,0,0.017301038,3.9444444,2.4766741,0.51760374,0.87256521,1,0.19940028,1.0352075,1.8067521,0.050052842,0.087256521,0.10343252,31.16661,0.031622777,0.39810717,0,0,0.096121103,0.44296094,0,0,0.2,0.86528371,0.12912688,0,2
replay-azure-conv,base,routing,capacity_weighted,1,2c998776ac51,0,1445,1445,0,0,0,0,0.065743945,3.75,2.9120293,0.54622309,1.0370865,1,0.1931702,1.0924462,1.7238785,0.049414739,0.10370865,0.13554363,38.384271,0.031622777,0.39810717,0,0,0.089020833,0.4230421,0,0,0.2,0.86371642,0.13524553,0,2
replay-azure-conv,base,routing,capacity_weighted,2,2c998776ac51,0,1445,1445,0,0,0,0,0.065743945,3.75,2.9120293,0.54622309,1.0370865,1,0.1931702,1.0924462,1.7238785,0.049414739,0.10370865,0.13554363,38.384271,0.031622777,0.39810717,0,0,0.089020833,0.4230421,0,0,0.2,0.86371642,0.13524553,0,2
replay-azure-conv,base,routing,capacity_weighted,3,2c998776ac51,0,1445,1445,0,0,0,0,0.065743945,3.75,2.9120293,0.54622309,1.0370865,1,0.1931702,1.0924462,1.7238785,0.049414739,0.10370865,0.13554363,38.384271,0.031622777,0.39810717,0,0,0.089020833,0.4230421,0,0,0.2,0.86371642,0.13524553,0,2
replay-azure-conv,base,routing,capacity_weighted,4,2c998776ac51,0,1445,1445,0,0,0,0,0.065743945,3.75,2.9120293,0.54622309,1.0370865,1,0.1931702,1.0924462,1.7238785,0.049414739,0.10370865,0.13554363,38.384271,0.031622777,0.39810717,0,0,0.089020833,0.4230421,0,0,0.2,0.86371642,0.13524553,0,2
replay-azure-conv,base,routing,capacity_weighted,5,2c998776ac51,0,1445,1445,0,0,0,0,0.065743945,3.75,2.9120293,0.54622309,1.0370865,1,0.1931702,1.0924462,1.7238785,0.049414739,0.10370865,0.13554363,38.384271,0.031622777,0.39810717,0,0,0.089020833,0.4230421,0,0,0.2,0.86371642,0.13524553,0,2
replay-azure-conv,base,routing,capacity_weighted,6,2c998776ac51,0,1445,1445,0,0,0,0,0.065743945,3.75,2.9120293,0.54622309,1.0370865,1,0.1931702,1.0924462,1.7238785,0.049414739,0.10370865,0.13554363,38.384271,0.031622777,0.39810717,0,0,0.089020833,0.4230421,0,0,0.2,0.86371642,0.13524553,0,2
replay-azure-conv,base,routing,capacity_weighted,7,2c998776ac51,0,1445,1445,0,0,0,0,0.065743945,3.75,2.9120293,0.54622309,1.0370865,1,0.1931702,1.0924462,1.7238785,0.049414739,0.10370865,0.13554363,38.384271,0.031622777,0.39810717,0,0,0.089020833,0.4230421,0,0,0.2,0.86371642,0.13524553,0,2
replay-azure-conv,base,routing,capacity_weighted,8,2c998776ac51,0,1445,1445,0,0,0,0,0.065743945,3.75,2.9120293,0.54622309,1.0370865,1,0.1931702,1.0924462,1.7238785,0.049414739,0.10370865,0.13554363,38.384271,0.031622777,0.39810717,0,0,0.089020833,0.4230421,0,0,0.2,0.86371642,0.13524553,0,2
replay-azure-conv,base,routing,capacity_weighted,9,2c998776ac51,0,1445,1445,0,0,0,0,0.065743945,3.75,2.9120293,0.54622309,1.0370865,1,0.1931702,1.0924462,1.7238785,0.049414739,0.10370865,0.13554363,38.384271,0.031622777,0.39810717,0,0,0.089020833,0.4230421,0,0,0.2,0.86371642,0.13524553,0,2
replay-azure-conv,base,routing,capacity_weighted,10,2c998776ac51,0,1445,1445,0,0,0,0,0.065743945,3.75,2.9120293,0.54622309,1.0370865,1,0.1931702,1.0924462,1.7238785,0.049414739,0.10370865,0.13554363,38.384271,0.031622777,0.39810717,0,0,0.089020833,0.4230421,0,0,0.2,0.86371642,0.13524553,0,2
replay-azure-conv,base,routing,capacity_weighted,11,2c998776ac51,0,1445,1445,0,0,0,0,0.065743945,3.75,2.9120293,0.54622309,1.0370865,1,0.1931702,1.0924462,1.7238785,0.049414739,0.10370865,0.13554363,38.384271,0.031622777,0.39810717,0,0,0.089020833,0.4230421,0,0,0.2,0.86371642,0.13524553,0,2
replay-azure-conv,base,routing,capacity_weighted,12,2c998776ac51,0,1445,1445,0,0,0,0,0.065743945,3.75,2.9120293,0.54622309,1.0370865,1,0.1931702,1.0924462,1.7238785,0.049414739,0.10370865,0.13554363,38.384271,0.031622777,0.39810717,0,0,0.089020833,0.4230421,0,0,0.2,0.86371642,0.13524553,0,2
replay-azure-conv,base,routing,capacity_weighted,13,2c998776ac51,0,1445,1445,0,0,0,0,0.065743945,3.75,2.9120293,0.54622309,1.0370865,1,0.1931702,1.0924462,1.7238785,0.049414739,0.10370865,0.13554363,38.384271,0.031622777,0.39810717,0,0,0.089020833,0.4230421,0,0,0.2,0.86371642,0.13524553,0,2
replay-azure-conv,base,routing,capacity_weighted,14,2c998776ac51,0,1445,1445,0,0,0,0,0.065743945,3.75,2.9120293,0.54622309,1.0370865,1,0.1931702,1.0924462,1.7238785,0.049414739,0.10370865,0.13554363,38.384271,0.031622777,0.39810717,0,0,0.089020833,0.4230421,0,0,0.2,0.86371642,0.13524553,0,2
replay-azure-conv,base,routing,capacity_weighted,15,2c998776ac51,0,1445,1445,0,0,0,0,0.065743945,3.75,2.9120293,0.54622309,1.0370865,1,0.1931702,1.0924462,1.7238785,0.049414739,0.10370865,0.13554363,38.384271,0.031622777,0.39810717,0,0,0.089020833,0.4230421,0,0,0.2,0.86371642,0.13524553,0,2
replay-azure-conv,base,routing,capacity_weighted,16,2c998776ac51,0,1445,1445,0,0,0,0,0.065743945,3.75,2.9120293,0.54622309,1.0370865,1,0.1931702,1.0924462,1.7238785,0.049414739,0.10370865,0.13554363,38.384271,0.031622777,0.39810717,0,0,0.089020833,0.4230421,0,0,0.2,0.86371642,0.13524553,0,2
replay-azure-conv,base,routing,capacity_weighted,17,2c998776ac51,0,1445,1445,0,0,0,0,0.065743945,3.75,2.9120293,0.54622309,1.0370865,1,0.1931702,1.0924462,1.7238785,0.049414739,0.10370865,0.13554363,38.384271,0.031622777,0.39810717,0,0,0.089020833,0.4230421,0,0,0.2,0.86371642,0.13524553,0,2
replay-azure-conv,base,routing,capacity_weighted,18,2c998776ac51,0,1445,1445,0,0,0,0,0.065743945,3.75,2.9120293,0.54622309,1.0370865,1,0.1931702,1.0924462,1.7238785,0.049414739,0.10370865,0.13554363,38.384271,0.031622777,0.39810717,0,0,0.089020833,0.4230421,0,0,0.2,0.86371642,0.13524553,0,2
replay-azure-conv,base,routing,capacity_weighted,19,2c998776ac51,0,1445,1445,0,0,0,0,0.065743945,3.75,2.9120293,0.54622309,1.0370865,1,0.1931702,1.0924462,1.7238785,0.049414739,0.10370865,0.13554363,38.384271,0.031622777,0.39810717,0,0,0.089020833,0.4230421,0,0,0.2,0.86371642,0.13524553,0,2
replay-azure-conv,base,routing,capacity_weighted,20,2c998776ac51,0,1445,1445,0,0,0,0,0.065743945,3.75,2.9120293,0.54622309,1.0370865,1,0.1931702,1.0924462,1.7238785,0.049414739,0.10370865,0.13554363,38.384271,0.031622777,0.39810717,0,0,0.089020833,0.4230421,0,0,0.2,0.86371642,0.13524553,0,2
replay-azure-conv,base,routing,oracle_jsq,1,2c998776ac51,0,1445,1445,0,0,0,0,0.015916955,3.95,2.2649168,0.36857232,0.81675972,1,0.19573254,0.73714464,1.2385305,0.053101582,0.081675972,0.1043798,29.577118,0.031622777,0.31622777,0,0,0.07376713,0.34383225,0,0,0.2,0.86263179,0.1316444,0,2
replay-azure-conv,base,routing,oracle_jsq,2,2c998776ac51,0,1445,1445,0,0,0,0,0.015916955,3.95,2.2649168,0.36857232,0.81675972,1,0.19573254,0.73714464,1.2385305,0.053101582,0.081675972,0.1043798,29.577118,0.031622777,0.31622777,0,0,0.07376713,0.34383225,0,0,0.2,0.86263179,0.1316444,0,2
replay-azure-conv,base,routing,oracle_jsq,3,2c998776ac51,0,1445,1445,0,0,0,0,0.015916955,3.95,2.2649168,0.36857232,0.81675972,1,0.19573254,0.73714464,1.2385305,0.053101582,0.081675972,0.1043798,29.577118,0.031622777,0.31622777,0,0,0.07376713,0.34383225,0,0,0.2,0.86263179,0.1316444,0,2
replay-azure-conv,base,routing,oracle_jsq,4,2c998776ac51,0,1445,1445,0,0,0,0,0.015916955,3.95,2.2649168,0.36857232,0.81675972,1,0.19573254,0.73714464,1.2385305,0.053101582,0.081675972,0.1043798,29.577118,0.031622777,0.31622777,0,0,0.07376713,0.34383225,0,0,0.2,0.86263179,0.1316444,0,2
replay-azure-conv,base,routing,oracle_jsq,5,2c998776ac51,0,1445,1445,0,0,0,0,0.015916955,3.95,2.2649168,0.36857232,0.81675972,1,0.19573254,0.73714464,1.2385305,0.053101582,0.081675972,0.1043798,29.577118,0.031622777,0.31622777,0,0,0.07376713,0.34383225,0,0,0.2,0.86263179,0.1316444,0,2
replay-azure-conv,base,routing,oracle_jsq,6,2c998776ac51,0,1445,1445,0,0,0,0,0.015916955,3.95,2.2649168,0.36857232,0.81675972,1,0.19573254,0.73714464,1.2385305,0.053101582,0.081675972,0.1043798,29.577118,0.031622777,0.31622777,0,0,0.07376713,0.34383225,0,0,0.2,0.86263179,0.1316444,0,2
replay-azure-conv,base,routing,oracle_jsq,7,2c998776ac51,0,1445,1445,0,0,0,0,0.015916955,3.95,2.2649168,0.36857232,0.81675972,1,0.19573254,0.73714464,1.2385305,0.053101582,0.081675972,0.1043798,29.577118,0.031622777,0.31622777,0,0,0.07376713,0.34383225,0,0,0.2,0.86263179,0.1316444,0,2
replay-azure-conv,base,routing,oracle_jsq,8,2c998776ac51,0,1445,1445,0,0,0,0,0.015916955,3.95,2.2649168,0.36857232,0.81675972,1,0.19573254,0.73714464,1.2385305,0.053101582,0.081675972,0.1043798,29.577118,0.031622777,0.31622777,0,0,0.07376713,0.34383225,0,0,0.2,0.86263179,0.1316444,0,2
replay-azure-conv,base,routing,oracle_jsq,9,2c998776ac51,0,1445,1445,0,0,0,0,0.015916955,3.95,2.2649168,0.36857232,0.81675972,1,0.19573254,0.73714464,1.2385305,0.053101582,0.081675972,0.1043798,29.577118,0.031622777,0.31622777,0,0,0.07376713,0.34383225,0,0,0.2,0.86263179,0.1316444,0,2
replay-azure-conv,base,routing,oracle_jsq,10,2c998776ac51,0,1445,1445,0,0,0,0,0.015916955,3.95,2.2649168,0.36857232,0.81675972,1,0.19573254,0.73714464,1.2385305,0.053101582,0.081675972,0.1043798,29.577118,0.031622777,0.31622777,0,0,0.07376713,0.34383225,0,0,0.2,0.86263179,0.1316444,0,2
replay-azure-conv,base,routing,oracle_jsq,11,2c998776ac51,0,1445,1445,0,0,0,0,0.015916955,3.95,2.2649168,0.36857232,0.81675972,1,0.19573254,0.73714464,1.2385305,0.053101582,0.081675972,0.1043798,29.577118,0.031622777,0.31622777,0,0,0.07376713,0.34383225,0,0,0.2,0.86263179,0.1316444,0,2
replay-azure-conv,base,routing,oracle_jsq,12,2c998776ac51,0,1445,1445,0,0,0,0,0.015916955,3.95,2.2649168,0.36857232,0.81675972,1,0.19573254,0.73714464,1.2385305,0.053101582,0.081675972,0.1043798,29.577118,0.031622777,0.31622777,0,0,0.07376713,0.34383225,0,0,0.2,0.86263179,0.1316444,0,2
replay-azure-conv,base,routing,oracle_jsq,13,2c998776ac51,0,1445,1445,0,0,0,0,0.015916955,3.95,2.2649168,0.36857232,0.81675972,1,0.19573254,0.73714464,1.2385305,0.053101582,0.081675972,0.1043798,29.577118,0.031622777,0.31622777,0,0,0.07376713,0.34383225,0,0,0.2,0.86263179,0.1316444,0,2
replay-azure-conv,base,routing,oracle_jsq,14,2c998776ac51,0,1445,1445,0,0,0,0,0.015916955,3.95,2.2649168,0.36857232,0.81675972,1,0.19573254,0.73714464,1.2385305,0.053101582,0.081675972,0.1043798,29.577118,0.031622777,0.31622777,0,0,0.07376713,0.34383225,0,0,0.2,0.86263179,0.1316444,0,2
replay-azure-conv,base,routing,oracle_jsq,15,2c998776ac51,0,1445,1445,0,0,0,0,0.015916955,3.95,2.2649168,0.36857232,0.81675972,1,0.19573254,0.73714464,1.2385305,0.053101582,0.081675972,0.1043798,29.577118,0.031622777,0.31622777,0,0,0.07376713,0.34383225,0,0,0.2,0.86263179,0.1316444,0,2
replay-azure-conv,base,routing,oracle_jsq,16,2c998776ac51,0,1445,1445,0,0,0,0,0.015916955,3.95,2.2649168,0.36857232,0.81675972,1,0.19573254,0.73714464,1.2385305,0.053101582,0.081675972,0.1043798,29.577118,0.031622777,0.31622777,0,0,0.07376713,0.34383225,0,0,0.2,0.86263179,0.1316444,0,2
replay-azure-conv,base,routing,oracle_jsq,17,2c998776ac51,0,1445,1445,0,0,0,0,0.015916955,3.95,2.2649168,0.36857232,0.81675972,1,0.19573254,0.73714464,1.2385305,0.053101582,0.081675972,0.1043798,29.577118,0.031622777,0.31622777,0,0,0.07376713,0.34383225,0,0,0.2,0.86263179,0.1316444,0,2
replay-azure-conv,base,routing,oracle_jsq,18,2c998776ac51,0,1445,1445,0,0,0,0,0.015916955,3.95,2.2649168,0.36857232,0.81675972,1,0.19573254,0.73714464,1.2385305,0.053101582,0.081675972,0.1043798,29.577118,0.031622777,0.31622777,0,0,0.07376713,0.34383225,0,0,0.2,0.86263179,0.1316444,0,2
replay-azure-conv,base,routing,oracle_jsq,19,2c998776ac51,0,1445,1445,0,0,0,0,0.015916955,3.95,2.2649168,0.36857232,0.81675972,1,0.19573254,0.73714464,1.2385305,0.053101582,0.081675972,0.1043798,29.577118,0.031622777,0.31622777,0,0,0.07376713,0.34383225,0,0,0.2,0.86263179,0.1316444,0,2
replay-azure-conv,base,routing,oracle_jsq,20,2c998776ac51,0,1445,1445,0,0,0,0,0.015916955,3.95,2.2649168,0.36857232,0.81675972,1,0.19573254,0.73714464,1.2385305,0.053101582,0.081675972,0.1043798,29.577118,0.031622777,0.31622777,0,0,0.07376713,0.34383225,0,0,0.2,0.86263179,0.1316444,0,2
replay-azure-code,base,routing,random,1,a7d075b531a2,0,1482,1420,0,0,0,62,0.88259109,0.26363636,56.750437,45.620903,5.7165778,1,12.949798,91.241807,96.450522,0.23168558,0.57165778,0.57378968,102.0037,0.25118864,0.63095734,0,0,25.576972,90.19238,0,0,0.36666667,0.49379212,0.074788174,0,2
replay-azure-code,base,routing,random,2,a7d075b531a2,0,1482,1404,0,0,0,78,0.85695007,0.32121212,65.265498,54.261694,5.7190544,1,12.593477,108.52339,118.83609,0.23098484,0.57190544,0.57311117,122.10056,0.25118864,0.63095734,0,0,29.013294,107.45765,0,0,0.36666667,0.5095922,0.078355944,0,2
replay-azure-code,base,routing,random,3,a7d075b531a2,0,1482,1395,0,0,0,87,0.87854251,0.27272727,59.782142,48.675155,5.714275,1,11.601041,97.350309,103.82701,0.23167518,0.5714275,0.57297131,108.89797,0.25118864,0.63095734,0,0,25.555341,96.428956,0,0,0.36666667,0.4826124,0.073368331,0,2
replay-azure-code,base,routing,random,4,a7d075b531a2,0,1482,1394,0,0,0,88,0.865722,0.30151515,66.367807,55.318536,5.7206609,1,12.843989,110.63707,126.44828,0.23068124,0.57206609,0.57257154,126.74589,0.25118864,0.63095734,0,0,29.803442,109.67588,0,0,0.36666667,0.50472506,0.077224401,0,2
replay-azure-code,base,routing,random,5,a7d075b531a2,0,1482,1416,0,0,0,66,0.88124157,0.26666667,56.482968,45.371097,5.7056638,1,11.983748,90.742193,100.8598,0.23064565,0.57056638,0.57204049,104.13631,0.25118864,0.63095734,0,0,25.273848,89.404961,0,0,0.36666667,0.4915733,0.073912216,0,2
replay-azure-code,base,routing,random,6,a7d075b531a2,0,1482,1423,0,0,0,59,0.86842105,0.29545455,63.735928,52.672227,5.7215951,1,13.669082,105.34445,114.03173,0.23076485,0.57215951,0.57270477,117.41065,0.25118864,0.63095734,0,0,29.642021,104.05483,0,0,0.36666667,0.51969213,0.080758829,0,2
replay-azure-code,base,routing,random,7,a7d075b531a2,0,1482,1413,0,0,0,69,0.8562753,0.32272727,59.103265,48.109933,5.7119556,1,12.683762,96.219866,103.43739,0.23060818,0.57119556,0.5721438,108.50972,0.25118864,0.63095734,0,0,25.781633,95.18162,0,0,0.36666667,0.49887445,0.076978211,0,2
replay-azure-code,base,routing,random,8,a7d075b531a2,0,1482,1385,0,0,0,97,0.86032389,0.31363636,64.764493,53.748786,5.7140869,1,12.651668,107.49757,117.5508,0.23120986,0.57140869,0.57232743,120.49439,0.25118864,0.63095734,0,0,28.385947,106.50819,0,0,0.36666667,0.50707253,0.076795315,0,2
replay-azure-code,base,routing,random,9,a7d075b531a2,0,1482,1413,0,0,0,69,0.86234818,0.30909091,67.409535,56.374375,5.7234185,1,10.250169,112.74875,122.48245,0.23071219,0.57234185,0.57360942,125.54674,0.25118864,0.63095734,0,0,28.878113,111.34787,0,0,0.36666667,0.51125034,0.080262322,0,2
replay-azure-code,base,routing,random,10,a7d075b531a2,0,1482,1401,0,0,0,81,0.85357625,0.32878788,60.208353,49.233668,5.7068039,1,13.501708,98.467335,106.42708,0.23101332,0.57068039,0.57217045,109.1003,0.25118864,0.63095734,0,0,26.666262,97.556449,0,0,0.36666667,0.50210276,0.074196345,0,2
replay-azure-code,base,routing,random,11,a7d075b531a2,0,1482,1392,0,0,0,90,0.85155196,0.33333333,70.029928,59.051886,5.7202816,1,15.66997,118.10377,128.36713,0.23073534,0.57202816,0.57309071,130.23671,0.25118864,0.63095734,0,0,32.553565,117.06415,0,0,0.36666667,0.50165333,0.078085091,0,2
replay-azure-code,base,routing,random,12,a7d075b531a2,0,1482,1418,0,0,0,64,0.8731444,0.28484848,55.683704,44.598667,5.7193154,1,11.730106,89.197334,98.274127,0.23102813,0.57193154,0.57314208,100.5735,0.25118864,0.63095734,0,0,24.494593,88.280002,0,0,0.36666667,0.48848303,0.07890854,0,2
replay-azure-code,base,routing,random,13,a7d075b531a2,0,1482,1384,0,0,0,98,0.86842105,0.29545455,51.52648,40.467718,5.7166571,1,11.277203,80.935436,89.544156,0.23083071,0.57166571,0.57353428,94.244557,0.25118864,0.63095734,0,0,22.703668,79.630385,0,0,0.36666667,0.48924803,0.074496682,0,2
replay-azure-code,base,routing,random,14,a7d075b531a2,0,1482,1403,0,0,0,79,0.87381916,0.28333333,60.894849,49.801978,5.7237755,1,11.653181,99.603956,112.60329,0.23078873,0.57237755,0.5735426,114.92689,0.25118864,0.63095734,0,0,26.736336,98.568906,0,0,0.36666667,0.49134615,0.081605263,0,2
replay-azure-code,base,routing,random,15,a7d075b531a2,0,1482,1398,0,0,0,84,0.84817814,0.34090909,64.648009,53.687259,5.7198587,1,13.026554,107.37452,115.96723,0.2315407,0.57198587,0.57355877,118.8229,0.25118864,0.63095734,0,0,29.584276,106.29447,0,0,0.36666667,0.50196717,0.077556167,0,2
replay-azure-code,base,routing,random,16,a7d075b531a2,0,1482,1415,0,0,0,67,0.86707152,0.29848485,60.22311,49.162542,5.7252104,1,12.247332,98.325084,107.21293,0.23089703,0.57252104,0.57354325,110.3826,0.25118864,0.63095734,0,0,26.291148,97.212969,0,0,0.36666667,0.4995819,0.081489497,0,2
replay-azure-code,base,routing,random,17,a7d075b531a2,0,1482,1442,0,0,0,40,0.87719298,0.27575758,67.758932,56.653395,5.719573,1,11.827127,113.30679,119.63827,0.23088695,0.5719573,0.57300651,122.57157,0.25118864,0.63095734,0,0,29.686323,111.61845,0,0,0.36666667,0.51231583,0.083026434,0,2
replay-azure-code,base,routing,random,18,a7d075b531a2,0,1482,1395,0,0,0,87,0.87786775,0.27424242,57.455969,46.361041,5.7055897,1,11.795235,92.722081,99.506032,0.23239305,0.57055897,0.57161993,105.10015,0.25118864,0.63095734,0,0,25.429974,91.25007,0,0,0.36666667,0.49568773,0.074189084,0,2
replay-azure-code,base,routing,random,19,a7d075b531a2,0,1482,1388,0,0,0,94,0.86234818,0.30909091,68.239775,57.204498,5.7235356,1,11.434588,114.409,118.0123,0.23017541,0.57235356,0.57395107,125.31492,0.25118864,0.63095734,0,0,30.123173,113.20428,0,0,0.36666667,0.50548377,0.081216378,0,2
replay-azure-code,base,routing,random,20,a7d075b531a2,0,1482,1405,0,0,0,77,0.87584345,0.27878788,57.605268,46.52309,5.7029606,1,11.358977,93.046181,106.62207,0.23123027,0.57029606,0.57154103,106.30135,0.25118864,0.63095734,0,0,25.029298,92.072071,0,0,0.36666667,0.49439557,0.072400485,0,2
replay-azure-code,base,routing,round_robin,1,a7d075b531a2,0,1482,1404,0,0,0,78,0.86639676,0.3,63.122706,52.077412,5.7133108,1,11.309328,104.15482,110.56649,0.23132826,0.57133108,0.57261726,114.02956,0.25118864,0.63095734,0,0,27.272959,103.13846,0,0,0.36666667,0.50274127,0.075294827,0,2
replay-azure-code,base,routing,round_robin,2,a7d075b531a2,0,1482,1404,0,0,0,78,0.86639676,0.3,63.122706,52.077412,5.7133108,1,11.309328,104.15482,110.56649,0.23132826,0.57133108,0.57261726,114.02956,0.25118864,0.63095734,0,0,27.272959,103.13846,0,0,0.36666667,0.50274127,0.075294827,0,2
replay-azure-code,base,routing,round_robin,3,a7d075b531a2,0,1482,1404,0,0,0,78,0.86639676,0.3,63.122706,52.077412,5.7133108,1,11.309328,104.15482,110.56649,0.23132826,0.57133108,0.57261726,114.02956,0.25118864,0.63095734,0,0,27.272959,103.13846,0,0,0.36666667,0.50274127,0.075294827,0,2
replay-azure-code,base,routing,round_robin,4,a7d075b531a2,0,1482,1404,0,0,0,78,0.86639676,0.3,63.122706,52.077412,5.7133108,1,11.309328,104.15482,110.56649,0.23132826,0.57133108,0.57261726,114.02956,0.25118864,0.63095734,0,0,27.272959,103.13846,0,0,0.36666667,0.50274127,0.075294827,0,2
replay-azure-code,base,routing,round_robin,5,a7d075b531a2,0,1482,1404,0,0,0,78,0.86639676,0.3,63.122706,52.077412,5.7133108,1,11.309328,104.15482,110.56649,0.23132826,0.57133108,0.57261726,114.02956,0.25118864,0.63095734,0,0,27.272959,103.13846,0,0,0.36666667,0.50274127,0.075294827,0,2
replay-azure-code,base,routing,round_robin,6,a7d075b531a2,0,1482,1404,0,0,0,78,0.86639676,0.3,63.122706,52.077412,5.7133108,1,11.309328,104.15482,110.56649,0.23132826,0.57133108,0.57261726,114.02956,0.25118864,0.63095734,0,0,27.272959,103.13846,0,0,0.36666667,0.50274127,0.075294827,0,2
replay-azure-code,base,routing,round_robin,7,a7d075b531a2,0,1482,1404,0,0,0,78,0.86639676,0.3,63.122706,52.077412,5.7133108,1,11.309328,104.15482,110.56649,0.23132826,0.57133108,0.57261726,114.02956,0.25118864,0.63095734,0,0,27.272959,103.13846,0,0,0.36666667,0.50274127,0.075294827,0,2
replay-azure-code,base,routing,round_robin,8,a7d075b531a2,0,1482,1404,0,0,0,78,0.86639676,0.3,63.122706,52.077412,5.7133108,1,11.309328,104.15482,110.56649,0.23132826,0.57133108,0.57261726,114.02956,0.25118864,0.63095734,0,0,27.272959,103.13846,0,0,0.36666667,0.50274127,0.075294827,0,2
replay-azure-code,base,routing,round_robin,9,a7d075b531a2,0,1482,1404,0,0,0,78,0.86639676,0.3,63.122706,52.077412,5.7133108,1,11.309328,104.15482,110.56649,0.23132826,0.57133108,0.57261726,114.02956,0.25118864,0.63095734,0,0,27.272959,103.13846,0,0,0.36666667,0.50274127,0.075294827,0,2
replay-azure-code,base,routing,round_robin,10,a7d075b531a2,0,1482,1404,0,0,0,78,0.86639676,0.3,63.122706,52.077412,5.7133108,1,11.309328,104.15482,110.56649,0.23132826,0.57133108,0.57261726,114.02956,0.25118864,0.63095734,0,0,27.272959,103.13846,0,0,0.36666667,0.50274127,0.075294827,0,2
replay-azure-code,base,routing,round_robin,11,a7d075b531a2,0,1482,1404,0,0,0,78,0.86639676,0.3,63.122706,52.077412,5.7133108,1,11.309328,104.15482,110.56649,0.23132826,0.57133108,0.57261726,114.02956,0.25118864,0.63095734,0,0,27.272959,103.13846,0,0,0.36666667,0.50274127,0.075294827,0,2
replay-azure-code,base,routing,round_robin,12,a7d075b531a2,0,1482,1404,0,0,0,78,0.86639676,0.3,63.122706,52.077412,5.7133108,1,11.309328,104.15482,110.56649,0.23132826,0.57133108,0.57261726,114.02956,0.25118864,0.63095734,0,0,27.272959,103.13846,0,0,0.36666667,0.50274127,0.075294827,0,2
replay-azure-code,base,routing,round_robin,13,a7d075b531a2,0,1482,1404,0,0,0,78,0.86639676,0.3,63.122706,52.077412,5.7133108,1,11.309328,104.15482,110.56649,0.23132826,0.57133108,0.57261726,114.02956,0.25118864,0.63095734,0,0,27.272959,103.13846,0,0,0.36666667,0.50274127,0.075294827,0,2
replay-azure-code,base,routing,round_robin,14,a7d075b531a2,0,1482,1404,0,0,0,78,0.86639676,0.3,63.122706,52.077412,5.7133108,1,11.309328,104.15482,110.56649,0.23132826,0.57133108,0.57261726,114.02956,0.25118864,0.63095734,0,0,27.272959,103.13846,0,0,0.36666667,0.50274127,0.075294827,0,2
replay-azure-code,base,routing,round_robin,15,a7d075b531a2,0,1482,1404,0,0,0,78,0.86639676,0.3,63.122706,52.077412,5.7133108,1,11.309328,104.15482,110.56649,0.23132826,0.57133108,0.57261726,114.02956,0.25118864,0.63095734,0,0,27.272959,103.13846,0,0,0.36666667,0.50274127,0.075294827,0,2
replay-azure-code,base,routing,round_robin,16,a7d075b531a2,0,1482,1404,0,0,0,78,0.86639676,0.3,63.122706,52.077412,5.7133108,1,11.309328,104.15482,110.56649,0.23132826,0.57133108,0.57261726,114.02956,0.25118864,0.63095734,0,0,27.272959,103.13846,0,0,0.36666667,0.50274127,0.075294827,0,2
replay-azure-code,base,routing,round_robin,17,a7d075b531a2,0,1482,1404,0,0,0,78,0.86639676,0.3,63.122706,52.077412,5.7133108,1,11.309328,104.15482,110.56649,0.23132826,0.57133108,0.57261726,114.02956,0.25118864,0.63095734,0,0,27.272959,103.13846,0,0,0.36666667,0.50274127,0.075294827,0,2
replay-azure-code,base,routing,round_robin,18,a7d075b531a2,0,1482,1404,0,0,0,78,0.86639676,0.3,63.122706,52.077412,5.7133108,1,11.309328,104.15482,110.56649,0.23132826,0.57133108,0.57261726,114.02956,0.25118864,0.63095734,0,0,27.272959,103.13846,0,0,0.36666667,0.50274127,0.075294827,0,2
replay-azure-code,base,routing,round_robin,19,a7d075b531a2,0,1482,1404,0,0,0,78,0.86639676,0.3,63.122706,52.077412,5.7133108,1,11.309328,104.15482,110.56649,0.23132826,0.57133108,0.57261726,114.02956,0.25118864,0.63095734,0,0,27.272959,103.13846,0,0,0.36666667,0.50274127,0.075294827,0,2
replay-azure-code,base,routing,round_robin,20,a7d075b531a2,0,1482,1404,0,0,0,78,0.86639676,0.3,63.122706,52.077412,5.7133108,1,11.309328,104.15482,110.56649,0.23132826,0.57133108,0.57261726,114.02956,0.25118864,0.63095734,0,0,27.272959,103.13846,0,0,0.36666667,0.50274127,0.075294827,0,2
replay-azure-code,base,routing,least_outstanding,1,a7d075b531a2,0,1482,1443,0,0,0,39,0.89608637,0.23333333,37.637029,26.451242,5.705355,1,10.839759,52.902484,67.872393,0.2311732,0.5705355,0.57357754,66.76446,0.25118864,0.63095734,0,0,15.242013,52.062502,0,0,0.36666667,0.44804836,0.068064421,0,2
replay-azure-code,base,routing,least_outstanding,2,a7d075b531a2,0,1482,1443,0,0,0,39,0.89608637,0.23333333,37.637029,26.451242,5.705355,1,10.839759,52.902484,67.872393,0.2311732,0.5705355,0.57357754,66.76446,0.25118864,0.63095734,0,0,15.242013,52.062502,0,0,0.36666667,0.44804836,0.068064421,0,2
replay-azure-code,base,routing,least_outstanding,3,a7d075b531a2,0,1482,1443,0,0,0,39,0.89608637,0.23333333,37.637029,26.451242,5.705355,1,10.839759,52.902484,67.872393,0.2311732,0.5705355,0.57357754,66.76446,0.25118864,0.63095734,0,0,15.242013,52.062502,0,0,0.36666667,0.44804836,0.068064421,0,2
replay-azure-code,base,routing,least_outstanding,4,a7d075b531a2,0,1482,1443,0,0,0,39,0.89608637,0.23333333,37.637029,26.451242,5.705355,1,10.839759,52.902484,67.872393,0.2311732,0.5705355,0.57357754,66.76446,0.25118864,0.63095734,0,0,15.242013,52.062502,0,0,0.36666667,0.44804836,0.068064421,0,2
replay-azure-code,base,routing,least_outstanding,5,a7d075b531a2,0,1482,1443,0,0,0,39,0.89608637,0.23333333,37.637029,26.451242,5.705355,1,10.839759,52.902484,67.872393,0.2311732,0.5705355,0.57357754,66.76446,0.25118864,0.63095734,0,0,15.242013,52.062502,0,0,0.36666667,0.44804836,0.068064421,0,2
replay-azure-code,base,routing,least_outstanding,6,a7d075b531a2,0,1482,1443,0,0,0,39,0.89608637,0.23333333,37.637029,26.451242,5.705355,1,10.839759,52.902484,67.872393,0.2311732,0.5705355,0.57357754,66.76446,0.25118864,0.63095734,0,0,15.242013,52.062502,0,0,0.36666667,0.44804836,0.068064421,0,2
replay-azure-code,base,routing,least_outstanding,7,a7d075b531a2,0,1482,1443,0,0,0,39,0.89608637,0.23333333,37.637029,26.451242,5.705355,1,10.839759,52.902484,67.872393,0.2311732,0.5705355,0.57357754,66.76446,0.25118864,0.63095734,0,0,15.242013,52.062502,0,0,0.36666667,0.44804836,0.068064421,0,2
replay-azure-code,base,routing,least_outstanding,8,a7d075b531a2,0,1482,1443,0,0,0,39,0.89608637,0.23333333,37.637029,26.451242,5.705355,1,10.839759,52.902484,67.872393,0.2311732,0.5705355,0.57357754,66.76446,0.25118864,0.63095734,0,0,15.242013,52.062502,0,0,0.36666667,0.44804836,0.068064421,0,2
replay-azure-code,base,routing,least_outstanding,9,a7d075b531a2,0,1482,1443,0,0,0,39,0.89608637,0.23333333,37.637029,26.451242,5.705355,1,10.839759,52.902484,67.872393,0.2311732,0.5705355,0.57357754,66.76446,0.25118864,0.63095734,0,0,15.242013,52.062502,0,0,0.36666667,0.44804836,0.068064421,0,2
replay-azure-code,base,routing,least_outstanding,10,a7d075b531a2,0,1482,1443,0,0,0,39,0.89608637,0.23333333,37.637029,26.451242,5.705355,1,10.839759,52.902484,67.872393,0.2311732,0.5705355,0.57357754,66.76446,0.25118864,0.63095734,0,0,15.242013,52.062502,0,0,0.36666667,0.44804836,0.068064421,0,2
replay-azure-code,base,routing,least_outstanding,11,a7d075b531a2,0,1482,1443,0,0,0,39,0.89608637,0.23333333,37.637029,26.451242,5.705355,1,10.839759,52.902484,67.872393,0.2311732,0.5705355,0.57357754,66.76446,0.25118864,0.63095734,0,0,15.242013,52.062502,0,0,0.36666667,0.44804836,0.068064421,0,2
replay-azure-code,base,routing,least_outstanding,12,a7d075b531a2,0,1482,1443,0,0,0,39,0.89608637,0.23333333,37.637029,26.451242,5.705355,1,10.839759,52.902484,67.872393,0.2311732,0.5705355,0.57357754,66.76446,0.25118864,0.63095734,0,0,15.242013,52.062502,0,0,0.36666667,0.44804836,0.068064421,0,2
replay-azure-code,base,routing,least_outstanding,13,a7d075b531a2,0,1482,1443,0,0,0,39,0.89608637,0.23333333,37.637029,26.451242,5.705355,1,10.839759,52.902484,67.872393,0.2311732,0.5705355,0.57357754,66.76446,0.25118864,0.63095734,0,0,15.242013,52.062502,0,0,0.36666667,0.44804836,0.068064421,0,2
replay-azure-code,base,routing,least_outstanding,14,a7d075b531a2,0,1482,1443,0,0,0,39,0.89608637,0.23333333,37.637029,26.451242,5.705355,1,10.839759,52.902484,67.872393,0.2311732,0.5705355,0.57357754,66.76446,0.25118864,0.63095734,0,0,15.242013,52.062502,0,0,0.36666667,0.44804836,0.068064421,0,2
replay-azure-code,base,routing,least_outstanding,15,a7d075b531a2,0,1482,1443,0,0,0,39,0.89608637,0.23333333,37.637029,26.451242,5.705355,1,10.839759,52.902484,67.872393,0.2311732,0.5705355,0.57357754,66.76446,0.25118864,0.63095734,0,0,15.242013,52.062502,0,0,0.36666667,0.44804836,0.068064421,0,2
replay-azure-code,base,routing,least_outstanding,16,a7d075b531a2,0,1482,1443,0,0,0,39,0.89608637,0.23333333,37.637029,26.451242,5.705355,1,10.839759,52.902484,67.872393,0.2311732,0.5705355,0.57357754,66.76446,0.25118864,0.63095734,0,0,15.242013,52.062502,0,0,0.36666667,0.44804836,0.068064421,0,2
replay-azure-code,base,routing,least_outstanding,17,a7d075b531a2,0,1482,1443,0,0,0,39,0.89608637,0.23333333,37.637029,26.451242,5.705355,1,10.839759,52.902484,67.872393,0.2311732,0.5705355,0.57357754,66.76446,0.25118864,0.63095734,0,0,15.242013,52.062502,0,0,0.36666667,0.44804836,0.068064421,0,2
replay-azure-code,base,routing,least_outstanding,18,a7d075b531a2,0,1482,1443,0,0,0,39,0.89608637,0.23333333,37.637029,26.451242,5.705355,1,10.839759,52.902484,67.872393,0.2311732,0.5705355,0.57357754,66.76446,0.25118864,0.63095734,0,0,15.242013,52.062502,0,0,0.36666667,0.44804836,0.068064421,0,2
replay-azure-code,base,routing,least_outstanding,19,a7d075b531a2,0,1482,1443,0,0,0,39,0.89608637,0.23333333,37.637029,26.451242,5.705355,1,10.839759,52.902484,67.872393,0.2311732,0.5705355,0.57357754,66.76446,0.25118864,0.63095734,0,0,15.242013,52.062502,0,0,0.36666667,0.44804836,0.068064421,0,2
replay-azure-code,base,routing,least_outstanding,20,a7d075b531a2,0,1482,1443,0,0,0,39,0.89608637,0.23333333,37.637029,26.451242,5.705355,1,10.839759,52.902484,67.872393,0.2311732,0.5705355,0.57357754,66.76446,0.25118864,0.63095734,0,0,15.242013,52.062502,0,0,0.36666667,0.44804836,0.068064421,0,2
replay-azure-code,base,routing,power_of_two,1,a7d075b531a2,0,1482,1447,0,0,0,35,0.90890688,0.20454545,38.253431,27.018727,5.6901697,1,9.3867893,54.037454,69.60869,0.23182519,0.56901697,0.56994141,67.611037,0.25118864,0.63095734,0,0,14.637401,53.336289,0,0,0.36666667,0.45139597,0.067635858,0,2
replay-azure-code,base,routing,power_of_two,2,a7d075b531a2,0,1482,1438,0,0,0,44,0.90553306,0.21212121,37.200223,25.987131,5.6854271,1,10.846291,51.974261,65.47078,0.23182003,0.56854271,0.57012669,65.493895,0.25118864,0.63095734,0,0,14.585695,50.019947,0,0,0.36666667,0.45273527,0.067510337,0,2
replay-azure-code,base,routing,power_of_two,3,a7d075b531a2,0,1482,1443,0,0,0,39,0.90958165,0.2030303,38.900499,27.647944,5.7046468,1,10.356673,55.295889,71.303283,0.23134964,0.57046468,0.57117222,67.290376,0.25118864,0.63095734,0,0,15.148674,54.343702,0,0,0.36666667,0.44771554,0.068269006,0,2
replay-azure-code,base,routing,power_of_two,4,a7d075b531a2,0,1482,1440,0,0,0,42,0.90553306,0.21212121,39.154031,27.921142,5.7052243,1,9.7157469,55.842283,73.127717,0.23105546,0.57052243,0.57166735,67.351372,0.25118864,0.63095734,0,0,14.795176,55.219477,0,0,0.36666667,0.44574516,0.068230083,0,2
replay-azure-code,base,routing,power_of_two,5,a7d075b531a2,0,1482,1466,0,0,0,16,0.91160594,0.19848485,39.021099,27.769015,5.6940548,1,9.7206902,55.53803,69.71397,0.23121381,0.56940548,0.5713195,66.545395,0.25118864,0.63095734,0,0,15.399534,54.746575,0,0,0.36666667,0.454604,0.067081765,0,2
replay-azure-code,base,routing,power_of_two,6,a7d075b531a2,0,1482,1456,0,0,0,26,0.90620783,0.21060606,37.997238,26.76656,5.6996386,1,11.515048,53.53312,67.921413,0.23134427,0.56996386,0.57276095,68.000966,0.25118864,0.63095734,0,0,15.84076,52.403831,0,0,0.36666667,0.4535385,0.068266061,0,2
replay-azure-code,base,routing,power_of_two,7,a7d075b531a2,0,1482,1439,0,0,0,43,0.90958165,0.2030303,38.86042,27.621129,5.6913831,1,10.194775,55.242258,67.966319,0.23138511,0.56913831,0.57143282,68.527068,0.25118864,0.63095734,0,0,15.123928,54.038873,0,0,0.36666667,0.4503852,0.068502265,0,2
replay-azure-code,base,routing,power_of_two,8,a7d075b531a2,0,1482,1442,0,0,0,40,0.91093117,0.2,37.71205,26.463497,5.6938974,1,9.0881746,52.926994,69.274842,0.23145348,0.56938974,0.5707555,67.543427,0.25118864,0.63095734,0,0,14.515419,51.426126,0,0,0.36666667,0.44401737,0.067041257,0,2
replay-azure-code,base,routing,power_of_two,9,a7d075b531a2,0,1482,1444,0,0,0,38,0.89676113,0.23181818,36.696301,25.517946,5.6945489,1,10.79752,51.035892,64.201315,0.2313905,0.56945489,0.57139517,65.121545,0.25118864,0.63095734,0,0,14.883747,50.168587,0,0,0.36666667,0.45433985,0.06756053,0,2
replay-azure-code,base,routing,power_of_two,10,a7d075b531a2,0,1482,1439,0,0,0,43,0.8974359,0.23030303,38.121256,26.935326,5.6987501,1,9.9565806,53.870652,68.499964,0.23129618,0.56987502,0.57186162,65.904815,0.25118864,0.63095734,0,0,14.601446,53.021239,0,0,0.36666667,0.44869119,0.066551818,0,2
replay-azure-code,base,routing,power_of_two,11,a7d075b531a2,0,1482,1445,0,0,0,37,0.90553306,0.21212121,38.052096,26.829948,5.6944828,1,10.246269,53.659896,68.430536,0.23162515,0.56944828,0.57043774,68.012164,0.25118864,0.63095734,0,0,14.996475,52.716243,0,0,0.36666667,0.44392486,0.066907189,0,2
replay-azure-code,base,routing,power_of_two,12,a7d075b531a2,0,1482,1465,0,0,0,17,0.90823212,0.20606061,37.957594,26.724301,5.6921324,1,10.720606,53.448602,68.493305,0.23177803,0.56921324,0.57040281,65.200536,0.25118864,0.63095734,0,0,15.729645,51.781932,0,0,0.36666667,0.4495021,0.069051401,0,2
replay-azure-code,base,routing,power_of_two,13,a7d075b531a2,0,1482,1452,0,0,0,30,0.90755735,0.20757576,39.066847,27.835185,5.6938758,1,9.1624105,55.670369,72.556096,0.23160373,0.56938758,0.57150667,69.265302,0.25118864,0.63095734,0,0,15.382444,54.341175,0,0,0.36666667,0.45304787,0.068468395,0,2
replay-azure-code,base,routing,power_of_two,14,a7d075b531a2,0,1482,1435,0,0,0,47,0.90080972,0.22272727,39.255901,28.061809,5.6900433,1,8.9737212,56.123618,76.901326,0.23199032,0.56900433,0.57048162,69.767985,0.25118864,0.63095734,0,0,14.332365,55.108621,0,0,0.36666667,0.44917447,0.068193782,0,2
replay-azure-code,base,routing,power_of_two,15,a7d075b531a2,0,1482,1446,0,0,0,36,0.91025641,0.20151515,38.70847,27.465676,5.6915119,1,9.6002943,54.931352,72.117131,0.23091096,0.56915119,0.57193235,68.462179,0.25118864,0.63095734,0,0,14.839516,53.798694,0,0,0.36666667,0.44711357,0.065214937,0,2
replay-azure-code,base,routing,power_of_two,16,a7d075b531a2,0,1482,1443,0,0,0,39,0.90283401,0.21818182,39.268778,28.038115,5.7164928,1,9.1908771,56.07623,72.200881,0.23101542,0.57164928,0.57231483,70.559215,0.25118864,0.63095734,0,0,14.680341,54.972733,0,0,0.36666667,0.44684944,0.068592363,0,2
replay-azure-code,base,routing,power_of_two,17,a7d075b531a2,0,1482,1459,0,0,0,23,0.90890688,0.20454545,36.890545,25.63413,5.7118804,1,9.7398009,51.268261,70.536568,0.23100838,0.57118804,0.57305844,65.86863,0.25118864,0.63095734,0,0,15.020591,49.681747,0,0,0.36666667,0.44838679,0.071354896,0,2
replay-azure-code,base,routing,power_of_two,18,a7d075b531a2,0,1482,1468,0,0,0,14,0.90890688,0.20454545,41.346978,30.113225,5.6892188,1,9.5147111,60.226449,72.19788,0.23227385,0.56892188,0.57167691,71.515381,0.25118864,0.63095734,0,0,15.668949,59.497662,0,0,0.36666667,0.44809022,0.068682191,0,2
replay-azure-code,base,routing,power_of_two,19,a7d075b531a2,0,1482,1447,0,0,0,35,0.91093117,0.2,39.316308,28.063749,5.697903,1,8.9873575,56.127499,72.507209,0.23160327,0.5697903,0.57110761,68.766822,0.25118864,0.63095734,0,0,14.662515,54.426957,0,0,0.36666667,0.45343551,0.069640246,0,2
replay-azure-code,base,routing,power_of_two,20,a7d075b531a2,0,1482,1455,0,0,0,27,0.90283401,0.21818182,37.368359,26.159421,5.694768,1,9.7836517,52.318843,71.846957,0.23166077,0.5694768,0.5704343,66.622212,0.25118864,0.63095734,0,0,15.304999,50.834747,0,0,0.36666667,0.45116897,0.068162939,0,2
replay-azure-code,base,routing,latency_aware,1,a7d075b531a2,0,1482,1440,0,0,0,42,0.90688259,0.20909091,31.920894,20.695563,5.6909178,1,10.716779,41.391126,63.001977,0.23157033,0.56909178,0.57074996,57.150841,0.25118864,0.63095734,0,0,14.592028,40.531015,0,0,0.36666667,0.44581481,0.06591911,0,2
replay-azure-code,base,routing,latency_aware,2,a7d075b531a2,0,1482,1440,0,0,0,42,0.90688259,0.20909091,31.920894,20.695563,5.6909178,1,10.716779,41.391126,63.001977,0.23157033,0.56909178,0.57074996,57.150841,0.25118864,0.63095734,0,0,14.592028,40.531015,0,0,0.36666667,0.44581481,0.06591911,0,2
replay-azure-code,base,routing,latency_aware,3,a7d075b531a2,0,1482,1440,0,0,0,42,0.90688259,0.20909091,31.920894,20.695563,5.6909178,1,10.716779,41.391126,63.001977,0.23157033,0.56909178,0.57074996,57.150841,0.25118864,0.63095734,0,0,14.592028,40.531015,0,0,0.36666667,0.44581481,0.06591911,0,2
replay-azure-code,base,routing,latency_aware,4,a7d075b531a2,0,1482,1440,0,0,0,42,0.90688259,0.20909091,31.920894,20.695563,5.6909178,1,10.716779,41.391126,63.001977,0.23157033,0.56909178,0.57074996,57.150841,0.25118864,0.63095734,0,0,14.592028,40.531015,0,0,0.36666667,0.44581481,0.06591911,0,2
replay-azure-code,base,routing,latency_aware,5,a7d075b531a2,0,1482,1440,0,0,0,42,0.90688259,0.20909091,31.920894,20.695563,5.6909178,1,10.716779,41.391126,63.001977,0.23157033,0.56909178,0.57074996,57.150841,0.25118864,0.63095734,0,0,14.592028,40.531015,0,0,0.36666667,0.44581481,0.06591911,0,2
replay-azure-code,base,routing,latency_aware,6,a7d075b531a2,0,1482,1440,0,0,0,42,0.90688259,0.20909091,31.920894,20.695563,5.6909178,1,10.716779,41.391126,63.001977,0.23157033,0.56909178,0.57074996,57.150841,0.25118864,0.63095734,0,0,14.592028,40.531015,0,0,0.36666667,0.44581481,0.06591911,0,2
replay-azure-code,base,routing,latency_aware,7,a7d075b531a2,0,1482,1440,0,0,0,42,0.90688259,0.20909091,31.920894,20.695563,5.6909178,1,10.716779,41.391126,63.001977,0.23157033,0.56909178,0.57074996,57.150841,0.25118864,0.63095734,0,0,14.592028,40.531015,0,0,0.36666667,0.44581481,0.06591911,0,2
replay-azure-code,base,routing,latency_aware,8,a7d075b531a2,0,1482,1440,0,0,0,42,0.90688259,0.20909091,31.920894,20.695563,5.6909178,1,10.716779,41.391126,63.001977,0.23157033,0.56909178,0.57074996,57.150841,0.25118864,0.63095734,0,0,14.592028,40.531015,0,0,0.36666667,0.44581481,0.06591911,0,2
replay-azure-code,base,routing,latency_aware,9,a7d075b531a2,0,1482,1440,0,0,0,42,0.90688259,0.20909091,31.920894,20.695563,5.6909178,1,10.716779,41.391126,63.001977,0.23157033,0.56909178,0.57074996,57.150841,0.25118864,0.63095734,0,0,14.592028,40.531015,0,0,0.36666667,0.44581481,0.06591911,0,2
replay-azure-code,base,routing,latency_aware,10,a7d075b531a2,0,1482,1440,0,0,0,42,0.90688259,0.20909091,31.920894,20.695563,5.6909178,1,10.716779,41.391126,63.001977,0.23157033,0.56909178,0.57074996,57.150841,0.25118864,0.63095734,0,0,14.592028,40.531015,0,0,0.36666667,0.44581481,0.06591911,0,2
replay-azure-code,base,routing,latency_aware,11,a7d075b531a2,0,1482,1440,0,0,0,42,0.90688259,0.20909091,31.920894,20.695563,5.6909178,1,10.716779,41.391126,63.001977,0.23157033,0.56909178,0.57074996,57.150841,0.25118864,0.63095734,0,0,14.592028,40.531015,0,0,0.36666667,0.44581481,0.06591911,0,2
replay-azure-code,base,routing,latency_aware,12,a7d075b531a2,0,1482,1440,0,0,0,42,0.90688259,0.20909091,31.920894,20.695563,5.6909178,1,10.716779,41.391126,63.001977,0.23157033,0.56909178,0.57074996,57.150841,0.25118864,0.63095734,0,0,14.592028,40.531015,0,0,0.36666667,0.44581481,0.06591911,0,2
replay-azure-code,base,routing,latency_aware,13,a7d075b531a2,0,1482,1440,0,0,0,42,0.90688259,0.20909091,31.920894,20.695563,5.6909178,1,10.716779,41.391126,63.001977,0.23157033,0.56909178,0.57074996,57.150841,0.25118864,0.63095734,0,0,14.592028,40.531015,0,0,0.36666667,0.44581481,0.06591911,0,2
replay-azure-code,base,routing,latency_aware,14,a7d075b531a2,0,1482,1440,0,0,0,42,0.90688259,0.20909091,31.920894,20.695563,5.6909178,1,10.716779,41.391126,63.001977,0.23157033,0.56909178,0.57074996,57.150841,0.25118864,0.63095734,0,0,14.592028,40.531015,0,0,0.36666667,0.44581481,0.06591911,0,2
replay-azure-code,base,routing,latency_aware,15,a7d075b531a2,0,1482,1440,0,0,0,42,0.90688259,0.20909091,31.920894,20.695563,5.6909178,1,10.716779,41.391126,63.001977,0.23157033,0.56909178,0.57074996,57.150841,0.25118864,0.63095734,0,0,14.592028,40.531015,0,0,0.36666667,0.44581481,0.06591911,0,2
replay-azure-code,base,routing,latency_aware,16,a7d075b531a2,0,1482,1440,0,0,0,42,0.90688259,0.20909091,31.920894,20.695563,5.6909178,1,10.716779,41.391126,63.001977,0.23157033,0.56909178,0.57074996,57.150841,0.25118864,0.63095734,0,0,14.592028,40.531015,0,0,0.36666667,0.44581481,0.06591911,0,2
replay-azure-code,base,routing,latency_aware,17,a7d075b531a2,0,1482,1440,0,0,0,42,0.90688259,0.20909091,31.920894,20.695563,5.6909178,1,10.716779,41.391126,63.001977,0.23157033,0.56909178,0.57074996,57.150841,0.25118864,0.63095734,0,0,14.592028,40.531015,0,0,0.36666667,0.44581481,0.06591911,0,2
replay-azure-code,base,routing,latency_aware,18,a7d075b531a2,0,1482,1440,0,0,0,42,0.90688259,0.20909091,31.920894,20.695563,5.6909178,1,10.716779,41.391126,63.001977,0.23157033,0.56909178,0.57074996,57.150841,0.25118864,0.63095734,0,0,14.592028,40.531015,0,0,0.36666667,0.44581481,0.06591911,0,2
replay-azure-code,base,routing,latency_aware,19,a7d075b531a2,0,1482,1440,0,0,0,42,0.90688259,0.20909091,31.920894,20.695563,5.6909178,1,10.716779,41.391126,63.001977,0.23157033,0.56909178,0.57074996,57.150841,0.25118864,0.63095734,0,0,14.592028,40.531015,0,0,0.36666667,0.44581481,0.06591911,0,2
replay-azure-code,base,routing,latency_aware,20,a7d075b531a2,0,1482,1440,0,0,0,42,0.90688259,0.20909091,31.920894,20.695563,5.6909178,1,10.716779,41.391126,63.001977,0.23157033,0.56909178,0.57074996,57.150841,0.25118864,0.63095734,0,0,14.592028,40.531015,0,0,0.36666667,0.44581481,0.06591911,0,2
replay-azure-code,base,routing,queue_aware,1,a7d075b531a2,0,1482,1429,0,0,0,53,0.92847503,0.16060606,40.809606,29.482213,5.6850175,1,9.9330434,58.964426,74.089132,0.23220758,0.56850175,0.57011275,70.432449,0.25118864,0.63095734,0,0,14.853713,57.89869,0,0,0.36666667,0.44071163,0.0672895,0,2
replay-azure-code,base,routing,queue_aware,2,a7d075b531a2,0,1482,1429,0,0,0,53,0.92847503,0.16060606,40.809606,29.482213,5.6850175,1,9.9330434,58.964426,74.089132,0.23220758,0.56850175,0.57011275,70.432449,0.25118864,0.63095734,0,0,14.853713,57.89869,0,0,0.36666667,0.44071163,0.0672895,0,2
replay-azure-code,base,routing,queue_aware,3,a7d075b531a2,0,1482,1429,0,0,0,53,0.92847503,0.16060606,40.809606,29.482213,5.6850175,1,9.9330434,58.964426,74.089132,0.23220758,0.56850175,0.57011275,70.432449,0.25118864,0.63095734,0,0,14.853713,57.89869,0,0,0.36666667,0.44071163,0.0672895,0,2
replay-azure-code,base,routing,queue_aware,4,a7d075b531a2,0,1482,1429,0,0,0,53,0.92847503,0.16060606,40.809606,29.482213,5.6850175,1,9.9330434,58.964426,74.089132,0.23220758,0.56850175,0.57011275,70.432449,0.25118864,0.63095734,0,0,14.853713,57.89869,0,0,0.36666667,0.44071163,0.0672895,0,2
replay-azure-code,base,routing,queue_aware,5,a7d075b531a2,0,1482,1429,0,0,0,53,0.92847503,0.16060606,40.809606,29.482213,5.6850175,1,9.9330434,58.964426,74.089132,0.23220758,0.56850175,0.57011275,70.432449,0.25118864,0.63095734,0,0,14.853713,57.89869,0,0,0.36666667,0.44071163,0.0672895,0,2
replay-azure-code,base,routing,queue_aware,6,a7d075b531a2,0,1482,1429,0,0,0,53,0.92847503,0.16060606,40.809606,29.482213,5.6850175,1,9.9330434,58.964426,74.089132,0.23220758,0.56850175,0.57011275,70.432449,0.25118864,0.63095734,0,0,14.853713,57.89869,0,0,0.36666667,0.44071163,0.0672895,0,2
replay-azure-code,base,routing,queue_aware,7,a7d075b531a2,0,1482,1429,0,0,0,53,0.92847503,0.16060606,40.809606,29.482213,5.6850175,1,9.9330434,58.964426,74.089132,0.23220758,0.56850175,0.57011275,70.432449,0.25118864,0.63095734,0,0,14.853713,57.89869,0,0,0.36666667,0.44071163,0.0672895,0,2
replay-azure-code,base,routing,queue_aware,8,a7d075b531a2,0,1482,1429,0,0,0,53,0.92847503,0.16060606,40.809606,29.482213,5.6850175,1,9.9330434,58.964426,74.089132,0.23220758,0.56850175,0.57011275,70.432449,0.25118864,0.63095734,0,0,14.853713,57.89869,0,0,0.36666667,0.44071163,0.0672895,0,2
replay-azure-code,base,routing,queue_aware,9,a7d075b531a2,0,1482,1429,0,0,0,53,0.92847503,0.16060606,40.809606,29.482213,5.6850175,1,9.9330434,58.964426,74.089132,0.23220758,0.56850175,0.57011275,70.432449,0.25118864,0.63095734,0,0,14.853713,57.89869,0,0,0.36666667,0.44071163,0.0672895,0,2
replay-azure-code,base,routing,queue_aware,10,a7d075b531a2,0,1482,1429,0,0,0,53,0.92847503,0.16060606,40.809606,29.482213,5.6850175,1,9.9330434,58.964426,74.089132,0.23220758,0.56850175,0.57011275,70.432449,0.25118864,0.63095734,0,0,14.853713,57.89869,0,0,0.36666667,0.44071163,0.0672895,0,2
replay-azure-code,base,routing,queue_aware,11,a7d075b531a2,0,1482,1429,0,0,0,53,0.92847503,0.16060606,40.809606,29.482213,5.6850175,1,9.9330434,58.964426,74.089132,0.23220758,0.56850175,0.57011275,70.432449,0.25118864,0.63095734,0,0,14.853713,57.89869,0,0,0.36666667,0.44071163,0.0672895,0,2
replay-azure-code,base,routing,queue_aware,12,a7d075b531a2,0,1482,1429,0,0,0,53,0.92847503,0.16060606,40.809606,29.482213,5.6850175,1,9.9330434,58.964426,74.089132,0.23220758,0.56850175,0.57011275,70.432449,0.25118864,0.63095734,0,0,14.853713,57.89869,0,0,0.36666667,0.44071163,0.0672895,0,2
replay-azure-code,base,routing,queue_aware,13,a7d075b531a2,0,1482,1429,0,0,0,53,0.92847503,0.16060606,40.809606,29.482213,5.6850175,1,9.9330434,58.964426,74.089132,0.23220758,0.56850175,0.57011275,70.432449,0.25118864,0.63095734,0,0,14.853713,57.89869,0,0,0.36666667,0.44071163,0.0672895,0,2
replay-azure-code,base,routing,queue_aware,14,a7d075b531a2,0,1482,1429,0,0,0,53,0.92847503,0.16060606,40.809606,29.482213,5.6850175,1,9.9330434,58.964426,74.089132,0.23220758,0.56850175,0.57011275,70.432449,0.25118864,0.63095734,0,0,14.853713,57.89869,0,0,0.36666667,0.44071163,0.0672895,0,2
replay-azure-code,base,routing,queue_aware,15,a7d075b531a2,0,1482,1429,0,0,0,53,0.92847503,0.16060606,40.809606,29.482213,5.6850175,1,9.9330434,58.964426,74.089132,0.23220758,0.56850175,0.57011275,70.432449,0.25118864,0.63095734,0,0,14.853713,57.89869,0,0,0.36666667,0.44071163,0.0672895,0,2
replay-azure-code,base,routing,queue_aware,16,a7d075b531a2,0,1482,1429,0,0,0,53,0.92847503,0.16060606,40.809606,29.482213,5.6850175,1,9.9330434,58.964426,74.089132,0.23220758,0.56850175,0.57011275,70.432449,0.25118864,0.63095734,0,0,14.853713,57.89869,0,0,0.36666667,0.44071163,0.0672895,0,2
replay-azure-code,base,routing,queue_aware,17,a7d075b531a2,0,1482,1429,0,0,0,53,0.92847503,0.16060606,40.809606,29.482213,5.6850175,1,9.9330434,58.964426,74.089132,0.23220758,0.56850175,0.57011275,70.432449,0.25118864,0.63095734,0,0,14.853713,57.89869,0,0,0.36666667,0.44071163,0.0672895,0,2
replay-azure-code,base,routing,queue_aware,18,a7d075b531a2,0,1482,1429,0,0,0,53,0.92847503,0.16060606,40.809606,29.482213,5.6850175,1,9.9330434,58.964426,74.089132,0.23220758,0.56850175,0.57011275,70.432449,0.25118864,0.63095734,0,0,14.853713,57.89869,0,0,0.36666667,0.44071163,0.0672895,0,2
replay-azure-code,base,routing,queue_aware,19,a7d075b531a2,0,1482,1429,0,0,0,53,0.92847503,0.16060606,40.809606,29.482213,5.6850175,1,9.9330434,58.964426,74.089132,0.23220758,0.56850175,0.57011275,70.432449,0.25118864,0.63095734,0,0,14.853713,57.89869,0,0,0.36666667,0.44071163,0.0672895,0,2
replay-azure-code,base,routing,queue_aware,20,a7d075b531a2,0,1482,1429,0,0,0,53,0.92847503,0.16060606,40.809606,29.482213,5.6850175,1,9.9330434,58.964426,74.089132,0.23220758,0.56850175,0.57011275,70.432449,0.25118864,0.63095734,0,0,14.853713,57.89869,0,0,0.36666667,0.44071163,0.0672895,0,2
replay-azure-code,base,routing,queue_aware_corrected,1,a7d075b531a2,0,1482,1436,0,0,0,46,0.91632928,0.18787879,37.681439,26.404943,5.69485,1,9.7328183,52.809886,67.848089,0.23141314,0.569485,0.57100774,66.124603,0.25118864,0.63095734,0,0,14.668625,51.632668,0,0,0.36666667,0.44947066,0.06896976,0,2
replay-azure-code,base,routing,queue_aware_corrected,2,a7d075b531a2,0,1482,1436,0,0,0,46,0.91632928,0.18787879,37.681439,26.404943,5.69485,1,9.7328183,52.809886,67.848089,0.23141314,0.569485,0.57100774,66.124603,0.25118864,0.63095734,0,0,14.668625,51.632668,0,0,0.36666667,0.44947066,0.06896976,0,2
replay-azure-code,base,routing,queue_aware_corrected,3,a7d075b531a2,0,1482,1436,0,0,0,46,0.91632928,0.18787879,37.681439,26.404943,5.69485,1,9.7328183,52.809886,67.848089,0.23141314,0.569485,0.57100774,66.124603,0.25118864,0.63095734,0,0,14.668625,51.632668,0,0,0.36666667,0.44947066,0.06896976,0,2
replay-azure-code,base,routing,queue_aware_corrected,4,a7d075b531a2,0,1482,1436,0,0,0,46,0.91632928,0.18787879,37.681439,26.404943,5.69485,1,9.7328183,52.809886,67.848089,0.23141314,0.569485,0.57100774,66.124603,0.25118864,0.63095734,0,0,14.668625,51.632668,0,0,0.36666667,0.44947066,0.06896976,0,2
replay-azure-code,base,routing,queue_aware_corrected,5,a7d075b531a2,0,1482,1436,0,0,0,46,0.91632928,0.18787879,37.681439,26.404943,5.69485,1,9.7328183,52.809886,67.848089,0.23141314,0.569485,0.57100774,66.124603,0.25118864,0.63095734,0,0,14.668625,51.632668,0,0,0.36666667,0.44947066,0.06896976,0,2
replay-azure-code,base,routing,queue_aware_corrected,6,a7d075b531a2,0,1482,1436,0,0,0,46,0.91632928,0.18787879,37.681439,26.404943,5.69485,1,9.7328183,52.809886,67.848089,0.23141314,0.569485,0.57100774,66.124603,0.25118864,0.63095734,0,0,14.668625,51.632668,0,0,0.36666667,0.44947066,0.06896976,0,2
replay-azure-code,base,routing,queue_aware_corrected,7,a7d075b531a2,0,1482,1436,0,0,0,46,0.91632928,0.18787879,37.681439,26.404943,5.69485,1,9.7328183,52.809886,67.848089,0.23141314,0.569485,0.57100774,66.124603,0.25118864,0.63095734,0,0,14.668625,51.632668,0,0,0.36666667,0.44947066,0.06896976,0,2
replay-azure-code,base,routing,queue_aware_corrected,8,a7d075b531a2,0,1482,1436,0,0,0,46,0.91632928,0.18787879,37.681439,26.404943,5.69485,1,9.7328183,52.809886,67.848089,0.23141314,0.569485,0.57100774,66.124603,0.25118864,0.63095734,0,0,14.668625,51.632668,0,0,0.36666667,0.44947066,0.06896976,0,2
replay-azure-code,base,routing,queue_aware_corrected,9,a7d075b531a2,0,1482,1436,0,0,0,46,0.91632928,0.18787879,37.681439,26.404943,5.69485,1,9.7328183,52.809886,67.848089,0.23141314,0.569485,0.57100774,66.124603,0.25118864,0.63095734,0,0,14.668625,51.632668,0,0,0.36666667,0.44947066,0.06896976,0,2
replay-azure-code,base,routing,queue_aware_corrected,10,a7d075b531a2,0,1482,1436,0,0,0,46,0.91632928,0.18787879,37.681439,26.404943,5.69485,1,9.7328183,52.809886,67.848089,0.23141314,0.569485,0.57100774,66.124603,0.25118864,0.63095734,0,0,14.668625,51.632668,0,0,0.36666667,0.44947066,0.06896976,0,2
replay-azure-code,base,routing,queue_aware_corrected,11,a7d075b531a2,0,1482,1436,0,0,0,46,0.91632928,0.18787879,37.681439,26.404943,5.69485,1,9.7328183,52.809886,67.848089,0.23141314,0.569485,0.57100774,66.124603,0.25118864,0.63095734,0,0,14.668625,51.632668,0,0,0.36666667,0.44947066,0.06896976,0,2
replay-azure-code,base,routing,queue_aware_corrected,12,a7d075b531a2,0,1482,1436,0,0,0,46,0.91632928,0.18787879,37.681439,26.404943,5.69485,1,9.7328183,52.809886,67.848089,0.23141314,0.569485,0.57100774,66.124603,0.25118864,0.63095734,0,0,14.668625,51.632668,0,0,0.36666667,0.44947066,0.06896976,0,2
replay-azure-code,base,routing,queue_aware_corrected,13,a7d075b531a2,0,1482,1436,0,0,0,46,0.91632928,0.18787879,37.681439,26.404943,5.69485,1,9.7328183,52.809886,67.848089,0.23141314,0.569485,0.57100774,66.124603,0.25118864,0.63095734,0,0,14.668625,51.632668,0,0,0.36666667,0.44947066,0.06896976,0,2
replay-azure-code,base,routing,queue_aware_corrected,14,a7d075b531a2,0,1482,1436,0,0,0,46,0.91632928,0.18787879,37.681439,26.404943,5.69485,1,9.7328183,52.809886,67.848089,0.23141314,0.569485,0.57100774,66.124603,0.25118864,0.63095734,0,0,14.668625,51.632668,0,0,0.36666667,0.44947066,0.06896976,0,2
replay-azure-code,base,routing,queue_aware_corrected,15,a7d075b531a2,0,1482,1436,0,0,0,46,0.91632928,0.18787879,37.681439,26.404943,5.69485,1,9.7328183,52.809886,67.848089,0.23141314,0.569485,0.57100774,66.124603,0.25118864,0.63095734,0,0,14.668625,51.632668,0,0,0.36666667,0.44947066,0.06896976,0,2
replay-azure-code,base,routing,queue_aware_corrected,16,a7d075b531a2,0,1482,1436,0,0,0,46,0.91632928,0.18787879,37.681439,26.404943,5.69485,1,9.7328183,52.809886,67.848089,0.23141314,0.569485,0.57100774,66.124603,0.25118864,0.63095734,0,0,14.668625,51.632668,0,0,0.36666667,0.44947066,0.06896976,0,2
replay-azure-code,base,routing,queue_aware_corrected,17,a7d075b531a2,0,1482,1436,0,0,0,46,0.91632928,0.18787879,37.681439,26.404943,5.69485,1,9.7328183,52.809886,67.848089,0.23141314,0.569485,0.57100774,66.124603,0.25118864,0.63095734,0,0,14.668625,51.632668,0,0,0.36666667,0.44947066,0.06896976,0,2
replay-azure-code,base,routing,queue_aware_corrected,18,a7d075b531a2,0,1482,1436,0,0,0,46,0.91632928,0.18787879,37.681439,26.404943,5.69485,1,9.7328183,52.809886,67.848089,0.23141314,0.569485,0.57100774,66.124603,0.25118864,0.63095734,0,0,14.668625,51.632668,0,0,0.36666667,0.44947066,0.06896976,0,2
replay-azure-code,base,routing,queue_aware_corrected,19,a7d075b531a2,0,1482,1436,0,0,0,46,0.91632928,0.18787879,37.681439,26.404943,5.69485,1,9.7328183,52.809886,67.848089,0.23141314,0.569485,0.57100774,66.124603,0.25118864,0.63095734,0,0,14.668625,51.632668,0,0,0.36666667,0.44947066,0.06896976,0,2
replay-azure-code,base,routing,queue_aware_corrected,20,a7d075b531a2,0,1482,1436,0,0,0,46,0.91632928,0.18787879,37.681439,26.404943,5.69485,1,9.7328183,52.809886,67.848089,0.23141314,0.569485,0.57100774,66.124603,0.25118864,0.63095734,0,0,14.668625,51.632668,0,0,0.36666667,0.44947066,0.06896976,0,2
replay-azure-code,base,routing,capacity_weighted,1,a7d075b531a2,0,1482,1482,0,0,0,0,0.89676113,0.23181818,33.871801,22.69067,5.6973252,1,10.139796,45.381339,53.968627,0.23131615,0.56973252,0.5711974,55.574231,0.25118864,0.63095734,0,0,15.359966,44.165983,0,0,0.36666667,0.45634224,0.067786014,0,2
replay-azure-code,base,routing,capacity_weighted,2,a7d075b531a2,0,1482,1482,0,0,0,0,0.89676113,0.23181818,33.871801,22.69067,5.6973252,1,10.139796,45.381339,53.968627,0.23131615,0.56973252,0.5711974,55.574231,0.25118864,0.63095734,0,0,15.359966,44.165983,0,0,0.36666667,0.45634224,0.067786014,0,2
replay-azure-code,base,routing,capacity_weighted,3,a7d075b531a2,0,1482,1482,0,0,0,0,0.89676113,0.23181818,33.871801,22.69067,5.6973252,1,10.139796,45.381339,53.968627,0.23131615,0.56973252,0.5711974,55.574231,0.25118864,0.63095734,0,0,15.359966,44.165983,0,0,0.36666667,0.45634224,0.067786014,0,2
replay-azure-code,base,routing,capacity_weighted,4,a7d075b531a2,0,1482,1482,0,0,0,0,0.89676113,0.23181818,33.871801,22.69067,5.6973252,1,10.139796,45.381339,53.968627,0.23131615,0.56973252,0.5711974,55.574231,0.25118864,0.63095734,0,0,15.359966,44.165983,0,0,0.36666667,0.45634224,0.067786014,0,2
replay-azure-code,base,routing,capacity_weighted,5,a7d075b531a2,0,1482,1482,0,0,0,0,0.89676113,0.23181818,33.871801,22.69067,5.6973252,1,10.139796,45.381339,53.968627,0.23131615,0.56973252,0.5711974,55.574231,0.25118864,0.63095734,0,0,15.359966,44.165983,0,0,0.36666667,0.45634224,0.067786014,0,2
replay-azure-code,base,routing,capacity_weighted,6,a7d075b531a2,0,1482,1482,0,0,0,0,0.89676113,0.23181818,33.871801,22.69067,5.6973252,1,10.139796,45.381339,53.968627,0.23131615,0.56973252,0.5711974,55.574231,0.25118864,0.63095734,0,0,15.359966,44.165983,0,0,0.36666667,0.45634224,0.067786014,0,2
replay-azure-code,base,routing,capacity_weighted,7,a7d075b531a2,0,1482,1482,0,0,0,0,0.89676113,0.23181818,33.871801,22.69067,5.6973252,1,10.139796,45.381339,53.968627,0.23131615,0.56973252,0.5711974,55.574231,0.25118864,0.63095734,0,0,15.359966,44.165983,0,0,0.36666667,0.45634224,0.067786014,0,2
replay-azure-code,base,routing,capacity_weighted,8,a7d075b531a2,0,1482,1482,0,0,0,0,0.89676113,0.23181818,33.871801,22.69067,5.6973252,1,10.139796,45.381339,53.968627,0.23131615,0.56973252,0.5711974,55.574231,0.25118864,0.63095734,0,0,15.359966,44.165983,0,0,0.36666667,0.45634224,0.067786014,0,2
replay-azure-code,base,routing,capacity_weighted,9,a7d075b531a2,0,1482,1482,0,0,0,0,0.89676113,0.23181818,33.871801,22.69067,5.6973252,1,10.139796,45.381339,53.968627,0.23131615,0.56973252,0.5711974,55.574231,0.25118864,0.63095734,0,0,15.359966,44.165983,0,0,0.36666667,0.45634224,0.067786014,0,2
replay-azure-code,base,routing,capacity_weighted,10,a7d075b531a2,0,1482,1482,0,0,0,0,0.89676113,0.23181818,33.871801,22.69067,5.6973252,1,10.139796,45.381339,53.968627,0.23131615,0.56973252,0.5711974,55.574231,0.25118864,0.63095734,0,0,15.359966,44.165983,0,0,0.36666667,0.45634224,0.067786014,0,2
replay-azure-code,base,routing,capacity_weighted,11,a7d075b531a2,0,1482,1482,0,0,0,0,0.89676113,0.23181818,33.871801,22.69067,5.6973252,1,10.139796,45.381339,53.968627,0.23131615,0.56973252,0.5711974,55.574231,0.25118864,0.63095734,0,0,15.359966,44.165983,0,0,0.36666667,0.45634224,0.067786014,0,2
replay-azure-code,base,routing,capacity_weighted,12,a7d075b531a2,0,1482,1482,0,0,0,0,0.89676113,0.23181818,33.871801,22.69067,5.6973252,1,10.139796,45.381339,53.968627,0.23131615,0.56973252,0.5711974,55.574231,0.25118864,0.63095734,0,0,15.359966,44.165983,0,0,0.36666667,0.45634224,0.067786014,0,2
replay-azure-code,base,routing,capacity_weighted,13,a7d075b531a2,0,1482,1482,0,0,0,0,0.89676113,0.23181818,33.871801,22.69067,5.6973252,1,10.139796,45.381339,53.968627,0.23131615,0.56973252,0.5711974,55.574231,0.25118864,0.63095734,0,0,15.359966,44.165983,0,0,0.36666667,0.45634224,0.067786014,0,2
replay-azure-code,base,routing,capacity_weighted,14,a7d075b531a2,0,1482,1482,0,0,0,0,0.89676113,0.23181818,33.871801,22.69067,5.6973252,1,10.139796,45.381339,53.968627,0.23131615,0.56973252,0.5711974,55.574231,0.25118864,0.63095734,0,0,15.359966,44.165983,0,0,0.36666667,0.45634224,0.067786014,0,2
replay-azure-code,base,routing,capacity_weighted,15,a7d075b531a2,0,1482,1482,0,0,0,0,0.89676113,0.23181818,33.871801,22.69067,5.6973252,1,10.139796,45.381339,53.968627,0.23131615,0.56973252,0.5711974,55.574231,0.25118864,0.63095734,0,0,15.359966,44.165983,0,0,0.36666667,0.45634224,0.067786014,0,2
replay-azure-code,base,routing,capacity_weighted,16,a7d075b531a2,0,1482,1482,0,0,0,0,0.89676113,0.23181818,33.871801,22.69067,5.6973252,1,10.139796,45.381339,53.968627,0.23131615,0.56973252,0.5711974,55.574231,0.25118864,0.63095734,0,0,15.359966,44.165983,0,0,0.36666667,0.45634224,0.067786014,0,2
replay-azure-code,base,routing,capacity_weighted,17,a7d075b531a2,0,1482,1482,0,0,0,0,0.89676113,0.23181818,33.871801,22.69067,5.6973252,1,10.139796,45.381339,53.968627,0.23131615,0.56973252,0.5711974,55.574231,0.25118864,0.63095734,0,0,15.359966,44.165983,0,0,0.36666667,0.45634224,0.067786014,0,2
replay-azure-code,base,routing,capacity_weighted,18,a7d075b531a2,0,1482,1482,0,0,0,0,0.89676113,0.23181818,33.871801,22.69067,5.6973252,1,10.139796,45.381339,53.968627,0.23131615,0.56973252,0.5711974,55.574231,0.25118864,0.63095734,0,0,15.359966,44.165983,0,0,0.36666667,0.45634224,0.067786014,0,2
replay-azure-code,base,routing,capacity_weighted,19,a7d075b531a2,0,1482,1482,0,0,0,0,0.89676113,0.23181818,33.871801,22.69067,5.6973252,1,10.139796,45.381339,53.968627,0.23131615,0.56973252,0.5711974,55.574231,0.25118864,0.63095734,0,0,15.359966,44.165983,0,0,0.36666667,0.45634224,0.067786014,0,2
replay-azure-code,base,routing,capacity_weighted,20,a7d075b531a2,0,1482,1482,0,0,0,0,0.89676113,0.23181818,33.871801,22.69067,5.6973252,1,10.139796,45.381339,53.968627,0.23131615,0.56973252,0.5711974,55.574231,0.25118864,0.63095734,0,0,15.359966,44.165983,0,0,0.36666667,0.45634224,0.067786014,0,2
replay-azure-code,base,routing,oracle_jsq,1,a7d075b531a2,0,1482,1482,0,0,0,0,0.91497976,0.19090909,31.26012,19.996477,5.6887442,1,11.776042,39.992955,45.665006,0.23251084,0.56887442,0.57011012,49.894358,0.25118864,0.63095734,0,0,14.325338,39.214321,0,0,0.36666667,0.4369353,0.064199662,0,2
replay-azure-code,base,routing,oracle_jsq,2,a7d075b531a2,0,1482,1482,0,0,0,0,0.91497976,0.19090909,31.26012,19.996477,5.6887442,1,11.776042,39.992955,45.665006,0.23251084,0.56887442,0.57011012,49.894358,0.25118864,0.63095734,0,0,14.325338,39.214321,0,0,0.36666667,0.4369353,0.064199662,0,2
replay-azure-code,base,routing,oracle_jsq,3,a7d075b531a2,0,1482,1482,0,0,0,0,0.91497976,0.19090909,31.26012,19.996477,5.6887442,1,11.776042,39.992955,45.665006,0.23251084,0.56887442,0.57011012,49.894358,0.25118864,0.63095734,0,0,14.325338,39.214321,0,0,0.36666667,0.4369353,0.064199662,0,2
replay-azure-code,base,routing,oracle_jsq,4,a7d075b531a2,0,1482,1482,0,0,0,0,0.91497976,0.19090909,31.26012,19.996477,5.6887442,1,11.776042,39.992955,45.665006,0.23251084,0.56887442,0.57011012,49.894358,0.25118864,0.63095734,0,0,14.325338,39.214321,0,0,0.36666667,0.4369353,0.064199662,0,2
replay-azure-code,base,routing,oracle_jsq,5,a7d075b531a2,0,1482,1482,0,0,0,0,0.91497976,0.19090909,31.26012,19.996477,5.6887442,1,11.776042,39.992955,45.665006,0.23251084,0.56887442,0.57011012,49.894358,0.25118864,0.63095734,0,0,14.325338,39.214321,0,0,0.36666667,0.4369353,0.064199662,0,2
replay-azure-code,base,routing,oracle_jsq,6,a7d075b531a2,0,1482,1482,0,0,0,0,0.91497976,0.19090909,31.26012,19.996477,5.6887442,1,11.776042,39.992955,45.665006,0.23251084,0.56887442,0.57011012,49.894358,0.25118864,0.63095734,0,0,14.325338,39.214321,0,0,0.36666667,0.4369353,0.064199662,0,2
replay-azure-code,base,routing,oracle_jsq,7,a7d075b531a2,0,1482,1482,0,0,0,0,0.91497976,0.19090909,31.26012,19.996477,5.6887442,1,11.776042,39.992955,45.665006,0.23251084,0.56887442,0.57011012,49.894358,0.25118864,0.63095734,0,0,14.325338,39.214321,0,0,0.36666667,0.4369353,0.064199662,0,2
replay-azure-code,base,routing,oracle_jsq,8,a7d075b531a2,0,1482,1482,0,0,0,0,0.91497976,0.19090909,31.26012,19.996477,5.6887442,1,11.776042,39.992955,45.665006,0.23251084,0.56887442,0.57011012,49.894358,0.25118864,0.63095734,0,0,14.325338,39.214321,0,0,0.36666667,0.4369353,0.064199662,0,2
replay-azure-code,base,routing,oracle_jsq,9,a7d075b531a2,0,1482,1482,0,0,0,0,0.91497976,0.19090909,31.26012,19.996477,5.6887442,1,11.776042,39.992955,45.665006,0.23251084,0.56887442,0.57011012,49.894358,0.25118864,0.63095734,0,0,14.325338,39.214321,0,0,0.36666667,0.4369353,0.064199662,0,2
replay-azure-code,base,routing,oracle_jsq,10,a7d075b531a2,0,1482,1482,0,0,0,0,0.91497976,0.19090909,31.26012,19.996477,5.6887442,1,11.776042,39.992955,45.665006,0.23251084,0.56887442,0.57011012,49.894358,0.25118864,0.63095734,0,0,14.325338,39.214321,0,0,0.36666667,0.4369353,0.064199662,0,2
replay-azure-code,base,routing,oracle_jsq,11,a7d075b531a2,0,1482,1482,0,0,0,0,0.91497976,0.19090909,31.26012,19.996477,5.6887442,1,11.776042,39.992955,45.665006,0.23251084,0.56887442,0.57011012,49.894358,0.25118864,0.63095734,0,0,14.325338,39.214321,0,0,0.36666667,0.4369353,0.064199662,0,2
replay-azure-code,base,routing,oracle_jsq,12,a7d075b531a2,0,1482,1482,0,0,0,0,0.91497976,0.19090909,31.26012,19.996477,5.6887442,1,11.776042,39.992955,45.665006,0.23251084,0.56887442,0.57011012,49.894358,0.25118864,0.63095734,0,0,14.325338,39.214321,0,0,0.36666667,0.4369353,0.064199662,0,2
replay-azure-code,base,routing,oracle_jsq,13,a7d075b531a2,0,1482,1482,0,0,0,0,0.91497976,0.19090909,31.26012,19.996477,5.6887442,1,11.776042,39.992955,45.665006,0.23251084,0.56887442,0.57011012,49.894358,0.25118864,0.63095734,0,0,14.325338,39.214321,0,0,0.36666667,0.4369353,0.064199662,0,2
replay-azure-code,base,routing,oracle_jsq,14,a7d075b531a2,0,1482,1482,0,0,0,0,0.91497976,0.19090909,31.26012,19.996477,5.6887442,1,11.776042,39.992955,45.665006,0.23251084,0.56887442,0.57011012,49.894358,0.25118864,0.63095734,0,0,14.325338,39.214321,0,0,0.36666667,0.4369353,0.064199662,0,2
replay-azure-code,base,routing,oracle_jsq,15,a7d075b531a2,0,1482,1482,0,0,0,0,0.91497976,0.19090909,31.26012,19.996477,5.6887442,1,11.776042,39.992955,45.665006,0.23251084,0.56887442,0.57011012,49.894358,0.25118864,0.63095734,0,0,14.325338,39.214321,0,0,0.36666667,0.4369353,0.064199662,0,2
replay-azure-code,base,routing,oracle_jsq,16,a7d075b531a2,0,1482,1482,0,0,0,0,0.91497976,0.19090909,31.26012,19.996477,5.6887442,1,11.776042,39.992955,45.665006,0.23251084,0.56887442,0.57011012,49.894358,0.25118864,0.63095734,0,0,14.325338,39.214321,0,0,0.36666667,0.4369353,0.064199662,0,2
replay-azure-code,base,routing,oracle_jsq,17,a7d075b531a2,0,1482,1482,0,0,0,0,0.91497976,0.19090909,31.26012,19.996477,5.6887442,1,11.776042,39.992955,45.665006,0.23251084,0.56887442,0.57011012,49.894358,0.25118864,0.63095734,0,0,14.325338,39.214321,0,0,0.36666667,0.4369353,0.064199662,0,2
replay-azure-code,base,routing,oracle_jsq,18,a7d075b531a2,0,1482,1482,0,0,0,0,0.91497976,0.19090909,31.26012,19.996477,5.6887442,1,11.776042,39.992955,45.665006,0.23251084,0.56887442,0.57011012,49.894358,0.25118864,0.63095734,0,0,14.325338,39.214321,0,0,0.36666667,0.4369353,0.064199662,0,2
replay-azure-code,base,routing,oracle_jsq,19,a7d075b531a2,0,1482,1482,0,0,0,0,0.91497976,0.19090909,31.26012,19.996477,5.6887442,1,11.776042,39.992955,45.665006,0.23251084,0.56887442,0.57011012,49.894358,0.25118864,0.63095734,0,0,14.325338,39.214321,0,0,0.36666667,0.4369353,0.064199662,0,2
replay-azure-code,base,routing,oracle_jsq,20,a7d075b531a2,0,1482,1482,0,0,0,0,0.91497976,0.19090909,31.26012,19.996477,5.6887442,1,11.776042,39.992955,45.665006,0.23251084,0.56887442,0.57011012,49.894358,0.25118864,0.63095734,0,0,14.325338,39.214321,0,0,0.36666667,0.4369353,0.064199662,0,2
